--
-- PostgreSQL database dump
--

SET statement_timeout = 0;
SET lock_timeout = 0;
SET client_encoding = 'UTF8';
SET standard_conforming_strings = on;
SET check_function_bodies = false;
SET client_min_messages = warning;

--
-- Name: plpgsql; Type: EXTENSION; Schema: -; Owner: 
--

CREATE EXTENSION IF NOT EXISTS plpgsql WITH SCHEMA pg_catalog;


--
-- Name: EXTENSION plpgsql; Type: COMMENT; Schema: -; Owner: 
--

COMMENT ON EXTENSION plpgsql IS 'PL/pgSQL procedural language';


SET search_path = public, pg_catalog;

--
-- Name: account_id(); Type: FUNCTION; Schema: public; Owner: postgres
--

CREATE FUNCTION account_id() RETURNS trigger
    LANGUAGE plpgsql
    AS $$DECLARE accountid integer;BEGIN IF NEW."COA_AccountLevel"= '1' THEN SELECT MAX("COA_Account_id"::integer) + 1000 INTO New."COA_Account_id" FROM "tblACC_ChartAccount" WHERE "COA_AccountType" = NEW."COA_AccountType" AND "COA_AccountLevel" = '1'; ELSE SELECT MAX("COA_Account_id"::integer) + 1 INTO New."COA_Account_id" FROM "tblACC_ChartAccount" WHERE "COA_Parent" = NEW."COA_Parent"; END IF; Return NEW; END;$$;


ALTER FUNCTION public.account_id() OWNER TO postgres;

--
-- Name: append(); Type: FUNCTION; Schema: public; Owner: postgres
--

CREATE FUNCTION append() RETURNS trigger
    LANGUAGE plpgsql
    AS $$ BEGIN New."IM_Item_id":= concat(New."IM_Item_id",'-',nextval('item_sequence')); Return NEW; END; $$;


ALTER FUNCTION public.append() OWNER TO postgres;

--
-- Name: apvheaderamount(); Type: FUNCTION; Schema: public; Owner: postgres
--

CREATE FUNCTION apvheaderamount() RETURNS trigger
    LANGUAGE plpgsql
    AS $$BEGIN IF (TG_OP = 'DELETE') THEN UPDATE "tblACC_APVHeader" SET "APV_Amount" = ("APV_Amount" - OLD."APVD_Amount") WHERE "APV_DocNo" = OLD."APVD_PFK_DocNo"; RETURN OLD;ELSIF (TG_OP = 'UPDATE') THEN UPDATE "tblACC_APVHeader" SET "APV_Amount" = ("APV_Amount" - (NEW."APVD_LineDiscAmount" - OLD."APVD_LineDiscAmount")) WHERE "APV_DocNo" = NEW."APVD_PFK_DocNo"; NEW."APVD_AmountLCY" := (((OLD."APVD_Qty" * OLD."APVD_UnitPrice") * OLD."APVD_ExchangeRate") - (NEW."APVD_LineDiscAmount" * NEW."APVD_ExchangeRate")); NEW."APVD_Amount" := ((OLD."APVD_Qty" * OLD."APVD_UnitPrice") - NEW."APVD_LineDiscAmount"); RETURN NEW;ELSIF (TG_OP = 'INSERT') THEN UPDATE "tblACC_APVHeader" SET "APV_Amount" = ("APV_Amount" + NEW."APVD_Amount") WHERE "APV_DocNo" = NEW."APVD_PFK_DocNo"; RETURN NEW;END IF;END;$$;


ALTER FUNCTION public.apvheaderamount() OWNER TO postgres;

--
-- Name: apvheaderamountwithdiscount(); Type: FUNCTION; Schema: public; Owner: postgres
--

CREATE FUNCTION apvheaderamountwithdiscount() RETURNS trigger
    LANGUAGE plpgsql
    AS $$BEGINSELECT (NEW."APV_Amount" - (NEW."APV_PaymentDiscount"- OLD."APV_PaymentDiscount")), (NEW."APV_Amount"* COALESCE("ER_ConvCurrencyRate",1)) - ((NEW."APV_PaymentDiscount" - OLD."APV_PaymentDiscount")*(COALESCE("ER_ConvCurrencyRate",1))) INTO NEW."APV_Amount" ,NEW."APV_AmountLCY" FROM "tblACC_APVHeader" LEFT JOIN "tblCOM_Supplier" ON "S_Id" = "APV_SupplierID"LEFT JOIN "tblCOM_Company" ON "APV_Company" = "COM_Id" LEFT JOIN "tblACC_ExchangeRate" ON "ER_FK_BaseCurrency_id" = "S_FK_Attribute_Currency_id" AND "ER_FK_ConvCurrency_id" = "tblCOM_Company"."COM_Currency"WHERE "APV_DocNo" = NEW."APV_DocNo";return NEW;END;$$;


ALTER FUNCTION public.apvheaderamountwithdiscount() OWNER TO postgres;

--
-- Name: chartaccount_update(); Type: FUNCTION; Schema: public; Owner: postgres
--

CREATE FUNCTION chartaccount_update() RETURNS trigger
    LANGUAGE plpgsql
    AS $$DECLARE accountid integer;BEGIN IF NEW."COA_AccountLevel"= '1' AND NEW."COA_AccountType" != OLD."COA_AccountType" THEN SELECT MAX("COA_Account_id"::integer) + 1000 INTO New."COA_Account_id" FROM "tblACC_ChartAccount" WHERE "COA_AccountType" = NEW."COA_AccountType" AND "COA_AccountLevel" = '1'; ELSEIF NEW."COA_AccountLevel"= '2' AND NEW."COA_AccountType" != OLD."COA_AccountType" THEN SELECT MAX("COA_Account_id"::integer) + 1 INTO New."COA_Account_id" FROM "tblACC_ChartAccount" WHERE "COA_Parent" = NEW."COA_Parent"; END IF; Return NEW; END;$$;


ALTER FUNCTION public.chartaccount_update() OWNER TO postgres;

--
-- Name: cvdetailsprocess(); Type: FUNCTION; Schema: public; Owner: postgres
--

CREATE FUNCTION cvdetailsprocess() RETURNS trigger
    LANGUAGE plpgsql
    AS $$BEGIN IF (TG_OP = 'DELETE') THENUPDATE "tblACC_APVHeader" SET "APV_Status" = 'Approved' WHERE "APV_DocNo" = OLD."CVD_RefDocNo";UPDATE "tblACC_CVHeader" SET "CV_CheckAmount" = "CV_CheckAmount" - OLD."CVD_Amount" WHERE "CV_DocNo" = OLD."CVD_PFK_DocNo"; RETURN OLD;ELSIF (TG_OP = 'INSERT') THENUPDATE "tblACC_APVHeader" SET "APV_Status" = 'With CV' WHERE "APV_DocNo" = NEW."CVD_RefDocNo";UPDATE "tblACC_CVHeader" SET "CV_CheckAmount" = "CV_CheckAmount" + NEW."CVD_Amount" WHERE "CV_DocNo" = NEW."CVD_PFK_DocNo"; RETURN NEW;END IF;END;$$;


ALTER FUNCTION public.cvdetailsprocess() OWNER TO postgres;

--
-- Name: line_no(); Type: FUNCTION; Schema: public; Owner: postgres
--

CREATE FUNCTION line_no() RETURNS trigger
    LANGUAGE plpgsql
    AS $$BEGIN CREATE TEMP TABLE temp ON COMMIT DROP AS SELECT NEW.*; EXECUTE 'UPDATE temp SET ' || quote_ident(TG_ARGV[0])|| ' = ' || '(SELECT COALESCE(MAX('|| quote_ident(TG_ARGV[0]) ||')+1,1) FROM '|| quote_ident(TG_TABLE_NAME) || ' WHERE ' ||quote_ident(TG_ARGV[1])|| ' = (SELECT ' || quote_ident(TG_ARGV[1]) || ' FROM temp))';SELECT * FROM temp INTO NEW;RETURN NEW;END;$$;


ALTER FUNCTION public.line_no() OWNER TO postgres;

--
-- Name: position_id_add(); Type: FUNCTION; Schema: public; Owner: postgres
--

CREATE FUNCTION position_id_add() RETURNS trigger
    LANGUAGE plpgsql
    AS $$BEGIN NEW."P_Position_id" = nextval(CONCAT('position',NEW."P_Type")); Return NEW;END;$$;


ALTER FUNCTION public.position_id_add() OWNER TO postgres;

--
-- Name: position_id_update(); Type: FUNCTION; Schema: public; Owner: postgres
--

CREATE FUNCTION position_id_update() RETURNS trigger
    LANGUAGE plpgsql
    AS $$BEGINIF NEW."P_Type" != OLD."P_Type" THEN NEW."P_Position_id" = nextval(CONCAT('position',NEW."P_Type"));END IF; Return NEW;END;$$;


ALTER FUNCTION public.position_id_update() OWNER TO postgres;

--
-- Name: rpheaderamount(); Type: FUNCTION; Schema: public; Owner: postgres
--

CREATE FUNCTION rpheaderamount() RETURNS trigger
    LANGUAGE plpgsql
    AS $$BEGIN IF (TG_OP = 'DELETE') THENUPDATE "tblACC_RPHeader" SET "RPH_Amount" = ("RPH_Amount" - OLD."RPD_Amount"), "RPH_AmountLCY" = ("RPH_AmountLCY" - (OLD."RPD_Amount" * OLD."RPD_ExchangeRate")) WHERE "RPH_DocNo" = OLD."RPD_PFK_DocNo"; RETURN OLD;ELSIF (TG_OP = 'UPDATE') THEN UPDATE "tblACC_RPHeader" SET "RPH_Amount" = ("RPH_Amount" + (NEW."RPD_Amount" - OLD."RPD_Amount")), "RPH_AmountLCY" = ("RPH_AmountLCY" + ((NEW."RPD_Amount" - OLD."RPD_Amount") * NEW."RPD_ExchangeRate"))WHERE "RPH_DocNo" = NEW."RPD_PFK_DocNo"; RETURN NEW;ELSIF (TG_OP = 'INSERT') THEN UPDATE "tblACC_RPHeader" SET "RPH_Amount" = ("RPH_Amount" + NEW."RPD_Amount"), "RPH_AmountLCY" = ("RPH_AmountLCY" + (NEW."RPD_Amount" * NEW."RPD_ExchangeRate")) WHERE "RPH_DocNo" = NEW."RPD_PFK_DocNo"; RETURN NEW;END IF;END;$$;


ALTER FUNCTION public.rpheaderamount() OWNER TO postgres;

--
-- Name: rpheaderprocess(); Type: FUNCTION; Schema: public; Owner: postgres
--

CREATE FUNCTION rpheaderprocess() RETURNS trigger
    LANGUAGE plpgsql
    AS $$BEGIN IF (TG_OP = 'INSERT')OR((TG_OP = 'UPDATE')AND(NEW."RPH_Status" = 'Cancel')) THEN NEW."RPH_Amount" := 0; NEW."RPH_AmountLCY" := 0;END IF;RETURN NEW;END;$$;


ALTER FUNCTION public.rpheaderprocess() OWNER TO postgres;

--
-- Name: actype100000; Type: SEQUENCE; Schema: public; Owner: postgres
--

CREATE SEQUENCE actype100000
    START WITH 101000
    INCREMENT BY 1000
    MINVALUE 101000
    MAXVALUE 199000
    CACHE 1;


ALTER TABLE public.actype100000 OWNER TO postgres;

--
-- Name: actype200000; Type: SEQUENCE; Schema: public; Owner: postgres
--

CREATE SEQUENCE actype200000
    START WITH 201000
    INCREMENT BY 1000
    MINVALUE 201000
    MAXVALUE 299000
    CACHE 1;


ALTER TABLE public.actype200000 OWNER TO postgres;

--
-- Name: actype300000; Type: SEQUENCE; Schema: public; Owner: postgres
--

CREATE SEQUENCE actype300000
    START WITH 301000
    INCREMENT BY 1000
    MINVALUE 301000
    MAXVALUE 399000
    CACHE 1;


ALTER TABLE public.actype300000 OWNER TO postgres;

--
-- Name: actype400000; Type: SEQUENCE; Schema: public; Owner: postgres
--

CREATE SEQUENCE actype400000
    START WITH 401000
    INCREMENT BY 1000
    MINVALUE 401000
    MAXVALUE 499000
    CACHE 1;


ALTER TABLE public.actype400000 OWNER TO postgres;

--
-- Name: actype500000; Type: SEQUENCE; Schema: public; Owner: postgres
--

CREATE SEQUENCE actype500000
    START WITH 501000
    INCREMENT BY 1000
    MINVALUE 501000
    MAXVALUE 599000
    CACHE 1;


ALTER TABLE public.actype500000 OWNER TO postgres;

--
-- Name: actype600000; Type: SEQUENCE; Schema: public; Owner: postgres
--

CREATE SEQUENCE actype600000
    START WITH 601000
    INCREMENT BY 1000
    MINVALUE 601000
    MAXVALUE 699000
    CACHE 1;


ALTER TABLE public.actype600000 OWNER TO postgres;

--
-- Name: actype700000; Type: SEQUENCE; Schema: public; Owner: postgres
--

CREATE SEQUENCE actype700000
    START WITH 701000
    INCREMENT BY 1000
    MINVALUE 701000
    MAXVALUE 799000
    CACHE 1;


ALTER TABLE public.actype700000 OWNER TO postgres;

SET default_tablespace = '';

SET default_with_oids = false;

--
-- Name: ci_sessions; Type: TABLE; Schema: public; Owner: postgres; Tablespace: 
--

CREATE TABLE ci_sessions (
    id character varying(40) NOT NULL,
    ip_address character varying(45) NOT NULL,
    "timestamp" bigint DEFAULT 0 NOT NULL,
    data text DEFAULT ''::text NOT NULL
);


ALTER TABLE public.ci_sessions OWNER TO postgres;

--
-- Name: function_a_seq; Type: SEQUENCE; Schema: public; Owner: postgres
--

CREATE SEQUENCE function_a_seq
    START WITH 3
    INCREMENT BY 1
    NO MINVALUE
    NO MAXVALUE
    CACHE 1;


ALTER TABLE public.function_a_seq OWNER TO postgres;

--
-- Name: item_sequence; Type: SEQUENCE; Schema: public; Owner: postgres
--

CREATE SEQUENCE item_sequence
    START WITH 1000001
    INCREMENT BY 1
    MINVALUE 1000001
    MAXVALUE 9999999
    CACHE 1;


ALTER TABLE public.item_sequence OWNER TO postgres;

--
-- Name: item_series; Type: SEQUENCE; Schema: public; Owner: postgres
--

CREATE SEQUENCE item_series
    START WITH 100000
    INCREMENT BY 1
    MINVALUE 100000
    MAXVALUE 999999
    CACHE 1;


ALTER TABLE public.item_series OWNER TO postgres;

--
-- Name: position1000; Type: SEQUENCE; Schema: public; Owner: postgres
--

CREATE SEQUENCE position1000
    START WITH 1001
    INCREMENT BY 1
    MINVALUE 1001
    MAXVALUE 1999
    CACHE 1;


ALTER TABLE public.position1000 OWNER TO postgres;

--
-- Name: position2000; Type: SEQUENCE; Schema: public; Owner: postgres
--

CREATE SEQUENCE position2000
    START WITH 2001
    INCREMENT BY 1
    MINVALUE 2001
    MAXVALUE 2999
    CACHE 1;


ALTER TABLE public.position2000 OWNER TO postgres;

--
-- Name: position3000; Type: SEQUENCE; Schema: public; Owner: postgres
--

CREATE SEQUENCE position3000
    START WITH 3001
    INCREMENT BY 1
    MINVALUE 3001
    MAXVALUE 3999
    CACHE 1;


ALTER TABLE public.position3000 OWNER TO postgres;

--
-- Name: position4000; Type: SEQUENCE; Schema: public; Owner: postgres
--

CREATE SEQUENCE position4000
    START WITH 4001
    INCREMENT BY 1
    MINVALUE 4001
    MAXVALUE 4999
    CACHE 1;


ALTER TABLE public.position4000 OWNER TO postgres;

--
-- Name: sub_101000; Type: SEQUENCE; Schema: public; Owner: postgres
--

CREATE SEQUENCE sub_101000
    START WITH 101001
    INCREMENT BY 1
    MINVALUE 101001
    MAXVALUE 101999
    CACHE 1;


ALTER TABLE public.sub_101000 OWNER TO postgres;

--
-- Name: sub_103000; Type: SEQUENCE; Schema: public; Owner: postgres
--

CREATE SEQUENCE sub_103000
    START WITH 103001
    INCREMENT BY 1
    MINVALUE 103001
    MAXVALUE 103999
    CACHE 1;


ALTER TABLE public.sub_103000 OWNER TO postgres;

--
-- Name: sub_104000; Type: SEQUENCE; Schema: public; Owner: postgres
--

CREATE SEQUENCE sub_104000
    START WITH 104001
    INCREMENT BY 1
    MINVALUE 104001
    MAXVALUE 104999
    CACHE 1;


ALTER TABLE public.sub_104000 OWNER TO postgres;

--
-- Name: sub_105000; Type: SEQUENCE; Schema: public; Owner: postgres
--

CREATE SEQUENCE sub_105000
    START WITH 105001
    INCREMENT BY 1
    MINVALUE 105001
    MAXVALUE 105999
    CACHE 1;


ALTER TABLE public.sub_105000 OWNER TO postgres;

--
-- Name: sub_106000; Type: SEQUENCE; Schema: public; Owner: postgres
--

CREATE SEQUENCE sub_106000
    START WITH 106001
    INCREMENT BY 1
    MINVALUE 106001
    MAXVALUE 106999
    CACHE 1;


ALTER TABLE public.sub_106000 OWNER TO postgres;

--
-- Name: sub_301000; Type: SEQUENCE; Schema: public; Owner: postgres
--

CREATE SEQUENCE sub_301000
    START WITH 301001
    INCREMENT BY 1
    MINVALUE 301001
    MAXVALUE 301999
    CACHE 1;


ALTER TABLE public.sub_301000 OWNER TO postgres;

--
-- Name: sub_503000; Type: SEQUENCE; Schema: public; Owner: postgres
--

CREATE SEQUENCE sub_503000
    START WITH 503001
    INCREMENT BY 1
    MINVALUE 503001
    MAXVALUE 503999
    CACHE 1;


ALTER TABLE public.sub_503000 OWNER TO postgres;

--
-- Name: tblACC_AMLDetail; Type: TABLE; Schema: public; Owner: postgres; Tablespace: 
--

CREATE TABLE "tblACC_AMLDetail" (
    "AMLD_FK_DocNo" character varying(30) NOT NULL,
    "AMLD_LineNo" bigint NOT NULL,
    "AMLD_PaymentDocNo" character varying(30),
    "AMLD_PaymentDocDate" timestamp without time zone,
    "AMLD_PaymentAmount" numeric(12,4),
    "AMLD_Principal" numeric(12,4),
    "AMLD_Interest" numeric(12,4),
    "AMLD_Penalty" numeric(12,4),
    "AMLD_RunningBalance" numeric(12,4),
    "CreatedBy" character varying(20),
    "DateCreated" timestamp without time zone,
    "ModifiedBy" character varying(20),
    "DateModified" timestamp without time zone
);


ALTER TABLE public."tblACC_AMLDetail" OWNER TO postgres;

--
-- Name: tblACC_AMLHeader; Type: TABLE; Schema: public; Owner: postgres; Tablespace: 
--

CREATE TABLE "tblACC_AMLHeader" (
    "AMLH_DocNo" character varying(30) NOT NULL,
    "AMLH_DocDate" timestamp without time zone,
    "AMLH_BankAccount" character varying(30),
    "AMLH_LoanAmount" numeric(12,4) DEFAULT 0,
    "AMLH_RunningBalance" numeric(12,4) DEFAULT 0,
    "AMLH_ExtDocNo" character varying(30),
    "AMLH_Remarks" character varying(250),
    "AMLH_NoOfMonths" numeric(12,4),
    "AMLH_AnnualInterestRate" numeric(12,4),
    "AMLH_Company" character varying(30),
    "AMLH_CostCenter" character varying(30),
    "AMLH_Status" character varying(20),
    "CreatedBy" character varying(20),
    "DateCreated" timestamp without time zone,
    "ModifiedBy" character varying(20),
    "DateModified" timestamp without time zone,
    "AMLH_RequestedBy" character varying(30)
);


ALTER TABLE public."tblACC_AMLHeader" OWNER TO postgres;

--
-- Name: tblACC_AMPDetail; Type: TABLE; Schema: public; Owner: postgres; Tablespace: 
--

CREATE TABLE "tblACC_AMPDetail" (
    "AMPD_FK_DocNo" character varying(30) NOT NULL,
    "AMPD_LineNo" bigint DEFAULT 0 NOT NULL,
    "AMPD_Date" timestamp without time zone,
    "AMPD_Description" character varying(250),
    "AMPD_Amount" numeric(12,4),
    "AMPD_CPC" character varying(30),
    "AMPD_Comment" character varying(250),
    "AMPD_Status" character varying(20),
    "CreatedBy" character varying(20),
    "DateCreated" timestamp without time zone,
    "ModifiedBy" character varying(20),
    "DateModified" timestamp without time zone
);


ALTER TABLE public."tblACC_AMPDetail" OWNER TO postgres;

--
-- Name: tblACC_AMPHeader; Type: TABLE; Schema: public; Owner: postgres; Tablespace: 
--

CREATE TABLE "tblACC_AMPHeader" (
    "AMPH_DocNo" character varying(30) NOT NULL,
    "AMPH_DocDate" timestamp without time zone,
    "AMPH_RefDocNo" character varying(30),
    "AMPH_AmortType" character varying(30),
    "AMPH_AmortAmount" numeric(12,4),
    "AMPH_RemAmount" numeric(12,4),
    "AMPH_Remarks" character varying(250),
    "AMPH_CostCenter" character varying(30),
    "AMPH_Period" integer,
    "AMPH_NoOfPayment" integer,
    "AMPH_StartingDate" timestamp without time zone,
    "AMPH_Status" character varying(20),
    "CreatedBy" character varying(20),
    "DateCreated" timestamp without time zone,
    "ModifiedBy" character varying(20),
    "DateModified" timestamp without time zone,
    "AMPH_Active" bit(1),
    "AMPH_RequestedBy" character varying(30)
);


ALTER TABLE public."tblACC_AMPHeader" OWNER TO postgres;

--
-- Name: tblACC_APVDetail; Type: TABLE; Schema: public; Owner: postgres; Tablespace: 
--

CREATE TABLE "tblACC_APVDetail" (
    "APVD_PFK_DocNo" character varying(30) NOT NULL,
    "APVD_LineNo" integer DEFAULT 0 NOT NULL,
    "APVD_ItemType" character varying(30),
    "APVD_ItemNo" character varying(30),
    "APVD_Description" character varying(250),
    "APVD_Location" character varying(30),
    "APVD_SubLocation" character varying(30),
    "APVD_Qty" numeric(12,4),
    "APVD_UOM" character varying(30),
    "APVD_UnitPrice" numeric(12,4),
    "APVD_Amount" numeric(12,4),
    "APVD_AmountLCY" numeric(12,4),
    "APVD_Currency" character varying(30),
    "APVD_Comment" character varying(250),
    "APVD_RefFrom" character varying(30),
    "APVD_RefTo" character varying(30),
    "APVD_CostCenter" character varying(30),
    "APVD_VAT" character varying(30),
    "APVD_WHT" character varying(30),
    "APVD_BaseCurrency" character varying(30),
    "APVD_LineDiscPerc" numeric(12,4),
    "APVD_LineDiscAmount" numeric(12,4),
    "APVD_ExchangeRate" numeric(12,4),
    "CreatedBy" character varying(20),
    "DateCreated" timestamp without time zone,
    "ModifiedBy" character varying(20),
    "DateModified" timestamp without time zone,
    "APVD_TargetTable" character varying(1000),
    "APVD_RefFromLineNo" bigint
);


ALTER TABLE public."tblACC_APVDetail" OWNER TO postgres;

--
-- Name: tblACC_APVHeader; Type: TABLE; Schema: public; Owner: postgres; Tablespace: 
--

CREATE TABLE "tblACC_APVHeader" (
    "APV_DocNo" character varying(30) NOT NULL,
    "APV_DocDate" timestamp without time zone,
    "APV_SupplierID" character varying(30),
    "APV_SupplierName" character varying(250),
    "APV_SupplierAddress" character varying(250),
    "APV_RefDocNo" character varying(250),
    "APV_Remarks" character varying(250),
    "APV_DateRequired" timestamp without time zone,
    "APV_PaymentTerms" character varying(30),
    "APV_Status" character varying(20),
    "APV_Amount" numeric(12,4) DEFAULT 0,
    "APV_AmountLCY" numeric(12,4) DEFAULT 0,
    "APV_PaymentDiscount" numeric(12,4) DEFAULT 0,
    "CreatedBy" character varying(20),
    "DateCreated" timestamp without time zone,
    "ModifiedBy" character varying(20),
    "DateModified" timestamp without time zone,
    "APV_RequestedBy" character varying(30),
    "APV_Location" character varying(30),
    "APV_Company" character varying(30),
    "APV_AppliesToDocNo" character varying(30),
    "APV_VATPostingGroup" character varying(30),
    "APV_WHTPostingGroup" character varying(30),
    "APV_SupplierPostingGroup" character varying(30),
    "APV_DateReceived" timestamp without time zone
);


ALTER TABLE public."tblACC_APVHeader" OWNER TO postgres;

--
-- Name: tblACC_BankAccount; Type: TABLE; Schema: public; Owner: postgres; Tablespace: 
--

CREATE TABLE "tblACC_BankAccount" (
    "BA_BankID" character varying(30) NOT NULL,
    "BA_BankName" character varying(100),
    "BA_BankAccountType" character varying(20),
    "BA_BankAccountNo" character varying(20),
    "BA_BankAddress" character varying(250),
    "BA_SwiftCode" character varying(30),
    "BA_ContactName" character varying(250),
    "BA_ContactNo" character varying(100),
    "BA_FaxNo" character varying(100),
    "BA_GLAccount" character varying(30),
    "BA_BookBalance" numeric(12,4),
    "BA_DateOpened" timestamp without time zone,
    "BA_DateClosed" timestamp without time zone,
    "BA_Active" bit(1),
    "BA_InUseCode" character varying(30),
    "BA_InUseStartingNo" bigint,
    "BA_InUseEndingNo" bigint,
    "BA_InUseLastNoUsed" character varying(30),
    "BA_InUseActive" bit(1),
    "BA_ReserveCode" character varying(30),
    "BA_ReserveStartingNo" bigint,
    "BA_ReserveEndingNo" bigint,
    "BA_ReserveLastNoUsed" character varying(30),
    "BA_ReserveActive" bit(1),
    "BA_DMCode" character varying(30),
    "BA_DMStartingNo" bigint,
    "BA_DMEndingNo" bigint,
    "BA_DMLastNoUsed" character varying(30),
    "BA_DMActive" bit(1),
    "BA_WCode" character varying(30),
    "BA_WStartingNo" bigint,
    "BA_WEndingNo" bigint,
    "BA_WLastNoUsed" character varying(30),
    "BA_WActive" bit(1),
    "BA_TTCode" character varying(30),
    "BA_TTStartingNo" bigint,
    "BA_TTEndingNo" bigint,
    "BA_TTLastNoUsed" character varying(30),
    "BA_TTActive" bit(1),
    "CreatedBy" character varying(20),
    "DateCreated" timestamp without time zone,
    "ModifiedBy" character varying(20),
    "DateModified" timestamp without time zone,
    "BA_Currency" integer
);


ALTER TABLE public."tblACC_BankAccount" OWNER TO postgres;

--
-- Name: COLUMN "tblACC_BankAccount"."BA_BankID"; Type: COMMENT; Schema: public; Owner: postgres
--

COMMENT ON COLUMN "tblACC_BankAccount"."BA_BankID" IS 'User Input';


--
-- Name: COLUMN "tblACC_BankAccount"."BA_BankName"; Type: COMMENT; Schema: public; Owner: postgres
--

COMMENT ON COLUMN "tblACC_BankAccount"."BA_BankName" IS 'User Input';


--
-- Name: COLUMN "tblACC_BankAccount"."BA_BankAccountType"; Type: COMMENT; Schema: public; Owner: postgres
--

COMMENT ON COLUMN "tblACC_BankAccount"."BA_BankAccountType" IS 'Fixed Drop Down Data:- Current Account- Savings Accou';


--
-- Name: COLUMN "tblACC_BankAccount"."BA_BankAccountNo"; Type: COMMENT; Schema: public; Owner: postgres
--

COMMENT ON COLUMN "tblACC_BankAccount"."BA_BankAccountNo" IS 'User Inpu';


--
-- Name: COLUMN "tblACC_BankAccount"."BA_BankAddress"; Type: COMMENT; Schema: public; Owner: postgres
--

COMMENT ON COLUMN "tblACC_BankAccount"."BA_BankAddress" IS 'User Input';


--
-- Name: COLUMN "tblACC_BankAccount"."BA_SwiftCode"; Type: COMMENT; Schema: public; Owner: postgres
--

COMMENT ON COLUMN "tblACC_BankAccount"."BA_SwiftCode" IS 'User Input';


--
-- Name: COLUMN "tblACC_BankAccount"."BA_ContactName"; Type: COMMENT; Schema: public; Owner: postgres
--

COMMENT ON COLUMN "tblACC_BankAccount"."BA_ContactName" IS 'User Input';


--
-- Name: COLUMN "tblACC_BankAccount"."BA_ContactNo"; Type: COMMENT; Schema: public; Owner: postgres
--

COMMENT ON COLUMN "tblACC_BankAccount"."BA_ContactNo" IS 'User Input';


--
-- Name: COLUMN "tblACC_BankAccount"."BA_FaxNo"; Type: COMMENT; Schema: public; Owner: postgres
--

COMMENT ON COLUMN "tblACC_BankAccount"."BA_FaxNo" IS 'User Input';


--
-- Name: COLUMN "tblACC_BankAccount"."BA_GLAccount"; Type: COMMENT; Schema: public; Owner: postgres
--

COMMENT ON COLUMN "tblACC_BankAccount"."BA_GLAccount" IS 'Lookup: Chart of Account';


--
-- Name: COLUMN "tblACC_BankAccount"."BA_BookBalance"; Type: COMMENT; Schema: public; Owner: postgres
--

COMMENT ON COLUMN "tblACC_BankAccount"."BA_BookBalance" IS 'Automated: Not Editable';


--
-- Name: COLUMN "tblACC_BankAccount"."BA_DateOpened"; Type: COMMENT; Schema: public; Owner: postgres
--

COMMENT ON COLUMN "tblACC_BankAccount"."BA_DateOpened" IS 'User Input';


--
-- Name: COLUMN "tblACC_BankAccount"."BA_DateClosed"; Type: COMMENT; Schema: public; Owner: postgres
--

COMMENT ON COLUMN "tblACC_BankAccount"."BA_DateClosed" IS 'User Input';


--
-- Name: COLUMN "tblACC_BankAccount"."BA_Active"; Type: COMMENT; Schema: public; Owner: postgres
--

COMMENT ON COLUMN "tblACC_BankAccount"."BA_Active" IS 'Checkbox';


--
-- Name: COLUMN "tblACC_BankAccount"."BA_InUseCode"; Type: COMMENT; Schema: public; Owner: postgres
--

COMMENT ON COLUMN "tblACC_BankAccount"."BA_InUseCode" IS 'User Input';


--
-- Name: COLUMN "tblACC_BankAccount"."BA_InUseStartingNo"; Type: COMMENT; Schema: public; Owner: postgres
--

COMMENT ON COLUMN "tblACC_BankAccount"."BA_InUseStartingNo" IS 'User Input';


--
-- Name: COLUMN "tblACC_BankAccount"."BA_InUseEndingNo"; Type: COMMENT; Schema: public; Owner: postgres
--

COMMENT ON COLUMN "tblACC_BankAccount"."BA_InUseEndingNo" IS 'User Input';


--
-- Name: COLUMN "tblACC_BankAccount"."BA_InUseLastNoUsed"; Type: COMMENT; Schema: public; Owner: postgres
--

COMMENT ON COLUMN "tblACC_BankAccount"."BA_InUseLastNoUsed" IS 'Automated: system will update this field on every use of the Series';


--
-- Name: COLUMN "tblACC_BankAccount"."BA_InUseActive"; Type: COMMENT; Schema: public; Owner: postgres
--

COMMENT ON COLUMN "tblACC_BankAccount"."BA_InUseActive" IS 'Checkbox';


--
-- Name: COLUMN "tblACC_BankAccount"."BA_ReserveCode"; Type: COMMENT; Schema: public; Owner: postgres
--

COMMENT ON COLUMN "tblACC_BankAccount"."BA_ReserveCode" IS 'User Input';


--
-- Name: COLUMN "tblACC_BankAccount"."BA_ReserveStartingNo"; Type: COMMENT; Schema: public; Owner: postgres
--

COMMENT ON COLUMN "tblACC_BankAccount"."BA_ReserveStartingNo" IS 'User Input';


--
-- Name: COLUMN "tblACC_BankAccount"."BA_ReserveEndingNo"; Type: COMMENT; Schema: public; Owner: postgres
--

COMMENT ON COLUMN "tblACC_BankAccount"."BA_ReserveEndingNo" IS 'User Input';


--
-- Name: COLUMN "tblACC_BankAccount"."BA_ReserveLastNoUsed"; Type: COMMENT; Schema: public; Owner: postgres
--

COMMENT ON COLUMN "tblACC_BankAccount"."BA_ReserveLastNoUsed" IS 'Automated: system will update this field on every use of the Series';


--
-- Name: COLUMN "tblACC_BankAccount"."BA_ReserveActive"; Type: COMMENT; Schema: public; Owner: postgres
--

COMMENT ON COLUMN "tblACC_BankAccount"."BA_ReserveActive" IS 'Checkbox';


--
-- Name: COLUMN "tblACC_BankAccount"."BA_DMCode"; Type: COMMENT; Schema: public; Owner: postgres
--

COMMENT ON COLUMN "tblACC_BankAccount"."BA_DMCode" IS 'User Input';


--
-- Name: COLUMN "tblACC_BankAccount"."BA_DMStartingNo"; Type: COMMENT; Schema: public; Owner: postgres
--

COMMENT ON COLUMN "tblACC_BankAccount"."BA_DMStartingNo" IS 'User Input';


--
-- Name: COLUMN "tblACC_BankAccount"."BA_DMEndingNo"; Type: COMMENT; Schema: public; Owner: postgres
--

COMMENT ON COLUMN "tblACC_BankAccount"."BA_DMEndingNo" IS 'User Input';


--
-- Name: COLUMN "tblACC_BankAccount"."BA_DMLastNoUsed"; Type: COMMENT; Schema: public; Owner: postgres
--

COMMENT ON COLUMN "tblACC_BankAccount"."BA_DMLastNoUsed" IS 'Automated: system will update this field on every use of the Series';


--
-- Name: COLUMN "tblACC_BankAccount"."BA_DMActive"; Type: COMMENT; Schema: public; Owner: postgres
--

COMMENT ON COLUMN "tblACC_BankAccount"."BA_DMActive" IS 'User Input';


--
-- Name: COLUMN "tblACC_BankAccount"."BA_WCode"; Type: COMMENT; Schema: public; Owner: postgres
--

COMMENT ON COLUMN "tblACC_BankAccount"."BA_WCode" IS 'User Input';


--
-- Name: COLUMN "tblACC_BankAccount"."BA_WStartingNo"; Type: COMMENT; Schema: public; Owner: postgres
--

COMMENT ON COLUMN "tblACC_BankAccount"."BA_WStartingNo" IS 'User Input';


--
-- Name: COLUMN "tblACC_BankAccount"."BA_WEndingNo"; Type: COMMENT; Schema: public; Owner: postgres
--

COMMENT ON COLUMN "tblACC_BankAccount"."BA_WEndingNo" IS 'User Input';


--
-- Name: COLUMN "tblACC_BankAccount"."BA_WLastNoUsed"; Type: COMMENT; Schema: public; Owner: postgres
--

COMMENT ON COLUMN "tblACC_BankAccount"."BA_WLastNoUsed" IS 'Automated: system will update this field on every use of the Series';


--
-- Name: COLUMN "tblACC_BankAccount"."BA_WActive"; Type: COMMENT; Schema: public; Owner: postgres
--

COMMENT ON COLUMN "tblACC_BankAccount"."BA_WActive" IS 'Checkbox';


--
-- Name: COLUMN "tblACC_BankAccount"."BA_TTCode"; Type: COMMENT; Schema: public; Owner: postgres
--

COMMENT ON COLUMN "tblACC_BankAccount"."BA_TTCode" IS 'User Input';


--
-- Name: COLUMN "tblACC_BankAccount"."BA_TTStartingNo"; Type: COMMENT; Schema: public; Owner: postgres
--

COMMENT ON COLUMN "tblACC_BankAccount"."BA_TTStartingNo" IS 'User Input';


--
-- Name: COLUMN "tblACC_BankAccount"."BA_TTEndingNo"; Type: COMMENT; Schema: public; Owner: postgres
--

COMMENT ON COLUMN "tblACC_BankAccount"."BA_TTEndingNo" IS 'User Input';


--
-- Name: COLUMN "tblACC_BankAccount"."BA_TTLastNoUsed"; Type: COMMENT; Schema: public; Owner: postgres
--

COMMENT ON COLUMN "tblACC_BankAccount"."BA_TTLastNoUsed" IS 'Automated: system will update this field on every use of the Series';


--
-- Name: COLUMN "tblACC_BankAccount"."BA_TTActive"; Type: COMMENT; Schema: public; Owner: postgres
--

COMMENT ON COLUMN "tblACC_BankAccount"."BA_TTActive" IS 'Checkbox';


--
-- Name: tblACC_BankAccountLedger; Type: TABLE; Schema: public; Owner: postgres; Tablespace: 
--

CREATE TABLE "tblACC_BankAccountLedger" (
    "BAL_EntryNo" bigint NOT NULL,
    "BAL_DocType" character varying(30),
    "BAL_DocNo" character varying(30),
    "BAL_DocDate" timestamp without time zone,
    "BAL_DatePosted" timestamp without time zone,
    "BAL_BankAccountNo" character varying(30),
    "BAL_BankAccountName" character varying(250),
    "BAL_Debit" numeric(12,4),
    "BAL_Credit" numeric(12,4),
    "BAL_Amount" numeric(12,4),
    "BAL_Currency" character varying(30),
    "BAL_AmountLCY" numeric(12,4),
    "BAL_BalAccountType" character varying(30),
    "BAL_BalAccountNo" character varying(30),
    "BAL_BalAccountName" bigint,
    "BAL_CPC" character varying(30),
    "BAL_Status" character varying(20),
    "BAL_PostedBy" character varying(20),
    "BAL_DateCreated" timestamp without time zone
);


ALTER TABLE public."tblACC_BankAccountLedger" OWNER TO postgres;

--
-- Name: tblACC_BankAccountLedger_BAL_EntryNo_seq; Type: SEQUENCE; Schema: public; Owner: postgres
--

CREATE SEQUENCE "tblACC_BankAccountLedger_BAL_EntryNo_seq"
    START WITH 1
    INCREMENT BY 1
    NO MINVALUE
    NO MAXVALUE
    CACHE 1;


ALTER TABLE public."tblACC_BankAccountLedger_BAL_EntryNo_seq" OWNER TO postgres;

--
-- Name: tblACC_BankAccountLedger_BAL_EntryNo_seq; Type: SEQUENCE OWNED BY; Schema: public; Owner: postgres
--

ALTER SEQUENCE "tblACC_BankAccountLedger_BAL_EntryNo_seq" OWNED BY "tblACC_BankAccountLedger"."BAL_EntryNo";


--
-- Name: tblACC_BankPostingGroup; Type: TABLE; Schema: public; Owner: postgres; Tablespace: 
--

CREATE TABLE "tblACC_BankPostingGroup" (
    "BPG_Code" character varying(30) NOT NULL,
    "BPG_COA_FK_AccountNo" character varying(30) NOT NULL,
    "CreatedBy" character varying(30),
    "DateCreated" timestamp without time zone,
    "ModifiedBy" character varying(30),
    "DateModified" timestamp without time zone,
    "BPG_Active" bit(1)
);


ALTER TABLE public."tblACC_BankPostingGroup" OWNER TO postgres;

--
-- Name: tblACC_BankRecon; Type: TABLE; Schema: public; Owner: postgres; Tablespace: 
--

CREATE TABLE "tblACC_BankRecon" (
    "BR_DocNo" character varying(30) NOT NULL,
    "BR_DocDate" timestamp without time zone,
    "BR_BankAccountNo" character varying(30),
    "BR_StatementNo" character varying(30),
    "BR_StatementDate" timestamp without time zone,
    "BR_StatementBalance" numeric(12,4),
    "BR_Period" character varying(20),
    "BR_BegBal" numeric(12,4),
    "BR_EndBal" numeric(12,4),
    "BR_Status" character varying(20),
    "CreatedBy" character varying(20),
    "DateCreated" timestamp without time zone,
    "ModifiedBy" character varying(20),
    "DateModified" timestamp without time zone
);


ALTER TABLE public."tblACC_BankRecon" OWNER TO postgres;

--
-- Name: COLUMN "tblACC_BankRecon"."BR_DocNo"; Type: COMMENT; Schema: public; Owner: postgres
--

COMMENT ON COLUMN "tblACC_BankRecon"."BR_DocNo" IS 'Serialize- Read Only';


--
-- Name: COLUMN "tblACC_BankRecon"."BR_DocDate"; Type: COMMENT; Schema: public; Owner: postgres
--

COMMENT ON COLUMN "tblACC_BankRecon"."BR_DocDate" IS 'Automated- display the system date- Read Only';


--
-- Name: COLUMN "tblACC_BankRecon"."BR_BankAccountNo"; Type: COMMENT; Schema: public; Owner: postgres
--

COMMENT ON COLUMN "tblACC_BankRecon"."BR_BankAccountNo" IS 'Lookup- display the list of Bank Accounts';


--
-- Name: COLUMN "tblACC_BankRecon"."BR_StatementNo"; Type: COMMENT; Schema: public; Owner: postgres
--

COMMENT ON COLUMN "tblACC_BankRecon"."BR_StatementNo" IS 'User Input';


--
-- Name: COLUMN "tblACC_BankRecon"."BR_StatementDate"; Type: COMMENT; Schema: public; Owner: postgres
--

COMMENT ON COLUMN "tblACC_BankRecon"."BR_StatementDate" IS 'User Input- Date Format';


--
-- Name: COLUMN "tblACC_BankRecon"."BR_StatementBalance"; Type: COMMENT; Schema: public; Owner: postgres
--

COMMENT ON COLUMN "tblACC_BankRecon"."BR_StatementBalance" IS 'User Input- Numeric Format';


--
-- Name: COLUMN "tblACC_BankRecon"."BR_Period"; Type: COMMENT; Schema: public; Owner: postgres
--

COMMENT ON COLUMN "tblACC_BankRecon"."BR_Period" IS 'User Input / Dropdown- Month and Year on';


--
-- Name: COLUMN "tblACC_BankRecon"."BR_BegBal"; Type: COMMENT; Schema: public; Owner: postgres
--

COMMENT ON COLUMN "tblACC_BankRecon"."BR_BegBal" IS 'Automated- display the beginning balance of the selected period';


--
-- Name: COLUMN "tblACC_BankRecon"."BR_EndBal"; Type: COMMENT; Schema: public; Owner: postgres
--

COMMENT ON COLUMN "tblACC_BankRecon"."BR_EndBal" IS 'Automated- display the total of [tblACC_BankAccountLedger::BAL_Amount]';


--
-- Name: COLUMN "tblACC_BankRecon"."BR_Status"; Type: COMMENT; Schema: public; Owner: postgres
--

COMMENT ON COLUMN "tblACC_BankRecon"."BR_Status" IS 'Automated- this field will be updated upon approval process';


--
-- Name: tblACC_BankReconDetail; Type: TABLE; Schema: public; Owner: postgres; Tablespace: 
--

CREATE TABLE "tblACC_BankReconDetail" (
    "BRD_BR_DocNo" character varying(30) NOT NULL,
    "BRD_TransDate" timestamp without time zone,
    "BRD_RefNo" character varying(30),
    "BRD_Payee" character varying(250),
    "BRD_CheckNo" character varying(30),
    "BRD_Particulars" character varying(250),
    "BRD_Debit" numeric(12,4),
    "BRD_Credit" numeric(12,4),
    "BRD_Amount" numeric(12,4),
    "CreatedBy" character varying(20),
    "DateCreated" timestamp without time zone,
    "ModifiedBy" character varying(20),
    "DateModified" timestamp without time zone,
    "BRD_LineNo" bigint NOT NULL
);


ALTER TABLE public."tblACC_BankReconDetail" OWNER TO postgres;

--
-- Name: COLUMN "tblACC_BankReconDetail"."BRD_BR_DocNo"; Type: COMMENT; Schema: public; Owner: postgres
--

COMMENT ON COLUMN "tblACC_BankReconDetail"."BRD_BR_DocNo" IS 'Automated- copy the Doc No of the header';


--
-- Name: tblACC_BankReconDetail_BRD_LineNo_seq; Type: SEQUENCE; Schema: public; Owner: postgres
--

CREATE SEQUENCE "tblACC_BankReconDetail_BRD_LineNo_seq"
    START WITH 1
    INCREMENT BY 1
    NO MINVALUE
    NO MAXVALUE
    CACHE 1;


ALTER TABLE public."tblACC_BankReconDetail_BRD_LineNo_seq" OWNER TO postgres;

--
-- Name: tblACC_BankReconDetail_BRD_LineNo_seq; Type: SEQUENCE OWNED BY; Schema: public; Owner: postgres
--

ALTER SEQUENCE "tblACC_BankReconDetail_BRD_LineNo_seq" OWNED BY "tblACC_BankReconDetail"."BRD_LineNo";


--
-- Name: tblACC_BookSetup; Type: TABLE; Schema: public; Owner: postgres; Tablespace: 
--

CREATE TABLE "tblACC_BookSetup" (
    "BT_BookID" character varying(20) NOT NULL,
    "BS_FK_Module_ID" bigint
);


ALTER TABLE public."tblACC_BookSetup" OWNER TO postgres;

--
-- Name: tblACC_BookType; Type: TABLE; Schema: public; Owner: postgres; Tablespace: 
--

CREATE TABLE "tblACC_BookType" (
    "BT_BookID" character varying(20) NOT NULL,
    "BT_BookName" character varying(30),
    "CreatedBy" character varying(30),
    "DateCreated" timestamp without time zone,
    "ModifiedBy" character varying(30),
    "DateModified" timestamp without time zone,
    "BT_Active" bit(1)
);


ALTER TABLE public."tblACC_BookType" OWNER TO postgres;

--
-- Name: tblACC_COA_Segment; Type: TABLE; Schema: public; Owner: postgres; Tablespace: 
--

CREATE TABLE "tblACC_COA_Segment" (
    "CS_SegmentID" bigint,
    "CS_SegmentName" character varying(30),
    "CS_DigitNo" character varying(20),
    "CS_CharSeparator" character varying(20),
    "CS_Active" bit(1),
    "CreatedBy" character varying(30),
    "DateCreated" timestamp without time zone,
    "ModifiedBy" character varying(30),
    "DateModified" timestamp without time zone
);


ALTER TABLE public."tblACC_COA_Segment" OWNER TO postgres;

--
-- Name: tblACC_CRJDetail; Type: TABLE; Schema: public; Owner: postgres; Tablespace: 
--

CREATE TABLE "tblACC_CRJDetail" (
    "CRJD_PFK_DocNo" character varying(30) NOT NULL,
    "CRJD_LineNo" bigint DEFAULT 0 NOT NULL,
    "CRJD_AppliesToDocType" character varying(30),
    "CRJD_AppliesToDocNo" character varying(30),
    "CRJD_AppliesToDocDate" timestamp without time zone,
    "CRJD_AppliesToAmount" numeric,
    "CRJD_Applied" bit(1),
    "CRJD_AppliedAmount" numeric,
    "CRJD_RemAmount" numeric,
    "CRJD_Comment" character varying(250),
    "CreatedBy" character varying(20),
    "DateCreated" timestamp without time zone,
    "ModifiedBy" character varying(20),
    "DateModified" timestamp without time zone
);


ALTER TABLE public."tblACC_CRJDetail" OWNER TO postgres;

--
-- Name: COLUMN "tblACC_CRJDetail"."CRJD_PFK_DocNo"; Type: COMMENT; Schema: public; Owner: postgres
--

COMMENT ON COLUMN "tblACC_CRJDetail"."CRJD_PFK_DocNo" IS 'Auto - Document No of the Header';


--
-- Name: COLUMN "tblACC_CRJDetail"."CRJD_LineNo"; Type: COMMENT; Schema: public; Owner: postgres
--

COMMENT ON COLUMN "tblACC_CRJDetail"."CRJD_LineNo" IS 'Auto - Serialize';


--
-- Name: COLUMN "tblACC_CRJDetail"."CRJD_AppliesToDocType"; Type: COMMENT; Schema: public; Owner: postgres
--

COMMENT ON COLUMN "tblACC_CRJDetail"."CRJD_AppliesToDocType" IS 'Auto - Doc Type of selected details in the Pop up Page';


--
-- Name: COLUMN "tblACC_CRJDetail"."CRJD_AppliesToDocNo"; Type: COMMENT; Schema: public; Owner: postgres
--

COMMENT ON COLUMN "tblACC_CRJDetail"."CRJD_AppliesToDocNo" IS 'Auto - Copy the Doc No of selected details in the Pop up Page';


--
-- Name: COLUMN "tblACC_CRJDetail"."CRJD_AppliesToDocDate"; Type: COMMENT; Schema: public; Owner: postgres
--

COMMENT ON COLUMN "tblACC_CRJDetail"."CRJD_AppliesToDocDate" IS 'Auto - Copy the Doc Date of selected details in the Pop up Page';


--
-- Name: COLUMN "tblACC_CRJDetail"."CRJD_AppliesToAmount"; Type: COMMENT; Schema: public; Owner: postgres
--

COMMENT ON COLUMN "tblACC_CRJDetail"."CRJD_AppliesToAmount" IS 'Auto - Copy the Remaining Amount of selected details in the Pop up Page';


--
-- Name: COLUMN "tblACC_CRJDetail"."CRJD_RemAmount"; Type: COMMENT; Schema: public; Owner: postgres
--

COMMENT ON COLUMN "tblACC_CRJDetail"."CRJD_RemAmount" IS 'Auto - Display the remaining amount of Invoice';


--
-- Name: COLUMN "tblACC_CRJDetail"."CreatedBy"; Type: COMMENT; Schema: public; Owner: postgres
--

COMMENT ON COLUMN "tblACC_CRJDetail"."CreatedBy" IS 'Auto - User ID of the creator of the document';


--
-- Name: COLUMN "tblACC_CRJDetail"."DateCreated"; Type: COMMENT; Schema: public; Owner: postgres
--

COMMENT ON COLUMN "tblACC_CRJDetail"."DateCreated" IS 'Auto - Date of the creation of the document';


--
-- Name: COLUMN "tblACC_CRJDetail"."ModifiedBy"; Type: COMMENT; Schema: public; Owner: postgres
--

COMMENT ON COLUMN "tblACC_CRJDetail"."ModifiedBy" IS 'Auto - If modified, save the User ID of the user';


--
-- Name: COLUMN "tblACC_CRJDetail"."DateModified"; Type: COMMENT; Schema: public; Owner: postgres
--

COMMENT ON COLUMN "tblACC_CRJDetail"."DateModified" IS 'Auto - If modified, save the Date of modification';


--
-- Name: tblACC_CRJDetail_CRJD_LineNo_Seq; Type: SEQUENCE; Schema: public; Owner: postgres
--

CREATE SEQUENCE "tblACC_CRJDetail_CRJD_LineNo_Seq"
    START WITH 3
    INCREMENT BY 1
    NO MINVALUE
    NO MAXVALUE
    CACHE 1;


ALTER TABLE public."tblACC_CRJDetail_CRJD_LineNo_Seq" OWNER TO postgres;

--
-- Name: tblACC_CRJDetail_CRJD_LineNo_Seq; Type: SEQUENCE OWNED BY; Schema: public; Owner: postgres
--

ALTER SEQUENCE "tblACC_CRJDetail_CRJD_LineNo_Seq" OWNED BY "tblACC_CRJDetail"."CRJD_LineNo";


--
-- Name: tblACC_CRJHeader; Type: TABLE; Schema: public; Owner: postgres; Tablespace: 
--

CREATE TABLE "tblACC_CRJHeader" (
    "CRJ_DocNo" character varying(30) NOT NULL,
    "CRJ_DocDate" timestamp without time zone,
    "CRJ_CustomerID" character varying(30),
    "CRJ_CustomerName" character varying(250),
    "CRJ_ExtDocNo" character varying(30),
    "CRJ_Remarks" character varying(250),
    "CRJ_Amount" numeric(12,4),
    "CRJ_BankAccount" character varying(30),
    "CRJ_Location" character varying(30),
    "CRJ_Status" character varying(30),
    "CreatedBy" character varying(20),
    "DateCreated" timestamp without time zone,
    "ModifiedBy" character varying(20),
    "DateModified" timestamp without time zone,
    "CRJ_Company" character varying(30),
    "CRJ_CPG" character varying(30)
);


ALTER TABLE public."tblACC_CRJHeader" OWNER TO postgres;

--
-- Name: TABLE "tblACC_CRJHeader"; Type: COMMENT; Schema: public; Owner: postgres
--

COMMENT ON TABLE "tblACC_CRJHeader" IS 'Financial Management - Cash Receipt Journal Header';


--
-- Name: COLUMN "tblACC_CRJHeader"."CRJ_CustomerID"; Type: COMMENT; Schema: public; Owner: postgres
--

COMMENT ON COLUMN "tblACC_CRJHeader"."CRJ_CustomerID" IS 'Lookup - "Customer" [tblACC_Customer][C_Id]';


--
-- Name: COLUMN "tblACC_CRJHeader"."CRJ_CustomerName"; Type: COMMENT; Schema: public; Owner: postgres
--

COMMENT ON COLUMN "tblACC_CRJHeader"."CRJ_CustomerName" IS 'Auto - Display the Name of the selected Customer ID';


--
-- Name: COLUMN "tblACC_CRJHeader"."CRJ_BankAccount"; Type: COMMENT; Schema: public; Owner: postgres
--

COMMENT ON COLUMN "tblACC_CRJHeader"."CRJ_BankAccount" IS 'Lookup - "Bank Account" [tblACC_BankAccount][BAL_DocNo?]';


--
-- Name: COLUMN "tblACC_CRJHeader"."CRJ_Location"; Type: COMMENT; Schema: public; Owner: postgres
--

COMMENT ON COLUMN "tblACC_CRJHeader"."CRJ_Location" IS 'Lookup - "Store Profile" [tblINV_StoreProfile][SP_StoreID]';


--
-- Name: COLUMN "tblACC_CRJHeader"."CreatedBy"; Type: COMMENT; Schema: public; Owner: postgres
--

COMMENT ON COLUMN "tblACC_CRJHeader"."CreatedBy" IS 'Auto - User ID of the creator of the document';


--
-- Name: COLUMN "tblACC_CRJHeader"."DateCreated"; Type: COMMENT; Schema: public; Owner: postgres
--

COMMENT ON COLUMN "tblACC_CRJHeader"."DateCreated" IS 'Auto - Date of the creation of the document';


--
-- Name: COLUMN "tblACC_CRJHeader"."ModifiedBy"; Type: COMMENT; Schema: public; Owner: postgres
--

COMMENT ON COLUMN "tblACC_CRJHeader"."ModifiedBy" IS 'Auto - If modified, save the User ID of the user';


--
-- Name: COLUMN "tblACC_CRJHeader"."DateModified"; Type: COMMENT; Schema: public; Owner: postgres
--

COMMENT ON COLUMN "tblACC_CRJHeader"."DateModified" IS 'Auto - If modified, save the Date of modification';


--
-- Name: tblACC_CVDetail; Type: TABLE; Schema: public; Owner: postgres; Tablespace: 
--

CREATE TABLE "tblACC_CVDetail" (
    "CVD_PFK_DocNo" character varying(30) NOT NULL,
    "CVD_LineNo" bigint NOT NULL,
    "CVD_RefDocNo" character varying(30),
    "CVD_RefDocDate" timestamp without time zone,
    "CVD_Remarks" character varying(250),
    "CVD_Amount" numeric(12,4),
    "CVD_Comment" character varying(250),
    "CreatedBy" character varying(20),
    "DateCreated" timestamp without time zone,
    "ModifiedBy" character varying(20),
    "DateModified" timestamp without time zone
);


ALTER TABLE public."tblACC_CVDetail" OWNER TO postgres;

--
-- Name: tblACC_CVHeader; Type: TABLE; Schema: public; Owner: postgres; Tablespace: 
--

CREATE TABLE "tblACC_CVHeader" (
    "CV_DocNo" character varying(30) NOT NULL,
    "CV_DocDate" timestamp without time zone,
    "CV_SupplierID" character varying(30),
    "CV_SupplierName" character varying(250),
    "CV_SupplierAddress" character varying(250),
    "CV_ExtDocNo" character varying(30),
    "CV_Remarks" character varying(250),
    "CV_DateRequired" timestamp without time zone,
    "CV_PaymentTerms" character varying(30),
    "CV_DueDate" timestamp without time zone,
    "CV_Bank" character varying(30),
    "CV_CheckNo" bigint,
    "CV_CheckDate" timestamp without time zone,
    "CV_CheckAmount" numeric(12,4) DEFAULT 0,
    "CreatedBy" character varying(20),
    "DateCreated" timestamp without time zone,
    "ModifiedBy" character varying(20),
    "DateModified" timestamp without time zone,
    "CV_Status" character varying(20),
    "CV_Currency" character varying(30),
    "CV_RequestedBy" character varying(30),
    "CV_Released" bit(1),
    "CV_Cleared" bit(1),
    "CV_DateReleased" timestamp without time zone
);


ALTER TABLE public."tblACC_CVHeader" OWNER TO postgres;

--
-- Name: tblACC_ChartAccount; Type: TABLE; Schema: public; Owner: postgres; Tablespace: 
--

CREATE TABLE "tblACC_ChartAccount" (
    "COA_Account_id" character varying(30) NOT NULL,
    "COA_AccountName" character varying(100) NOT NULL,
    "COA_AccountType" character varying(20),
    "COA_AccountLevel" integer,
    "COA_BSIS" bit(1),
    "COA_Parent" character varying(30),
    "CreatedBy" character varying(30),
    "DateCreated" timestamp without time zone,
    "ModifiedBy" character varying(30),
    "DateModified" timestamp(6) without time zone,
    "COA_Active" bit(1) DEFAULT B'0'::"bit",
    "COA_AccountNature" character varying(20),
    "COA_RunningBalance" numeric(12,4),
    "COA_AmortizationType" character varying(30) DEFAULT ''::character varying
);


ALTER TABLE public."tblACC_ChartAccount" OWNER TO postgres;

--
-- Name: tblACC_Customer; Type: TABLE; Schema: public; Owner: postgres; Tablespace: 
--

CREATE TABLE "tblACC_Customer" (
    "C_Id" character varying(30) NOT NULL,
    "C_Name" character varying(30),
    "C_Address1" character varying(100),
    "C_Address2" character varying(100),
    "C_Address3" character varying(100),
    "C_TelNum" character varying(50),
    "C_FaxNum" character varying(50),
    "C_Email" character varying(50),
    "C_CompanyName" character varying(50),
    "C_ContactName" character varying(100),
    "C_ContactTitle" character varying(50),
    "C_PostalCode" character varying(30),
    "C_Country" character varying(50),
    "C_FK_PayTerms" character varying(30),
    "C_FK_CustomerType" character varying(30),
    "C_BalanceAsOf" numeric(12,4),
    "C_BillTo" character varying(30),
    "C_ShipTo" character varying(200),
    "C_AccountNo" character varying(50),
    "C_CreditLimit" numeric(12,4),
    "C_CreditBalance" numeric(12,4),
    "C_FK_SalesRep" character varying(30),
    "C_ZipCode" character varying(30),
    "C_LateCharge" numeric(12,4),
    "C_PenaltyCharge" numeric(12,4),
    "C_CustomerPostingGroup" character varying(30),
    "C_WHTPostingGroup" character varying(30),
    "C_VATPostingGroup" character varying(30),
    "C_StraightComm" bit(1),
    "C_ComputeLC" bit(1),
    "C_ComputeFC" bit(1),
    "CreatedBy" character varying(30),
    "DateCreated" timestamp without time zone,
    "ModifiedBy" character varying(30),
    "DateModified" timestamp without time zone,
    "C_Active" bit(1) DEFAULT B'0'::"bit",
    "C_DueDate" timestamp without time zone,
    "C_Discount" numeric(12,4),
    "C_BankName" character varying(100),
    "C_BankAddress" character varying(100),
    "C_TIN_No" character varying(30),
    "C_BillDate" bit(1),
    "C_DocNo" character varying(30),
    "C_Status" character varying(30),
    "C_Updates" json DEFAULT '[]'::json
);


ALTER TABLE public."tblACC_Customer" OWNER TO postgres;

--
-- Name: tblACC_CustomerPostingGroup; Type: TABLE; Schema: public; Owner: postgres; Tablespace: 
--

CREATE TABLE "tblACC_CustomerPostingGroup" (
    "CPG_Code" character varying(30) NOT NULL,
    "CPG_COA_FK_AccountNo" character varying(30) NOT NULL,
    "CPG_Active" bit(1),
    "CreatedBy" character varying(30),
    "DateCreated" timestamp without time zone,
    "ModifiedBy" character varying(30),
    "DateModified" timestamp without time zone
);


ALTER TABLE public."tblACC_CustomerPostingGroup" OWNER TO postgres;

--
-- Name: tblACC_CustomerType; Type: TABLE; Schema: public; Owner: postgres; Tablespace: 
--

CREATE TABLE "tblACC_CustomerType" (
    "CT_Id" character varying(30) NOT NULL,
    "CT_Description" character varying(100),
    "CT_TinRequired" bit(1),
    "CT_Active" bit(1) DEFAULT B'0'::"bit",
    "CreatedBy" character varying(30),
    "DateCreated" timestamp without time zone,
    "ModifiedBy" character varying(30),
    "DateModified" timestamp without time zone
);


ALTER TABLE public."tblACC_CustomerType" OWNER TO postgres;

--
-- Name: tblACC_DCMDetail; Type: TABLE; Schema: public; Owner: postgres; Tablespace: 
--

CREATE TABLE "tblACC_DCMDetail" (
    "DCMD_FK_DocNo" character varying(30) NOT NULL,
    "DCMD_LineNo" bigint NOT NULL,
    "DCMD_DCMType" character varying(30),
    "DCMD_Description" character varying(100),
    "DCMD_Amount" numeric(12,4),
    "DCMD_CPC" character varying(20),
    "DCMD_Comment" character varying(250),
    "CreatedBy" character varying(20),
    "DateCreated" timestamp without time zone,
    "ModifiedBy" character varying(20),
    "DateModified" timestamp without time zone,
    "DCMD_Location" character varying(30),
    "DCMD_AppliesToDocType" character varying(100),
    "DCMD_AppliesToDocNo" character varying(30)
);


ALTER TABLE public."tblACC_DCMDetail" OWNER TO postgres;

--
-- Name: tblACC_DCMHeader; Type: TABLE; Schema: public; Owner: postgres; Tablespace: 
--

CREATE TABLE "tblACC_DCMHeader" (
    "DCM_DocNo" character varying(30) NOT NULL,
    "DCM_DocDate" timestamp without time zone,
    "DCM_AccountNo" character varying(30),
    "DCM_AccountName" character varying(100),
    "DCM_Remarks" character varying(250),
    "DCM_RefDocNo" character varying(30),
    "DCM_ExtDocNo" character varying(30),
    "DCM_Status" character varying(20),
    "DCM_Amount" numeric(12,4),
    "CreatedBy" character varying(20),
    "DateCreated" timestamp without time zone,
    "ModifiedBy" character varying(20),
    "DateModified" timestamp without time zone,
    "DCM_CustomerID" character varying(30),
    "DCM_CustomerName" character varying(250)
);


ALTER TABLE public."tblACC_DCMHeader" OWNER TO postgres;

--
-- Name: tblACC_ExchangeRate; Type: TABLE; Schema: public; Owner: postgres; Tablespace: 
--

CREATE TABLE "tblACC_ExchangeRate" (
    "ER_DocumentNo" character varying(30) NOT NULL,
    "ER_DocumentDate" timestamp without time zone,
    "ER_BaseCurrencyRate" numeric(12,4),
    "ER_ConvCurrencyRate" numeric(12,4),
    "ER_DocumentStatus" character varying(30) DEFAULT 0,
    "CreatedBy" character varying(30),
    "ModifiedBy" character varying(30),
    "DateCreated" timestamp without time zone,
    "DateModified" timestamp without time zone,
    "ER_Active" bit(1) DEFAULT B'0'::"bit",
    "ER_FK_BaseCurrency_id" bigint,
    "ER_FK_ConvCurrency_id" bigint
);


ALTER TABLE public."tblACC_ExchangeRate" OWNER TO postgres;

--
-- Name: tblACC_FAPostingGroup; Type: TABLE; Schema: public; Owner: postgres; Tablespace: 
--

CREATE TABLE "tblACC_FAPostingGroup" (
    "FAPG_Code" character varying(30) NOT NULL,
    "FAPG_COA_FK_ACANo" character varying(30) NOT NULL,
    "FAPG_COA_FK_ADANo" character varying(30),
    "FAPG_COA_FK_DEANo" character varying(30),
    "FAPG_Active" bit(1),
    "CreatedBy" character varying(30),
    "DateCreated" timestamp without time zone,
    "ModifiedBy" character varying(30),
    "DateModified" timestamp without time zone,
    "FAPG_COA_FK_DEANoS" character varying(30)
);


ALTER TABLE public."tblACC_FAPostingGroup" OWNER TO postgres;

--
-- Name: tblACC_GJDetail; Type: TABLE; Schema: public; Owner: postgres; Tablespace: 
--

CREATE TABLE "tblACC_GJDetail" (
    "GJD_PFK_DocNo" character varying(30) NOT NULL,
    "GJD_LineNo" bigint NOT NULL,
    "GJD_PostingDate" timestamp without time zone,
    "GJD_AccountType" character varying(30),
    "GJD_AccountNo" character varying(30),
    "GJD_AccountName" character varying(100),
    "GJD_Debit" numeric(12,4),
    "GJD_Credit" numeric(12,4),
    "GJD_Amount" numeric(12,4),
    "GJD_AmountLCY" numeric(12,4),
    "GJD_CY" character varying(30),
    "GJD_BalAccountType" character varying(30),
    "GJD_BalAccountNo" character varying(30),
    "GJD_BalAccountName" character varying(100),
    "GJD_CPC" character varying(30),
    "GJD_Comment" character varying(250),
    "CreatedBy" character varying(20),
    "DateCreated" timestamp without time zone,
    "ModifiedBy" character varying(20),
    "DateModified" timestamp without time zone
);


ALTER TABLE public."tblACC_GJDetail" OWNER TO postgres;

--
-- Name: tblACC_GJDetail_GJD_LineNo_Seq; Type: SEQUENCE; Schema: public; Owner: postgres
--

CREATE SEQUENCE "tblACC_GJDetail_GJD_LineNo_Seq"
    START WITH 1
    INCREMENT BY 1
    NO MINVALUE
    NO MAXVALUE
    CACHE 1;


ALTER TABLE public."tblACC_GJDetail_GJD_LineNo_Seq" OWNER TO postgres;

--
-- Name: tblACC_GJDetail_GJD_LineNo_Seq; Type: SEQUENCE OWNED BY; Schema: public; Owner: postgres
--

ALTER SEQUENCE "tblACC_GJDetail_GJD_LineNo_Seq" OWNED BY "tblACC_GJDetail"."GJD_LineNo";


--
-- Name: tblACC_GJHeader; Type: TABLE; Schema: public; Owner: postgres; Tablespace: 
--

CREATE TABLE "tblACC_GJHeader" (
    "GJ_DocNo" character varying(30) NOT NULL,
    "GJ_DocDate" timestamp without time zone,
    "GJ_RefNo" character varying(30),
    "GJ_Remarks" character varying(250),
    "GJ_Status" character varying(20),
    "GJ_Amount" numeric(12,4),
    "GJ_AmountLCy" numeric(12,4),
    "CreatedBy" character varying(20),
    "DateCreated" timestamp without time zone,
    "ModifiedBy" character varying(20),
    "DateModified" timestamp without time zone
);


ALTER TABLE public."tblACC_GJHeader" OWNER TO postgres;

--
-- Name: tblACC_GLEntry; Type: TABLE; Schema: public; Owner: postgres; Tablespace: 
--

CREATE TABLE "tblACC_GLEntry" (
    "GL_EntryNo" bigint NOT NULL,
    "GL_DocType" character varying(30),
    "GL_DocNo" character varying(30),
    "GL_DocDate" timestamp without time zone,
    "GL_AccountType" character varying(30),
    "GL_AccountID" character varying(30),
    "GL_AccountName" character varying(100),
    "GL_Debit" numeric(12,4),
    "GL_Credit" numeric(12,4),
    "GL_Amount" numeric(12,4),
    "GL_CPC" character varying(30),
    "GL_FK_BT_BookID" character varying(20),
    "GL_BalAccountType" character varying(30),
    "GL_BalAccountNo" character varying(30),
    "GL_BalAccountName" character varying(100),
    "GL_Status" character varying(20),
    "GL_PostedBy" character varying(20),
    "GL_DatePosted" timestamp without time zone,
    "GL_DateCreated" timestamp without time zone,
    "GL_Company" character varying(30)
);


ALTER TABLE public."tblACC_GLEntry" OWNER TO postgres;

--
-- Name: tblACC_GLEntry_GL_EntryNo_seq; Type: SEQUENCE; Schema: public; Owner: postgres
--

CREATE SEQUENCE "tblACC_GLEntry_GL_EntryNo_seq"
    START WITH 1
    INCREMENT BY 1
    NO MINVALUE
    NO MAXVALUE
    CACHE 1;


ALTER TABLE public."tblACC_GLEntry_GL_EntryNo_seq" OWNER TO postgres;

--
-- Name: tblACC_GLEntry_GL_EntryNo_seq; Type: SEQUENCE OWNED BY; Schema: public; Owner: postgres
--

ALTER SEQUENCE "tblACC_GLEntry_GL_EntryNo_seq" OWNED BY "tblACC_GLEntry"."GL_EntryNo";


--
-- Name: tblACC_GLSummary; Type: TABLE; Schema: public; Owner: postgres; Tablespace: 
--

CREATE TABLE "tblACC_GLSummary" (
    "GS_Period" character varying(30),
    "GS_FK_COA_AccountNo" character varying(30) NOT NULL,
    "GS_CPC_FK_ID" character varying(30),
    "GS_BS_FK_BookType" character varying(30),
    "GS_Debit" numeric(12,4),
    "GS_Credit" numeric(12,4),
    "GS_Amount" numeric(12,4),
    "GS_Active" bit(1),
    "CreatedBy" character varying(30),
    "DateCreated" time without time zone,
    "Modifiedby" character varying(30),
    "DateModified" timestamp without time zone
);


ALTER TABLE public."tblACC_GLSummary" OWNER TO postgres;

--
-- Name: tblACC_InvPostingGroup; Type: TABLE; Schema: public; Owner: postgres; Tablespace: 
--

CREATE TABLE "tblACC_InvPostingGroup" (
    "IPG_Code" character varying(30) NOT NULL,
    "IPG_COA_FK_AccountNo" character varying(30) NOT NULL,
    "IPG_Active" bit(1),
    "CreatedBy" character varying(30),
    "DateCreated" timestamp without time zone,
    "ModifiedBy" character varying(30),
    "DateModified" timestamp without time zone,
    "IPG_COA_FK_SalesAccountNo" character varying(30)
);


ALTER TABLE public."tblACC_InvPostingGroup" OWNER TO postgres;

--
-- Name: tblACC_PaymentTerms; Type: TABLE; Schema: public; Owner: postgres; Tablespace: 
--

CREATE TABLE "tblACC_PaymentTerms" (
    "PT_Id" character varying(30) NOT NULL,
    "PT_Desc" character varying(100),
    "PT_Days" integer,
    "CreatedBy" character varying(30),
    "DateCreated" timestamp without time zone,
    "ModifiedBy" character varying(30),
    "DateModified" timestamp without time zone,
    "PT_Active" bit(1) DEFAULT B'0'::"bit"
);


ALTER TABLE public."tblACC_PaymentTerms" OWNER TO postgres;

--
-- Name: tblACC_PostingAccountSetup; Type: TABLE; Schema: public; Owner: postgres; Tablespace: 
--

CREATE TABLE "tblACC_PostingAccountSetup" (
    "AS_PKFK_PostingGroup_id" character varying(30) NOT NULL,
    "AS_PKFK_Account_id" character varying(50) NOT NULL,
    "CreatedBy" character varying(30),
    "DateCreated" timestamp without time zone,
    "ModifiedBy" character varying(30),
    "DateModified" timestamp without time zone,
    "AS_Active" bit(1)
);


ALTER TABLE public."tblACC_PostingAccountSetup" OWNER TO postgres;

--
-- Name: tblACC_PostingGroup; Type: TABLE; Schema: public; Owner: postgres; Tablespace: 
--

CREATE TABLE "tblACC_PostingGroup" (
    "PG_Id" character varying(30) NOT NULL,
    "PG_Description" character varying(50),
    "CreatedBy" character varying(30),
    "DateCreated" timestamp without time zone,
    "ModifiedBy" character varying(30),
    "DateModified" timestamp without time zone,
    "PG_Active" bit(1)
);


ALTER TABLE public."tblACC_PostingGroup" OWNER TO postgres;

--
-- Name: tblACC_RFV; Type: TABLE; Schema: public; Owner: postgres; Tablespace: 
--

CREATE TABLE "tblACC_RFV" (
    "RFV_DocNo" character varying(30) NOT NULL,
    "RFV_SourceOfFund" character varying(30),
    "RFV_DocDate" timestamp without time zone,
    "RFV_Requestor" character varying(250),
    "RFV_TransDescription" character varying(250),
    "RFV_AmountRequested" numeric(12,4),
    "RFV_RequestStatus" character varying(30),
    "RFV_AmountReleased" numeric(12,4),
    "RFV_DateReleased" timestamp without time zone,
    "RFV_LiquidationDate" timestamp without time zone,
    "RFV_LiquidationStatus" character varying(30),
    "RFV_LiquidationReceived" timestamp without time zone,
    "RFV_ActualAmountUsed" numeric(12,4),
    "RFV_Excess" numeric(12,4),
    "RFV_Company" character varying(30),
    "RFV_Location" character varying(30),
    "RFV_VAT" numeric(12,4),
    "RFV_NetOfVat" numeric(12,4),
    "CreatedBy" character varying(30),
    "DateCreated" timestamp without time zone,
    "ModifiedBy" character varying(30),
    "DateModified" timestamp without time zone
);


ALTER TABLE public."tblACC_RFV" OWNER TO postgres;

--
-- Name: COLUMN "tblACC_RFV"."RFV_DocNo"; Type: COMMENT; Schema: public; Owner: postgres
--

COMMENT ON COLUMN "tblACC_RFV"."RFV_DocNo" IS 'Serialize- Read Only';


--
-- Name: COLUMN "tblACC_RFV"."RFV_SourceOfFund"; Type: COMMENT; Schema: public; Owner: postgres
--

COMMENT ON COLUMN "tblACC_RFV"."RFV_SourceOfFund" IS 'Fixed Dropdow Data:- Petty Cash Fund- Low Point Fund- Repair Fund- Contiingency Fund';


--
-- Name: COLUMN "tblACC_RFV"."RFV_DocDate"; Type: COMMENT; Schema: public; Owner: postgres
--

COMMENT ON COLUMN "tblACC_RFV"."RFV_DocDate" IS 'Automated: - Display the Systemm Date- Read Only';


--
-- Name: COLUMN "tblACC_RFV"."RFV_Requestor"; Type: COMMENT; Schema: public; Owner: postgres
--

COMMENT ON COLUMN "tblACC_RFV"."RFV_Requestor" IS 'Automated: - Display the Full Name of the Current User- not editable';


--
-- Name: COLUMN "tblACC_RFV"."RFV_TransDescription"; Type: COMMENT; Schema: public; Owner: postgres
--

COMMENT ON COLUMN "tblACC_RFV"."RFV_TransDescription" IS 'User Input- Required Field';


--
-- Name: COLUMN "tblACC_RFV"."RFV_AmountRequested"; Type: COMMENT; Schema: public; Owner: postgres
--

COMMENT ON COLUMN "tblACC_RFV"."RFV_AmountRequested" IS 'User Input- Required Field- Not Editable';


--
-- Name: COLUMN "tblACC_RFV"."RFV_RequestStatus"; Type: COMMENT; Schema: public; Owner: postgres
--

COMMENT ON COLUMN "tblACC_RFV"."RFV_RequestStatus" IS 'Automated: display the status of the Request- Read Only';


--
-- Name: COLUMN "tblACC_RFV"."RFV_AmountReleased"; Type: COMMENT; Schema: public; Owner: postgres
--

COMMENT ON COLUMN "tblACC_RFV"."RFV_AmountReleased" IS 'User Input- this field will be enabled only if the [RFV_RequestStatus] = "Approved"';


--
-- Name: COLUMN "tblACC_RFV"."RFV_DateReleased"; Type: COMMENT; Schema: public; Owner: postgres
--

COMMENT ON COLUMN "tblACC_RFV"."RFV_DateReleased" IS 'User Input- this field will be enabled only if the [RFV_RequestStatus] = "Approved"- Date selection should be >= DocDate';


--
-- Name: COLUMN "tblACC_RFV"."RFV_LiquidationDate"; Type: COMMENT; Schema: public; Owner: postgres
--

COMMENT ON COLUMN "tblACC_RFV"."RFV_LiquidationDate" IS 'Automated- Plus 5 working days from the Date Released- Read Only';


--
-- Name: COLUMN "tblACC_RFV"."RFV_LiquidationStatus"; Type: COMMENT; Schema: public; Owner: postgres
--

COMMENT ON COLUMN "tblACC_RFV"."RFV_LiquidationStatus" IS 'Automated: display the status of the Liquidation';


--
-- Name: COLUMN "tblACC_RFV"."RFV_LiquidationReceived"; Type: COMMENT; Schema: public; Owner: postgres
--

COMMENT ON COLUMN "tblACC_RFV"."RFV_LiquidationReceived" IS 'User Input';


--
-- Name: COLUMN "tblACC_RFV"."RFV_ActualAmountUsed"; Type: COMMENT; Schema: public; Owner: postgres
--

COMMENT ON COLUMN "tblACC_RFV"."RFV_ActualAmountUsed" IS 'Automated- not editable- compute the total of [RFVD_Amount] on every update';


--
-- Name: COLUMN "tblACC_RFV"."RFV_Excess"; Type: COMMENT; Schema: public; Owner: postgres
--

COMMENT ON COLUMN "tblACC_RFV"."RFV_Excess" IS 'Automated- not editable- display the difference of [RFV_AmountReleased] and [RFV_ActualAmountUsed]';


--
-- Name: COLUMN "tblACC_RFV"."RFV_Company"; Type: COMMENT; Schema: public; Owner: postgres
--

COMMENT ON COLUMN "tblACC_RFV"."RFV_Company" IS 'Automated- not editable- update this field on every update on [RFV_Location]';


--
-- Name: COLUMN "tblACC_RFV"."RFV_Location"; Type: COMMENT; Schema: public; Owner: postgres
--

COMMENT ON COLUMN "tblACC_RFV"."RFV_Location" IS 'Automated- display default location of the user- if the user has multiple location, display the other assigned location of the user in dropdown';


--
-- Name: COLUMN "tblACC_RFV"."RFV_VAT"; Type: COMMENT; Schema: public; Owner: postgres
--

COMMENT ON COLUMN "tblACC_RFV"."RFV_VAT" IS 'Automated:- compute the total of [RFVD_VAT]';


--
-- Name: COLUMN "tblACC_RFV"."RFV_NetOfVat"; Type: COMMENT; Schema: public; Owner: postgres
--

COMMENT ON COLUMN "tblACC_RFV"."RFV_NetOfVat" IS 'Automated- compute the total of [RFVD_NetOfVat]';


--
-- Name: tblACC_RFVDChargeTo; Type: TABLE; Schema: public; Owner: postgres; Tablespace: 
--

CREATE TABLE "tblACC_RFVDChargeTo" (
    "RFVDC_Id" integer NOT NULL,
    "RFVDC_FK_LineNo" integer,
    "RFVDC_FK_DocNo" character varying(30),
    "RFVDC_Location" character varying(30),
    "RFVDC_Percentage" numeric(12,4),
    "RFVDC_Amount" numeric(12,4)
);


ALTER TABLE public."tblACC_RFVDChargeTo" OWNER TO postgres;

--
-- Name: tblACC_RFVDChargeTo_RFVDC_Id_seq; Type: SEQUENCE; Schema: public; Owner: postgres
--

CREATE SEQUENCE "tblACC_RFVDChargeTo_RFVDC_Id_seq"
    START WITH 1
    INCREMENT BY 1
    NO MINVALUE
    NO MAXVALUE
    CACHE 1;


ALTER TABLE public."tblACC_RFVDChargeTo_RFVDC_Id_seq" OWNER TO postgres;

--
-- Name: tblACC_RFVDChargeTo_RFVDC_Id_seq; Type: SEQUENCE OWNED BY; Schema: public; Owner: postgres
--

ALTER SEQUENCE "tblACC_RFVDChargeTo_RFVDC_Id_seq" OWNED BY "tblACC_RFVDChargeTo"."RFVDC_Id";


--
-- Name: tblACC_RFVDetail; Type: TABLE; Schema: public; Owner: postgres; Tablespace: 
--

CREATE TABLE "tblACC_RFVDetail" (
    "RFVD_PFK_DocNo" character varying(30) NOT NULL,
    "RFVD_TransDate" timestamp without time zone,
    "RFVD_InvOR" character varying(50),
    "RFVD_Payee" character varying(250),
    "RFVD_Address" character varying(250),
    "RFVD_TinNo" character varying(20),
    "RFVD_Particular" character varying(250),
    "RFVD_Amount" numeric(12,4),
    "RFVD_VAT" numeric(12,4),
    "RFVD_ChargeTo" character varying(250),
    "RFVD_NetOfVat" numeric(12,4),
    "CreatedBy" character varying(20),
    "DateCreated" timestamp without time zone,
    "ModifiedBy" character varying(20),
    "DateModified" timestamp without time zone,
    "RFVD_LineNo" bigint NOT NULL,
    "RFVD_withVAT" boolean DEFAULT false
);


ALTER TABLE public."tblACC_RFVDetail" OWNER TO postgres;

--
-- Name: COLUMN "tblACC_RFVDetail"."RFVD_PFK_DocNo"; Type: COMMENT; Schema: public; Owner: postgres
--

COMMENT ON COLUMN "tblACC_RFVDetail"."RFVD_PFK_DocNo" IS 'Serialize';


--
-- Name: COLUMN "tblACC_RFVDetail"."RFVD_TransDate"; Type: COMMENT; Schema: public; Owner: postgres
--

COMMENT ON COLUMN "tblACC_RFVDetail"."RFVD_TransDate" IS 'User Input';


--
-- Name: COLUMN "tblACC_RFVDetail"."RFVD_InvOR"; Type: COMMENT; Schema: public; Owner: postgres
--

COMMENT ON COLUMN "tblACC_RFVDetail"."RFVD_InvOR" IS 'User Input- Required Field';


--
-- Name: COLUMN "tblACC_RFVDetail"."RFVD_Payee"; Type: COMMENT; Schema: public; Owner: postgres
--

COMMENT ON COLUMN "tblACC_RFVDetail"."RFVD_Payee" IS 'User Input- Required Field';


--
-- Name: COLUMN "tblACC_RFVDetail"."RFVD_Address"; Type: COMMENT; Schema: public; Owner: postgres
--

COMMENT ON COLUMN "tblACC_RFVDetail"."RFVD_Address" IS 'User Input- Required Field';


--
-- Name: COLUMN "tblACC_RFVDetail"."RFVD_TinNo"; Type: COMMENT; Schema: public; Owner: postgres
--

COMMENT ON COLUMN "tblACC_RFVDetail"."RFVD_TinNo" IS 'User Input- 13 digits only (include dash xxx-xxx-xxx-xxxx)';


--
-- Name: COLUMN "tblACC_RFVDetail"."RFVD_Particular"; Type: COMMENT; Schema: public; Owner: postgres
--

COMMENT ON COLUMN "tblACC_RFVDetail"."RFVD_Particular" IS 'User Input- Required Field';


--
-- Name: COLUMN "tblACC_RFVDetail"."RFVD_Amount"; Type: COMMENT; Schema: public; Owner: postgres
--

COMMENT ON COLUMN "tblACC_RFVDetail"."RFVD_Amount" IS 'User Input- Required Field- update the Total of [RFV_ActualAmountUsed] on every update of this field';


--
-- Name: COLUMN "tblACC_RFVDetail"."RFVD_VAT"; Type: COMMENT; Schema: public; Owner: postgres
--

COMMENT ON COLUMN "tblACC_RFVDetail"."RFVD_VAT" IS 'AutomatedIf checkbox = True- [RFVD_VAT] = [RFVD_Amount] / 1.12Else- [RFVD_VAT] = 0- update the Total of [RFV_VAT] on every update of this field';


--
-- Name: COLUMN "tblACC_RFVDetail"."RFVD_ChargeTo"; Type: COMMENT; Schema: public; Owner: postgres
--

COMMENT ON COLUMN "tblACC_RFVDetail"."RFVD_ChargeTo" IS 'Dropdown- display the list of location assigned to the Current User- display the default location of the Current User- allow multiple selection of Location- Required Field';


--
-- Name: COLUMN "tblACC_RFVDetail"."RFVD_NetOfVat"; Type: COMMENT; Schema: public; Owner: postgres
--

COMMENT ON COLUMN "tblACC_RFVDetail"."RFVD_NetOfVat" IS 'Automated:= [RFVD_Amount] - [RFVD_NetOfVat]- update the Total of [RFV_NetOfVat] on every update of this field';


--
-- Name: tblACC_RFVDetail_RFVD_LineNo_seq; Type: SEQUENCE; Schema: public; Owner: postgres
--

CREATE SEQUENCE "tblACC_RFVDetail_RFVD_LineNo_seq"
    START WITH 1
    INCREMENT BY 1
    NO MINVALUE
    NO MAXVALUE
    CACHE 1;


ALTER TABLE public."tblACC_RFVDetail_RFVD_LineNo_seq" OWNER TO postgres;

--
-- Name: tblACC_RFVDetail_RFVD_LineNo_seq; Type: SEQUENCE OWNED BY; Schema: public; Owner: postgres
--

ALTER SEQUENCE "tblACC_RFVDetail_RFVD_LineNo_seq" OWNED BY "tblACC_RFVDetail"."RFVD_LineNo";


--
-- Name: tblACC_RPDetails; Type: TABLE; Schema: public; Owner: postgres; Tablespace: 
--

CREATE TABLE "tblACC_RPDetails" (
    "RPD_PFK_DocNo" character varying(30) NOT NULL,
    "RPD_LineNo" bigint NOT NULL,
    "RPD_ItemType" character varying(30),
    "RPD_ItemNo" character varying(30),
    "RPD_ItemDescription" character varying(250),
    "RPD_Qty" numeric(12,4),
    "RPD_UnitPrice" numeric(12,4),
    "RPD_Amount" numeric(12,4),
    "RPD_AmountLCY" numeric(12,4),
    "RPD_ExchangeRate" numeric(12,4),
    "RPD_RefTo" character varying(30) DEFAULT ''::character varying,
    "RPD_CPC" character varying(30),
    "RPD_Comment" character varying(250),
    "RPD_VAT" character varying(30),
    "RPD_WHT" character varying(30),
    "CreatedBy" character varying(30),
    "DateCreated" timestamp without time zone,
    "ModifiedBy" character varying(30),
    "DateModified" timestamp without time zone,
    "RPD_Status" character varying(30) DEFAULT 'Open'::character varying
);


ALTER TABLE public."tblACC_RPDetails" OWNER TO postgres;

--
-- Name: tblACC_RPHeader; Type: TABLE; Schema: public; Owner: postgres; Tablespace: 
--

CREATE TABLE "tblACC_RPHeader" (
    "RPH_DocNo" character varying(30) NOT NULL,
    "RPH_DocDate" timestamp without time zone,
    "RPH_SupplierID" character varying(30),
    "RPH_SupplierName" character varying(250),
    "RPH_Address" character varying(250),
    "RPH_ExtDocNo" character varying(30),
    "RPH_Remarks" character varying(250),
    "RPH_DateRequired" timestamp without time zone,
    "RPH_Reason" character varying(30),
    "RPH_PaymentTerms" character varying(30),
    "RPH_DueDate" timestamp without time zone,
    "RPH_Status" character varying(20),
    "RPH_RequestedBy" character varying(30),
    "RPH_Company" character varying(30),
    "RPH_Location" character varying(30),
    "RPH_Amount" numeric(12,4),
    "RPH_AmountLCY" numeric(12,4),
    "RPH_AppToRefNo" character varying(30),
    "RPH_AppToAmount" numeric(12,4),
    "CreatedBy" character varying(30),
    "DateCreated" timestamp without time zone,
    "ModifiedBy" character varying(30),
    "DateModified" timestamp without time zone,
    "RPH_Currency" bigint,
    "RPH_Attachment" json,
    "RPH_DateReceived" timestamp without time zone,
    "RPH_AppToDoc" character varying(30)
);


ALTER TABLE public."tblACC_RPHeader" OWNER TO postgres;

--
-- Name: tblACC_SupplierPostingGroup; Type: TABLE; Schema: public; Owner: postgres; Tablespace: 
--

CREATE TABLE "tblACC_SupplierPostingGroup" (
    "SPG_Code" character varying(30) NOT NULL,
    "SPG_COA_FK_AccountNo" character varying(30) NOT NULL,
    "SPG_Active" bit(1),
    "CreatedBy" character varying(30),
    "DateCreated" timestamp without time zone,
    "ModifiedBy" character varying(30),
    "DateModified" timestamp without time zone
);


ALTER TABLE public."tblACC_SupplierPostingGroup" OWNER TO postgres;

--
-- Name: tblACC_Tax; Type: TABLE; Schema: public; Owner: postgres; Tablespace: 
--

CREATE TABLE "tblACC_Tax" (
    "TAX_Id" character varying(30) NOT NULL,
    "TAX_Desc" character varying(100),
    "TAX_Taxable" bit(1),
    "TAX_Rate" numeric(12,4),
    "TAX_Group" bit(1),
    "CreatedBy" character varying(30),
    "DateCreated" timestamp without time zone,
    "ModifiedBy" character varying(30),
    "DateModified" timestamp without time zone,
    "TAX_Active" bit(1) DEFAULT B'0'::"bit"
);


ALTER TABLE public."tblACC_Tax" OWNER TO postgres;

--
-- Name: tblACC_VATBusPostingGroup; Type: TABLE; Schema: public; Owner: postgres; Tablespace: 
--

CREATE TABLE "tblACC_VATBusPostingGroup" (
    "VBPG_Code" character varying(30) NOT NULL,
    "VBPG_Description" character varying(100),
    "VBPG_Active" bit(1),
    "CreatedBy" character varying(30),
    "DateCreated" timestamp without time zone,
    "ModifiedBy" character varying(30),
    "DateModified" timestamp without time zone
);


ALTER TABLE public."tblACC_VATBusPostingGroup" OWNER TO postgres;

--
-- Name: tblACC_VATPostingSetup; Type: TABLE; Schema: public; Owner: postgres; Tablespace: 
--

CREATE TABLE "tblACC_VATPostingSetup" (
    "VPS_VBPG_FK_Code" character varying(30) NOT NULL,
    "VPS_VPPG_FK_Code" character varying(30) NOT NULL,
    "VPS_Vat" numeric(12,4),
    "VPS_COA_FK_SalesAccountNo" character varying(30),
    "VPS_COA_FK_PurchaseAccountNo" character varying(30),
    "VPS_Active" bit(1),
    "CreatedBy" character varying(30),
    "ModifiedBy" character varying(30),
    "DateModified" timestamp without time zone,
    "DateCreated" timestamp without time zone
);


ALTER TABLE public."tblACC_VATPostingSetup" OWNER TO postgres;

--
-- Name: tblACC_VATProdPostingGroup; Type: TABLE; Schema: public; Owner: postgres; Tablespace: 
--

CREATE TABLE "tblACC_VATProdPostingGroup" (
    "VPPG_Code" character varying(30) NOT NULL,
    "VPPG_Description" character varying(100),
    "VPPG_Active" bit(1),
    "CreatedBy" character varying(30),
    "DateCreated" timestamp without time zone,
    "ModifiedBy" character varying(30),
    "DateModified" timestamp without time zone
);


ALTER TABLE public."tblACC_VATProdPostingGroup" OWNER TO postgres;

--
-- Name: tblACC_WHTBusPostingGroup; Type: TABLE; Schema: public; Owner: postgres; Tablespace: 
--

CREATE TABLE "tblACC_WHTBusPostingGroup" (
    "WBPG_Code" character varying(30) NOT NULL,
    "WBPG_Description" character varying(100),
    "WBPG_Active" bit(1),
    "CreatedBy" character varying(30),
    "ModifiedBy" character varying(30),
    "DateModified" timestamp without time zone,
    "DateCreated" timestamp without time zone
);


ALTER TABLE public."tblACC_WHTBusPostingGroup" OWNER TO postgres;

--
-- Name: tblACC_WHTPostingGroupSetup; Type: TABLE; Schema: public; Owner: postgres; Tablespace: 
--

CREATE TABLE "tblACC_WHTPostingGroupSetup" (
    "WPS_WBPG_FK_Code" character varying(30) NOT NULL,
    "WPS_WPPG_FK_Code" character varying(30) NOT NULL,
    "WPS_WHT" numeric(12,4),
    "WPS_COA_FK_PayableAccountNo" character varying(30),
    "WPS_COA_FK_WHTRecAccountNo" character varying(100),
    "WPS_Active" bit(1),
    "CreatedBy" character varying(30),
    "DateCreated" timestamp without time zone,
    "ModifiedBy" character varying(30),
    "DateModified" timestamp without time zone
);


ALTER TABLE public."tblACC_WHTPostingGroupSetup" OWNER TO postgres;

--
-- Name: tblACC_WHTProdPostingGroup; Type: TABLE; Schema: public; Owner: postgres; Tablespace: 
--

CREATE TABLE "tblACC_WHTProdPostingGroup" (
    "WPPG_Code" character varying(30) NOT NULL,
    "WPPG_Description" character varying(100),
    "WPPG_Active" bit(1),
    "CreatedBy" character varying(30),
    "DateCreated" timestamp without time zone,
    "ModifiedBy" character varying(30),
    "DateModified" timestamp without time zone
);


ALTER TABLE public."tblACC_WHTProdPostingGroup" OWNER TO postgres;

--
-- Name: tblCOM_ApprovalSetup; Type: TABLE; Schema: public; Owner: postgres; Tablespace: 
--

CREATE TABLE "tblCOM_ApprovalSetup" (
    "AS_FK_NS_id" character varying(30) NOT NULL,
    "AS_FK_Position_id" character varying(30) NOT NULL,
    "AS_Sequence" integer NOT NULL,
    "AS_Unlimited" bit(1),
    "AS_Amount" numeric(12,4),
    "CreatedBy" character varying(30),
    "DateCreated" timestamp without time zone,
    "ModifiedBy" character varying(30),
    "DateModified" timestamp without time zone,
    "AS_Required" bit(1)
);


ALTER TABLE public."tblCOM_ApprovalSetup" OWNER TO postgres;

--
-- Name: tblCOM_Attribute; Type: TABLE; Schema: public; Owner: postgres; Tablespace: 
--

CREATE TABLE "tblCOM_Attribute" (
    "A_Code" character varying(30) NOT NULL,
    "A_Desc" character varying(50) NOT NULL,
    "A_FK_Module_id" integer NOT NULL
);


ALTER TABLE public."tblCOM_Attribute" OWNER TO postgres;

--
-- Name: tblCOM_AttributeDetail; Type: TABLE; Schema: public; Owner: postgres; Tablespace: 
--

CREATE TABLE "tblCOM_AttributeDetail" (
    "AD_FK_Code" character varying(30) NOT NULL,
    "AD_Code" character varying(30) NOT NULL,
    "AD_Desc" character varying(50),
    "CreatedBy" character varying(30),
    "DateCreated" timestamp without time zone,
    "ModifiedBy" character varying(30),
    "DateModified" timestamp without time zone,
    "AD_Active" bit(1) DEFAULT B'0'::"bit",
    "AD_Id" bigint NOT NULL
);


ALTER TABLE public."tblCOM_AttributeDetail" OWNER TO postgres;

--
-- Name: tblCOM_AttributeDetail_AD_Id_seq; Type: SEQUENCE; Schema: public; Owner: postgres
--

CREATE SEQUENCE "tblCOM_AttributeDetail_AD_Id_seq"
    START WITH 1
    INCREMENT BY 1
    NO MINVALUE
    NO MAXVALUE
    CACHE 1;


ALTER TABLE public."tblCOM_AttributeDetail_AD_Id_seq" OWNER TO postgres;

--
-- Name: tblCOM_AttributeDetail_AD_Id_seq; Type: SEQUENCE OWNED BY; Schema: public; Owner: postgres
--

ALTER SEQUENCE "tblCOM_AttributeDetail_AD_Id_seq" OWNED BY "tblCOM_AttributeDetail"."AD_Id";


--
-- Name: tblCOM_BuyerClass; Type: TABLE; Schema: public; Owner: postgres; Tablespace: 
--

CREATE TABLE "tblCOM_BuyerClass" (
    "B_Id" character varying(30) NOT NULL,
    "B_Description" character varying(100),
    "B_Active" bit(1) DEFAULT B'0'::"bit",
    "CreatedBy" character varying(30),
    "DateCreated" timestamp without time zone,
    "ModifiedBy" character varying(30),
    "DateModified" timestamp without time zone
);


ALTER TABLE public."tblCOM_BuyerClass" OWNER TO postgres;

--
-- Name: tblCOM_BuyerSetup; Type: TABLE; Schema: public; Owner: postgres; Tablespace: 
--

CREATE TABLE "tblCOM_BuyerSetup" (
    "BS_FK_BuyerClass_id" character varying(30) NOT NULL,
    "BS_FK_User_id" character varying(30) NOT NULL
);


ALTER TABLE public."tblCOM_BuyerSetup" OWNER TO postgres;

--
-- Name: tblCOM_CA; Type: TABLE; Schema: public; Owner: postgres; Tablespace: 
--

CREATE TABLE "tblCOM_CA" (
    "CA_DocNo" character varying(30) NOT NULL,
    "CA_DocDate" timestamp without time zone,
    "CA_EmployeeName" character varying(250),
    "CA_SupplierID" character varying(30),
    "CA_Purpose" character varying(250),
    "CA_Remarks" text,
    "CA_DateFrom" timestamp without time zone,
    "CA_DateTo" timestamp without time zone,
    "CA_Amount" numeric(12,4),
    "CA_RequestStatus" character varying(30),
    "CA_LiquidationStatus" character varying(30),
    "CA_Company" character varying(30),
    "CA_Location" character varying(30),
    "CreatedBy" character varying(20),
    "DateCreated" timestamp without time zone,
    "ModifiedBy" character varying(20),
    "DateModified" timestamp without time zone,
    "CA_LiquidationAmount" numeric(12,4),
    "CA_ATDNo" character varying(30)
);


ALTER TABLE public."tblCOM_CA" OWNER TO postgres;

--
-- Name: COLUMN "tblCOM_CA"."CA_DocNo"; Type: COMMENT; Schema: public; Owner: postgres
--

COMMENT ON COLUMN "tblCOM_CA"."CA_DocNo" IS 'Automated- Seriali';


--
-- Name: COLUMN "tblCOM_CA"."CA_DocDate"; Type: COMMENT; Schema: public; Owner: postgres
--

COMMENT ON COLUMN "tblCOM_CA"."CA_DocDate" IS 'Automated- display the system date';


--
-- Name: COLUMN "tblCOM_CA"."CA_EmployeeName"; Type: COMMENT; Schema: public; Owner: postgres
--

COMMENT ON COLUMN "tblCOM_CA"."CA_EmployeeName" IS 'Automated- display the name of the current us';


--
-- Name: COLUMN "tblCOM_CA"."CA_SupplierID"; Type: COMMENT; Schema: public; Owner: postgres
--

COMMENT ON COLUMN "tblCOM_CA"."CA_SupplierID" IS 'Automated- hidden field- display the Supplier ID associated in the Employee';


--
-- Name: COLUMN "tblCOM_CA"."CA_Purpose"; Type: COMMENT; Schema: public; Owner: postgres
--

COMMENT ON COLUMN "tblCOM_CA"."CA_Purpose" IS 'Lookup- display the list of purpose associated in the Cash Advance module [tblCOM_Reason], [tblCOM_ReasonModule]';


--
-- Name: COLUMN "tblCOM_CA"."CA_Remarks"; Type: COMMENT; Schema: public; Owner: postgres
--

COMMENT ON COLUMN "tblCOM_CA"."CA_Remarks" IS 'User Input';


--
-- Name: COLUMN "tblCOM_CA"."CA_DateFrom"; Type: COMMENT; Schema: public; Owner: postgres
--

COMMENT ON COLUMN "tblCOM_CA"."CA_DateFrom" IS 'DateTimePicker- user can only select 1 day plus the document ';


--
-- Name: COLUMN "tblCOM_CA"."CA_DateTo"; Type: COMMENT; Schema: public; Owner: postgres
--

COMMENT ON COLUMN "tblCOM_CA"."CA_DateTo" IS 'DateTimePicker';


--
-- Name: COLUMN "tblCOM_CA"."CA_Amount"; Type: COMMENT; Schema: public; Owner: postgres
--

COMMENT ON COLUMN "tblCOM_CA"."CA_Amount" IS 'Automated- this field will display the total of [CAD_Total]';


--
-- Name: COLUMN "tblCOM_CA"."CA_RequestStatus"; Type: COMMENT; Schema: public; Owner: postgres
--

COMMENT ON COLUMN "tblCOM_CA"."CA_RequestStatus" IS 'Automated- this will dispay the status of Cash Advance Reque';


--
-- Name: COLUMN "tblCOM_CA"."CA_LiquidationStatus"; Type: COMMENT; Schema: public; Owner: postgres
--

COMMENT ON COLUMN "tblCOM_CA"."CA_LiquidationStatus" IS 'Automated- this will display the status of the CA Liquidation';


--
-- Name: COLUMN "tblCOM_CA"."CA_Company"; Type: COMMENT; Schema: public; Owner: postgres
--

COMMENT ON COLUMN "tblCOM_CA"."CA_Company" IS 'Automated- this field will display the associated company of the selected location- user can select other company';


--
-- Name: COLUMN "tblCOM_CA"."CA_Location"; Type: COMMENT; Schema: public; Owner: postgres
--

COMMENT ON COLUMN "tblCOM_CA"."CA_Location" IS 'Automated- this will display the default location of the current user- allow user to select from the dropdown if the user has multiple locations';


--
-- Name: tblCOM_CADetail; Type: TABLE; Schema: public; Owner: postgres; Tablespace: 
--

CREATE TABLE "tblCOM_CADetail" (
    "CAD_CA_DocNo" character varying(30) NOT NULL,
    "CAD_LineNo" bigint NOT NULL,
    "CAD_Particular" character varying(250),
    "CAD_Qty" numeric(12,4),
    "CAD_Amount" numeric(12,4),
    "CAD_Total" numeric(12,4),
    "CreatedBy" character varying(20),
    "DateCreated" timestamp without time zone,
    "ModifiedBy" character varying(20),
    "DateModified" timestamp without time zone
);


ALTER TABLE public."tblCOM_CADetail" OWNER TO postgres;

--
-- Name: COLUMN "tblCOM_CADetail"."CAD_CA_DocNo"; Type: COMMENT; Schema: public; Owner: postgres
--

COMMENT ON COLUMN "tblCOM_CADetail"."CAD_CA_DocNo" IS 'Automated- hidden field- copy the Doc No of the Header';


--
-- Name: COLUMN "tblCOM_CADetail"."CAD_LineNo"; Type: COMMENT; Schema: public; Owner: postgres
--

COMMENT ON COLUMN "tblCOM_CADetail"."CAD_LineNo" IS 'Automated- hidden field- seriallize';


--
-- Name: COLUMN "tblCOM_CADetail"."CAD_Particular"; Type: COMMENT; Schema: public; Owner: postgres
--

COMMENT ON COLUMN "tblCOM_CADetail"."CAD_Particular" IS 'User Input';


--
-- Name: COLUMN "tblCOM_CADetail"."CAD_Qty"; Type: COMMENT; Schema: public; Owner: postgres
--

COMMENT ON COLUMN "tblCOM_CADetail"."CAD_Qty" IS 'User Input';


--
-- Name: COLUMN "tblCOM_CADetail"."CAD_Amount"; Type: COMMENT; Schema: public; Owner: postgres
--

COMMENT ON COLUMN "tblCOM_CADetail"."CAD_Amount" IS 'User Input';


--
-- Name: COLUMN "tblCOM_CADetail"."CAD_Total"; Type: COMMENT; Schema: public; Owner: postgres
--

COMMENT ON COLUMN "tblCOM_CADetail"."CAD_Total" IS 'Automated- Read Only- = [CAD_Qty] * [CAD_Amount]';


--
-- Name: tblCOM_CADetail_CAD_LineNo_seq; Type: SEQUENCE; Schema: public; Owner: postgres
--

CREATE SEQUENCE "tblCOM_CADetail_CAD_LineNo_seq"
    START WITH 1
    INCREMENT BY 1
    NO MINVALUE
    NO MAXVALUE
    CACHE 1;


ALTER TABLE public."tblCOM_CADetail_CAD_LineNo_seq" OWNER TO postgres;

--
-- Name: tblCOM_CADetail_CAD_LineNo_seq; Type: SEQUENCE OWNED BY; Schema: public; Owner: postgres
--

ALTER SEQUENCE "tblCOM_CADetail_CAD_LineNo_seq" OWNED BY "tblCOM_CADetail"."CAD_LineNo";


--
-- Name: tblCOM_CALiquidation; Type: TABLE; Schema: public; Owner: postgres; Tablespace: 
--

CREATE TABLE "tblCOM_CALiquidation" (
    "CAL_CA_DocNo" character varying(30) NOT NULL,
    "CAL_LineNo" bigint NOT NULL,
    "CAL_LiquidationDate" timestamp without time zone,
    "CAL_InvOR" character varying(30),
    "CAL_Payee" character varying(250),
    "CAL_Address" character varying(250),
    "CAL_TinNo" character varying(20),
    "CAL_withVAT" bit(1),
    "CAL_Particular" character varying(250),
    "CAL_Amount" numeric(12,4),
    "CAL_VAT" numeric(12,4),
    "CAL_NetOfVAT" numeric(12,4),
    "CAL_ChargeTo" character varying(250),
    "CAL_Remarks" text,
    "CreatedBy" character varying(20),
    "DateCreated" timestamp without time zone,
    "ModifiedBy" character varying(20),
    "DateModified" timestamp without time zone
);


ALTER TABLE public."tblCOM_CALiquidation" OWNER TO postgres;

--
-- Name: COLUMN "tblCOM_CALiquidation"."CAL_CA_DocNo"; Type: COMMENT; Schema: public; Owner: postgres
--

COMMENT ON COLUMN "tblCOM_CALiquidation"."CAL_CA_DocNo" IS 'Automated- hidden field- copy teh doc no of the header';


--
-- Name: COLUMN "tblCOM_CALiquidation"."CAL_LineNo"; Type: COMMENT; Schema: public; Owner: postgres
--

COMMENT ON COLUMN "tblCOM_CALiquidation"."CAL_LineNo" IS 'Automated- serialize';


--
-- Name: COLUMN "tblCOM_CALiquidation"."CAL_LiquidationDate"; Type: COMMENT; Schema: public; Owner: postgres
--

COMMENT ON COLUMN "tblCOM_CALiquidation"."CAL_LiquidationDate" IS 'User Input';


--
-- Name: COLUMN "tblCOM_CALiquidation"."CAL_InvOR"; Type: COMMENT; Schema: public; Owner: postgres
--

COMMENT ON COLUMN "tblCOM_CALiquidation"."CAL_InvOR" IS 'User Input';


--
-- Name: COLUMN "tblCOM_CALiquidation"."CAL_Payee"; Type: COMMENT; Schema: public; Owner: postgres
--

COMMENT ON COLUMN "tblCOM_CALiquidation"."CAL_Payee" IS 'User Input';


--
-- Name: COLUMN "tblCOM_CALiquidation"."CAL_Address"; Type: COMMENT; Schema: public; Owner: postgres
--

COMMENT ON COLUMN "tblCOM_CALiquidation"."CAL_Address" IS 'User Input';


--
-- Name: COLUMN "tblCOM_CALiquidation"."CAL_TinNo"; Type: COMMENT; Schema: public; Owner: postgres
--

COMMENT ON COLUMN "tblCOM_CALiquidation"."CAL_TinNo" IS 'User Input';


--
-- Name: COLUMN "tblCOM_CALiquidation"."CAL_withVAT"; Type: COMMENT; Schema: public; Owner: postgres
--

COMMENT ON COLUMN "tblCOM_CALiquidation"."CAL_withVAT" IS 'Checkbox';


--
-- Name: COLUMN "tblCOM_CALiquidation"."CAL_Particular"; Type: COMMENT; Schema: public; Owner: postgres
--

COMMENT ON COLUMN "tblCOM_CALiquidation"."CAL_Particular" IS 'Dropdown- will create setup for this';


--
-- Name: COLUMN "tblCOM_CALiquidation"."CAL_Amount"; Type: COMMENT; Schema: public; Owner: postgres
--

COMMENT ON COLUMN "tblCOM_CALiquidation"."CAL_Amount" IS 'User Input';


--
-- Name: COLUMN "tblCOM_CALiquidation"."CAL_VAT"; Type: COMMENT; Schema: public; Owner: postgres
--

COMMENT ON COLUMN "tblCOM_CALiquidation"."CAL_VAT" IS 'Automated- Read Only- if [CAL_VAT] = true, compute VAT, else, 0';


--
-- Name: COLUMN "tblCOM_CALiquidation"."CAL_NetOfVAT"; Type: COMMENT; Schema: public; Owner: postgres
--

COMMENT ON COLUMN "tblCOM_CALiquidation"."CAL_NetOfVAT" IS 'Automated- Read Only- If [CAL_VAT] = true, compute the Net of VAT, else copy the value of [CAL_Amount]';


--
-- Name: COLUMN "tblCOM_CALiquidation"."CAL_ChargeTo"; Type: COMMENT; Schema: public; Owner: postgres
--

COMMENT ON COLUMN "tblCOM_CALiquidation"."CAL_ChargeTo" IS 'Dropdown- allow user to select multiple location';


--
-- Name: COLUMN "tblCOM_CALiquidation"."CAL_Remarks"; Type: COMMENT; Schema: public; Owner: postgres
--

COMMENT ON COLUMN "tblCOM_CALiquidation"."CAL_Remarks" IS 'User Input';


--
-- Name: tblCOM_CALiquidation_CAL_LineNo_seq; Type: SEQUENCE; Schema: public; Owner: postgres
--

CREATE SEQUENCE "tblCOM_CALiquidation_CAL_LineNo_seq"
    START WITH 1
    INCREMENT BY 1
    NO MINVALUE
    NO MAXVALUE
    CACHE 1;


ALTER TABLE public."tblCOM_CALiquidation_CAL_LineNo_seq" OWNER TO postgres;

--
-- Name: tblCOM_CALiquidation_CAL_LineNo_seq; Type: SEQUENCE OWNED BY; Schema: public; Owner: postgres
--

ALTER SEQUENCE "tblCOM_CALiquidation_CAL_LineNo_seq" OWNED BY "tblCOM_CALiquidation"."CAL_LineNo";


--
-- Name: tblCOM_CPCenter; Type: TABLE; Schema: public; Owner: postgres; Tablespace: 
--

CREATE TABLE "tblCOM_CPCenter" (
    "CPC_Id" character varying(30) NOT NULL,
    "CPC_Desc" character varying(200),
    "CPC_FK_Class" character varying(30),
    "CreatedBy" character varying(30),
    "DateCreated" timestamp without time zone,
    "ModifiedBy" character varying(30),
    "DateModified" timestamp without time zone,
    "CPC_Active" bit(1) DEFAULT B'0'::"bit",
    "CPC_DocNo" character varying(30)
);


ALTER TABLE public."tblCOM_CPCenter" OWNER TO postgres;

--
-- Name: tblCOM_Company; Type: TABLE; Schema: public; Owner: postgres; Tablespace: 
--

CREATE TABLE "tblCOM_Company" (
    "COM_Id" character varying(30) NOT NULL,
    "COM_Name" character varying(100),
    "COM_Address" character varying(200),
    "COM_PhoneNo" character varying(30),
    "COM_FaxNum" character varying(30),
    "COM_BusinessType" character varying(50),
    "COM_Tin" character varying(30),
    "COM_FY_Start" timestamp without time zone,
    "COM_FY_End" timestamp without time zone,
    "COM_PhilhealthNo" character varying(30),
    "COM_PagibigNo" character varying(30),
    "COM_Email" character varying(50),
    "COM_Website" character varying(50),
    "COM_InitEndYear" bit(1),
    "COM_Pay_TaxDeduct" bit(1),
    "COM_PAY_SSSDeduct" bit(1),
    "COM_PAY_PagibigDeduct" bit(1),
    "COM_PAY_PhilhealthDeduct" bit(1),
    "COM_PAY_PreparedBy" character varying(30),
    "COM_PAY_ApprovedBy" character varying(30),
    "COM_PAY_BankAccount" character varying(30),
    "COM_PAY_WorkDays" integer,
    "COM_COM_CompanyDB" character varying(50),
    "COM_COM_CompanyUserId" character varying(30),
    "COM_COM_CompanyPassword" character varying(30),
    "CreatedBy" character varying(30),
    "DateCreated" timestamp without time zone,
    "ModifiedBy" character varying(30),
    "DateModified" timestamp without time zone,
    "COM_Active" bit(1) DEFAULT B'0'::"bit",
    "COM_SSSNo" character varying(30),
    "COM_Currency" bigint,
    "COM_DocNo" character varying(30),
    "COM_Status" character varying(30),
    "COM_Updates" json DEFAULT '[]'::json,
    "COM_LockDate" date
);


ALTER TABLE public."tblCOM_Company" OWNER TO postgres;

--
-- Name: tblCOM_CompanyAccess; Type: TABLE; Schema: public; Owner: postgres; Tablespace: 
--

CREATE TABLE "tblCOM_CompanyAccess" (
    "CA_FK_User_id" character varying(30) NOT NULL,
    "CA_FK_Location_id" character varying(30) NOT NULL,
    "CreatedBy" character varying(30),
    "DateCreated" timestamp without time zone,
    "ModifiedBy" character varying(30),
    "DateModified" timestamp without time zone,
    "CA_Active" bit(1),
    "CA_DefaultLocation" bit(1)
);


ALTER TABLE public."tblCOM_CompanyAccess" OWNER TO postgres;

--
-- Name: tblCOM_CustomerLedger; Type: TABLE; Schema: public; Owner: postgres; Tablespace: 
--

CREATE TABLE "tblCOM_CustomerLedger" (
    "CL_EntryNo" bigint NOT NULL,
    "CL_DocType" character varying(30),
    "CL_DocDate" timestamp without time zone,
    "CL_DocNo" character varying(30),
    "CL_DocAmount" numeric(12,4),
    "CL_CustomerID" character varying(30),
    "CL_CustomerName" character varying(250),
    "CL_ExtDocNo" character varying(30),
    "CL_CustomerPostingGroup" character varying(30),
    "CL_PaymentTerms" character varying(30),
    "CL_DueDate" timestamp without time zone,
    "CL_Company" character varying(30),
    "CL_CPC" character varying(30),
    "CL_BalAccountType" character varying(30),
    "CL_BalAccountNo" character varying(30),
    "CL_BalAccountName" character varying(30),
    "CL_AppliesToDocType" character varying(30),
    "CL_AppliesToDocNo" character varying(30),
    "CL_AppliesToDocDate" timestamp without time zone,
    "CL_AppliesToID" character varying(30),
    "CL_AppliedAmount" numeric(12,4),
    "CL_VATAmount" numeric(12,4),
    "CL_WHTAmount" numeric(12,4),
    "CL_RemAmount" numeric(12,4),
    "CL_Status" character varying(20),
    "CL_PostedBy" character varying(20),
    "CL_DatePosted" timestamp without time zone
);


ALTER TABLE public."tblCOM_CustomerLedger" OWNER TO postgres;

--
-- Name: tblCOM_CustomerLedger_CL_EntryNo_seq; Type: SEQUENCE; Schema: public; Owner: postgres
--

CREATE SEQUENCE "tblCOM_CustomerLedger_CL_EntryNo_seq"
    START WITH 1
    INCREMENT BY 1
    NO MINVALUE
    NO MAXVALUE
    CACHE 1;


ALTER TABLE public."tblCOM_CustomerLedger_CL_EntryNo_seq" OWNER TO postgres;

--
-- Name: tblCOM_CustomerLedger_CL_EntryNo_seq; Type: SEQUENCE OWNED BY; Schema: public; Owner: postgres
--

ALTER SEQUENCE "tblCOM_CustomerLedger_CL_EntryNo_seq" OWNED BY "tblCOM_CustomerLedger"."CL_EntryNo";


--
-- Name: tblCOM_DepartmentClass; Type: TABLE; Schema: public; Owner: postgres; Tablespace: 
--

CREATE TABLE "tblCOM_DepartmentClass" (
    "DEP_Id" character varying(30) NOT NULL,
    "DEP_Description" character varying(100),
    "DEP_Active" bit(1),
    "CreatedBy" character varying(30),
    "DateCreated" timestamp without time zone,
    "ModifiedBy" character varying(30),
    "DateModified" timestamp without time zone
);


ALTER TABLE public."tblCOM_DepartmentClass" OWNER TO postgres;

--
-- Name: tblCOM_DepartmentSetup; Type: TABLE; Schema: public; Owner: postgres; Tablespace: 
--

CREATE TABLE "tblCOM_DepartmentSetup" (
    "DS_FK_Department_id" character varying(30) NOT NULL,
    "DS_FK_Position_id" character varying(30) NOT NULL
);


ALTER TABLE public."tblCOM_DepartmentSetup" OWNER TO postgres;

--
-- Name: tblCOM_DocTracking; Type: TABLE; Schema: public; Owner: postgres; Tablespace: 
--

CREATE TABLE "tblCOM_DocTracking" (
    "DT_FK_NSCode" character varying(30) NOT NULL,
    "DT_DocNo" character varying(30) NOT NULL,
    "DT_DocDate" timestamp without time zone NOT NULL,
    "DT_Sender" character varying(30) NOT NULL,
    "DT_Approver" character varying(30) NOT NULL,
    "DT_Status" character varying(30) NOT NULL,
    "DT_DocType" character varying(30),
    "DT_Location" character varying(30),
    "DT_EntryDate" timestamp without time zone,
    "DT_ApprovedBy" character varying(30),
    "DT_DateApproved" timestamp without time zone,
    "DT_EntryNo" bigint NOT NULL,
    "DT_Unlimited" bit(1),
    "DT_TargetURL" character varying(250),
    "DT_Required" bit(1),
    "DT_Amount" numeric(12,4),
    "DT_Remarks" character varying(250),
    "DT_Viewed" bit(1) DEFAULT B'0'::"bit"
);


ALTER TABLE public."tblCOM_DocTracking" OWNER TO postgres;

--
-- Name: tblCOM_DocTracking_DT_EntryNo_seq; Type: SEQUENCE; Schema: public; Owner: postgres
--

CREATE SEQUENCE "tblCOM_DocTracking_DT_EntryNo_seq"
    START WITH 1
    INCREMENT BY 1
    NO MINVALUE
    NO MAXVALUE
    CACHE 1;


ALTER TABLE public."tblCOM_DocTracking_DT_EntryNo_seq" OWNER TO postgres;

--
-- Name: tblCOM_DocTracking_DT_EntryNo_seq; Type: SEQUENCE OWNED BY; Schema: public; Owner: postgres
--

ALTER SEQUENCE "tblCOM_DocTracking_DT_EntryNo_seq" OWNED BY "tblCOM_DocTracking"."DT_EntryNo";


--
-- Name: tblCOM_Function; Type: TABLE; Schema: public; Owner: postgres; Tablespace: 
--

CREATE TABLE "tblCOM_Function" (
    "F_Function_id" integer DEFAULT nextval('function_a_seq'::regclass) NOT NULL,
    "F_FunctionName" text,
    "F_FK_Module_id" integer,
    "F_Order_id" integer,
    "F_Trigger" text,
    "F_Inside" bit(1),
    "F_Outside" bit(1)
);


ALTER TABLE public."tblCOM_Function" OWNER TO postgres;

--
-- Name: tblCOM_Module; Type: TABLE; Schema: public; Owner: postgres; Tablespace: 
--

CREATE TABLE "tblCOM_Module" (
    "M_Description" text NOT NULL,
    "M_Parent" integer NOT NULL,
    "M_Trigger" text,
    "M_Module_id" bigint NOT NULL,
    "M_Level" integer,
    "M_Icon" text,
    "M_Active" bit(1),
    "M_Replicate" bit(1),
    "M_Header" bit(1),
    "M_WithApproval" bit(1),
    "M_Sequence" integer
);


ALTER TABLE public."tblCOM_Module" OWNER TO postgres;

--
-- Name: tblCOM_Module_m_moduleid_seq; Type: SEQUENCE; Schema: public; Owner: postgres
--

CREATE SEQUENCE "tblCOM_Module_m_moduleid_seq"
    START WITH 1
    INCREMENT BY 1
    NO MINVALUE
    NO MAXVALUE
    CACHE 1;


ALTER TABLE public."tblCOM_Module_m_moduleid_seq" OWNER TO postgres;

--
-- Name: tblCOM_Module_m_moduleid_seq; Type: SEQUENCE OWNED BY; Schema: public; Owner: postgres
--

ALTER SEQUENCE "tblCOM_Module_m_moduleid_seq" OWNED BY "tblCOM_Module"."M_Module_id";


--
-- Name: tblCOM_NSLocation; Type: TABLE; Schema: public; Owner: postgres; Tablespace: 
--

CREATE TABLE "tblCOM_NSLocation" (
    "NSL_FK_NS_id" character varying(30),
    "NSL_FK_Location_id" character varying(30)
);


ALTER TABLE public."tblCOM_NSLocation" OWNER TO postgres;

--
-- Name: tblCOM_NoSeries; Type: TABLE; Schema: public; Owner: postgres; Tablespace: 
--

CREATE TABLE "tblCOM_NoSeries" (
    "NS_Id" character varying(30) NOT NULL,
    "NS_Description" character varying(200),
    "NS_FK_Module_id" integer,
    "NS_StartNo" integer,
    "NS_LastNoUsed" integer,
    "NS_LastDateUsed" timestamp without time zone,
    "CreatedBy" character varying(30),
    "ModifiedBy" character varying(30),
    "DateCreated" timestamp without time zone,
    "DateModified" timestamp without time zone,
    "NS_EndingNo" integer,
    "NS_Location" character varying(30)
);


ALTER TABLE public."tblCOM_NoSeries" OWNER TO postgres;

--
-- Name: tblCOM_PO; Type: TABLE; Schema: public; Owner: postgres; Tablespace: 
--

CREATE TABLE "tblCOM_PO" (
    "PO_DocNo" character varying(30) NOT NULL,
    "PO_DocDate" timestamp without time zone,
    "PO_SupplierName" character varying(100),
    "PO_SupplierID" character varying(20),
    "PO_SupplierAddress" character varying(200),
    "PO_ShipmentNo" character varying(50),
    "PO_ShipTo" character varying(30),
    "PO_ShipToAddress" character varying(250),
    "PO_Remarks" text,
    "PO_Terms" character varying(30),
    "PO_DueDate" timestamp without time zone,
    "PO_ExpectedDeliveryDate" timestamp without time zone,
    "PO_ValidityDate" timestamp without time zone,
    "PO_Status" character varying(20),
    "PO_Company" character varying(30),
    "PO_SupplierPostingGroup" character varying(30),
    "PO_VATPostingGroup" character varying(30),
    "PO_WHTPostingGroup" character varying(30),
    "PO_Buyer" character varying(30),
    "PO_Currency" integer,
    "PO_Amount" numeric(12,4),
    "CreatedBy" character varying(20),
    "DateCreated" timestamp without time zone,
    "ModifiedBy" character varying(20),
    "DateModified" timestamp without time zone,
    "PO_DateSent" timestamp without time zone,
    "PO_SupplierInvoice" character varying(30)
);


ALTER TABLE public."tblCOM_PO" OWNER TO postgres;

--
-- Name: tblCOM_PODetail; Type: TABLE; Schema: public; Owner: postgres; Tablespace: 
--

CREATE TABLE "tblCOM_PODetail" (
    "POD_PO_DocNo" character varying(30) NOT NULL,
    "POD_ItemType" character varying(30),
    "POD_ItemNo" character varying(30),
    "POD_ItemDescription" character varying(250),
    "POD_Location" character varying(30),
    "POD_Qty" numeric(12,4),
    "POD_UOM" character varying(30),
    "POD_UnitPrice" numeric(12,4),
    "POD_Total" numeric(12,4),
    "POD_Currency" character varying(20),
    "POD_Comment" text,
    "POD_RefFrom" character varying(30),
    "POD_RefTo" character varying(30),
    "POD_EstimatedCost" numeric(12,4),
    "POD_VAT" character varying(30),
    "POD_WHT" character varying(30),
    "POD_QtyToReceive" numeric(12,4),
    "POD_QtyReceived" numeric(12,4),
    "CreatedBy" character varying(20),
    "DateCreated" timestamp without time zone,
    "ModifiedBy" character varying(20),
    "DateModified" timestamp without time zone,
    "POD_LineNo" bigint NOT NULL,
    "POD_RefFromLineNo" integer
);


ALTER TABLE public."tblCOM_PODetail" OWNER TO postgres;

--
-- Name: tblCOM_PODetail_POD_LineNo_seq; Type: SEQUENCE; Schema: public; Owner: postgres
--

CREATE SEQUENCE "tblCOM_PODetail_POD_LineNo_seq"
    START WITH 1
    INCREMENT BY 1
    NO MINVALUE
    NO MAXVALUE
    CACHE 1;


ALTER TABLE public."tblCOM_PODetail_POD_LineNo_seq" OWNER TO postgres;

--
-- Name: tblCOM_PODetail_POD_LineNo_seq; Type: SEQUENCE OWNED BY; Schema: public; Owner: postgres
--

ALTER SEQUENCE "tblCOM_PODetail_POD_LineNo_seq" OWNED BY "tblCOM_PODetail"."POD_LineNo";


--
-- Name: tblCOM_POL; Type: TABLE; Schema: public; Owner: postgres; Tablespace: 
--

CREATE TABLE "tblCOM_POL" (
    "POL_DocNo" character varying(30) NOT NULL,
    "POL_DocDate" timestamp without time zone,
    "POL_SupplierName" character varying(100),
    "POL_SupplierID" character varying(20),
    "POL_SupplierAddress" character varying(200),
    "POL_TIN" character varying(20),
    "POL_Remarks" text,
    "POL_Terms" character varying(30),
    "POL_Company" character varying(30),
    "POL_Location" character varying(30),
    "POL_VATPostingGroup" character varying(30),
    "POL_RefNo" character varying(30),
    "POL_Status" character varying(20),
    "POL_SupplierPostingGroup" character varying(30),
    "POL_WHTPostingGroup" character varying(30),
    "POL_Amount" numeric(12,4),
    "CreatedBy" character varying(20),
    "DateCreated" timestamp without time zone,
    "ModifiedBy" character varying(20),
    "DateModified" timestamp without time zone
);


ALTER TABLE public."tblCOM_POL" OWNER TO postgres;

--
-- Name: tblCOM_POLDetail; Type: TABLE; Schema: public; Owner: postgres; Tablespace: 
--

CREATE TABLE "tblCOM_POLDetail" (
    "POLD_PO_DocNo" character varying(30) NOT NULL,
    "POLD_ItemType" character varying(30),
    "POLD_ItemNo" character varying(30),
    "POLD_ItemDescription" character varying(250),
    "POLD_Location" character varying(30),
    "POLD_Qty" numeric(12,4),
    "POLD_UOM" character varying(30),
    "POLD_UnitPrice" numeric(12,4),
    "POLD_Total" numeric(12,4),
    "POLD_Comment" text,
    "POLD_Currency" character varying(20),
    "POLD_RefFrom" character varying(30),
    "POLD_RefTo" character varying(30),
    "POLD_EstimatedCost" numeric(12,4),
    "POLD_VAT" character varying(30),
    "POLD_WHT" character varying(30),
    "POLD_QtyToReceive" numeric(12,4),
    "POLD_QtyReceived" numeric(12,4),
    "CreatedBy" character varying(20),
    "DateCreated" timestamp without time zone,
    "ModifiedBy" character varying(20),
    "DateModified" timestamp without time zone,
    "POLD_LineNo" bigint NOT NULL
);


ALTER TABLE public."tblCOM_POLDetail" OWNER TO postgres;

--
-- Name: tblCOM_POLDetail_POLD_LineNo_seq; Type: SEQUENCE; Schema: public; Owner: postgres
--

CREATE SEQUENCE "tblCOM_POLDetail_POLD_LineNo_seq"
    START WITH 1
    INCREMENT BY 1
    NO MINVALUE
    NO MAXVALUE
    CACHE 1;


ALTER TABLE public."tblCOM_POLDetail_POLD_LineNo_seq" OWNER TO postgres;

--
-- Name: tblCOM_POLDetail_POLD_LineNo_seq; Type: SEQUENCE OWNED BY; Schema: public; Owner: postgres
--

ALTER SEQUENCE "tblCOM_POLDetail_POLD_LineNo_seq" OWNED BY "tblCOM_POLDetail"."POLD_LineNo";


--
-- Name: tblCOM_Position; Type: TABLE; Schema: public; Owner: postgres; Tablespace: 
--

CREATE TABLE "tblCOM_Position" (
    "P_Position" character varying(255),
    "CreatedBy" character varying(30),
    "ModifiedBy" character varying(30),
    "DateCreated" timestamp without time zone,
    "DateModified" timestamp without time zone,
    "P_Position_id" character varying(30) DEFAULT 0 NOT NULL,
    "P_Parent" character varying(30),
    "P_Type" character varying(30)
);


ALTER TABLE public."tblCOM_Position" OWNER TO postgres;

--
-- Name: tblCOM_Reason; Type: TABLE; Schema: public; Owner: postgres; Tablespace: 
--

CREATE TABLE "tblCOM_Reason" (
    "R_Id" character varying(30) NOT NULL,
    "R_Description" character varying(255),
    "R_Active" bit(1),
    "CreatedBy" character varying(30),
    "DateCreated" timestamp without time zone,
    "ModifiedBy" character varying(30),
    "DateModified" timestamp without time zone
);


ALTER TABLE public."tblCOM_Reason" OWNER TO postgres;

--
-- Name: tblCOM_ReasonModule; Type: TABLE; Schema: public; Owner: postgres; Tablespace: 
--

CREATE TABLE "tblCOM_ReasonModule" (
    "RM_FK_Reason_id" character varying(30) NOT NULL,
    "RM_FK_Module_id" bigint NOT NULL
);


ALTER TABLE public."tblCOM_ReasonModule" OWNER TO postgres;

--
-- Name: tblCOM_Reimbursement; Type: TABLE; Schema: public; Owner: postgres; Tablespace: 
--

CREATE TABLE "tblCOM_Reimbursement" (
    "RE_DocNo" character varying(30) NOT NULL,
    "RE_DocDate" timestamp without time zone,
    "RE_EmployeeName" character varying(250),
    "RE_EmployeeID" character varying(30),
    "RE_Remarks" text,
    "RE_WithCA" bit(1),
    "RE_RefDocNo" character varying(30),
    "RE_CAAmount" numeric(12,4),
    "RE_LiquidatedAmount" numeric(12,4),
    "RE_Company" character varying(30),
    "RE_Location" character varying(30),
    "RE_Status" character varying(20),
    "RE_Reimbursement" numeric(12,4),
    "CreatedBy" character varying(20),
    "DateCreated" timestamp without time zone,
    "ModifiedBy" character varying(20),
    "DateModified" timestamp without time zone
);


ALTER TABLE public."tblCOM_Reimbursement" OWNER TO postgres;

--
-- Name: COLUMN "tblCOM_Reimbursement"."RE_DocNo"; Type: COMMENT; Schema: public; Owner: postgres
--

COMMENT ON COLUMN "tblCOM_Reimbursement"."RE_DocNo" IS 'Serialize';


--
-- Name: COLUMN "tblCOM_Reimbursement"."RE_DocDate"; Type: COMMENT; Schema: public; Owner: postgres
--

COMMENT ON COLUMN "tblCOM_Reimbursement"."RE_DocDate" IS 'Automated- display the system date';


--
-- Name: COLUMN "tblCOM_Reimbursement"."RE_EmployeeName"; Type: COMMENT; Schema: public; Owner: postgres
--

COMMENT ON COLUMN "tblCOM_Reimbursement"."RE_EmployeeName" IS 'Automated- display the name of the current user';


--
-- Name: COLUMN "tblCOM_Reimbursement"."RE_EmployeeID"; Type: COMMENT; Schema: public; Owner: postgres
--

COMMENT ON COLUMN "tblCOM_Reimbursement"."RE_EmployeeID" IS 'Automated- hidden field- handles the Supplier ID of the current user';


--
-- Name: COLUMN "tblCOM_Reimbursement"."RE_Remarks"; Type: COMMENT; Schema: public; Owner: postgres
--

COMMENT ON COLUMN "tblCOM_Reimbursement"."RE_Remarks" IS 'User Input';


--
-- Name: COLUMN "tblCOM_Reimbursement"."RE_Company"; Type: COMMENT; Schema: public; Owner: postgres
--

COMMENT ON COLUMN "tblCOM_Reimbursement"."RE_Company" IS 'Automated- display the associated Company of the Location- Read Only';


--
-- Name: COLUMN "tblCOM_Reimbursement"."RE_Location"; Type: COMMENT; Schema: public; Owner: postgres
--

COMMENT ON COLUMN "tblCOM_Reimbursement"."RE_Location" IS 'Automated- display the default location of the current user';


--
-- Name: COLUMN "tblCOM_Reimbursement"."RE_Status"; Type: COMMENT; Schema: public; Owner: postgres
--

COMMENT ON COLUMN "tblCOM_Reimbursement"."RE_Status" IS 'Automated- Read Only';


--
-- Name: COLUMN "tblCOM_Reimbursement"."RE_Reimbursement"; Type: COMMENT; Schema: public; Owner: postgres
--

COMMENT ON COLUMN "tblCOM_Reimbursement"."RE_Reimbursement" IS 'Automated- if with CA, display the difference of Liquidation Amount and CA Amount- if without CA, display the total of [RED_Amoun';


--
-- Name: tblCOM_ReimbursementDetail; Type: TABLE; Schema: public; Owner: postgres; Tablespace: 
--

CREATE TABLE "tblCOM_ReimbursementDetail" (
    "RED_RE_DocNo" character varying(30) NOT NULL,
    "RED_LineNo" bigint NOT NULL,
    "RED_TransDate" timestamp without time zone,
    "RED_InvOR" character varying(30),
    "RED_Payee" character varying(250),
    "RED_Address" character varying(250),
    "RED_TinNo" character varying(20),
    "RED_withVAT" bit(1),
    "RED_Particulars" character varying(250),
    "RED_Amount" numeric(12,4),
    "RED_VAT" numeric(12,4),
    "RED_NetOfVat" numeric(12,4),
    "RED_ChargeTo" character varying(20),
    "CreatedBy" character varying(20),
    "DateCreated" timestamp without time zone,
    "ModifiedBy" character varying(20),
    "DateModified" timestamp without time zone
);


ALTER TABLE public."tblCOM_ReimbursementDetail" OWNER TO postgres;

--
-- Name: COLUMN "tblCOM_ReimbursementDetail"."RED_RE_DocNo"; Type: COMMENT; Schema: public; Owner: postgres
--

COMMENT ON COLUMN "tblCOM_ReimbursementDetail"."RED_RE_DocNo" IS 'Automated- copy the Doc No of the header';


--
-- Name: COLUMN "tblCOM_ReimbursementDetail"."RED_LineNo"; Type: COMMENT; Schema: public; Owner: postgres
--

COMMENT ON COLUMN "tblCOM_ReimbursementDetail"."RED_LineNo" IS 'Serialize';


--
-- Name: COLUMN "tblCOM_ReimbursementDetail"."RED_TransDate"; Type: COMMENT; Schema: public; Owner: postgres
--

COMMENT ON COLUMN "tblCOM_ReimbursementDetail"."RED_TransDate" IS 'Date Time Picker';


--
-- Name: COLUMN "tblCOM_ReimbursementDetail"."RED_InvOR"; Type: COMMENT; Schema: public; Owner: postgres
--

COMMENT ON COLUMN "tblCOM_ReimbursementDetail"."RED_InvOR" IS 'User Input';


--
-- Name: COLUMN "tblCOM_ReimbursementDetail"."RED_Payee"; Type: COMMENT; Schema: public; Owner: postgres
--

COMMENT ON COLUMN "tblCOM_ReimbursementDetail"."RED_Payee" IS 'User Input';


--
-- Name: COLUMN "tblCOM_ReimbursementDetail"."RED_Address"; Type: COMMENT; Schema: public; Owner: postgres
--

COMMENT ON COLUMN "tblCOM_ReimbursementDetail"."RED_Address" IS 'User Input';


--
-- Name: COLUMN "tblCOM_ReimbursementDetail"."RED_TinNo"; Type: COMMENT; Schema: public; Owner: postgres
--

COMMENT ON COLUMN "tblCOM_ReimbursementDetail"."RED_TinNo" IS 'User Input';


--
-- Name: COLUMN "tblCOM_ReimbursementDetail"."RED_withVAT"; Type: COMMENT; Schema: public; Owner: postgres
--

COMMENT ON COLUMN "tblCOM_ReimbursementDetail"."RED_withVAT" IS 'Checkbox';


--
-- Name: COLUMN "tblCOM_ReimbursementDetail"."RED_Particulars"; Type: COMMENT; Schema: public; Owner: postgres
--

COMMENT ON COLUMN "tblCOM_ReimbursementDetail"."RED_Particulars" IS 'User Input';


--
-- Name: COLUMN "tblCOM_ReimbursementDetail"."RED_Amount"; Type: COMMENT; Schema: public; Owner: postgres
--

COMMENT ON COLUMN "tblCOM_ReimbursementDetail"."RED_Amount" IS 'User Input';


--
-- Name: COLUMN "tblCOM_ReimbursementDetail"."RED_VAT"; Type: COMMENT; Schema: public; Owner: postgres
--

COMMENT ON COLUMN "tblCOM_ReimbursementDetail"."RED_VAT" IS 'Automated- Read Only- if [RED_VAT] = true, compute VAT, else,';


--
-- Name: COLUMN "tblCOM_ReimbursementDetail"."RED_NetOfVat"; Type: COMMENT; Schema: public; Owner: postgres
--

COMMENT ON COLUMN "tblCOM_ReimbursementDetail"."RED_NetOfVat" IS 'Automated- Read Only- If [RED_VAT] = true, compute the Net of VAT, else copy the value of [RED_Amount]';


--
-- Name: COLUMN "tblCOM_ReimbursementDetail"."RED_ChargeTo"; Type: COMMENT; Schema: public; Owner: postgres
--

COMMENT ON COLUMN "tblCOM_ReimbursementDetail"."RED_ChargeTo" IS 'Dropdown- allow user to select multiple location';


--
-- Name: tblCOM_ReimbursementDetail_RED_LineNo_seq; Type: SEQUENCE; Schema: public; Owner: postgres
--

CREATE SEQUENCE "tblCOM_ReimbursementDetail_RED_LineNo_seq"
    START WITH 1
    INCREMENT BY 1
    NO MINVALUE
    NO MAXVALUE
    CACHE 1;


ALTER TABLE public."tblCOM_ReimbursementDetail_RED_LineNo_seq" OWNER TO postgres;

--
-- Name: tblCOM_ReimbursementDetail_RED_LineNo_seq; Type: SEQUENCE OWNED BY; Schema: public; Owner: postgres
--

ALTER SEQUENCE "tblCOM_ReimbursementDetail_RED_LineNo_seq" OWNED BY "tblCOM_ReimbursementDetail"."RED_LineNo";


--
-- Name: tblCOM_Replenishment; Type: TABLE; Schema: public; Owner: postgres; Tablespace: 
--

CREATE TABLE "tblCOM_Replenishment" (
    "RFR_DocNo" character varying(30) NOT NULL,
    "RFR_DocDate" timestamp without time zone,
    "RFR_SourceOfFund" character varying(30),
    "RFR_PeriodFrom" timestamp without time zone,
    "RFR_PeriodTo" timestamp without time zone,
    "RFR_FundCustodian" character varying(250),
    "RFR_Status" character varying(20),
    "RFR_Company" character varying(30),
    "RFR_Location" character varying(30),
    "RFR_ActualAmount" numeric(12,4),
    "CreatedBy" character varying(20),
    "DateCreated" timestamp without time zone,
    "ModifiedBy" character varying(20),
    "DateModified" timestamp without time zone
);


ALTER TABLE public."tblCOM_Replenishment" OWNER TO postgres;

--
-- Name: tblCOM_ReplenishmentDetail; Type: TABLE; Schema: public; Owner: postgres; Tablespace: 
--

CREATE TABLE "tblCOM_ReplenishmentDetail" (
    "RFRD_PFK_DocNo" character varying(30) NOT NULL,
    "RFRD_Date" timestamp without time zone,
    "RFRD_RefDocNo" character varying(30),
    "RFRD_Requestor" character varying(250),
    "RFRD_Description" character varying(250),
    "RFRD_ActualAmount" numeric(12,4),
    "CreatedBy" character varying(20),
    "DateCreated" timestamp without time zone,
    "ModifiedBy" character varying(20),
    "DateModified" timestamp without time zone,
    "RFRD_LineNo" bigint NOT NULL
);


ALTER TABLE public."tblCOM_ReplenishmentDetail" OWNER TO postgres;

--
-- Name: tblCOM_ReplenishmentDetail_RFRD_LineNo_seq; Type: SEQUENCE; Schema: public; Owner: postgres
--

CREATE SEQUENCE "tblCOM_ReplenishmentDetail_RFRD_LineNo_seq"
    START WITH 1
    INCREMENT BY 1
    NO MINVALUE
    NO MAXVALUE
    CACHE 1;


ALTER TABLE public."tblCOM_ReplenishmentDetail_RFRD_LineNo_seq" OWNER TO postgres;

--
-- Name: tblCOM_ReplenishmentDetail_RFRD_LineNo_seq; Type: SEQUENCE OWNED BY; Schema: public; Owner: postgres
--

ALTER SEQUENCE "tblCOM_ReplenishmentDetail_RFRD_LineNo_seq" OWNED BY "tblCOM_ReplenishmentDetail"."RFRD_LineNo";


--
-- Name: tblCOM_Supplier; Type: TABLE; Schema: public; Owner: postgres; Tablespace: 
--

CREATE TABLE "tblCOM_Supplier" (
    "S_Id" character varying(30) NOT NULL,
    "S_Name" character varying(100),
    "S_BalanceAsOf" numeric(12,4),
    "S_Address" character varying(200),
    "S_Addr_City" character varying(25),
    "S_Addr_State" character varying(25),
    "S_Addr_PostalCode" character varying(25),
    "S_Addr_Region" character varying(25),
    "S_TelNum" character varying(50),
    "S_FaxNum" character varying(50),
    "S_EmailAdd1" character varying(50),
    "S_EmailAdd2" character varying(50),
    "S_PrintCheckAs" character varying(100),
    "S_BankAccountNo" character varying(30),
    "S_FK_PayTerms" character varying(30),
    "S_CreditLimit" numeric(12,4),
    "S_TinNum" character varying(30),
    "S_Contact" character varying(100),
    "S_SupplierPostingGroup" character varying(30),
    "S_WHT_PostingGroup" character varying(30),
    "S_Vat_PostingGroup" character varying(30),
    "CreatedBy" character varying(30),
    "DateCreated" timestamp without time zone,
    "ModifiedBy" character varying(30),
    "DateModified" timestamp without time zone,
    "S_Active" bit(1) DEFAULT B'0'::"bit",
    "S_BankName" character varying(100),
    "S_BankAddress" character varying(100),
    "S_SwiftCode" character varying(50),
    "S_FK_Attribute_Currency_id" bigint,
    "S_SupplierType" bigint,
    "S_DocNo" character varying(30),
    "S_Status" character varying(30),
    "S_Updates" json DEFAULT '[]'::json
);


ALTER TABLE public."tblCOM_Supplier" OWNER TO postgres;

--
-- Name: tblCOM_SupplierLedger; Type: TABLE; Schema: public; Owner: postgres; Tablespace: 
--

CREATE TABLE "tblCOM_SupplierLedger" (
    "SL_EntryNo" bigint NOT NULL,
    "SL_DocType" character varying(30),
    "SL_DocDate" timestamp without time zone,
    "SL_DocNo" character varying(30),
    "SL_DocAmount" numeric(12,4),
    "SL_DocAmountLCY" numeric(12,4),
    "SL_SupplierID" character varying(30),
    "SL_SupplierName" character varying(250),
    "SL_ExtDocNo" character varying(30),
    "SL_Currency" character varying(30),
    "SL_SupplierPostingGroup" character varying(30),
    "SL_PaymentTerms" character varying(20),
    "SL_DueDate" timestamp without time zone,
    "SL_Buyer" character varying(30),
    "SL_RequestedBy" character varying(30),
    "SL_Company" character varying(30),
    "SL_Location" character varying(30),
    "SL_RefDocType" character varying(30),
    "SL_RefDocNo" character varying(30),
    "SL_RefDocAmount" numeric(12,4),
    "SL_AppliesToDocType" character varying(30),
    "SL_AppliesToDocNo" character varying(30),
    "SL_AppliesToID" character varying(30),
    "SL_AppliesToDocDate" character varying(30),
    "SL_AppliedAmount" character varying(30),
    "SL_RemAmount" numeric(12,4),
    "SL_PostedBy" character varying(20),
    "SL_DatePosted" timestamp without time zone
);


ALTER TABLE public."tblCOM_SupplierLedger" OWNER TO postgres;

--
-- Name: tblCOM_SupplierLedger_SL_EntryNo_seq; Type: SEQUENCE; Schema: public; Owner: postgres
--

CREATE SEQUENCE "tblCOM_SupplierLedger_SL_EntryNo_seq"
    START WITH 1
    INCREMENT BY 1
    NO MINVALUE
    NO MAXVALUE
    CACHE 1;


ALTER TABLE public."tblCOM_SupplierLedger_SL_EntryNo_seq" OWNER TO postgres;

--
-- Name: tblCOM_SupplierLedger_SL_EntryNo_seq; Type: SEQUENCE OWNED BY; Schema: public; Owner: postgres
--

ALTER SEQUENCE "tblCOM_SupplierLedger_SL_EntryNo_seq" OWNED BY "tblCOM_SupplierLedger"."SL_EntryNo";


--
-- Name: tblCOM_TO; Type: TABLE; Schema: public; Owner: postgres; Tablespace: 
--

CREATE TABLE "tblCOM_TO" (
    "TO_DocNo" character varying(30) NOT NULL,
    "TO_DocDate" timestamp without time zone,
    "TO_TransferFrom" character varying(30),
    "TO_TransferTo" character varying(30),
    "TO_Remarks" text,
    "TO_PostingDate" timestamp without time zone,
    "TO_Company" character varying(30),
    "TO_Status" character varying(20),
    "TO_Amount" numeric(12,4),
    "CreatedBy" character varying(20),
    "DateCreated" timestamp without time zone,
    "ModifiedBy" character varying(20),
    "DateModified" timestamp without time zone
);


ALTER TABLE public."tblCOM_TO" OWNER TO postgres;

--
-- Name: tblCOM_TODetail; Type: TABLE; Schema: public; Owner: postgres; Tablespace: 
--

CREATE TABLE "tblCOM_TODetail" (
    "TOD_TO_DocNo" character varying(30) NOT NULL,
    "TOD_ItemType" character varying(30),
    "TOD_ItemNo" character varying(30),
    "TOD_ItemDescription" character varying(250),
    "TOD_RQLocation" character varying(30),
    "TOD_ActualDestination" character varying(30),
    "TOD_Qty" numeric(12,4),
    "TOD_UOM" character varying(30),
    "TOD_UnitPrice" numeric(12,4),
    "TOD_Total" numeric(12,4),
    "TOD_Comment" text,
    "TOD_RefFrom" character varying(30),
    "TOD_QtyToShip" numeric(12,4),
    "TOD_QtyShipped" numeric(12,4),
    "TOD_QtyToReceive" numeric(12,4),
    "TOD_QtyReceived" numeric(12,4),
    "TOD_BaseUOM" character varying(30),
    "TOD_IPG" character varying(30),
    "TOD_TransferType" character varying(20),
    "TOD_TransferCost" numeric(12,4),
    "TOD_AssetID" character varying(30),
    "CreatedBy" character varying(20),
    "DateCreated" timestamp without time zone,
    "ModifiedBy" character varying(20),
    "DateModified" timestamp without time zone,
    "TOD_LineNo" bigint NOT NULL
);


ALTER TABLE public."tblCOM_TODetail" OWNER TO postgres;

--
-- Name: tblCOM_TODetail_TOD_LineNo_seq; Type: SEQUENCE; Schema: public; Owner: postgres
--

CREATE SEQUENCE "tblCOM_TODetail_TOD_LineNo_seq"
    START WITH 1
    INCREMENT BY 1
    NO MINVALUE
    NO MAXVALUE
    CACHE 1;


ALTER TABLE public."tblCOM_TODetail_TOD_LineNo_seq" OWNER TO postgres;

--
-- Name: tblCOM_TODetail_TOD_LineNo_seq; Type: SEQUENCE OWNED BY; Schema: public; Owner: postgres
--

ALTER SEQUENCE "tblCOM_TODetail_TOD_LineNo_seq" OWNED BY "tblCOM_TODetail"."TOD_LineNo";


--
-- Name: tblCOM_TOL; Type: TABLE; Schema: public; Owner: postgres; Tablespace: 
--

CREATE TABLE "tblCOM_TOL" (
    "TOL_DocNo" character varying(30) NOT NULL,
    "TOL_DocDate" timestamp without time zone,
    "TOL_TransferFrom" character varying(30),
    "TOL_TransferTo" character varying(30),
    "TOL_Remarks" text,
    "TOL_PostingDate" timestamp without time zone,
    "TOL_Company" character varying(30),
    "TOL_Status" character varying(20),
    "TOL_Amount" numeric(12,4),
    "CreatedBy" character varying(20),
    "DateCreated" timestamp without time zone,
    "ModifiedBy" character varying(20),
    "DateModified" timestamp without time zone
);


ALTER TABLE public."tblCOM_TOL" OWNER TO postgres;

--
-- Name: tblCOM_TOLDetail; Type: TABLE; Schema: public; Owner: postgres; Tablespace: 
--

CREATE TABLE "tblCOM_TOLDetail" (
    "TOLD_TO_DocNo" character varying(30) NOT NULL,
    "TOLD_ItemType" character varying(30),
    "TOLD_ItemNo" character varying(30),
    "TOLD_ItemDescription" character varying(250),
    "TOLD_RQLocation" character varying(30),
    "TOLD_ActualDestination" character varying(30),
    "TOLD_Qty" numeric(12,4),
    "TOLD_UOM" character varying(30),
    "TOLD_UnitPrice" numeric(12,4),
    "TOLD_Total" numeric(12,4),
    "TOLD_Comment" text,
    "TOLD_RefFrom" character varying(30),
    "TOLD_QtyToShip" numeric(12,4),
    "TOLD_QtyShipped" numeric(12,4),
    "TOLD_QtyToReceive" numeric(12,4),
    "TOLD_QtyReceived" numeric(12,4),
    "TOLD_BaseUOM" character varying(30),
    "TOLD_IPG" character varying(30),
    "TOLD_TransferType" character varying(20),
    "TOLD_TransferCost" numeric(12,4),
    "TOLD_AssetID" character varying(30),
    "CreatedBy" character varying(20),
    "DateCreated" timestamp without time zone,
    "ModifiedBy" character varying(20),
    "DateModified" timestamp without time zone,
    "TOLD_LineNo" bigint NOT NULL
);


ALTER TABLE public."tblCOM_TOLDetail" OWNER TO postgres;

--
-- Name: tblCOM_TOLDetail_TOLD_LineNo_seq; Type: SEQUENCE; Schema: public; Owner: postgres
--

CREATE SEQUENCE "tblCOM_TOLDetail_TOLD_LineNo_seq"
    START WITH 1
    INCREMENT BY 1
    NO MINVALUE
    NO MAXVALUE
    CACHE 1;


ALTER TABLE public."tblCOM_TOLDetail_TOLD_LineNo_seq" OWNER TO postgres;

--
-- Name: tblCOM_TOLDetail_TOLD_LineNo_seq; Type: SEQUENCE OWNED BY; Schema: public; Owner: postgres
--

ALTER SEQUENCE "tblCOM_TOLDetail_TOLD_LineNo_seq" OWNED BY "tblCOM_TOLDetail"."TOLD_LineNo";


--
-- Name: tblCOM_User; Type: TABLE; Schema: public; Owner: postgres; Tablespace: 
--

CREATE TABLE "tblCOM_User" (
    "U_User_id" character varying(30) NOT NULL,
    "U_Username" character varying(100) NOT NULL,
    "U_Password" character varying(100) NOT NULL,
    "U_FK_Position_id" character varying(30) NOT NULL,
    "CreatedBy" character varying(30),
    "ModifiedBy" character varying(30),
    "DateCreated" timestamp without time zone,
    "DateModified" timestamp without time zone,
    "U_Reg_id" text,
    "U_Status" bit(1)
);


ALTER TABLE public."tblCOM_User" OWNER TO postgres;

--
-- Name: tblCOM_UserAccess; Type: TABLE; Schema: public; Owner: postgres; Tablespace: 
--

CREATE TABLE "tblCOM_UserAccess" (
    "UA_FK_Module_id" integer NOT NULL,
    "UA_AccessName" character varying(100),
    "UA_Trigger" character varying(200),
    "UA_Icon" character varying(100),
    "UA_Access_id" bigint NOT NULL,
    "UA_Inside" bit(1),
    "UA_Outside" bit(1),
    "UA_Header" bit(1),
    "UA_Inline" bit(1),
    "UA_Get" bit(1),
    "UA_TriggerInside" character varying(200),
    "UA_GetInside" bit(1)
);


ALTER TABLE public."tblCOM_UserAccess" OWNER TO postgres;

--
-- Name: tblCOM_UserAccess_ua_accessid_seq; Type: SEQUENCE; Schema: public; Owner: postgres
--

CREATE SEQUENCE "tblCOM_UserAccess_ua_accessid_seq"
    START WITH 1
    INCREMENT BY 1
    NO MINVALUE
    NO MAXVALUE
    CACHE 1;


ALTER TABLE public."tblCOM_UserAccess_ua_accessid_seq" OWNER TO postgres;

--
-- Name: tblCOM_UserAccess_ua_accessid_seq; Type: SEQUENCE OWNED BY; Schema: public; Owner: postgres
--

ALTER SEQUENCE "tblCOM_UserAccess_ua_accessid_seq" OWNED BY "tblCOM_UserAccess"."UA_Access_id";


--
-- Name: tblCOM_UserFunction; Type: TABLE; Schema: public; Owner: postgres; Tablespace: 
--

CREATE TABLE "tblCOM_UserFunction" (
    "UF_FK_User_id" character varying(30) NOT NULL,
    "UF_FK_Function_id" integer NOT NULL,
    "UF_FK_Module_id" integer NOT NULL,
    "CreatedBy" character varying(30),
    "ModifiedBy" character varying(30),
    "DateCreated" timestamp without time zone,
    "DateModified" timestamp without time zone
);


ALTER TABLE public."tblCOM_UserFunction" OWNER TO postgres;

--
-- Name: tblCOM_UserProfile; Type: TABLE; Schema: public; Owner: postgres; Tablespace: 
--

CREATE TABLE "tblCOM_UserProfile" (
    "UP_FK_Module_id" integer NOT NULL,
    "UP_FK_User_id" character varying(30) NOT NULL,
    "UP_FK_Access_id" integer NOT NULL,
    "CreatedBy" character varying(30),
    "ModifiedBy" character varying(30),
    "DateCreated" timestamp without time zone,
    "DateModified" timestamp without time zone
);


ALTER TABLE public."tblCOM_UserProfile" OWNER TO postgres;

--
-- Name: tblCOM_UserRecordLock; Type: TABLE; Schema: public; Owner: postgres; Tablespace: 
--

CREATE TABLE "tblCOM_UserRecordLock" (
    "UR_PrimaryKey" character(50) NOT NULL,
    "UR_TableName" character(255) NOT NULL,
    "UR_FK_User_id" character(30) NOT NULL,
    "UR_ProcessAction" character(50),
    "UR_DateTimeLock" timestamp without time zone NOT NULL
);


ALTER TABLE public."tblCOM_UserRecordLock" OWNER TO postgres;

--
-- Name: tblINV_Category; Type: TABLE; Schema: public; Owner: postgres; Tablespace: 
--

CREATE TABLE "tblINV_Category" (
    "CAT_Id" character varying(30) NOT NULL,
    "CAT_Desc" character varying(100),
    "CAT_FK_ItemType_id" character varying(30),
    "CreatedBy" character varying(30),
    "DateCreated" timestamp without time zone,
    "ModifiedBy" character varying(30),
    "DateModified" timestamp without time zone,
    "CAT_Active" bit(1) DEFAULT B'0'::"bit"
);


ALTER TABLE public."tblINV_Category" OWNER TO postgres;

--
-- Name: tblINV_IRJ; Type: TABLE; Schema: public; Owner: postgres; Tablespace: 
--

CREATE TABLE "tblINV_IRJ" (
    "IRJ_DocNo" character varying(30) NOT NULL,
    "IRJ_DocDate" timestamp without time zone,
    "IRJ_Location" character varying(30),
    "IRJ_Remarks" text,
    "IRJ_Company" character varying(30),
    "IRJ_RefDocNo" character varying(30),
    "IRJ_ActualDate" timestamp without time zone,
    "IRJ_Status" character varying(20),
    "CreatedBy" character varying(20),
    "DateCreated" timestamp without time zone,
    "ModifiedBy" character varying(20),
    "DateModified" timestamp without time zone
);


ALTER TABLE public."tblINV_IRJ" OWNER TO postgres;

--
-- Name: tblINV_IRJDetail; Type: TABLE; Schema: public; Owner: postgres; Tablespace: 
--

CREATE TABLE "tblINV_IRJDetail" (
    "IRJD_IRJ_DocNo" character varying(30) NOT NULL,
    "IRJD_ItemType" character varying(30),
    "IRJD_ItemNo" character varying(30),
    "IRJD_ItemDescription" character varying(250),
    "IRJD_Location" character varying(30),
    "IRJD_Qty" numeric(12,4),
    "IRJD_UOM" character varying(30),
    "IRJD_UnitCost" numeric(12,4),
    "IRJD_Amount" numeric(12,4),
    "IRJD_BaseUOM" character varying(30),
    "CreatedBy" character varying(20),
    "DateCreated" timestamp without time zone,
    "ModifiedBy" character varying(20),
    "DateModified" timestamp without time zone,
    "IRJD_LineNo" bigint NOT NULL
);


ALTER TABLE public."tblINV_IRJDetail" OWNER TO postgres;

--
-- Name: tblINV_IRJDetail_IRJD_LineNo_seq; Type: SEQUENCE; Schema: public; Owner: postgres
--

CREATE SEQUENCE "tblINV_IRJDetail_IRJD_LineNo_seq"
    START WITH 1
    INCREMENT BY 1
    NO MINVALUE
    NO MAXVALUE
    CACHE 1;


ALTER TABLE public."tblINV_IRJDetail_IRJD_LineNo_seq" OWNER TO postgres;

--
-- Name: tblINV_IRJDetail_IRJD_LineNo_seq; Type: SEQUENCE OWNED BY; Schema: public; Owner: postgres
--

ALTER SEQUENCE "tblINV_IRJDetail_IRJD_LineNo_seq" OWNED BY "tblINV_IRJDetail"."IRJD_LineNo";


--
-- Name: tblINV_Identifier; Type: TABLE; Schema: public; Owner: postgres; Tablespace: 
--

CREATE TABLE "tblINV_Identifier" (
    "ID_Id" character varying(30) NOT NULL,
    "ID_Description" character varying(100),
    "ID_Active" bit(1) DEFAULT B'0'::"bit",
    "CreatedBy" character varying(30),
    "DateCreated" timestamp without time zone,
    "ModifiedBy" character varying(30),
    "DateModified" timestamp without time zone
);


ALTER TABLE public."tblINV_Identifier" OWNER TO postgres;

--
-- Name: tblINV_IdentifierDetails; Type: TABLE; Schema: public; Owner: postgres; Tablespace: 
--

CREATE TABLE "tblINV_IdentifierDetails" (
    "IDD_Description" character varying(100),
    "IDD_FK_Identifier_id" character varying(30),
    "IDD_Active" bit(1) DEFAULT B'0'::"bit",
    "CreatedBy" character varying(30),
    "DateCreated" timestamp with time zone,
    "ModifiedBy" character varying(30),
    "DateModified" timestamp without time zone,
    "IDD_Id" bigint NOT NULL,
    "IDD_FK_SubCategory_id" character varying(30)
);


ALTER TABLE public."tblINV_IdentifierDetails" OWNER TO postgres;

--
-- Name: tblINV_IdentifierDetails_IDD_Id_seq; Type: SEQUENCE; Schema: public; Owner: postgres
--

CREATE SEQUENCE "tblINV_IdentifierDetails_IDD_Id_seq"
    START WITH 1
    INCREMENT BY 1
    NO MINVALUE
    NO MAXVALUE
    CACHE 1;


ALTER TABLE public."tblINV_IdentifierDetails_IDD_Id_seq" OWNER TO postgres;

--
-- Name: tblINV_IdentifierDetails_IDD_Id_seq; Type: SEQUENCE OWNED BY; Schema: public; Owner: postgres
--

ALTER SEQUENCE "tblINV_IdentifierDetails_IDD_Id_seq" OWNED BY "tblINV_IdentifierDetails"."IDD_Id";


--
-- Name: tblINV_IdentifierSetup; Type: TABLE; Schema: public; Owner: postgres; Tablespace: 
--

CREATE TABLE "tblINV_IdentifierSetup" (
    "IDS_FK_Category_id" character varying(30) NOT NULL,
    "IDS_FK_Identifier_id" character varying(30) NOT NULL,
    "IDS_Active" bit(1) DEFAULT B'0'::"bit",
    "CreatedBy" character varying(30),
    "DateCreated" timestamp without time zone,
    "ModifiedBy" character varying(30),
    "DateModified" timestamp without time zone
);


ALTER TABLE public."tblINV_IdentifierSetup" OWNER TO postgres;

--
-- Name: tblINV_Item; Type: TABLE; Schema: public; Owner: postgres; Tablespace: 
--

CREATE TABLE "tblINV_Item" (
    "IM_Item_id" character varying(30) NOT NULL,
    "IM_UPCCode" character varying(30),
    "IM_Sales_Desc" character varying(200),
    "IM_Purchased_Desc" character varying(200),
    "IM_CostOfGoods" numeric(12,4),
    "IM_FK_Supplier_id" character varying(30),
    "IM_UnitCost" numeric(12,4),
    "IM_VATProductPostingGroup" character varying(30),
    "IM_INVPosting_Group" character varying(30),
    "IM_WHTProductPostingGroup" character varying(30),
    "IM_OnHandQty" numeric(12,4),
    "IM_TotalValue" numeric(12,4),
    "IM_ManufacturerPartNo" character varying(50),
    "IM_Weight" numeric(12,4),
    "IM_ExpDate" timestamp without time zone,
    "IM_FK_Category_id" character varying(30),
    "IM_FK_SizeSet_id" character varying(30),
    "IM_Model" character varying(20),
    "IM_MinStkLvl" numeric(12,4),
    "IM_SalePrice" numeric(12,4),
    "IM_SaleType" bit(1) DEFAULT B'1'::"bit",
    "IM_Consign" bit(1) DEFAULT B'1'::"bit",
    "IM_Promo" bit(1) DEFAULT B'1'::"bit",
    "IM_FK_ItemType_id" character varying(30),
    "IM_Royalty" bit(1),
    "IM_PackageItem" bit(1),
    "IM_Imported" bit(1) DEFAULT B'0'::"bit",
    "IM_Short_Desc" character varying(25),
    "IM_NextSeries" numeric(5,0),
    "IM_Serialize" bit(1) DEFAULT B'0'::"bit",
    "IM_FK_SubCategory_id" character varying(30),
    "CreatedBy" character varying(30),
    "DateCreated" timestamp without time zone,
    "ModifiedBy" character varying(30),
    "DateModified" timestamp without time zone,
    "IM_Active" bit(1) DEFAULT B'1'::"bit",
    "IM_Points" integer,
    "IM_PAR_Item" bit(1) DEFAULT B'0'::"bit",
    "IM_OldItemCode" character varying(30),
    "IM_SupplierItemCode" character varying(30),
    "IM_FK_BuyerClass_id" character varying(30),
    "IM_FK_Department_id" character varying(30),
    "IM_ForTO" bit(1),
    "IM_FK_Attribute_UOM_id" bigint,
    "IM_DocNo" character varying(30),
    "IM_Status" character varying(30),
    "IM_Updates" json DEFAULT '[]'::json
);


ALTER TABLE public."tblINV_Item" OWNER TO postgres;

--
-- Name: tblINV_ItemIdentifier; Type: TABLE; Schema: public; Owner: postgres; Tablespace: 
--

CREATE TABLE "tblINV_ItemIdentifier" (
    "IMI_FK_IdentifierDetails_id" bigint NOT NULL,
    "IMI_FK_Item_id" character varying(30) NOT NULL
);


ALTER TABLE public."tblINV_ItemIdentifier" OWNER TO postgres;

--
-- Name: tblINV_ItemLedger; Type: TABLE; Schema: public; Owner: postgres; Tablespace: 
--

CREATE TABLE "tblINV_ItemLedger" (
    "IL_EntryNo" bigint NOT NULL,
    "IL_AccountType" character varying(30),
    "IL_AccountID" character varying(30),
    "IL_AccountName" character varying(250),
    "IL_DocType" character varying(30),
    "IL_DocNo" character varying(30),
    "IL_LineNo" character varying(30),
    "IL_ItemType" character varying(30),
    "IL_ItemNo" character varying(30),
    "IL_ItemDescription" character varying(250),
    "IL_Qty" numeric(12,4),
    "IL_RemQty" numeric(12,4),
    "IL_UnitPrice" numeric(12,4),
    "IL_Amount" numeric(12,4),
    "IL_AmountLCY" numeric(12,4),
    "IL_Location" character varying(30),
    "IL_SubLocation" character varying(30),
    "IL_UOM" character varying(30),
    "IL_Comment" character varying(250),
    "IL_CPC" character varying(30),
    "IL_VAT" character varying(20),
    "IL_WHT" character varying(20),
    "IL_PostedBy" character varying(20),
    "IL_DatePosted" timestamp without time zone
);


ALTER TABLE public."tblINV_ItemLedger" OWNER TO postgres;

--
-- Name: tblINV_ItemLedger_IL_EntryNo_seq; Type: SEQUENCE; Schema: public; Owner: postgres
--

CREATE SEQUENCE "tblINV_ItemLedger_IL_EntryNo_seq"
    START WITH 1
    INCREMENT BY 1
    NO MINVALUE
    NO MAXVALUE
    CACHE 1;


ALTER TABLE public."tblINV_ItemLedger_IL_EntryNo_seq" OWNER TO postgres;

--
-- Name: tblINV_ItemLedger_IL_EntryNo_seq; Type: SEQUENCE OWNED BY; Schema: public; Owner: postgres
--

ALTER SEQUENCE "tblINV_ItemLedger_IL_EntryNo_seq" OWNED BY "tblINV_ItemLedger"."IL_EntryNo";


--
-- Name: tblINV_ItemSupplier; Type: TABLE; Schema: public; Owner: postgres; Tablespace: 
--

CREATE TABLE "tblINV_ItemSupplier" (
    "IS_FK_Item_id" character varying(30),
    "IS_FK_Suppllier_id" character varying(30),
    "IS_SupplierItemCode" character varying(30),
    "IS_OldItemCode" character varying(30),
    "IS_LastPOCost" numeric(12,4),
    "IS_Active" bit(1),
    "CreatedBy" character varying(30),
    "DateCreated" timestamp without time zone,
    "ModifiedBy" character varying(30),
    "IS_Id" bigint NOT NULL,
    "DateModified" timestamp without time zone
);


ALTER TABLE public."tblINV_ItemSupplier" OWNER TO postgres;

--
-- Name: tblINV_ItemSupplier_IS_Id_seq; Type: SEQUENCE; Schema: public; Owner: postgres
--

CREATE SEQUENCE "tblINV_ItemSupplier_IS_Id_seq"
    START WITH 1
    INCREMENT BY 1
    NO MINVALUE
    NO MAXVALUE
    CACHE 1;


ALTER TABLE public."tblINV_ItemSupplier_IS_Id_seq" OWNER TO postgres;

--
-- Name: tblINV_ItemSupplier_IS_Id_seq; Type: SEQUENCE OWNED BY; Schema: public; Owner: postgres
--

ALTER SEQUENCE "tblINV_ItemSupplier_IS_Id_seq" OWNED BY "tblINV_ItemSupplier"."IS_Id";


--
-- Name: tblINV_ItemType; Type: TABLE; Schema: public; Owner: postgres; Tablespace: 
--

CREATE TABLE "tblINV_ItemType" (
    "IT_Id" character varying(30) NOT NULL,
    "IT_Description" character varying(100),
    "CreatedBy" character varying(30),
    "DateCreated" timestamp without time zone,
    "ModifiedBy" character varying(30),
    "DateModified" timestamp without time zone,
    "IT_Active" bit(1) DEFAULT B'0'::"bit",
    "IT_PointsRequired" bit(1),
    "IT_Services" bit(1)
);


ALTER TABLE public."tblINV_ItemType" OWNER TO postgres;

--
-- Name: tblINV_ItemTypeSetup; Type: TABLE; Schema: public; Owner: postgres; Tablespace: 
--

CREATE TABLE "tblINV_ItemTypeSetup" (
    "ITS_FK_Module_id" integer NOT NULL,
    "ITS_FK_ItemType_id" character varying(30) NOT NULL
);


ALTER TABLE public."tblINV_ItemTypeSetup" OWNER TO postgres;

--
-- Name: tblINV_ItemUOMConv; Type: TABLE; Schema: public; Owner: postgres; Tablespace: 
--

CREATE TABLE "tblINV_ItemUOMConv" (
    "IUC_Id" bigint NOT NULL,
    "IUC_FK_Item_id" character varying(30),
    "IUC_Quantity" numeric(12,4),
    "IUC_FK_UOM_id" bigint
);


ALTER TABLE public."tblINV_ItemUOMConv" OWNER TO postgres;

--
-- Name: tblINV_ItemUOMConv_IUC_Id_seq; Type: SEQUENCE; Schema: public; Owner: postgres
--

CREATE SEQUENCE "tblINV_ItemUOMConv_IUC_Id_seq"
    START WITH 1
    INCREMENT BY 1
    NO MINVALUE
    NO MAXVALUE
    CACHE 1;


ALTER TABLE public."tblINV_ItemUOMConv_IUC_Id_seq" OWNER TO postgres;

--
-- Name: tblINV_ItemUOMConv_IUC_Id_seq; Type: SEQUENCE OWNED BY; Schema: public; Owner: postgres
--

ALTER SEQUENCE "tblINV_ItemUOMConv_IUC_Id_seq" OWNED BY "tblINV_ItemUOMConv"."IUC_Id";


--
-- Name: tblINV_LocMask; Type: TABLE; Schema: public; Owner: postgres; Tablespace: 
--

CREATE TABLE "tblINV_LocMask" (
    "LM_Level_id" integer NOT NULL,
    "LM_Desc" character varying(100),
    "LM_Width" integer DEFAULT 5,
    "CreatedBy" character varying(30),
    "DateCreated" timestamp without time zone,
    "ModifiedBy" character varying(30),
    "DateModified" timestamp without time zone,
    "LM_Active" bit(1) DEFAULT B'1'::"bit"
);


ALTER TABLE public."tblINV_LocMask" OWNER TO postgres;

--
-- Name: tblINV_Location; Type: TABLE; Schema: public; Owner: postgres; Tablespace: 
--

CREATE TABLE "tblINV_Location" (
    "LOC_Id" character varying(30) NOT NULL,
    "LOC_FK_Level_id" integer DEFAULT 0,
    "LOC_FK_Company_id" character varying(30),
    "LOC_Addrs" character varying(100),
    "LOC_TelNum" character varying(20),
    "LOC_FaxNum" character varying(20),
    "LOC_Tin" character varying(30),
    "LOC_OtherDesc" character varying(100),
    "LOC_FK_CPC_id" character varying(30),
    "CreatedBy" character varying(30),
    "DateCreated" timestamp without time zone,
    "ModifiedBy" character varying(30),
    "DateModified" timestamp without time zone,
    "LOC_FixedRent" numeric(12,4) DEFAULT 0.00,
    "LOC_SalesSharing" numeric(12,4) DEFAULT 0.00,
    "LOC_Name" character varying(100),
    "LOC_FloorArea" numeric(12,4),
    "LOC_Active" bit(1) DEFAULT B'1'::"bit",
    "LOC_Parent_id" character varying(30),
    "LOC_FK_Type_id" bigint
);


ALTER TABLE public."tblINV_Location" OWNER TO postgres;

--
-- Name: tblINV_Machine; Type: TABLE; Schema: public; Owner: postgres; Tablespace: 
--

CREATE TABLE "tblINV_Machine" (
    "MC_IM_Item_id" character varying(30) NOT NULL,
    "MC_MachineTag" character varying(30) NOT NULL,
    "MC_Location" character varying(30) NOT NULL,
    "MC_SubLocation" character varying(30),
    "MC_MachineClass" character varying(30) NOT NULL,
    "MC_SubClass" character varying(30),
    "MC_TicketDispenser" integer NOT NULL,
    "MC_CoinMeter" integer NOT NULL,
    "MC_CoinSlot" integer NOT NULL,
    "MC_Medium" integer NOT NULL,
    "MC_CoreMachine" integer,
    "MC_PaybackPeriod" integer,
    "MC_IdealMonthlySales" numeric(12,4),
    "MC_StandardPayout" numeric(12,4),
    "MC_StandardASPM" numeric(12,4),
    "MC_MachineFund" bigint,
    "MC_CoinGuide" integer,
    "MC_Requirement" integer,
    "CreatedBy" character varying(20),
    "DateCreated" timestamp without time zone,
    "ModifiedBy" character varying(20),
    "DateModified" timestamp without time zone
);


ALTER TABLE public."tblINV_Machine" OWNER TO postgres;

--
-- Name: tblINV_MaskCat; Type: TABLE; Schema: public; Owner: postgres; Tablespace: 
--

CREATE TABLE "tblINV_MaskCat" (
    "MC_Level" integer NOT NULL,
    "MC_Desc" character varying(100),
    "MC_Width" text,
    "MC_LabelUse" bit(1),
    "CreatedBy" character varying(30),
    "DateCreated" timestamp without time zone,
    "ModifiedBy" character varying(30),
    "DateModified" timestamp without time zone,
    "MC_Active" bit(1) DEFAULT B'1'::"bit"
);


ALTER TABLE public."tblINV_MaskCat" OWNER TO postgres;

--
-- Name: tblINV_PCount; Type: TABLE; Schema: public; Owner: postgres; Tablespace: 
--

CREATE TABLE "tblINV_PCount" (
    "PC_DocNo" character varying(30) NOT NULL,
    "PC_DocDate" timestamp without time zone,
    "PC_Description" text,
    "PC_CountDate" timestamp without time zone,
    "PC_Location" character varying(30),
    "PC_Status" character varying(20),
    "CreatedBy" character varying(20),
    "DateCreated" timestamp without time zone,
    "ModifiedBy" character varying(20),
    "DateModified" timestamp without time zone
);


ALTER TABLE public."tblINV_PCount" OWNER TO postgres;

--
-- Name: tblINV_PCountSetup; Type: TABLE; Schema: public; Owner: postgres; Tablespace: 
--

CREATE TABLE "tblINV_PCountSetup" (
    "PCS_PC_DocNo" character varying(30) NOT NULL,
    "PCS_ItemType" character varying(30) NOT NULL,
    "PCS_SubLocation" character varying(30) NOT NULL,
    "PCS_CS_PC_DocNo" character varying(30) NOT NULL,
    "PCS_CS_CountSheetNo" bigint NOT NULL
);


ALTER TABLE public."tblINV_PCountSetup" OWNER TO postgres;

--
-- Name: tblINV_PCountSheet; Type: TABLE; Schema: public; Owner: postgres; Tablespace: 
--

CREATE TABLE "tblINV_PCountSheet" (
    "CS_PC_DocNo" character varying(30) NOT NULL,
    "CS_CountSheetNo" bigint NOT NULL,
    "CreatedBy" character varying(20),
    "DateCreated" timestamp without time zone,
    "ModifiedBy" character varying(20),
    "DateModified" timestamp without time zone
);


ALTER TABLE public."tblINV_PCountSheet" OWNER TO postgres;

--
-- Name: tblINV_PCountSheetDetails; Type: TABLE; Schema: public; Owner: postgres; Tablespace: 
--

CREATE TABLE "tblINV_PCountSheetDetails" (
    "CSD_CS_PC_DocNo" character varying(30) NOT NULL,
    "CSD_CS_CountSheetNo" bigint NOT NULL,
    "CSD_LineNo" bigint NOT NULL,
    "CSD_ItemType" character varying(30),
    "CSD_ItemNo" character varying(30),
    "CSD_Description" character varying(250),
    "CSD_UOM" character varying(30),
    "CSD_Count" numeric(12,4),
    "CSD_TotalQty" numeric(12,4),
    "CSD_SOH" numeric(12,4),
    "CSD_SeriesBeg" numeric(12,4),
    "CSD_SeriesEnd" numeric(12,4),
    "CSD_BaseUOM" character varying(30),
    "CSD_IPG" character varying(30),
    "CSD_Variance" numeric(12,4),
    "CSD_Comment" text,
    "CreatedBy" character varying(20),
    "DateCreated" timestamp without time zone,
    "ModifiedBy" character varying(20),
    "DateModified" timestamp without time zone
);


ALTER TABLE public."tblINV_PCountSheetDetails" OWNER TO postgres;

--
-- Name: tblINV_PCountSheetDetails_CSD_LineNo_seq; Type: SEQUENCE; Schema: public; Owner: postgres
--

CREATE SEQUENCE "tblINV_PCountSheetDetails_CSD_LineNo_seq"
    START WITH 1
    INCREMENT BY 1
    NO MINVALUE
    NO MAXVALUE
    CACHE 1;


ALTER TABLE public."tblINV_PCountSheetDetails_CSD_LineNo_seq" OWNER TO postgres;

--
-- Name: tblINV_PCountSheetDetails_CSD_LineNo_seq; Type: SEQUENCE OWNED BY; Schema: public; Owner: postgres
--

ALTER SEQUENCE "tblINV_PCountSheetDetails_CSD_LineNo_seq" OWNED BY "tblINV_PCountSheetDetails"."CSD_LineNo";


--
-- Name: tblINV_PCountSheet_CS_CountSheetNo_seq; Type: SEQUENCE; Schema: public; Owner: postgres
--

CREATE SEQUENCE "tblINV_PCountSheet_CS_CountSheetNo_seq"
    START WITH 1
    INCREMENT BY 1
    NO MINVALUE
    NO MAXVALUE
    CACHE 1;


ALTER TABLE public."tblINV_PCountSheet_CS_CountSheetNo_seq" OWNER TO postgres;

--
-- Name: tblINV_PCountSheet_CS_CountSheetNo_seq; Type: SEQUENCE OWNED BY; Schema: public; Owner: postgres
--

ALTER SEQUENCE "tblINV_PCountSheet_CS_CountSheetNo_seq" OWNED BY "tblINV_PCountSheet"."CS_CountSheetNo";


--
-- Name: tblINV_PurchaseRequest; Type: TABLE; Schema: public; Owner: postgres; Tablespace: 
--

CREATE TABLE "tblINV_PurchaseRequest" (
    pr_docno text NOT NULL,
    pr_docdate timestamp without time zone,
    pr_daterequired timestamp without time zone,
    pr_remarks text,
    pr_extdocno text,
    pr_prioritylevel text,
    pr_status text,
    pr_purposecode integer,
    "pr_userID" text,
    pr_location text,
    createdby text,
    modifiedby text,
    datecreated timestamp without time zone,
    datemodified timestamp without time zone
);


ALTER TABLE public."tblINV_PurchaseRequest" OWNER TO postgres;

--
-- Name: tblINV_PurchaseRequestLine; Type: TABLE; Schema: public; Owner: postgres; Tablespace: 
--

CREATE TABLE "tblINV_PurchaseRequestLine" (
    prl_pr_docno text NOT NULL,
    prl_lineno integer,
    prl_itemtype integer,
    prl_itemno text,
    prl_description text,
    prl_qty double precision,
    prl_remqty double precision,
    prl_uom text,
    prl_baseuom text,
    prl_reffrom text,
    prl_refto text,
    prl_costcenter text,
    prl_comment text,
    prl_supplier text,
    prl_currency text,
    prl_basecurrency text,
    prl_unitprice double precision,
    prl_amount double precision,
    prl_amountinlcy double precision,
    prl_exchangerate double precision,
    createdby text,
    modifiedby text,
    datecreated timestamp without time zone,
    datemodified timestamp without time zone
);


ALTER TABLE public."tblINV_PurchaseRequestLine" OWNER TO postgres;

--
-- Name: tblINV_RQ; Type: TABLE; Schema: public; Owner: postgres; Tablespace: 
--

CREATE TABLE "tblINV_RQ" (
    "RQ_DocNo" character varying(30) NOT NULL,
    "RQ_DocDate" timestamp without time zone,
    "RQ_Purpose" character varying(30),
    "RQ_Remarks" character varying(250),
    "RQ_DateNeeded" timestamp without time zone,
    "RQ_Company" character varying(30),
    "RQ_Location" character varying(30),
    "RQ_Attachment" json,
    "RQ_TotalAmount" numeric(12,4),
    "CreatedBy" character varying(20),
    "DateCreated" timestamp without time zone,
    "ModifiedBy" character varying(20),
    "DateModified" timestamp without time zone
);


ALTER TABLE public."tblINV_RQ" OWNER TO postgres;

--
-- Name: COLUMN "tblINV_RQ"."RQ_DocNo"; Type: COMMENT; Schema: public; Owner: postgres
--

COMMENT ON COLUMN "tblINV_RQ"."RQ_DocNo" IS 'Automated- Read Only';


--
-- Name: COLUMN "tblINV_RQ"."RQ_DocDate"; Type: COMMENT; Schema: public; Owner: postgres
--

COMMENT ON COLUMN "tblINV_RQ"."RQ_DocDate" IS 'Automated- Read Only- display the system date';


--
-- Name: COLUMN "tblINV_RQ"."RQ_Purpose"; Type: COMMENT; Schema: public; Owner: postgres
--

COMMENT ON COLUMN "tblINV_RQ"."RQ_Purpose" IS 'Lookup- display the list of Reason [tblCOM_Reason::R_Description] where [R_Active] = 1';


--
-- Name: COLUMN "tblINV_RQ"."RQ_Remarks"; Type: COMMENT; Schema: public; Owner: postgres
--

COMMENT ON COLUMN "tblINV_RQ"."RQ_Remarks" IS 'User Input';


--
-- Name: COLUMN "tblINV_RQ"."RQ_DateNeeded"; Type: COMMENT; Schema: public; Owner: postgres
--

COMMENT ON COLUMN "tblINV_RQ"."RQ_DateNeeded" IS 'User Input';


--
-- Name: COLUMN "tblINV_RQ"."RQ_Company"; Type: COMMENT; Schema: public; Owner: postgres
--

COMMENT ON COLUMN "tblINV_RQ"."RQ_Company" IS 'Automated- Read Only- this will display the associated Company in the selected value of the [RQ_Location] from [tblINV_Location::LOC_FK_Company_id]';


--
-- Name: COLUMN "tblINV_RQ"."RQ_Location"; Type: COMMENT; Schema: public; Owner: postgres
--

COMMENT ON COLUMN "tblINV_RQ"."RQ_Location" IS 'User Input- display the default location of the User [tblCOM_CompanyAccess::CA_FK_Location_id] where [CA_DefaultLocation] = 1- for users with multiple location, allow the user to select other location';


--
-- Name: COLUMN "tblINV_RQ"."RQ_TotalAmount"; Type: COMMENT; Schema: public; Owner: postgres
--

COMMENT ON COLUMN "tblINV_RQ"."RQ_TotalAmount" IS 'Automated- hidden field- display the total of RQD_Amount';


--
-- Name: tblINV_RQDetail; Type: TABLE; Schema: public; Owner: postgres; Tablespace: 
--

CREATE TABLE "tblINV_RQDetail" (
    "RQD_RQ_DocNo" character varying(30) NOT NULL,
    "RQD_ItemType" character varying(30),
    "RQD_ItemNo" character varying(30),
    "RQD_ItemDescription" character varying(250),
    "RQD_Location" character varying(30),
    "RQD_Qty" numeric(12,4),
    "RQD_UOM" character varying(30),
    "RQD_UnitCost" numeric(12,4),
    "RQD_Amount" numeric(12,4),
    "RQD_Comment" character varying(250),
    "RQD_RefDocNo" character varying(30),
    "RQD_RefFrom" character varying(30),
    "RQD_RefTo" character varying(30),
    "RQD_RefStatus" character varying(20),
    "RQD_Currency" character varying(30),
    "RQD_CPC" character varying(30),
    "RQD_BaseUOM" character varying(30),
    "CreatedBy" character varying(20),
    "DateCreated" timestamp without time zone,
    "ModifiedBy" character varying(20),
    "DateModified" timestamp without time zone,
    "RQD_LineNo" bigint NOT NULL,
    "RQD_Status" character varying(30)
);


ALTER TABLE public."tblINV_RQDetail" OWNER TO postgres;

--
-- Name: COLUMN "tblINV_RQDetail"."RQD_RQ_DocNo"; Type: COMMENT; Schema: public; Owner: postgres
--

COMMENT ON COLUMN "tblINV_RQDetail"."RQD_RQ_DocNo" IS 'Automated- hidden field- copy the DocNo of the Header';


--
-- Name: COLUMN "tblINV_RQDetail"."RQD_ItemType"; Type: COMMENT; Schema: public; Owner: postgres
--

COMMENT ON COLUMN "tblINV_RQDetail"."RQD_ItemType" IS 'Lookup- display the List of Item Type associated in the module- select [ITS_FK_ItemType_id] from [tblINV_ItemTypeSetup] where [ITS_FK_Module_id] = ''112'' (112 is the Module ID of the Requisition)';


--
-- Name: COLUMN "tblINV_RQDetail"."RQD_ItemNo"; Type: COMMENT; Schema: public; Owner: postgres
--

COMMENT ON COLUMN "tblINV_RQDetail"."RQD_ItemNo" IS 'Automated- Read Only - display the Item No of selected Item Descripti';


--
-- Name: COLUMN "tblINV_RQDetail"."RQD_ItemDescription"; Type: COMMENT; Schema: public; Owner: postgres
--

COMMENT ON COLUMN "tblINV_RQDetail"."RQD_ItemDescription" IS 'Lookup- display the list of items under the selected Item Type- allow user to searhc using both Item No and Item Description- select [IM_Item_id, IM_Sales_Desc] from [tblINV_Item] where [IM_FK_ItemType_id] = [RQD_ItemType]';


--
-- Name: COLUMN "tblINV_RQDetail"."RQD_Location"; Type: COMMENT; Schema: public; Owner: postgres
--

COMMENT ON COLUMN "tblINV_RQDetail"."RQD_Location" IS 'Automated/Lookup- copy the value of the [RQ_Location]- for users with multiple location, allow user to select other location';


--
-- Name: COLUMN "tblINV_RQDetail"."RQD_Qty"; Type: COMMENT; Schema: public; Owner: postgres
--

COMMENT ON COLUMN "tblINV_RQDetail"."RQD_Qty" IS 'User Input';


--
-- Name: COLUMN "tblINV_RQDetail"."RQD_UOM"; Type: COMMENT; Schema: public; Owner: postgres
--

COMMENT ON COLUMN "tblINV_RQDetail"."RQD_UOM" IS 'Automated / Lookup- default value: UOM of selected [RQD_ItemNo]- for items with conversion, allow user to select from the list of UOM conversion';


--
-- Name: COLUMN "tblINV_RQDetail"."RQD_UnitCost"; Type: COMMENT; Schema: public; Owner: postgres
--

COMMENT ON COLUMN "tblINV_RQDetail"."RQD_UnitCost" IS 'Automated- Read Only- display the Unit Cost of the selected Item [tblINV_Item::IM_UnitCost]';


--
-- Name: COLUMN "tblINV_RQDetail"."RQD_Amount"; Type: COMMENT; Schema: public; Owner: postgres
--

COMMENT ON COLUMN "tblINV_RQDetail"."RQD_Amount" IS 'Automated- Read Only- = [RQD_Qty] * [RQD_UnitCost]';


--
-- Name: COLUMN "tblINV_RQDetail"."RQD_Comment"; Type: COMMENT; Schema: public; Owner: postgres
--

COMMENT ON COLUMN "tblINV_RQDetail"."RQD_Comment" IS 'User Input';


--
-- Name: COLUMN "tblINV_RQDetail"."RQD_RefDocNo"; Type: COMMENT; Schema: public; Owner: postgres
--

COMMENT ON COLUMN "tblINV_RQDetail"."RQD_RefDocNo" IS 'Automated / Lookup- this will display the list of Ref Doc. No of the current line';


--
-- Name: COLUMN "tblINV_RQDetail"."RQD_RefFrom"; Type: COMMENT; Schema: public; Owner: postgres
--

COMMENT ON COLUMN "tblINV_RQDetail"."RQD_RefFrom" IS 'Automated- Read Only- this will display the Source Reference of the Docume';


--
-- Name: COLUMN "tblINV_RQDetail"."RQD_RefTo"; Type: COMMENT; Schema: public; Owner: postgres
--

COMMENT ON COLUMN "tblINV_RQDetail"."RQD_RefTo" IS 'Automated- Read Only';


--
-- Name: COLUMN "tblINV_RQDetail"."RQD_Currency"; Type: COMMENT; Schema: public; Owner: postgres
--

COMMENT ON COLUMN "tblINV_RQDetail"."RQD_Currency" IS 'Automated- hidden field- display the default currency associated in the RQ_Company [tblCOM_Company::COM_Currency]';


--
-- Name: COLUMN "tblINV_RQDetail"."RQD_CPC"; Type: COMMENT; Schema: public; Owner: postgres
--

COMMENT ON COLUMN "tblINV_RQDetail"."RQD_CPC" IS 'Automated- hidden field- this will display the associated cost center of the selected RQD_Location [tblINV_Location::LOC_FK_CPC_id]';


--
-- Name: COLUMN "tblINV_RQDetail"."RQD_BaseUOM"; Type: COMMENT; Schema: public; Owner: postgres
--

COMMENT ON COLUMN "tblINV_RQDetail"."RQD_BaseUOM" IS 'Automated / Lookup- UOM of selected [RQD_ItemNo]- hidden field- this will be use to convert other';


--
-- Name: tblINV_RQDetail_RQD_LineNo_seq; Type: SEQUENCE; Schema: public; Owner: postgres
--

CREATE SEQUENCE "tblINV_RQDetail_RQD_LineNo_seq"
    START WITH 1
    INCREMENT BY 1
    NO MINVALUE
    NO MAXVALUE
    CACHE 1;


ALTER TABLE public."tblINV_RQDetail_RQD_LineNo_seq" OWNER TO postgres;

--
-- Name: tblINV_RQDetail_RQD_LineNo_seq; Type: SEQUENCE OWNED BY; Schema: public; Owner: postgres
--

ALTER SEQUENCE "tblINV_RQDetail_RQD_LineNo_seq" OWNED BY "tblINV_RQDetail"."RQD_LineNo";


--
-- Name: tblINV_RQL; Type: TABLE; Schema: public; Owner: postgres; Tablespace: 
--

CREATE TABLE "tblINV_RQL" (
    "RQL_DocNo" character varying(30) NOT NULL,
    "RQL_DocDate" timestamp without time zone,
    "RQL_RequestTo" character varying(30),
    "RQL_Remarks" text,
    "RQL_Requestor" character varying(30),
    "RQL_Status" character varying(30),
    "RQL_Location" character varying(30),
    "RQL_Company" character varying(30),
    "RQL_Amount" numeric(12,4),
    "CreatedBy" character varying(20),
    "DateCreated" timestamp without time zone,
    "ModifiedBy" character varying(20),
    "DateModified" timestamp without time zone
);


ALTER TABLE public."tblINV_RQL" OWNER TO postgres;

--
-- Name: tblINV_RQLDetail; Type: TABLE; Schema: public; Owner: postgres; Tablespace: 
--

CREATE TABLE "tblINV_RQLDetail" (
    "RQLD_RQ_DocNo" character varying(30) NOT NULL,
    "RQLD_ItemType" character varying(30),
    "RQLD_ItemNo" character varying(30),
    "RQLD_ItemDescription" character varying(250),
    "RQLD_Location" character varying(30),
    "RQLD_Qty" numeric(12,4),
    "RQLD_UOM" character varying(30),
    "RQLD_UnitCost" numeric(12,4),
    "RQLD_Amount" numeric(12,4),
    "RQLD_Comment" character varying(250),
    "RQLD_RefTo" character varying(30),
    "RQLD_RefStatus" character varying(20),
    "RQLD_CPC" character varying(30),
    "RQLD_BaseUOM" character varying(30),
    "CreatedBy" character varying(20),
    "DateCreated" timestamp without time zone,
    "ModifiedBy" character varying(20),
    "DateModified" timestamp without time zone,
    "RQLD_LineNo" bigint NOT NULL,
    "RQLD_Status" character varying(30),
    "RQLD_RefDocNo" character varying(30),
    "RQLD_RefFrom" character varying(30)
);


ALTER TABLE public."tblINV_RQLDetail" OWNER TO postgres;

--
-- Name: tblINV_RQLDetail_RQLD_LineNo_seq; Type: SEQUENCE; Schema: public; Owner: postgres
--

CREATE SEQUENCE "tblINV_RQLDetail_RQLD_LineNo_seq"
    START WITH 1
    INCREMENT BY 1
    NO MINVALUE
    NO MAXVALUE
    CACHE 1;


ALTER TABLE public."tblINV_RQLDetail_RQLD_LineNo_seq" OWNER TO postgres;

--
-- Name: tblINV_RQLDetail_RQLD_LineNo_seq; Type: SEQUENCE OWNED BY; Schema: public; Owner: postgres
--

ALTER SEQUENCE "tblINV_RQLDetail_RQLD_LineNo_seq" OWNED BY "tblINV_RQLDetail"."RQLD_LineNo";


--
-- Name: tblINV_Retrieval; Type: TABLE; Schema: public; Owner: postgres; Tablespace: 
--

CREATE TABLE "tblINV_Retrieval" (
    "RV_DocNo" character varying(30) NOT NULL,
    "RV_DocDate" timestamp without time zone NOT NULL,
    "RV_Period" character varying(30) NOT NULL,
    "RV_Week" integer NOT NULL,
    "RV_RetrievalDate" timestamp without time zone NOT NULL,
    "RV_Location" character varying(30) NOT NULL,
    "RV_Company" character varying(30) NOT NULL,
    "RV_Status" character varying(20) NOT NULL,
    "RV_TokenCounter" bigint,
    "RV_PisoTokenCounter" bigint,
    "RV_PisoCoinCounter" bigint,
    "CreatedBy" character varying(20),
    "DateCreated" timestamp without time zone,
    "ModifiedBy" character varying(20),
    "DateModified" timestamp without time zone
);


ALTER TABLE public."tblINV_Retrieval" OWNER TO postgres;

--
-- Name: tblINV_RetrievalMeterReading; Type: TABLE; Schema: public; Owner: postgres; Tablespace: 
--

CREATE TABLE "tblINV_RetrievalMeterReading" (
    "RVMR_RV_DocNo" character varying(30) NOT NULL,
    "RVMR_MachineTag" character varying(30) NOT NULL,
    "RVMR_LineNo" bigint NOT NULL,
    "RVMR_WeekNo" integer NOT NULL,
    "RVMR_Date" timestamp without time zone NOT NULL,
    "RVMR_QtyRetrieved" bigint NOT NULL,
    "RVMR_MeterNo" bigint NOT NULL,
    "RVMR_ReadingFrom" bigint NOT NULL,
    "RVMR_ReadingTo" bigint NOT NULL,
    "RVMR_MeterCount" bigint NOT NULL,
    "RVMR_VarianceQty" bigint NOT NULL,
    "RVMR_VarianceP" numeric(12,4) NOT NULL,
    "RVMR_Remarks" text,
    "CreatedBy" character varying(20),
    "DateCreated" timestamp without time zone,
    "ModifiedBy" character varying(20),
    "DateModified" timestamp without time zone
);


ALTER TABLE public."tblINV_RetrievalMeterReading" OWNER TO postgres;

--
-- Name: tblINV_RetrievalMeterReading_RVMR_LineNo_seq; Type: SEQUENCE; Schema: public; Owner: postgres
--

CREATE SEQUENCE "tblINV_RetrievalMeterReading_RVMR_LineNo_seq"
    START WITH 1
    INCREMENT BY 1
    NO MINVALUE
    NO MAXVALUE
    CACHE 1;


ALTER TABLE public."tblINV_RetrievalMeterReading_RVMR_LineNo_seq" OWNER TO postgres;

--
-- Name: tblINV_RetrievalMeterReading_RVMR_LineNo_seq; Type: SEQUENCE OWNED BY; Schema: public; Owner: postgres
--

ALTER SEQUENCE "tblINV_RetrievalMeterReading_RVMR_LineNo_seq" OWNED BY "tblINV_RetrievalMeterReading"."RVMR_LineNo";


--
-- Name: tblINV_RetrievalPisoCoin; Type: TABLE; Schema: public; Owner: postgres; Tablespace: 
--

CREATE TABLE "tblINV_RetrievalPisoCoin" (
    "RVPC_RV_DocNo" character varying(30) NOT NULL,
    "RVPC_MachineTag" character varying(30) NOT NULL,
    "RVPC_LineNo" bigint NOT NULL,
    "RVPC_WeekNo" integer NOT NULL,
    "RVPC_Date" timestamp without time zone NOT NULL,
    "RVPC_CounterFrom" bigint NOT NULL,
    "RVPC_CounterTo" bigint NOT NULL,
    "RVPC_QtyRetrieved" bigint NOT NULL,
    "RVPC_PisoToken" bigint NOT NULL,
    "RVPC_MTC" bigint NOT NULL,
    "RVPC_Remarks" text,
    "CreatedBy" character varying(20),
    "DateCreated" timestamp without time zone,
    "ModifiedBy" character varying(20),
    "DateModified" timestamp without time zone
);


ALTER TABLE public."tblINV_RetrievalPisoCoin" OWNER TO postgres;

--
-- Name: tblINV_RetrievalPisoCoin_RVPC_LineNo_seq; Type: SEQUENCE; Schema: public; Owner: postgres
--

CREATE SEQUENCE "tblINV_RetrievalPisoCoin_RVPC_LineNo_seq"
    START WITH 1
    INCREMENT BY 1
    NO MINVALUE
    NO MAXVALUE
    CACHE 1;


ALTER TABLE public."tblINV_RetrievalPisoCoin_RVPC_LineNo_seq" OWNER TO postgres;

--
-- Name: tblINV_RetrievalPisoCoin_RVPC_LineNo_seq; Type: SEQUENCE OWNED BY; Schema: public; Owner: postgres
--

ALTER SEQUENCE "tblINV_RetrievalPisoCoin_RVPC_LineNo_seq" OWNED BY "tblINV_RetrievalPisoCoin"."RVPC_LineNo";


--
-- Name: tblINV_RetrievalPisoToken; Type: TABLE; Schema: public; Owner: postgres; Tablespace: 
--

CREATE TABLE "tblINV_RetrievalPisoToken" (
    "RVPT_RV_DocNo" character varying(30) NOT NULL,
    "RVPT_MachineTag" character varying(30) NOT NULL,
    "RVPT_LineNo" bigint NOT NULL,
    "RVPT_WeekNo" integer NOT NULL,
    "RVPT_Date" timestamp without time zone NOT NULL,
    "RVPT_CounterFrom" bigint NOT NULL,
    "RVPT_CounterTo" bigint NOT NULL,
    "RVPT_QtyRetrieved" bigint NOT NULL,
    "RVPT_PisoCoin" bigint NOT NULL,
    "RVPT_MTC" bigint NOT NULL,
    "RVPT_Remarks" text,
    "CreatedBy" character varying(20),
    "DateCreated" timestamp without time zone,
    "ModifiedBy" character varying(20),
    "DateModified" timestamp without time zone
);


ALTER TABLE public."tblINV_RetrievalPisoToken" OWNER TO postgres;

--
-- Name: tblINV_RetrievalPisoToken_RVPT_LineNo_seq; Type: SEQUENCE; Schema: public; Owner: postgres
--

CREATE SEQUENCE "tblINV_RetrievalPisoToken_RVPT_LineNo_seq"
    START WITH 1
    INCREMENT BY 1
    NO MINVALUE
    NO MAXVALUE
    CACHE 1;


ALTER TABLE public."tblINV_RetrievalPisoToken_RVPT_LineNo_seq" OWNER TO postgres;

--
-- Name: tblINV_RetrievalPisoToken_RVPT_LineNo_seq; Type: SEQUENCE OWNED BY; Schema: public; Owner: postgres
--

ALTER SEQUENCE "tblINV_RetrievalPisoToken_RVPT_LineNo_seq" OWNED BY "tblINV_RetrievalPisoToken"."RVPT_LineNo";


--
-- Name: tblINV_RetrievalSummary; Type: TABLE; Schema: public; Owner: postgres; Tablespace: 
--

CREATE TABLE "tblINV_RetrievalSummary" (
    "RVS_RV_DocNo" character varying(30) NOT NULL,
    "RVS_WeekNo" integer NOT NULL,
    "RVS_Token" numeric(12,4) NOT NULL,
    "RVS_PisoToken" numeric(12,4) NOT NULL,
    "RVS_PisoCoin" numeric(12,4) NOT NULL,
    "RVS_Ticket" numeric(12,4) NOT NULL,
    "RVS_Total" numeric(12,4) NOT NULL
);


ALTER TABLE public."tblINV_RetrievalSummary" OWNER TO postgres;

--
-- Name: tblINV_RetrievalSummaryDetails; Type: TABLE; Schema: public; Owner: postgres; Tablespace: 
--

CREATE TABLE "tblINV_RetrievalSummaryDetails" (
    "RVSD_RVS_RV_DocNo" character varying(30) NOT NULL,
    "RVSD_RVS_WeekNo" integer NOT NULL,
    "RVSD_LineNo" bigint NOT NULL,
    "RVSD_Type" integer NOT NULL,
    "RVSD_Qty" numeric(12,4) NOT NULL,
    "RVSD_Price" numeric(12,4) NOT NULL,
    "RVSD_Amount" numeric(12,4) NOT NULL
);


ALTER TABLE public."tblINV_RetrievalSummaryDetails" OWNER TO postgres;

--
-- Name: tblINV_RetrievalSummaryDetails_RVSD_LineNo_seq; Type: SEQUENCE; Schema: public; Owner: postgres
--

CREATE SEQUENCE "tblINV_RetrievalSummaryDetails_RVSD_LineNo_seq"
    START WITH 1
    INCREMENT BY 1
    NO MINVALUE
    NO MAXVALUE
    CACHE 1;


ALTER TABLE public."tblINV_RetrievalSummaryDetails_RVSD_LineNo_seq" OWNER TO postgres;

--
-- Name: tblINV_RetrievalSummaryDetails_RVSD_LineNo_seq; Type: SEQUENCE OWNED BY; Schema: public; Owner: postgres
--

ALTER SEQUENCE "tblINV_RetrievalSummaryDetails_RVSD_LineNo_seq" OWNED BY "tblINV_RetrievalSummaryDetails"."RVSD_LineNo";


--
-- Name: tblINV_RetrievalTicket; Type: TABLE; Schema: public; Owner: postgres; Tablespace: 
--

CREATE TABLE "tblINV_RetrievalTicket" (
    "RVTR_RV_DocNo" character varying(30) NOT NULL,
    "RVTR_MachineTag" character varying(30) NOT NULL,
    "RVTR_LineNo" bigint NOT NULL,
    "RVTR_WeekNo" integer NOT NULL,
    "RVTR_Date" timestamp without time zone NOT NULL,
    "RVTR_TicketPrice" numeric(12,4) NOT NULL,
    "RVTR_QtyRetrieved" bigint NOT NULL,
    "RVTR_Remarks" text,
    "CreatedBy" character varying(20),
    "DateCreated" timestamp without time zone,
    "ModifiedBy" character varying(20),
    "DateModified" timestamp without time zone
);


ALTER TABLE public."tblINV_RetrievalTicket" OWNER TO postgres;

--
-- Name: tblINV_RetrievalTicketVariance; Type: TABLE; Schema: public; Owner: postgres; Tablespace: 
--

CREATE TABLE "tblINV_RetrievalTicketVariance" (
    "RVTIV_RV_DocNo" character varying(30) NOT NULL,
    "RVTIV_LineNo" bigint NOT NULL,
    "RVTIV_WeekNo" integer NOT NULL,
    "RVTIV_Date" timestamp without time zone NOT NULL,
    "RVTIV_TicketPrice" numeric(12,4) NOT NULL,
    "RVTIV_QtyRetrieved" bigint NOT NULL,
    "RVTIV_Sold" bigint NOT NULL,
    "RVTIV_VarianceQty" bigint NOT NULL,
    "RVTIV_VarianceP" numeric(12,4) NOT NULL,
    "RVTIV_Remarks" text,
    "CreatedBy" character varying(20),
    "DateCreated" timestamp without time zone,
    "ModifiedBy" character varying(20),
    "DateModified" timestamp without time zone
);


ALTER TABLE public."tblINV_RetrievalTicketVariance" OWNER TO postgres;

--
-- Name: tblINV_RetrievalTicketVariance_RVTIV_LineNo_seq; Type: SEQUENCE; Schema: public; Owner: postgres
--

CREATE SEQUENCE "tblINV_RetrievalTicketVariance_RVTIV_LineNo_seq"
    START WITH 1
    INCREMENT BY 1
    NO MINVALUE
    NO MAXVALUE
    CACHE 1;


ALTER TABLE public."tblINV_RetrievalTicketVariance_RVTIV_LineNo_seq" OWNER TO postgres;

--
-- Name: tblINV_RetrievalTicketVariance_RVTIV_LineNo_seq; Type: SEQUENCE OWNED BY; Schema: public; Owner: postgres
--

ALTER SEQUENCE "tblINV_RetrievalTicketVariance_RVTIV_LineNo_seq" OWNED BY "tblINV_RetrievalTicketVariance"."RVTIV_LineNo";


--
-- Name: tblINV_RetrievalTicket_RVTR_LineNo_seq; Type: SEQUENCE; Schema: public; Owner: postgres
--

CREATE SEQUENCE "tblINV_RetrievalTicket_RVTR_LineNo_seq"
    START WITH 1
    INCREMENT BY 1
    NO MINVALUE
    NO MAXVALUE
    CACHE 1;


ALTER TABLE public."tblINV_RetrievalTicket_RVTR_LineNo_seq" OWNER TO postgres;

--
-- Name: tblINV_RetrievalTicket_RVTR_LineNo_seq; Type: SEQUENCE OWNED BY; Schema: public; Owner: postgres
--

ALTER SEQUENCE "tblINV_RetrievalTicket_RVTR_LineNo_seq" OWNED BY "tblINV_RetrievalTicket"."RVTR_LineNo";


--
-- Name: tblINV_RetrievalToken; Type: TABLE; Schema: public; Owner: postgres; Tablespace: 
--

CREATE TABLE "tblINV_RetrievalToken" (
    "RVT_RV_DocNo" character varying(30) NOT NULL,
    "RVT_MachineTag" character varying(30) NOT NULL,
    "RVT_LineNo" bigint NOT NULL,
    "RVT_WeekNo" integer NOT NULL,
    "RVT_Date" timestamp without time zone NOT NULL,
    "RVT_CounterFrom" bigint NOT NULL,
    "RVT_CounterTo" bigint NOT NULL,
    "RVT_QtyRetrieved" bigint NOT NULL,
    "RVT_Free" bigint NOT NULL,
    "RVT_MTC" bigint NOT NULL,
    "RVT_Remarks" text,
    "CreatedBy" character varying(20),
    "DateCreated" timestamp without time zone,
    "ModifiedBy" character varying(20),
    "DateModified" timestamp without time zone
);


ALTER TABLE public."tblINV_RetrievalToken" OWNER TO postgres;

--
-- Name: tblINV_RetrievalTokenVariance; Type: TABLE; Schema: public; Owner: postgres; Tablespace: 
--

CREATE TABLE "tblINV_RetrievalTokenVariance" (
    "RVTOV_RV_DocNo" character varying(30) NOT NULL,
    "RVTOV_LineNo" bigint NOT NULL,
    "RVTOV_WeekNo" integer NOT NULL,
    "RVTOV_RetrievalDate" timestamp without time zone NOT NULL,
    "RVTOV_Particular" text NOT NULL,
    "RVTOV_QtyRetrieved" bigint NOT NULL,
    "RVTOV_Released" bigint NOT NULL,
    "RVTOV_VarianceQty" bigint NOT NULL,
    "RVTOV_VarianceP" numeric(12,4) NOT NULL,
    "RVTOV_Remarks" text,
    "CreatedBy" character varying(20),
    "DateCreated" timestamp without time zone,
    "ModifiedBy" character varying(20),
    "DateModified" timestamp without time zone
);


ALTER TABLE public."tblINV_RetrievalTokenVariance" OWNER TO postgres;

--
-- Name: tblINV_RetrievalTokenVariance_RVTOV_LineNo_seq; Type: SEQUENCE; Schema: public; Owner: postgres
--

CREATE SEQUENCE "tblINV_RetrievalTokenVariance_RVTOV_LineNo_seq"
    START WITH 1
    INCREMENT BY 1
    NO MINVALUE
    NO MAXVALUE
    CACHE 1;


ALTER TABLE public."tblINV_RetrievalTokenVariance_RVTOV_LineNo_seq" OWNER TO postgres;

--
-- Name: tblINV_RetrievalTokenVariance_RVTOV_LineNo_seq; Type: SEQUENCE OWNED BY; Schema: public; Owner: postgres
--

ALTER SEQUENCE "tblINV_RetrievalTokenVariance_RVTOV_LineNo_seq" OWNED BY "tblINV_RetrievalTokenVariance"."RVTOV_LineNo";


--
-- Name: tblINV_RetrievalToken_RVT_LineNo_seq; Type: SEQUENCE; Schema: public; Owner: postgres
--

CREATE SEQUENCE "tblINV_RetrievalToken_RVT_LineNo_seq"
    START WITH 1
    INCREMENT BY 1
    NO MINVALUE
    NO MAXVALUE
    CACHE 1;


ALTER TABLE public."tblINV_RetrievalToken_RVT_LineNo_seq" OWNER TO postgres;

--
-- Name: tblINV_RetrievalToken_RVT_LineNo_seq; Type: SEQUENCE OWNED BY; Schema: public; Owner: postgres
--

ALTER SEQUENCE "tblINV_RetrievalToken_RVT_LineNo_seq" OWNED BY "tblINV_RetrievalToken"."RVT_LineNo";


--
-- Name: tblINV_SalesInvoice; Type: TABLE; Schema: public; Owner: postgres; Tablespace: 
--

CREATE TABLE "tblINV_SalesInvoice" (
    "SI_DocNo" character varying(30) NOT NULL,
    "SI_DocDate" timestamp without time zone,
    "SI_CustomerID" character varying(30),
    "SI_CustomerName" character varying(250),
    "SI_CustomerAddress" character varying(250),
    "SI_Remarks" character varying(250),
    "SI_ExtDocNo" character varying(30),
    "SI_PayTermsID" character varying(30),
    "SI_DueDate" timestamp without time zone,
    "SI_Status" character varying(20),
    "SI_Amount" numeric(12,4),
    "SI_WHTAmount" numeric(12,4),
    "SI_VATAmount" numeric(12,4),
    "SI_Company" character varying(30),
    "SI_Location" character varying(30),
    "SI_CPG" character varying(30),
    "SI_VAT" character varying(30),
    "SI_WHT" character varying(30),
    "CreatedBy" character varying(20),
    "DateCreated" timestamp without time zone,
    "ModifiedBy" character varying(20),
    "DateModified" timestamp without time zone
);


ALTER TABLE public."tblINV_SalesInvoice" OWNER TO postgres;

--
-- Name: tblINV_SalesInvoiceDetail; Type: TABLE; Schema: public; Owner: postgres; Tablespace: 
--

CREATE TABLE "tblINV_SalesInvoiceDetail" (
    "SID_PFK_DocNo" character varying(30) NOT NULL,
    "SID_LineNo" bigint NOT NULL,
    "SID_ItemTypeID" character varying(30),
    "SID_ItemNo" character varying(30),
    "SID_ItemDescription" character varying(250),
    "SID_Location" character varying(30),
    "SID_SubLocation" character varying(30),
    "SID_Qty" numeric(12,4),
    "SID_UOM" character varying(30),
    "SID_UnitPrice" numeric(12,4),
    "SID_Amount" numeric(12,4),
    "SID_RefFrom" character varying(30),
    "SID_RefTo" character varying(30),
    "SID_CostCenter" character varying(30),
    "SID_Comment" character varying(250),
    "SID_VAT" character varying(30),
    "SID_WHT" character varying(30),
    "SID_IPG" character varying(30),
    "SID_WHTAmount" character varying(30),
    "SID_VATAmount" character varying(30),
    "SID_BaseUOM" character varying(30),
    "CreatedBy" character varying(20),
    "DateCreated" timestamp without time zone,
    "ModifiedBy" character varying(20),
    "DateModified" timestamp without time zone
);


ALTER TABLE public."tblINV_SalesInvoiceDetail" OWNER TO postgres;

--
-- Name: tblINV_SalesInvoiceDetail_SID_LineNo_seq; Type: SEQUENCE; Schema: public; Owner: postgres
--

CREATE SEQUENCE "tblINV_SalesInvoiceDetail_SID_LineNo_seq"
    START WITH 1
    INCREMENT BY 1
    NO MINVALUE
    NO MAXVALUE
    CACHE 1;


ALTER TABLE public."tblINV_SalesInvoiceDetail_SID_LineNo_seq" OWNER TO postgres;

--
-- Name: tblINV_SalesInvoiceDetail_SID_LineNo_seq; Type: SEQUENCE OWNED BY; Schema: public; Owner: postgres
--

ALTER SEQUENCE "tblINV_SalesInvoiceDetail_SID_LineNo_seq" OWNED BY "tblINV_SalesInvoiceDetail"."SID_LineNo";


--
-- Name: tblINV_SizeSet; Type: TABLE; Schema: public; Owner: postgres; Tablespace: 
--

CREATE TABLE "tblINV_SizeSet" (
    "SS_Id" character varying(30) NOT NULL,
    "SS_FK_SizeCat_id" character varying(30),
    "SS_Seq" integer,
    "SS_Active" boolean DEFAULT false,
    "CreatedBy" character varying(30),
    "ModifiedBy" character varying(30),
    "DateCreated" timestamp without time zone,
    "DateModified" timestamp without time zone
);


ALTER TABLE public."tblINV_SizeSet" OWNER TO postgres;

--
-- Name: tblINV_StoreProfile; Type: TABLE; Schema: public; Owner: postgres; Tablespace: 
--

CREATE TABLE "tblINV_StoreProfile" (
    "SP_StoreID" character varying(30) NOT NULL,
    "SP_StoreName" character varying(100),
    "SP_Address" character varying(100),
    "SP_FK_CompanyID" character varying(30),
    "SP_StoreType" character varying(30),
    "SP_StoreConcept" character varying(30),
    "SP_StoreClass" character varying(30),
    "SP_TelNo" character varying(30),
    "SP_FaxNo" character varying(30),
    "SP_TinNo" character varying(30),
    "SP_DateOpened" timestamp without time zone,
    "SP_ContractDuration" character varying(30),
    "SP_FloorArea" numeric(12,4),
    "SP_FixedRent" character varying(30),
    "CreatedBy" character varying(20),
    "ModifiedBy" character varying(20),
    "DateCreated" timestamp without time zone,
    "DateModified" timestamp without time zone,
    "SP_Active" bit(1) DEFAULT B'0'::"bit",
    "SP_FK_CPC_id" character varying(30),
    "SP_SharingScheme" numeric(12,4),
    "SP_DateClosed" timestamp without time zone,
    "SP_MainStore" character varying(30),
    "SP_FK_LocationType_id" bigint,
    "SP_Region" bigint,
    "SP_Area" bigint,
    "SP_DocNo" character varying(30),
    "SP_Status" character varying(30),
    "SP_Updates" json DEFAULT '[]'::json
);


ALTER TABLE public."tblINV_StoreProfile" OWNER TO postgres;

--
-- Name: tblINV_SubCategory; Type: TABLE; Schema: public; Owner: postgres; Tablespace: 
--

CREATE TABLE "tblINV_SubCategory" (
    "SC_Id" character varying(30) NOT NULL,
    "SC_Description" character varying(100),
    "SC_FK_Category_id" character varying(30),
    "SC_Active" bit(1) DEFAULT B'0'::"bit",
    "CreatedBy" character varying(30),
    "DateCreated" timestamp without time zone,
    "ModifiedBy" character varying(30),
    "DateModified" timestamp without time zone
);


ALTER TABLE public."tblINV_SubCategory" OWNER TO postgres;

--
-- Name: tblINV_TTPAssumptions; Type: TABLE; Schema: public; Owner: postgres; Tablespace: 
--

CREATE TABLE "tblINV_TTPAssumptions" (
    "TTP_SP_StoreID" character varying(30) NOT NULL,
    "TTP_LineNo" bigint NOT NULL,
    "TTP_Type" character varying(30) NOT NULL,
    "TTP_ItemNo" character varying(30) NOT NULL,
    "TTP_Price" numeric(12,4) NOT NULL,
    "CreatedBy" character varying(20),
    "DateCreated" timestamp without time zone,
    "ModifiedBy" character varying(20),
    "DateModified" timestamp without time zone
);


ALTER TABLE public."tblINV_TTPAssumptions" OWNER TO postgres;

--
-- Name: tblINV_TTPAssumptions_TTP_LineNo_seq; Type: SEQUENCE; Schema: public; Owner: postgres
--

CREATE SEQUENCE "tblINV_TTPAssumptions_TTP_LineNo_seq"
    START WITH 1
    INCREMENT BY 1
    NO MINVALUE
    NO MAXVALUE
    CACHE 1;


ALTER TABLE public."tblINV_TTPAssumptions_TTP_LineNo_seq" OWNER TO postgres;

--
-- Name: tblINV_TTPAssumptions_TTP_LineNo_seq; Type: SEQUENCE OWNED BY; Schema: public; Owner: postgres
--

ALTER SEQUENCE "tblINV_TTPAssumptions_TTP_LineNo_seq" OWNED BY "tblINV_TTPAssumptions"."TTP_LineNo";


--
-- Name: tblINV_UOMConversion; Type: TABLE; Schema: public; Owner: postgres; Tablespace: 
--

CREATE TABLE "tblINV_UOMConversion" (
    "UC_DocNo" character varying(30) NOT NULL,
    "UC_DocDate" timestamp without time zone,
    "UC_FK_BaseUOM_id" character varying(30),
    "UC_FK_ConvUOM_id" character varying(30),
    "UC_BaseQty" numeric(12,4),
    "UC_ConversionQty" numeric(12,4),
    "UC_DocumentStatus" text,
    "UC_Active" boolean,
    "CreatedBy" character varying(30),
    "ModifiedBy" character varying(30),
    "DateCreated" timestamp without time zone,
    "DateModified" timestamp without time zone
);


ALTER TABLE public."tblINV_UOMConversion" OWNER TO postgres;

--
-- Name: tblacc_crjheader_crj_docno_seq; Type: SEQUENCE; Schema: public; Owner: postgres
--

CREATE SEQUENCE tblacc_crjheader_crj_docno_seq
    START WITH 1
    INCREMENT BY 1
    NO MINVALUE
    NO MAXVALUE
    CACHE 1;


ALTER TABLE public.tblacc_crjheader_crj_docno_seq OWNER TO postgres;

--
-- Name: tblacc_crjheader_crj_docno_seq; Type: SEQUENCE OWNED BY; Schema: public; Owner: postgres
--

ALTER SEQUENCE tblacc_crjheader_crj_docno_seq OWNED BY "tblACC_CRJHeader"."CRJ_DocNo";


--
-- Name: testing; Type: SEQUENCE; Schema: public; Owner: postgres
--

CREATE SEQUENCE testing
    START WITH 604000
    INCREMENT BY 1
    MINVALUE 604000
    MAXVALUE 605000
    CACHE 1;


ALTER TABLE public.testing OWNER TO postgres;

--
-- Name: BAL_EntryNo; Type: DEFAULT; Schema: public; Owner: postgres
--

ALTER TABLE ONLY "tblACC_BankAccountLedger" ALTER COLUMN "BAL_EntryNo" SET DEFAULT nextval('"tblACC_BankAccountLedger_BAL_EntryNo_seq"'::regclass);


--
-- Name: BRD_LineNo; Type: DEFAULT; Schema: public; Owner: postgres
--

ALTER TABLE ONLY "tblACC_BankReconDetail" ALTER COLUMN "BRD_LineNo" SET DEFAULT nextval('"tblACC_BankReconDetail_BRD_LineNo_seq"'::regclass);


--
-- Name: GJD_LineNo; Type: DEFAULT; Schema: public; Owner: postgres
--

ALTER TABLE ONLY "tblACC_GJDetail" ALTER COLUMN "GJD_LineNo" SET DEFAULT nextval('"tblACC_GJDetail_GJD_LineNo_Seq"'::regclass);


--
-- Name: GL_EntryNo; Type: DEFAULT; Schema: public; Owner: postgres
--

ALTER TABLE ONLY "tblACC_GLEntry" ALTER COLUMN "GL_EntryNo" SET DEFAULT nextval('"tblACC_GLEntry_GL_EntryNo_seq"'::regclass);


--
-- Name: RFVDC_Id; Type: DEFAULT; Schema: public; Owner: postgres
--

ALTER TABLE ONLY "tblACC_RFVDChargeTo" ALTER COLUMN "RFVDC_Id" SET DEFAULT nextval('"tblACC_RFVDChargeTo_RFVDC_Id_seq"'::regclass);


--
-- Name: RFVD_LineNo; Type: DEFAULT; Schema: public; Owner: postgres
--

ALTER TABLE ONLY "tblACC_RFVDetail" ALTER COLUMN "RFVD_LineNo" SET DEFAULT nextval('"tblACC_RFVDetail_RFVD_LineNo_seq"'::regclass);


--
-- Name: AD_Id; Type: DEFAULT; Schema: public; Owner: postgres
--

ALTER TABLE ONLY "tblCOM_AttributeDetail" ALTER COLUMN "AD_Id" SET DEFAULT nextval('"tblCOM_AttributeDetail_AD_Id_seq"'::regclass);


--
-- Name: CAD_LineNo; Type: DEFAULT; Schema: public; Owner: postgres
--

ALTER TABLE ONLY "tblCOM_CADetail" ALTER COLUMN "CAD_LineNo" SET DEFAULT nextval('"tblCOM_CADetail_CAD_LineNo_seq"'::regclass);


--
-- Name: CAL_LineNo; Type: DEFAULT; Schema: public; Owner: postgres
--

ALTER TABLE ONLY "tblCOM_CALiquidation" ALTER COLUMN "CAL_LineNo" SET DEFAULT nextval('"tblCOM_CALiquidation_CAL_LineNo_seq"'::regclass);


--
-- Name: CL_EntryNo; Type: DEFAULT; Schema: public; Owner: postgres
--

ALTER TABLE ONLY "tblCOM_CustomerLedger" ALTER COLUMN "CL_EntryNo" SET DEFAULT nextval('"tblCOM_CustomerLedger_CL_EntryNo_seq"'::regclass);


--
-- Name: DT_EntryNo; Type: DEFAULT; Schema: public; Owner: postgres
--

ALTER TABLE ONLY "tblCOM_DocTracking" ALTER COLUMN "DT_EntryNo" SET DEFAULT nextval('"tblCOM_DocTracking_DT_EntryNo_seq"'::regclass);


--
-- Name: M_Module_id; Type: DEFAULT; Schema: public; Owner: postgres
--

ALTER TABLE ONLY "tblCOM_Module" ALTER COLUMN "M_Module_id" SET DEFAULT nextval('"tblCOM_Module_m_moduleid_seq"'::regclass);


--
-- Name: POD_LineNo; Type: DEFAULT; Schema: public; Owner: postgres
--

ALTER TABLE ONLY "tblCOM_PODetail" ALTER COLUMN "POD_LineNo" SET DEFAULT nextval('"tblCOM_PODetail_POD_LineNo_seq"'::regclass);


--
-- Name: POLD_LineNo; Type: DEFAULT; Schema: public; Owner: postgres
--

ALTER TABLE ONLY "tblCOM_POLDetail" ALTER COLUMN "POLD_LineNo" SET DEFAULT nextval('"tblCOM_POLDetail_POLD_LineNo_seq"'::regclass);


--
-- Name: RED_LineNo; Type: DEFAULT; Schema: public; Owner: postgres
--

ALTER TABLE ONLY "tblCOM_ReimbursementDetail" ALTER COLUMN "RED_LineNo" SET DEFAULT nextval('"tblCOM_ReimbursementDetail_RED_LineNo_seq"'::regclass);


--
-- Name: RFRD_LineNo; Type: DEFAULT; Schema: public; Owner: postgres
--

ALTER TABLE ONLY "tblCOM_ReplenishmentDetail" ALTER COLUMN "RFRD_LineNo" SET DEFAULT nextval('"tblCOM_ReplenishmentDetail_RFRD_LineNo_seq"'::regclass);


--
-- Name: SL_EntryNo; Type: DEFAULT; Schema: public; Owner: postgres
--

ALTER TABLE ONLY "tblCOM_SupplierLedger" ALTER COLUMN "SL_EntryNo" SET DEFAULT nextval('"tblCOM_SupplierLedger_SL_EntryNo_seq"'::regclass);


--
-- Name: TOD_LineNo; Type: DEFAULT; Schema: public; Owner: postgres
--

ALTER TABLE ONLY "tblCOM_TODetail" ALTER COLUMN "TOD_LineNo" SET DEFAULT nextval('"tblCOM_TODetail_TOD_LineNo_seq"'::regclass);


--
-- Name: TOLD_LineNo; Type: DEFAULT; Schema: public; Owner: postgres
--

ALTER TABLE ONLY "tblCOM_TOLDetail" ALTER COLUMN "TOLD_LineNo" SET DEFAULT nextval('"tblCOM_TOLDetail_TOLD_LineNo_seq"'::regclass);


--
-- Name: UA_Access_id; Type: DEFAULT; Schema: public; Owner: postgres
--

ALTER TABLE ONLY "tblCOM_UserAccess" ALTER COLUMN "UA_Access_id" SET DEFAULT nextval('"tblCOM_UserAccess_ua_accessid_seq"'::regclass);


--
-- Name: IRJD_LineNo; Type: DEFAULT; Schema: public; Owner: postgres
--

ALTER TABLE ONLY "tblINV_IRJDetail" ALTER COLUMN "IRJD_LineNo" SET DEFAULT nextval('"tblINV_IRJDetail_IRJD_LineNo_seq"'::regclass);


--
-- Name: IDD_Id; Type: DEFAULT; Schema: public; Owner: postgres
--

ALTER TABLE ONLY "tblINV_IdentifierDetails" ALTER COLUMN "IDD_Id" SET DEFAULT nextval('"tblINV_IdentifierDetails_IDD_Id_seq"'::regclass);


--
-- Name: IL_EntryNo; Type: DEFAULT; Schema: public; Owner: postgres
--

ALTER TABLE ONLY "tblINV_ItemLedger" ALTER COLUMN "IL_EntryNo" SET DEFAULT nextval('"tblINV_ItemLedger_IL_EntryNo_seq"'::regclass);


--
-- Name: IS_Id; Type: DEFAULT; Schema: public; Owner: postgres
--

ALTER TABLE ONLY "tblINV_ItemSupplier" ALTER COLUMN "IS_Id" SET DEFAULT nextval('"tblINV_ItemSupplier_IS_Id_seq"'::regclass);


--
-- Name: IUC_Id; Type: DEFAULT; Schema: public; Owner: postgres
--

ALTER TABLE ONLY "tblINV_ItemUOMConv" ALTER COLUMN "IUC_Id" SET DEFAULT nextval('"tblINV_ItemUOMConv_IUC_Id_seq"'::regclass);


--
-- Name: CS_CountSheetNo; Type: DEFAULT; Schema: public; Owner: postgres
--

ALTER TABLE ONLY "tblINV_PCountSheet" ALTER COLUMN "CS_CountSheetNo" SET DEFAULT nextval('"tblINV_PCountSheet_CS_CountSheetNo_seq"'::regclass);


--
-- Name: CSD_LineNo; Type: DEFAULT; Schema: public; Owner: postgres
--

ALTER TABLE ONLY "tblINV_PCountSheetDetails" ALTER COLUMN "CSD_LineNo" SET DEFAULT nextval('"tblINV_PCountSheetDetails_CSD_LineNo_seq"'::regclass);


--
-- Name: RQD_LineNo; Type: DEFAULT; Schema: public; Owner: postgres
--

ALTER TABLE ONLY "tblINV_RQDetail" ALTER COLUMN "RQD_LineNo" SET DEFAULT nextval('"tblINV_RQDetail_RQD_LineNo_seq"'::regclass);


--
-- Name: RQLD_LineNo; Type: DEFAULT; Schema: public; Owner: postgres
--

ALTER TABLE ONLY "tblINV_RQLDetail" ALTER COLUMN "RQLD_LineNo" SET DEFAULT nextval('"tblINV_RQLDetail_RQLD_LineNo_seq"'::regclass);


--
-- Name: RVMR_LineNo; Type: DEFAULT; Schema: public; Owner: postgres
--

ALTER TABLE ONLY "tblINV_RetrievalMeterReading" ALTER COLUMN "RVMR_LineNo" SET DEFAULT nextval('"tblINV_RetrievalMeterReading_RVMR_LineNo_seq"'::regclass);


--
-- Name: RVPC_LineNo; Type: DEFAULT; Schema: public; Owner: postgres
--

ALTER TABLE ONLY "tblINV_RetrievalPisoCoin" ALTER COLUMN "RVPC_LineNo" SET DEFAULT nextval('"tblINV_RetrievalPisoCoin_RVPC_LineNo_seq"'::regclass);


--
-- Name: RVPT_LineNo; Type: DEFAULT; Schema: public; Owner: postgres
--

ALTER TABLE ONLY "tblINV_RetrievalPisoToken" ALTER COLUMN "RVPT_LineNo" SET DEFAULT nextval('"tblINV_RetrievalPisoToken_RVPT_LineNo_seq"'::regclass);


--
-- Name: RVSD_LineNo; Type: DEFAULT; Schema: public; Owner: postgres
--

ALTER TABLE ONLY "tblINV_RetrievalSummaryDetails" ALTER COLUMN "RVSD_LineNo" SET DEFAULT nextval('"tblINV_RetrievalSummaryDetails_RVSD_LineNo_seq"'::regclass);


--
-- Name: RVTR_LineNo; Type: DEFAULT; Schema: public; Owner: postgres
--

ALTER TABLE ONLY "tblINV_RetrievalTicket" ALTER COLUMN "RVTR_LineNo" SET DEFAULT nextval('"tblINV_RetrievalTicket_RVTR_LineNo_seq"'::regclass);


--
-- Name: RVTIV_LineNo; Type: DEFAULT; Schema: public; Owner: postgres
--

ALTER TABLE ONLY "tblINV_RetrievalTicketVariance" ALTER COLUMN "RVTIV_LineNo" SET DEFAULT nextval('"tblINV_RetrievalTicketVariance_RVTIV_LineNo_seq"'::regclass);


--
-- Name: RVT_LineNo; Type: DEFAULT; Schema: public; Owner: postgres
--

ALTER TABLE ONLY "tblINV_RetrievalToken" ALTER COLUMN "RVT_LineNo" SET DEFAULT nextval('"tblINV_RetrievalToken_RVT_LineNo_seq"'::regclass);


--
-- Name: RVTOV_LineNo; Type: DEFAULT; Schema: public; Owner: postgres
--

ALTER TABLE ONLY "tblINV_RetrievalTokenVariance" ALTER COLUMN "RVTOV_LineNo" SET DEFAULT nextval('"tblINV_RetrievalTokenVariance_RVTOV_LineNo_seq"'::regclass);


--
-- Name: SID_LineNo; Type: DEFAULT; Schema: public; Owner: postgres
--

ALTER TABLE ONLY "tblINV_SalesInvoiceDetail" ALTER COLUMN "SID_LineNo" SET DEFAULT nextval('"tblINV_SalesInvoiceDetail_SID_LineNo_seq"'::regclass);


--
-- Name: TTP_LineNo; Type: DEFAULT; Schema: public; Owner: postgres
--

ALTER TABLE ONLY "tblINV_TTPAssumptions" ALTER COLUMN "TTP_LineNo" SET DEFAULT nextval('"tblINV_TTPAssumptions_TTP_LineNo_seq"'::regclass);


--
-- Name: actype100000; Type: SEQUENCE SET; Schema: public; Owner: postgres
--

SELECT pg_catalog.setval('actype100000', 106000, true);


--
-- Name: actype200000; Type: SEQUENCE SET; Schema: public; Owner: postgres
--

SELECT pg_catalog.setval('actype200000', 201000, false);


--
-- Name: actype300000; Type: SEQUENCE SET; Schema: public; Owner: postgres
--

SELECT pg_catalog.setval('actype300000', 301000, true);


--
-- Name: actype400000; Type: SEQUENCE SET; Schema: public; Owner: postgres
--

SELECT pg_catalog.setval('actype400000', 401000, false);


--
-- Name: actype500000; Type: SEQUENCE SET; Schema: public; Owner: postgres
--

SELECT pg_catalog.setval('actype500000', 503000, true);


--
-- Name: actype600000; Type: SEQUENCE SET; Schema: public; Owner: postgres
--

SELECT pg_catalog.setval('actype600000', 601000, false);


--
-- Name: actype700000; Type: SEQUENCE SET; Schema: public; Owner: postgres
--

SELECT pg_catalog.setval('actype700000', 701000, false);


--
-- Data for Name: ci_sessions; Type: TABLE DATA; Schema: public; Owner: postgres
--

INSERT INTO ci_sessions VALUES ('08a60bf9b743c12f508a1c8e5ec8d36396381b0e', '::1', 1457590931, 'X19jaV9sYXN0X3JlZ2VuZXJhdGV8aToxNDU3NTkwODcwO1VfVXNlcl9pZHxzOjc6ImdyZWdvcmkiO1VfVXNlcm5hbWV8czo3OiJncmVnb3JpIjtVX1Bhc3N3b3JkfHM6MzI6ImM1OGZhYmNhNTZiOGE2MGRjYWM3NDg0NDA5ZWU1YmE1IjtVX0ZLX1Bvc2l0aW9uX2lkfHM6NDoiMTAwMSI7Q3JlYXRlZEJ5fHM6MToiMSI7TW9kaWZpZWRCeXxzOjc6ImdyZWdvcmkiO0RhdGVDcmVhdGVkfHM6MTk6IjIwMTUtMTAtMTAgMDA6MDA6MDAiO0RhdGVNb2RpZmllZHxzOjE5OiIyMDE2LTAxLTI1IDE4OjU4OjUxIjtVX1JlZ19pZHxzOjE6IjEiO1VfU3RhdHVzfHM6MToiMSI7bG9jYXRpb258YTozOntpOjA7YTo3OntzOjE3OiJDQV9GS19Mb2NhdGlvbl9pZCI7czo1OiJBQ0NURyI7czoxMDoiU1BfU3RvcmVJRCI7czo1OiJBQ0NURyI7czoxMjoiU1BfU3RvcmVOYW1lIjtzOjEwOiJBY2NvdW50aW5nIjtzOjg6IkNPTV9OYW1lIjtzOjI6IktDIjtzOjY6IkNPTV9JZCI7czoyOiJLQyI7czo2OiJDUENfSWQiO3M6OToiQ1BDLUFDQ1RHIjtzOjg6IkNQQ19EZXNjIjtzOjEwOiJBY2NvdW50aW5nIjt9aToxO2E6Nzp7czoxNzoiQ0FfRktfTG9jYXRpb25faWQiO3M6NDoiU01NTSI7czoxMDoiU1BfU3RvcmVJRCI7czo0OiJTTU1NIjtzOjEyOiJTUF9TdG9yZU5hbWUiO3M6MTI6IlNNIC1NZWdhbWFsbCI7czo4OiJDT01fTmFtZSI7czoyOiJLQyI7czo2OiJDT01fSWQiO3M6MjoiS0MiO3M6NjoiQ1BDX0lkIjtzOjg6IkNQQy1TTU1NIjtzOjg6IkNQQ19EZXNjIjtzOjEyOiJTTSAtTWVnYW1hbGwiO31pOjI7YTo3OntzOjE3OiJDQV9GS19Mb2NhdGlvbl9pZCI7czozOiJQTEQiO3M6MTA6IlNQX1N0b3JlSUQiO3M6MzoiUExEIjtzOjEyOiJTUF9TdG9yZU5hbWUiO3M6MjI6IlB1cmNoYXNpbmcgJiBMb2dpc3RpY3MiO3M6ODoiQ09NX05hbWUiO3M6NDoiR1dPRiI7czo2OiJDT01fSWQiO3M6NDoiR1dPRiI7czo2OiJDUENfSWQiO3M6NzoiQ1BDLVBMRCI7czo4OiJDUENfRGVzYyI7czozOiJQTEQiO319ZGxvY2F0aW9ufGE6MzM6e3M6MTM6IkNBX0ZLX1VzZXJfaWQiO3M6NzoiZ3JlZ29yaSI7czoxNzoiQ0FfRktfTG9jYXRpb25faWQiO3M6NDoiU01NTSI7czo5OiJDcmVhdGVkQnkiO047czoxMToiRGF0ZUNyZWF0ZWQiO047czoxMDoiTW9kaWZpZWRCeSI7TjtzOjEyOiJEYXRlTW9kaWZpZWQiO047czo5OiJDQV9BY3RpdmUiO047czoxODoiQ0FfRGVmYXVsdExvY2F0aW9uIjtzOjE6IjEiO3M6MTA6IlNQX1N0b3JlSUQiO3M6NDoiU01NTSI7czoxMjoiU1BfU3RvcmVOYW1lIjtzOjEyOiJTTSAtTWVnYW1hbGwiO3M6MTA6IlNQX0FkZHJlc3MiO3M6NzoiQWRkcmVzcyI7czoxNToiU1BfRktfQ29tcGFueUlEIjtzOjI6IktDIjtzOjEyOiJTUF9TdG9yZVR5cGUiO3M6MToiMiI7czoxNToiU1BfU3RvcmVDb25jZXB0IjtzOjc6IkNvbmNlcHQiO3M6MTM6IlNQX1N0b3JlQ2xhc3MiO3M6NToiQ2xhc3MiO3M6ODoiU1BfVGVsTm8iO047czo4OiJTUF9GYXhObyI7TjtzOjg6IlNQX1Rpbk5vIjtOO3M6MTM6IlNQX0RhdGVPcGVuZWQiO047czoxOToiU1BfQ29udHJhY3REdXJhdGlvbiI7TjtzOjEyOiJTUF9GbG9vckFyZWEiO3M6ODoiMTIzLjAwMDAiO3M6MTI6IlNQX0ZpeGVkUmVudCI7TjtzOjk6IlNQX0FjdGl2ZSI7czoxOiIxIjtzOjEyOiJTUF9GS19DUENfaWQiO3M6ODoiQ1BDLVNNTU0iO3M6MTY6IlNQX1NoYXJpbmdTY2hlbWUiO047czoxMzoiU1BfRGF0ZUNsb3NlZCI7TjtzOjEyOiJTUF9NYWluU3RvcmUiO047czoyMToiU1BfRktfTG9jYXRpb25UeXBlX2lkIjtzOjM6IjExMSI7czo5OiJTUF9SZWdpb24iO3M6MzoiMTE0IjtzOjc6IlNQX0FyZWEiO3M6MzoiMTE1IjtzOjg6IlNQX0RvY05vIjtOO3M6OToiU1BfU3RhdHVzIjtzOjg6IkFwcHJvdmVkIjtzOjEwOiJTUF9VcGRhdGVzIjtzOjI6IltdIjt9Z3JvdXBpbmd8YTo5OntpOjA7YTo0OntzOjExOiJNX01vZHVsZV9pZCI7czoxOiIxIjtzOjEzOiJNX0Rlc2NyaXB0aW9uIjtzOjE0OiJBZG1pbmlzdHJhdGlvbiI7czo2OiJNX0ljb24iO3M6MTM6ImdseXBoaWNvbi1jb2ciO3M6OToiTV9UcmlnZ2VyIjtzOjE0OiJhZG1pbmlzdHJhdGlvbiI7fWk6MTthOjQ6e3M6MTE6Ik1fTW9kdWxlX2lkIjtzOjE6IjIiO3M6MTM6Ik1fRGVzY3JpcHRpb24iO3M6MTA6IlB1cmNoYXNpbmciO3M6NjoiTV9JY29uIjtzOjIzOiJnbHlwaGljb24tc2hvcHBpbmctY2FydCI7czo5OiJNX1RyaWdnZXIiO3M6MTA6InB1cmNoYXNpbmciO31pOjI7YTo0OntzOjExOiJNX01vZHVsZV9pZCI7czoxOiIzIjtzOjEzOiJNX0Rlc2NyaXB0aW9uIjtzOjIwOiJGaW5hbmNpYWwgTWFuYWdlbWVudCI7czo2OiJNX0ljb24iO3M6MjA6ImdseXBoaWNvbi1waWdneS1iYW5rIjtzOjk6Ik1fVHJpZ2dlciI7czoyMDoiZmluYW5jaWFsLW1hbmFnZW1lbnQiO31pOjM7YTo0OntzOjExOiJNX01vZHVsZV9pZCI7czoxOiI0IjtzOjEzOiJNX0Rlc2NyaXB0aW9uIjtzOjE2OiJTdG9yZSBPcGVyYXRpb25zIjtzOjY6Ik1fSWNvbiI7czoxOToiZ2x5cGhpY29uLXNoYXJlLWFsdCI7czo5OiJNX1RyaWdnZXIiO3M6MTU6InNhbGVzLW9wZXJhdGlvbiI7fWk6NDthOjQ6e3M6MTE6Ik1fTW9kdWxlX2lkIjtzOjE6IjUiO3M6MTM6Ik1fRGVzY3JpcHRpb24iO3M6MjI6IkZpeGVkIEFzc2V0IE1hbmFnZW1lbnQiO3M6NjoiTV9JY29uIjtzOjE5OiJnbHlwaGljb24tYnJpZWZjYXNlIjtzOjk6Ik1fVHJpZ2dlciI7czoyMjoiZml4ZWQtYXNzZXQtbWFuYWdlbWVudCI7fWk6NTthOjQ6e3M6MTE6Ik1fTW9kdWxlX2lkIjtzOjE6IjYiO3M6MTM6Ik1fRGVzY3JpcHRpb24iO3M6MzI6IldhcmVob3VzZSAmIExvZ2lzdGljcyBNYW5hZ2VtZW50IjtzOjY6Ik1fSWNvbiI7czoxNDoiZ2x5cGhpY29uLWhvbWUiO3M6OToiTV9UcmlnZ2VyIjtzOjIwOiJ3YXJlaG91c2UtbWFuYWdlbWVudCI7fWk6NjthOjQ6e3M6MTE6Ik1fTW9kdWxlX2lkIjtzOjE6IjciO3M6MTM6Ik1fRGVzY3JpcHRpb24iO3M6Mjg6Ikh1bWFuIFJlc291cmNlICYgUmVjcnVpdG1lbnQiO3M6NjoiTV9JY29uIjtzOjE0OiJnbHlwaGljb24tdXNlciI7czo5OiJNX1RyaWdnZXIiO3M6MjY6Imh1bWFuLXJlc291cmNlLXJlY3J1aXRtZW50Ijt9aTo3O2E6NDp7czoxMToiTV9Nb2R1bGVfaWQiO3M6MToiOCI7czoxMzoiTV9EZXNjcmlwdGlvbiI7czo3OiJSZXBvcnRzIjtzOjY6Ik1fSWNvbiI7czoxNDoiZ2x5cGhpY29uLWZpbGUiO3M6OToiTV9UcmlnZ2VyIjtzOjc6InJlcG9ydHMiO31pOjg7YTo0OntzOjExOiJNX01vZHVsZV9pZCI7czozOiIxODYiO3M6MTM6Ik1fRGVzY3JpcHRpb24iO3M6MjE6IlJlcGFpcnMgJiBNYWludGVuYW5jZSI7czo2OiJNX0ljb24iO3M6MTY6ImdseXBoaWNvbi13cmVuY2giO3M6OToiTV9UcmlnZ2VyIjtzOjE5OiJyZXBhaXJzLW1haW50ZW5hbmNlIjt9fWFsbHxzOjEzMjk5OiI8bGk+PGEgaHJlZj0namF2YXNjcmlwdDp2b2lkKDApJyBkYXRhLXRvZ2dsZT0nY29sbGFwc2UnIGRhdGEtdGFyZ2V0PScjZDY2NDZjNGM2ZTdlOTNlNDJkYWQxMmRiN2FhMGRkM2EnPkFkbWluaXN0cmF0aW9uPHNwYW4gY2xhc3M9J2dseXBoaWNvbiBnbHlwaGljb24tcGx1cy1zaWduIHB1bGwtcmlnaHQnPjwvc3Bhbj48L2E+PHVsIGNsYXNzPSduYXYgY29sbGFwc2Ugc3ViJyBpZD0nZDY2NDZjNGM2ZTdlOTNlNDJkYWQxMmRiN2FhMGRkM2EnPjxsaT48YSBocmVmPSdqYXZhc2NyaXB0OnZvaWQoMCknIGRhdGEtdG9nZ2xlPSdjb2xsYXBzZScgZGF0YS10YXJnZXQ9JyM4YTM2OTUyZjdjNDRlZmNjYTYwZDNjZmFkZmM4NGI4YSc+VXNlciBhbmQgQXBwcm92YWwgU2V0dXA8c3BhbiBjbGFzcz0nZ2x5cGhpY29uIGdseXBoaWNvbi1wbHVzLXNpZ24gcHVsbC1yaWdodCc+PC9zcGFuPjwvYT48dWwgY2xhc3M9J25hdiBjb2xsYXBzZSBzdWItc3ViJyBpZD0nOGEzNjk1MmY3YzQ0ZWZjY2E2MGQzY2ZhZGZjODRiOGEnPjxsaT48YSBocmVmPSdodHRwOi8vbG9jYWxob3N0L3dvZi9hcHAvYWRtaW5pc3RyYXRpb24vdXNlcnMnPlVzZXJzPC9hPjwvbGk+PGxpPjxhIGhyZWY9J2h0dHA6Ly9sb2NhbGhvc3Qvd29mL2FwcC9hZG1pbmlzdHJhdGlvbi9wb3NpdGlvbic+UG9zaXRpb248L2E+PC9saT48bGk+PGEgaHJlZj0naHR0cDovL2xvY2FsaG9zdC93b2YvYXBwL2FkbWluaXN0cmF0aW9uL2FwcHJvdmFsLXNldHVwJz5BcHByb3ZhbCBTZXR1cDwvYT48L2xpPjwvbGk+PC91bD48bGk+PGEgaHJlZj0namF2YXNjcmlwdDp2b2lkKDApJyBkYXRhLXRvZ2dsZT0nY29sbGFwc2UnIGRhdGEtdGFyZ2V0PScjMDg1YjI5ZGU4MTE2NGNiYmE2YzVlMDlmNjZkODI1YzEnPk1hc3RlciBGaWxlczxzcGFuIGNsYXNzPSdnbHlwaGljb24gZ2x5cGhpY29uLXBsdXMtc2lnbiBwdWxsLXJpZ2h0Jz48L3NwYW4+PC9hPjx1bCBjbGFzcz0nbmF2IGNvbGxhcHNlIHN1Yi1zdWInIGlkPScwODViMjlkZTgxMTY0Y2JiYTZjNWUwOWY2NmQ4MjVjMSc+PGxpPjxhIGhyZWY9J2h0dHA6Ly9sb2NhbGhvc3Qvd29mL2FwcC9hZG1pbmlzdHJhdGlvbi9jb3N0LXByb2ZpdC1jZW50ZXInPkNvc3QvUHJvZml0IENlbnRlcjwvYT48L2xpPjxsaT48YSBocmVmPSdodHRwOi8vbG9jYWxob3N0L3dvZi9hcHAvYWRtaW5pc3RyYXRpb24vY3VzdG9tZXInPkN1c3RvbWVyPC9hPjwvbGk+PGxpPjxhIGhyZWY9J2h0dHA6Ly9sb2NhbGhvc3Qvd29mL2FwcC9hZG1pbmlzdHJhdGlvbi9pdGVtLW1hc3Rlcic+SXRlbSBNYXN0ZXI8L2E+PC9saT48bGk+PGEgaHJlZj0naHR0cDovL2xvY2FsaG9zdC93b2YvYXBwL2FkbWluaXN0cmF0aW9uL2NvbXBhbnknPkNvbXBhbnk8L2E+PC9saT48bGk+PGEgaHJlZj0naHR0cDovL2xvY2FsaG9zdC93b2YvYXBwL2FkbWluaXN0cmF0aW9uL2xvY2F0aW9uJz5Mb2NhdGlvbiBTdHJ1Y3R1cmU8L2E+PC9saT48bGk+PGEgaHJlZj0naHR0cDovL2xvY2FsaG9zdC93b2YvYXBwL2FkbWluaXN0cmF0aW9uL3N1cHBsaWVyJz5TdXBwbGllcjwvYT48L2xpPjxsaT48YSBocmVmPSdodHRwOi8vbG9jYWxob3N0L3dvZi9hcHAvYWRtaW5pc3RyYXRpb24vc3RvcmUtcHJvZmlsZSc+U3RvcmUvRGVwYXJ0bWVudCBQcm9maWxlPC9hPjwvbGk+PGxpPjxhIGhyZWY9J2h0dHA6Ly9sb2NhbGhvc3Qvd29mL2FwcC9hZG1pbmlzdHJhdGlvbi9zZXJ2aWNlcyc+U2VydmljZXM8L2E+PC9saT48L2xpPjwvdWw+PGxpPjxhIGhyZWY9J2phdmFzY3JpcHQ6dm9pZCgwKScgZGF0YS10b2dnbGU9J2NvbGxhcHNlJyBkYXRhLXRhcmdldD0nI2U3NjExMmQ4NTY4ZDczYzMxZWEyZTNkOTQxYTMzYjk5Jz5BcHBsaWNhdGlvbiBTZXR1cDxzcGFuIGNsYXNzPSdnbHlwaGljb24gZ2x5cGhpY29uLXBsdXMtc2lnbiBwdWxsLXJpZ2h0Jz48L3NwYW4+PC9hPjx1bCBjbGFzcz0nbmF2IGNvbGxhcHNlIHN1Yi1zdWInIGlkPSdlNzYxMTJkODU2OGQ3M2MzMWVhMmUzZDk0MWEzM2I5OSc+PGxpPjxhIGhyZWY9J2phdmFzY3JpcHQ6dm9pZCgwKScgZGF0YS10b2dnbGU9J2NvbGxhcHNlJyBkYXRhLXRhcmdldD0nI2UxMTIzZmJlNDk2NDg1MTgxMGMzM2ZhMjUyNTA1MTFjJz5HZW5lcmFsPHNwYW4gY2xhc3M9J2dseXBoaWNvbiBnbHlwaGljb24tcGx1cy1zaWduIHB1bGwtcmlnaHQnPjwvc3Bhbj48L2E+PHVsIGNsYXNzPSduYXYgY29sbGFwc2Ugc3ViLXN1Yi1zdWInIGlkPSdlMTEyM2ZiZTQ5NjQ4NTE4MTBjMzNmYTI1MjUwNTExYyc+PGxpPjxhIGhyZWY9J2h0dHA6Ly9sb2NhbGhvc3Qvd29mL2FwcC9hZG1pbmlzdHJhdGlvbi9tb2R1bGVzJz5Nb2R1bGVzPC9hPjwvbGk+PGxpPjxhIGhyZWY9J2h0dHA6Ly9sb2NhbGhvc3Qvd29mL2FwcC9hZG1pbmlzdHJhdGlvbi9uby1zZXJpZXMnPk51bWJlciBTZXJpZXM8L2E+PC9saT48bGk+PGEgaHJlZj0naHR0cDovL2xvY2FsaG9zdC93b2YvYXBwL2FkbWluaXN0cmF0aW9uL2F0dHJpYnV0ZXMvMjYwJz5SZWdpb248L2E+PC9saT48bGk+PGEgaHJlZj0naHR0cDovL2xvY2FsaG9zdC93b2YvYXBwL2FkbWluaXN0cmF0aW9uL2F0dHJpYnV0ZXMvMjYxJz5BcmVhPC9hPjwvbGk+PGxpPjxhIGhyZWY9J2h0dHA6Ly9sb2NhbGhvc3Qvd29mL2FwcC9hZG1pbmlzdHJhdGlvbi9sb2NhdGlvbi1tYXNrJz5Mb2NhdGlvbiBMZXZlbDwvYT48L2xpPjxsaT48YSBocmVmPSdodHRwOi8vbG9jYWxob3N0L3dvZi9hcHAvYWRtaW5pc3RyYXRpb24vcmVhc29uJz5QdXJwb3NlPC9hPjwvbGk+PC9saT48L3VsPjxsaT48YSBocmVmPSdqYXZhc2NyaXB0OnZvaWQoMCknIGRhdGEtdG9nZ2xlPSdjb2xsYXBzZScgZGF0YS10YXJnZXQ9JyNjZTEzY2JmMjA1NDcwNjFmNzEwZDZjOGI1YWI3MWE0ZSc+QWNjb3VudGluZzxzcGFuIGNsYXNzPSdnbHlwaGljb24gZ2x5cGhpY29uLXBsdXMtc2lnbiBwdWxsLXJpZ2h0Jz48L3NwYW4+PC9hPjx1bCBjbGFzcz0nbmF2IGNvbGxhcHNlIHN1Yi1zdWItc3ViJyBpZD0nY2UxM2NiZjIwNTQ3MDYxZjcxMGQ2YzhiNWFiNzFhNGUnPjxsaT48YSBocmVmPSdodHRwOi8vbG9jYWxob3N0L3dvZi9hcHAvYWRtaW5pc3RyYXRpb24vY3VzdG9tZXItdHlwZSc+Q3VzdG9tZXIgVHlwZTwvYT48L2xpPjxsaT48YSBocmVmPSdodHRwOi8vbG9jYWxob3N0L3dvZi9hcHAvYWRtaW5pc3RyYXRpb24vYXR0cmlidXRlcy8zNCc+Q3VycmVuY3k8L2E+PC9saT48bGk+PGEgaHJlZj0naHR0cDovL2xvY2FsaG9zdC93b2YvYXBwL2FkbWluaXN0cmF0aW9uL2F0dHJpYnV0ZXMvMTQ2Jz5GaXhlZCBBc3NldCBDbGFzczwvYT48L2xpPjxsaT48YSBocmVmPSdodHRwOi8vbG9jYWxob3N0L3dvZi9hcHAvYWRtaW5pc3RyYXRpb24vYXR0cmlidXRlcy8xNTInPkNvc3QvUHJvZml0IENsYXNzPC9hPjwvbGk+PGxpPjxhIGhyZWY9J2h0dHA6Ly9sb2NhbGhvc3Qvd29mL2FwcC9hZG1pbmlzdHJhdGlvbi9hdHRyaWJ1dGVzLzE0OSc+TWFjaGluZSBUeXBlPC9hPjwvbGk+PGxpPjxhIGhyZWY9J2h0dHA6Ly9sb2NhbGhvc3Qvd29mL2FwcC9hZG1pbmlzdHJhdGlvbi9hdHRyaWJ1dGVzLzE1Nic+U3VwcGxpZXIgVHlwZTwvYT48L2xpPjxsaT48YSBocmVmPSdodHRwOi8vbG9jYWxob3N0L3dvZi9hcHAvYWRtaW5pc3RyYXRpb24vcGF5bWVudC10ZXJtcyc+UGF5bWVudCBUZXJtczwvYT48L2xpPjxsaT48YSBocmVmPSdodHRwOi8vbG9jYWxob3N0L3dvZi9hcHAvYWRtaW5pc3RyYXRpb24vdGF4Jz5UYXg8L2E+PC9saT48L2xpPjwvdWw+PGxpPjxhIGhyZWY9J2h0dHA6Ly9sb2NhbGhvc3Qvd29mL2FwcC9hZG1pbmlzdHJhdGlvbi9leGNoYW5nZS1yYXRlJz5FeGhhbmdlIFJhdGU8L2E+PC9saT48bGk+PGEgaHJlZj0namF2YXNjcmlwdDp2b2lkKDApJyBkYXRhLXRvZ2dsZT0nY29sbGFwc2UnIGRhdGEtdGFyZ2V0PScjNDc5MjY4NzY4ZTMxMDMyNTE1ZTdjYzA5MjFjNTllMjQnPkludmVudG9yeTxzcGFuIGNsYXNzPSdnbHlwaGljb24gZ2x5cGhpY29uLXBsdXMtc2lnbiBwdWxsLXJpZ2h0Jz48L3NwYW4+PC9hPjx1bCBjbGFzcz0nbmF2IGNvbGxhcHNlIHN1Yi1zdWItc3ViJyBpZD0nNDc5MjY4NzY4ZTMxMDMyNTE1ZTdjYzA5MjFjNTllMjQnPjxsaT48YSBocmVmPSdodHRwOi8vbG9jYWxob3N0L3dvZi9hcHAvYWRtaW5pc3RyYXRpb24vYXR0cmlidXRlcy8zMyc+VW5pdCBvZiBNZWFzdXJlbWVudDwvYT48L2xpPjxsaT48YSBocmVmPSdodHRwOi8vbG9jYWxob3N0L3dvZi9hcHAvYWRtaW5pc3RyYXRpb24vYXR0cmlidXRlcy8xNDQnPkxvY2F0aW9uIFR5cGU8L2E+PC9saT48bGk+PGEgaHJlZj0naHR0cDovL2xvY2FsaG9zdC93b2YvYXBwL2FkbWluaXN0cmF0aW9uL2l0ZW0tdHlwZSc+SXRlbSBUeXBlPC9hPjwvbGk+PGxpPjxhIGhyZWY9J2h0dHA6Ly9sb2NhbGhvc3Qvd29mL2FwcC9hZG1pbmlzdHJhdGlvbi9jYXRlZ29yeSc+Q2F0ZWdvcnk8L2E+PC9saT48bGk+PGEgaHJlZj0naHR0cDovL2xvY2FsaG9zdC93b2YvYXBwL2FkbWluaXN0cmF0aW9uL2J1eWVyLXNldHVwJz5CdXllciBTZXR1cDwvYT48L2xpPjxsaT48YSBocmVmPSdodHRwOi8vbG9jYWxob3N0L3dvZi9hcHAvYWRtaW5pc3RyYXRpb24vc3ViLWNhdGVnb3J5Jz5TdWIgQ2F0ZWdvcnk8L2E+PC9saT48bGk+PGEgaHJlZj0naHR0cDovL2xvY2FsaG9zdC93b2YvYXBwL2FkbWluaXN0cmF0aW9uL2lkZW50aWZpZXItc2V0dXAnPklkZW50aWZpZXIgU2V0dXA8L2E+PC9saT48bGk+PGEgaHJlZj0naHR0cDovL2xvY2FsaG9zdC93b2YvYXBwL2FkbWluaXN0cmF0aW9uL2RlcGFydG1lbnQtc2V0dXAnPkNvbmNlcm5lZCBEZXBhcnRtZW50IFNldHVwPC9hPjwvbGk+PGxpPjxhIGhyZWY9J2h0dHA6Ly9sb2NhbGhvc3Qvd29mL2FwcC9hZG1pbmlzdHJhdGlvbi9pZGVudGlmaWVyJz5JZGVudGlmaWVyPC9hPjwvbGk+PC9saT48L3VsPjwvbGk+PC91bD48L2xpPjwvdWw+PGxpPjxhIGhyZWY9J2phdmFzY3JpcHQ6dm9pZCgwKScgZGF0YS10b2dnbGU9J2NvbGxhcHNlJyBkYXRhLXRhcmdldD0nI2JjOGQzZjc5MzhmOWM5MjU1NjE3YWJiZThlOGIzNTMwJz5QdXJjaGFzaW5nPHNwYW4gY2xhc3M9J2dseXBoaWNvbiBnbHlwaGljb24tcGx1cy1zaWduIHB1bGwtcmlnaHQnPjwvc3Bhbj48L2E+PHVsIGNsYXNzPSduYXYgY29sbGFwc2Ugc3ViJyBpZD0nYmM4ZDNmNzkzOGY5YzkyNTU2MTdhYmJlOGU4YjM1MzAnPjxsaT48YSBocmVmPSdodHRwOi8vbG9jYWxob3N0L3dvZi9hcHAvcHVyY2hhc2luZy9kb2N1bWVudC1hcHByb3ZhbCc+RG9jdW1lbnQgQXBwcm92YWw8L2E+PC9saT48bGk+PGEgaHJlZj0naHR0cDovL2xvY2FsaG9zdC93b2YvYXBwL3B1cmNoYXNpbmcvcmVxdWlzaXRpb24nPlJlcXVpc2l0aW9uIChSUSk8L2E+PC9saT48bGk+PGEgaHJlZj0naHR0cDovL2xvY2FsaG9zdC93b2YvYXBwL3B1cmNoYXNpbmcvcHVyY2hhc2Utb3JkZXInPlB1cmNoYXNlIE9yZGVyIChQTyk8L2E+PC9saT48L2xpPjwvdWw+PGxpPjxhIGhyZWY9J2phdmFzY3JpcHQ6dm9pZCgwKScgZGF0YS10b2dnbGU9J2NvbGxhcHNlJyBkYXRhLXRhcmdldD0nIzY4ZjA5MWY1ZTAxZjMyYWIxYmM5YmRmNThiNDMzZmE4Jz5GaW5hbmNpYWwgTWFuYWdlbWVudDxzcGFuIGNsYXNzPSdnbHlwaGljb24gZ2x5cGhpY29uLXBsdXMtc2lnbiBwdWxsLXJpZ2h0Jz48L3NwYW4+PC9hPjx1bCBjbGFzcz0nbmF2IGNvbGxhcHNlIHN1YicgaWQ9JzY4ZjA5MWY1ZTAxZjMyYWIxYmM5YmRmNThiNDMzZmE4Jz48bGk+PGEgaHJlZj0naHR0cDovL2xvY2FsaG9zdC93b2YvYXBwL2ZpbmFuY2lhbC1tYW5hZ2VtZW50L2RvY3VtZW50LWFwcHJvdmFsJz5Eb2N1bWVudCBBcHByb3ZhbDwvYT48L2xpPjxsaT48YSBocmVmPSdqYXZhc2NyaXB0OnZvaWQoMCknIGRhdGEtdG9nZ2xlPSdjb2xsYXBzZScgZGF0YS10YXJnZXQ9JyNhNTUxNWZlNDRhZmRjZjQ2ZjkwYTRkMmU1ZDk4YzAwOCc+UmVjZWl2YWJsZXM8c3BhbiBjbGFzcz0nZ2x5cGhpY29uIGdseXBoaWNvbi1wbHVzLXNpZ24gcHVsbC1yaWdodCc+PC9zcGFuPjwvYT48dWwgY2xhc3M9J25hdiBjb2xsYXBzZSBzdWItc3ViJyBpZD0nYTU1MTVmZTQ0YWZkY2Y0NmY5MGE0ZDJlNWQ5OGMwMDgnPjxsaT48YSBocmVmPSdodHRwOi8vbG9jYWxob3N0L3dvZi9hcHAvZmluYW5jaWFsLW1hbmFnZW1lbnQvc2FsZXMtaW52b2ljZSc+U2FsZXMgSW52b2ljZTwvYT48L2xpPjxsaT48YSBocmVmPSdodHRwOi8vbG9jYWxob3N0L3dvZi9hcHAvZmluYW5jaWFsLW1hbmFnZW1lbnQvY2FzaC1yZWNlaXB0LWpvdXJuYWwnPkNhc2ggUmVjZWlwdCBKb3VybmFsIChDUkopPC9hPjwvbGk+PGxpPjxhIGhyZWY9J2h0dHA6Ly9sb2NhbGhvc3Qvd29mL2FwcC9maW5hbmNpYWwtbWFuYWdlbWVudC9jdXN0b21lcic+Q3VzdG9tZXI8L2E+PC9saT48L2xpPjwvdWw+PGxpPjxhIGhyZWY9J2phdmFzY3JpcHQ6dm9pZCgwKScgZGF0YS10b2dnbGU9J2NvbGxhcHNlJyBkYXRhLXRhcmdldD0nI2JkODY5OTZiYjcwOTFiMjE0NjliODA4NWZmNjFkNTczJz5QYXlhYmxlczxzcGFuIGNsYXNzPSdnbHlwaGljb24gZ2x5cGhpY29uLXBsdXMtc2lnbiBwdWxsLXJpZ2h0Jz48L3NwYW4+PC9hPjx1bCBjbGFzcz0nbmF2IGNvbGxhcHNlIHN1Yi1zdWInIGlkPSdiZDg2OTk2YmI3MDkxYjIxNDY5YjgwODVmZjYxZDU3Myc+PGxpPjxhIGhyZWY9J2h0dHA6Ly9sb2NhbGhvc3Qvd29mL2FwcC9maW5hbmNpYWwtbWFuYWdlbWVudC9hY2NvdW50cy1wYXlhYmxlLXZvdWNoZXInPkFjY291bnRzIFBheWFibGUgVm91Y2hlcjwvYT48L2xpPjxsaT48YSBocmVmPSdodHRwOi8vbG9jYWxob3N0L3dvZi9hcHAvZmluYW5jaWFsLW1hbmFnZW1lbnQvY2hlY2stdm91Y2hlcic+Q2hlY2sgVm91Y2hlcjwvYT48L2xpPjxsaT48YSBocmVmPSdodHRwOi8vbG9jYWxob3N0L3dvZi9hcHAvZmluYW5jaWFsLW1hbmFnZW1lbnQvYW1vcnRpemF0aW9uLXByZXBhaWQtZXhwZW5zZSc+QW1vcnRpemF0aW9uIC0gUHJlcGFpZCBFeHBlbnNlPC9hPjwvbGk+PGxpPjxhIGhyZWY9J2h0dHA6Ly9sb2NhbGhvc3Qvd29mL2FwcC9maW5hbmNpYWwtbWFuYWdlbWVudC9hbW9ydGl6YXRpb24tbG9hbic+QW1vcnRpemF0aW9uIC0gTG9hbnM8L2E+PC9saT48bGk+PGEgaHJlZj0naHR0cDovL2xvY2FsaG9zdC93b2YvYXBwL2ZpbmFuY2lhbC1tYW5hZ2VtZW50L3N1cHBsaWVyJz5TdXBwbGllcjwvYT48L2xpPjwvbGk+PC91bD48bGk+PGEgaHJlZj0namF2YXNjcmlwdDp2b2lkKDApJyBkYXRhLXRvZ2dsZT0nY29sbGFwc2UnIGRhdGEtdGFyZ2V0PScjZDRiOWI2YTAyZDk3ZDRjNDEwNzgxNTFiNmQ3ZWFhMDUnPkNhc2ggTWFuYWdlbWVudDxzcGFuIGNsYXNzPSdnbHlwaGljb24gZ2x5cGhpY29uLXBsdXMtc2lnbiBwdWxsLXJpZ2h0Jz48L3NwYW4+PC9hPjx1bCBjbGFzcz0nbmF2IGNvbGxhcHNlIHN1Yi1zdWInIGlkPSdkNGI5YjZhMDJkOTdkNGM0MTA3ODE1MWI2ZDdlYWEwNSc+PGxpPjxhIGhyZWY9J2phdmFzY3JpcHQ6dm9pZCgwKScgZGF0YS10b2dnbGU9J2NvbGxhcHNlJyBkYXRhLXRhcmdldD0nI2Y0MmRhMmJiN2UyNzA1YWY2ODhlNzEyNmRkYjljODI5Jz5CdWRnZXQgYW5kIEV4cGVuc2U8c3BhbiBjbGFzcz0nZ2x5cGhpY29uIGdseXBoaWNvbi1wbHVzLXNpZ24gcHVsbC1yaWdodCc+PC9zcGFuPjwvYT48dWwgY2xhc3M9J25hdiBjb2xsYXBzZSBzdWItc3ViLXN1YicgaWQ9J2Y0MmRhMmJiN2UyNzA1YWY2ODhlNzEyNmRkYjljODI5Jz48bGk+PGEgaHJlZj0naHR0cDovL2xvY2FsaG9zdC93b2YvYXBwL2ZpbmFuY2lhbC1tYW5hZ2VtZW50L2J1ZGdldC1leHBlbnNlL29wZXJhdGlvbi1idWRnZXQnPk9wZXJhdGlvbiBCdWRnZXQ8L2E+PC9saT48bGk+PGEgaHJlZj0naHR0cDovL2xvY2FsaG9zdC93b2YvYXBwL2ZpbmFuY2lhbC1tYW5hZ2VtZW50L2J1ZGdldC1leHBlbnNlL2NhcGl0YWwtZXhwZW5kZXR1cmUnPkNhcGl0YWwgRXhwZW5kaXR1cmU8L2E+PC9saT48L2xpPjwvdWw+PGxpPjxhIGhyZWY9J2h0dHA6Ly9sb2NhbGhvc3Qvd29mL2FwcC9maW5hbmNpYWwtbWFuYWdlbWVudC9iYW5rLWFjY291bnRzJz5CYW5rIEFjY291bnRzPC9hPjwvbGk+PGxpPjxhIGhyZWY9J2h0dHA6Ly9sb2NhbGhvc3Qvd29mL2FwcC9maW5hbmNpYWwtbWFuYWdlbWVudC9jYXNoLWFkdmFuY2UnPkNhc2ggQWR2YW5jZSAoQ0EpPC9hPjwvbGk+PGxpPjxhIGhyZWY9J2phdmFzY3JpcHQ6dm9pZCgwKScgZGF0YS10b2dnbGU9J2NvbGxhcHNlJyBkYXRhLXRhcmdldD0nIzljYWRiYzdkYjkxZGU2NDZmN2EyYzkxNGQ1YTA4YTM2Jz5SZXZvbHZpbmcgRnVuZDxzcGFuIGNsYXNzPSdnbHlwaGljb24gZ2x5cGhpY29uLXBsdXMtc2lnbiBwdWxsLXJpZ2h0Jz48L3NwYW4+PC9hPjx1bCBjbGFzcz0nbmF2IGNvbGxhcHNlIHN1Yi1zdWItc3ViJyBpZD0nOWNhZGJjN2RiOTFkZTY0NmY3YTJjOTE0ZDVhMDhhMzYnPjxsaT48YSBocmVmPSdodHRwOi8vbG9jYWxob3N0L3dvZi9hcHAvZmluYW5jaWFsLW1hbmFnZW1lbnQvcmV2b2x2aW5nLWZ1bmQtdm91Y2hlcic+UmV2b2x2aW5nIEZ1bmQgVm91Y2hlcjwvYT48L2xpPjxsaT48YSBocmVmPSdodHRwOi8vbG9jYWxob3N0L3dvZi9hcHAvZmluYW5jaWFsLW1hbmFnZW1lbnQvcmV2b2x2aW5nLWZ1bmQtcmVwbGVuaXNobWVudCc+UmV2b2x2aW5nIEZ1bmQgUmVwbGVuaXNobWVudDwvYT48L2xpPjwvbGk+PC91bD48bGk+PGEgaHJlZj0naHR0cDovL2xvY2FsaG9zdC93b2YvYXBwL2ZpbmFuY2lhbC1tYW5hZ2VtZW50L2JhbmstcmVjb25jaWxpYXRpb24nPkJhbmsgUmVjb25jaWxpYXRpb248L2E+PC9saT48bGk+PGEgaHJlZj0naHR0cDovL2xvY2FsaG9zdC93b2YvYXBwL2ZpbmFuY2lhbC1tYW5hZ2VtZW50L3JlaW1idXJzZW1lbnQnPlJlaW1idXJzZW1lbnQ8L2E+PC9saT48L2xpPjwvdWw+PGxpPjxhIGhyZWY9J2phdmFzY3JpcHQ6dm9pZCgwKScgZGF0YS10b2dnbGU9J2NvbGxhcHNlJyBkYXRhLXRhcmdldD0nIzU2ZTA1ZmMwYmFmZmQ4Y2M4MzcwYzU0NTE4MGViODEwJz5HZW5lcmFsPHNwYW4gY2xhc3M9J2dseXBoaWNvbiBnbHlwaGljb24tcGx1cy1zaWduIHB1bGwtcmlnaHQnPjwvc3Bhbj48L2E+PHVsIGNsYXNzPSduYXYgY29sbGFwc2Ugc3ViLXN1YicgaWQ9JzU2ZTA1ZmMwYmFmZmQ4Y2M4MzcwYzU0NTE4MGViODEwJz48bGk+PGEgaHJlZj0naHR0cDovL2xvY2FsaG9zdC93b2YvYXBwL2ZpbmFuY2lhbC1tYW5hZ2VtZW50L3JlcXVpc2l0aW9uJz5SZXF1aXNpdGlvbiAoUlEpPC9hPjwvbGk+PGxpPjxhIGhyZWY9J2h0dHA6Ly9sb2NhbGhvc3Qvd29mL2FwcC9maW5hbmNpYWwtbWFuYWdlbWVudC9yZXF1ZXN0LXBheW1lbnQnPlJlcXVlc3QgUGF5bWVudCAoUlApPC9hPjwvbGk+PC9saT48L3VsPjxsaT48YSBocmVmPSdqYXZhc2NyaXB0OnZvaWQoMCknIGRhdGEtdG9nZ2xlPSdjb2xsYXBzZScgZGF0YS10YXJnZXQ9JyMxMzNiOTgyMjRlOGI5NzA3NTM5YmI3ZTczYmIzMjZkYSc+R2VuZXJhbCBMZWRnZXI8c3BhbiBjbGFzcz0nZ2x5cGhpY29uIGdseXBoaWNvbi1wbHVzLXNpZ24gcHVsbC1yaWdodCc+PC9zcGFuPjwvYT48dWwgY2xhc3M9J25hdiBjb2xsYXBzZSBzdWItc3ViJyBpZD0nMTMzYjk4MjI0ZThiOTcwNzUzOWJiN2U3M2JiMzI2ZGEnPjxsaT48YSBocmVmPSdodHRwOi8vbG9jYWxob3N0L3dvZi9hcHAvZmluYW5jaWFsLW1hbmFnZW1lbnQvY2hhcnQtb2YtYWNjb3VudHMnPkNoYXJ0IG9mIEFjY291bnRzPC9hPjwvbGk+PGxpPjxhIGhyZWY9J2h0dHA6Ly9sb2NhbGhvc3Qvd29mL2FwcC9maW5hbmNpYWwtbWFuYWdlbWVudC93b3JraW5nLXRyaWFsLWJhbGFuY2UnPldvcmtpbmcgVHJpYWwgQmFsYW5jZTwvYT48L2xpPjxsaT48YSBocmVmPSdodHRwOi8vbG9jYWxob3N0L3dvZi9hcHAvZmluYW5jaWFsLW1hbmFnZW1lbnQvZ2VuZXJhbC1qb3VybmFsJz5HZW5lcmFsIEpvdXJuYWw8L2E+PC9saT48bGk+PGEgaHJlZj0naHR0cDovL2xvY2FsaG9zdC93b2YvYXBwL2ZpbmFuY2lhbC1tYW5hZ2VtZW50L2RlYml0LWNyZWRpdC1tZW1vJz5DcmVkaXQvRGViaXQgTWVtbzwvYT48L2xpPjwvbGk+PC91bD48bGk+PGEgaHJlZj0namF2YXNjcmlwdDp2b2lkKDApJyBkYXRhLXRvZ2dsZT0nY29sbGFwc2UnIGRhdGEtdGFyZ2V0PScjY2FlYTQ3ZGVkMzIwOGYzZGMzYjc5YzY3OTBjNGZhNDgnPlBvc3RpbmcgU2V0dXA8c3BhbiBjbGFzcz0nZ2x5cGhpY29uIGdseXBoaWNvbi1wbHVzLXNpZ24gcHVsbC1yaWdodCc+PC9zcGFuPjwvYT48dWwgY2xhc3M9J25hdiBjb2xsYXBzZSBzdWItc3ViJyBpZD0nY2FlYTQ3ZGVkMzIwOGYzZGMzYjc5YzY3OTBjNGZhNDgnPjxsaT48YSBocmVmPSdodHRwOi8vbG9jYWxob3N0L3dvZi9hcHAvZmluYW5jaWFsLW1hbmFnZW1lbnQvYm9vay1zZXR1cCc+Qm9vayBTZXR1cDwvYT48L2xpPjxsaT48YSBocmVmPSdodHRwOi8vbG9jYWxob3N0L3dvZi9hcHAvZmluYW5jaWFsLW1hbmFnZW1lbnQvZml4ZWQtYXNzZXQtcG9zdGluZy1ncm91cCc+Rml4ZWQgQXNzZXQ8L2E+PC9saT48bGk+PGEgaHJlZj0naHR0cDovL2xvY2FsaG9zdC93b2YvYXBwL2ZpbmFuY2lhbC1tYW5hZ2VtZW50L2JhbmstcG9zdGluZy1ncm91cCc+QmFuazwvYT48L2xpPjxsaT48YSBocmVmPSdodHRwOi8vbG9jYWxob3N0L3dvZi9hcHAvZmluYW5jaWFsLW1hbmFnZW1lbnQvY3VzdG9tZXItcG9zdGluZy1ncm91cCc+Q3VzdG9tZXI8L2E+PC9saT48bGk+PGEgaHJlZj0naHR0cDovL2xvY2FsaG9zdC93b2YvYXBwL2ZpbmFuY2lhbC1tYW5hZ2VtZW50L2ludmVudG9yeS1wb3N0aW5nLWdyb3VwJz5JbnZlbnRvcnk8L2E+PC9saT48bGk+PGEgaHJlZj0naHR0cDovL2xvY2FsaG9zdC93b2YvYXBwL2ZpbmFuY2lhbC1tYW5hZ2VtZW50L3N1cHBsaWVyLXBvc3RpbmctZ3JvdXAnPlN1cHBsaWVyPC9hPjwvbGk+PGxpPjxhIGhyZWY9J2phdmFzY3JpcHQ6dm9pZCgwKScgZGF0YS10b2dnbGU9J2NvbGxhcHNlJyBkYXRhLXRhcmdldD0nIzJhMTk1YmQxZTViOTM4OGI2ZjdjMDQ3YzM3NjJmNjM3Jz5WQVQ8c3BhbiBjbGFzcz0nZ2x5cGhpY29uIGdseXBoaWNvbi1wbHVzLXNpZ24gcHVsbC1yaWdodCc+PC9zcGFuPjwvYT48dWwgY2xhc3M9J25hdiBjb2xsYXBzZSBzdWItc3ViLXN1YicgaWQ9JzJhMTk1YmQxZTViOTM4OGI2ZjdjMDQ3YzM3NjJmNjM3Jz48bGk+PGEgaHJlZj0naHR0cDovL2xvY2FsaG9zdC93b2YvYXBwL2ZpbmFuY2lhbC1tYW5hZ2VtZW50L3ZhdC1zZXR1cCc+VkFUIFBvc3RpbmcgU2V0dXA8L2E+PC9saT48L2xpPjwvdWw+PGxpPjxhIGhyZWY9J2phdmFzY3JpcHQ6dm9pZCgwKScgZGF0YS10b2dnbGU9J2NvbGxhcHNlJyBkYXRhLXRhcmdldD0nIzAxMDY4Y2JiNjMzODE1NTFkMDM3NzczNzZiN2M2YzY0Jz5XSFQ8c3BhbiBjbGFzcz0nZ2x5cGhpY29uIGdseXBoaWNvbi1wbHVzLXNpZ24gcHVsbC1yaWdodCc+PC9zcGFuPjwvYT48dWwgY2xhc3M9J25hdiBjb2xsYXBzZSBzdWItc3ViLXN1YicgaWQ9JzAxMDY4Y2JiNjMzODE1NTFkMDM3NzczNzZiN2M2YzY0Jz48bGk+PGEgaHJlZj0naHR0cDovL2xvY2FsaG9zdC93b2YvYXBwL2ZpbmFuY2lhbC1tYW5hZ2VtZW50L3dodC1idXNpbmVzcy1wb3N0aW5nLWdyb3VwJz5XSFQgQnVzLiBQb3N0aW5nIEdyb3VwPC9hPjwvbGk+PGxpPjxhIGhyZWY9J2h0dHA6Ly9sb2NhbGhvc3Qvd29mL2FwcC9maW5hbmNpYWwtbWFuYWdlbWVudC93aHQtcHJvZHVjdC1wb3N0aW5nLWdyb3VwJz5XSFQgUHJvZC4gUG9zdGluZyBHcm91cDwvYT48L2xpPjxsaT48YSBocmVmPSdodHRwOi8vbG9jYWxob3N0L3dvZi9hcHAvZmluYW5jaWFsLW1hbmFnZW1lbnQvd2h0LXBvc3Rpbmctc2V0dXAnPldIVCBTZXR1cDwvYT48L2xpPjwvbGk+PC91bD48L2xpPjwvdWw+PC9saT48L3VsPjxsaT48YSBocmVmPSdqYXZhc2NyaXB0OnZvaWQoMCknIGRhdGEtdG9nZ2xlPSdjb2xsYXBzZScgZGF0YS10YXJnZXQ9JyM0ZWJkNWI0MTI0MjUyNmYwMGVlMmIwMjNmYmUzNTJjYic+U3RvcmUgT3BlcmF0aW9uczxzcGFuIGNsYXNzPSdnbHlwaGljb24gZ2x5cGhpY29uLXBsdXMtc2lnbiBwdWxsLXJpZ2h0Jz48L3NwYW4+PC9hPjx1bCBjbGFzcz0nbmF2IGNvbGxhcHNlIHN1YicgaWQ9JzRlYmQ1YjQxMjQyNTI2ZjAwZWUyYjAyM2ZiZTM1MmNiJz48bGk+PGEgaHJlZj0naHR0cDovL2xvY2FsaG9zdC93b2YvYXBwL3NhbGVzLW9wZXJhdGlvbi9waHlzaWNhbC1jb3VudCc+UGh5c2ljYWwgQ291bnQ8L2E+PC9saT48bGk+PGEgaHJlZj0naHR0cDovL2xvY2FsaG9zdC93b2YvYXBwL3NhbGVzLW9wZXJhdGlvbi9yZXF1aXNpdGlvbi1sb2NhbCc+UmVxdWlzaXRpb24gKExvY2FsKTwvYT48L2xpPjxsaT48YSBocmVmPSdodHRwOi8vbG9jYWxob3N0L3dvZi9hcHAvc2FsZXMtb3BlcmF0aW9uL3B1cmNoYXNlLW9yZGVyLWxvY2FsJz5QdXJjaGFzZSBPcmRlciAtIExvY2FsPC9hPjwvbGk+PGxpPjxhIGhyZWY9J2h0dHA6Ly9sb2NhbGhvc3Qvd29mL2FwcC9zYWxlcy1vcGVyYXRpb24vZG9jdW1lbnQtYXBwcm92YWwnPkRvY3VtZW50IEFwcHJvdmFsPC9hPjwvbGk+PGxpPjxhIGhyZWY9J2h0dHA6Ly9sb2NhbGhvc3Qvd29mL2FwcC9zYWxlcy1vcGVyYXRpb24vdHJhbnNmZXItb3JkZXInPlRyYW5zZmVyIE9yZGVyPC9hPjwvbGk+PGxpPjxhIGhyZWY9J2h0dHA6Ly9sb2NhbGhvc3Qvd29mL2FwcC9zYWxlcy1vcGVyYXRpb24vdHJhbnNmZXItb3JkZXItbG9jYWwnPlRyYW5zZmVyIE9yZGVyIC0gTG9jYWw8L2E+PC9saT48bGk+PGEgaHJlZj0naHR0cDovL2xvY2FsaG9zdC93b2YvYXBwL3NhbGVzLW9wZXJhdGlvbi9pdGVtLXJlLWNsYXNzLWpvdXJuYWwnPkl0ZW0gUmUtQ2xhc3MvQWRqdXN0bWVudCBKb3VybmFsPC9hPjwvbGk+PGxpPjxhIGhyZWY9J2h0dHA6Ly9sb2NhbGhvc3Qvd29mL2FwcC9zYWxlcy1vcGVyYXRpb24vcmV0cmlldmFsJz5SZXRyaWV2YWw8L2E+PC9saT48L2xpPjwvdWw+PGxpPjxhIGhyZWY9J2h0dHA6Ly9sb2NhbGhvc3Qvd29mL2FwcC9maXhlZC1hc3NldC1tYW5hZ2VtZW50Jz5GaXhlZCBBc3NldCBNYW5hZ2VtZW50PC9hPjwvbGk+PGxpPjxhIGhyZWY9J2h0dHA6Ly9sb2NhbGhvc3Qvd29mL2FwcC93YXJlaG91c2UtbWFuYWdlbWVudCc+V2FyZWhvdXNlICYgTG9naXN0aWNzIE1hbmFnZW1lbnQ8L2E+PC9saT48bGk+PGEgaHJlZj0naHR0cDovL2xvY2FsaG9zdC93b2YvYXBwL2h1bWFuLXJlc291cmNlLXJlY3J1aXRtZW50Jz5IdW1hbiBSZXNvdXJjZSAmIFJlY3J1aXRtZW50PC9hPjwvbGk+PGxpPjxhIGhyZWY9J2h0dHA6Ly9sb2NhbGhvc3Qvd29mL2FwcC9yZXBvcnRzJz5SZXBvcnRzPC9hPjwvbGk+PGxpPjxhIGhyZWY9J2h0dHA6Ly9sb2NhbGhvc3Qvd29mL2FwcC9yZXBhaXJzLW1haW50ZW5hbmNlJz5SZXBhaXJzICYgTWFpbnRlbmFuY2U8L2E+PC9saT4iO2FkbWluaXN0cmF0aW9ufHM6NDYxNToiPGxpPjxhIGhyZWY9J2phdmFzY3JpcHQ6dm9pZCgwKScgZGF0YS10b2dnbGU9J2NvbGxhcHNlJyBkYXRhLXRhcmdldD0nI2ZjMTdmODAyN2JmZjQzYTY2NWViOTc2N2ZkMWM2M2E3Jz5Vc2VyIGFuZCBBcHByb3ZhbCBTZXR1cDxzcGFuIGNsYXNzPSdnbHlwaGljb24gZ2x5cGhpY29uLXBsdXMtc2lnbiBwdWxsLXJpZ2h0Jz48L3NwYW4+PC9hPjx1bCBjbGFzcz0nbmF2IGNvbGxhcHNlIHN1YicgaWQ9J2ZjMTdmODAyN2JmZjQzYTY2NWViOTc2N2ZkMWM2M2E3Jz48bGk+PGEgaHJlZj0naHR0cDovL2xvY2FsaG9zdC93b2YvYXBwL2FkbWluaXN0cmF0aW9uL3VzZXJzJz5Vc2VyczwvYT48L2xpPjxsaT48YSBocmVmPSdodHRwOi8vbG9jYWxob3N0L3dvZi9hcHAvYWRtaW5pc3RyYXRpb24vcG9zaXRpb24nPlBvc2l0aW9uPC9hPjwvbGk+PGxpPjxhIGhyZWY9J2h0dHA6Ly9sb2NhbGhvc3Qvd29mL2FwcC9hZG1pbmlzdHJhdGlvbi9hcHByb3ZhbC1zZXR1cCc+QXBwcm92YWwgU2V0dXA8L2E+PC9saT48L2xpPjwvdWw+PGxpPjxhIGhyZWY9J2phdmFzY3JpcHQ6dm9pZCgwKScgZGF0YS10b2dnbGU9J2NvbGxhcHNlJyBkYXRhLXRhcmdldD0nIzRkMWQ0MmZiYjkxNTk3Y2VmOTc5YjY0ZDkyYTg2ZDY4Jz5BcHBsaWNhdGlvbiBTZXR1cDxzcGFuIGNsYXNzPSdnbHlwaGljb24gZ2x5cGhpY29uLXBsdXMtc2lnbiBwdWxsLXJpZ2h0Jz48L3NwYW4+PC9hPjx1bCBjbGFzcz0nbmF2IGNvbGxhcHNlIHN1YicgaWQ9JzRkMWQ0MmZiYjkxNTk3Y2VmOTc5YjY0ZDkyYTg2ZDY4Jz48bGk+PGEgaHJlZj0namF2YXNjcmlwdDp2b2lkKDApJyBkYXRhLXRvZ2dsZT0nY29sbGFwc2UnIGRhdGEtdGFyZ2V0PScjZmFjZjA4MTE1ZGE2MzAzYmQ5MmE3NTg3MTgzOGNjMjInPkdlbmVyYWw8c3BhbiBjbGFzcz0nZ2x5cGhpY29uIGdseXBoaWNvbi1wbHVzLXNpZ24gcHVsbC1yaWdodCc+PC9zcGFuPjwvYT48dWwgY2xhc3M9J25hdiBjb2xsYXBzZSBzdWItc3ViJyBpZD0nZmFjZjA4MTE1ZGE2MzAzYmQ5MmE3NTg3MTgzOGNjMjInPjxsaT48YSBocmVmPSdodHRwOi8vbG9jYWxob3N0L3dvZi9hcHAvYWRtaW5pc3RyYXRpb24vbW9kdWxlcyc+TW9kdWxlczwvYT48L2xpPjxsaT48YSBocmVmPSdodHRwOi8vbG9jYWxob3N0L3dvZi9hcHAvYWRtaW5pc3RyYXRpb24vbm8tc2VyaWVzJz5OdW1iZXIgU2VyaWVzPC9hPjwvbGk+PGxpPjxhIGhyZWY9J2h0dHA6Ly9sb2NhbGhvc3Qvd29mL2FwcC9hZG1pbmlzdHJhdGlvbi9hdHRyaWJ1dGVzLzI2MCc+UmVnaW9uPC9hPjwvbGk+PGxpPjxhIGhyZWY9J2h0dHA6Ly9sb2NhbGhvc3Qvd29mL2FwcC9hZG1pbmlzdHJhdGlvbi9hdHRyaWJ1dGVzLzI2MSc+QXJlYTwvYT48L2xpPjxsaT48YSBocmVmPSdodHRwOi8vbG9jYWxob3N0L3dvZi9hcHAvYWRtaW5pc3RyYXRpb24vbG9jYXRpb24tbWFzayc+TG9jYXRpb24gTGV2ZWw8L2E+PC9saT48bGk+PGEgaHJlZj0naHR0cDovL2xvY2FsaG9zdC93b2YvYXBwL2FkbWluaXN0cmF0aW9uL3JlYXNvbic+UHVycG9zZTwvYT48L2xpPjwvbGk+PC91bD48bGk+PGEgaHJlZj0namF2YXNjcmlwdDp2b2lkKDApJyBkYXRhLXRvZ2dsZT0nY29sbGFwc2UnIGRhdGEtdGFyZ2V0PScjMGNiYTM3OWE3N2JhZDhjMjViYmIyNTA4MjgzYzg1MmQnPkFjY291bnRpbmc8c3BhbiBjbGFzcz0nZ2x5cGhpY29uIGdseXBoaWNvbi1wbHVzLXNpZ24gcHVsbC1yaWdodCc+PC9zcGFuPjwvYT48dWwgY2xhc3M9J25hdiBjb2xsYXBzZSBzdWItc3ViJyBpZD0nMGNiYTM3OWE3N2JhZDhjMjViYmIyNTA4MjgzYzg1MmQnPjxsaT48YSBocmVmPSdodHRwOi8vbG9jYWxob3N0L3dvZi9hcHAvYWRtaW5pc3RyYXRpb24vY3VzdG9tZXItdHlwZSc+Q3VzdG9tZXIgVHlwZTwvYT48L2xpPjxsaT48YSBocmVmPSdodHRwOi8vbG9jYWxob3N0L3dvZi9hcHAvYWRtaW5pc3RyYXRpb24vYXR0cmlidXRlcy8zNCc+Q3VycmVuY3k8L2E+PC9saT48bGk+PGEgaHJlZj0naHR0cDovL2xvY2FsaG9zdC93b2YvYXBwL2FkbWluaXN0cmF0aW9uL2F0dHJpYnV0ZXMvMTQ2Jz5GaXhlZCBBc3NldCBDbGFzczwvYT48L2xpPjxsaT48YSBocmVmPSdodHRwOi8vbG9jYWxob3N0L3dvZi9hcHAvYWRtaW5pc3RyYXRpb24vYXR0cmlidXRlcy8xNTInPkNvc3QvUHJvZml0IENsYXNzPC9hPjwvbGk+PGxpPjxhIGhyZWY9J2h0dHA6Ly9sb2NhbGhvc3Qvd29mL2FwcC9hZG1pbmlzdHJhdGlvbi9hdHRyaWJ1dGVzLzE0OSc+TWFjaGluZSBUeXBlPC9hPjwvbGk+PGxpPjxhIGhyZWY9J2h0dHA6Ly9sb2NhbGhvc3Qvd29mL2FwcC9hZG1pbmlzdHJhdGlvbi9hdHRyaWJ1dGVzLzE1Nic+U3VwcGxpZXIgVHlwZTwvYT48L2xpPjxsaT48YSBocmVmPSdodHRwOi8vbG9jYWxob3N0L3dvZi9hcHAvYWRtaW5pc3RyYXRpb24vcGF5bWVudC10ZXJtcyc+UGF5bWVudCBUZXJtczwvYT48L2xpPjxsaT48YSBocmVmPSdodHRwOi8vbG9jYWxob3N0L3dvZi9hcHAvYWRtaW5pc3RyYXRpb24vdGF4Jz5UYXg8L2E+PC9saT48L2xpPjwvdWw+PGxpPjxhIGhyZWY9J2h0dHA6Ly9sb2NhbGhvc3Qvd29mL2FwcC9hZG1pbmlzdHJhdGlvbi9leGNoYW5nZS1yYXRlJz5FeGhhbmdlIFJhdGU8L2E+PC9saT48bGk+PGEgaHJlZj0namF2YXNjcmlwdDp2b2lkKDApJyBkYXRhLXRvZ2dsZT0nY29sbGFwc2UnIGRhdGEtdGFyZ2V0PScjZGQwMjQxYmZjNmY3NWU3ODBlN2FjYzVkNmE0Mjk2MGInPkludmVudG9yeTxzcGFuIGNsYXNzPSdnbHlwaGljb24gZ2x5cGhpY29uLXBsdXMtc2lnbiBwdWxsLXJpZ2h0Jz48L3NwYW4+PC9hPjx1bCBjbGFzcz0nbmF2IGNvbGxhcHNlIHN1Yi1zdWInIGlkPSdkZDAyNDFiZmM2Zjc1ZTc4MGU3YWNjNWQ2YTQyOTYwYic+PGxpPjxhIGhyZWY9J2h0dHA6Ly9sb2NhbGhvc3Qvd29mL2FwcC9hZG1pbmlzdHJhdGlvbi9hdHRyaWJ1dGVzLzMzJz5Vbml0IG9mIE1lYXN1cmVtZW50PC9hPjwvbGk+PGxpPjxhIGhyZWY9J2h0dHA6Ly9sb2NhbGhvc3Qvd29mL2FwcC9hZG1pbmlzdHJhdGlvbi9hdHRyaWJ1dGVzLzE0NCc+TG9jYXRpb24gVHlwZTwvYT48L2xpPjxsaT48YSBocmVmPSdodHRwOi8vbG9jYWxob3N0L3dvZi9hcHAvYWRtaW5pc3RyYXRpb24vaXRlbS10eXBlJz5JdGVtIFR5cGU8L2E+PC9saT48bGk+PGEgaHJlZj0naHR0cDovL2xvY2FsaG9zdC93b2YvYXBwL2FkbWluaXN0cmF0aW9uL2NhdGVnb3J5Jz5DYXRlZ29yeTwvYT48L2xpPjxsaT48YSBocmVmPSdodHRwOi8vbG9jYWxob3N0L3dvZi9hcHAvYWRtaW5pc3RyYXRpb24vYnV5ZXItc2V0dXAnPkJ1eWVyIFNldHVwPC9hPjwvbGk+PGxpPjxhIGhyZWY9J2h0dHA6Ly9sb2NhbGhvc3Qvd29mL2FwcC9hZG1pbmlzdHJhdGlvbi9zdWItY2F0ZWdvcnknPlN1YiBDYXRlZ29yeTwvYT48L2xpPjxsaT48YSBocmVmPSdodHRwOi8vbG9jYWxob3N0L3dvZi9hcHAvYWRtaW5pc3RyYXRpb24vaWRlbnRpZmllci1zZXR1cCc+SWRlbnRpZmllciBTZXR1cDwvYT48L2xpPjxsaT48YSBocmVmPSdodHRwOi8vbG9jYWxob3N0L3dvZi9hcHAvYWRtaW5pc3RyYXRpb24vZGVwYXJ0bWVudC1zZXR1cCc+Q29uY2VybmVkIERlcGFydG1lbnQgU2V0dXA8L2E+PC9saT48bGk+PGEgaHJlZj0naHR0cDovL2xvY2FsaG9zdC93b2YvYXBwL2FkbWluaXN0cmF0aW9uL2lkZW50aWZpZXInPklkZW50aWZpZXI8L2E+PC9saT48L2xpPjwvdWw+PC9saT48L3VsPjxsaT48YSBocmVmPSdqYXZhc2NyaXB0OnZvaWQoMCknIGRhdGEtdG9nZ2xlPSdjb2xsYXBzZScgZGF0YS10YXJnZXQ9JyM3ZDAzMjFiY2FmMTRkOTEwZDk1YjEyM2IwOGM1ZGVjZSc+TWFzdGVyIEZpbGVzPHNwYW4gY2xhc3M9J2dseXBoaWNvbiBnbHlwaGljb24tcGx1cy1zaWduIHB1bGwtcmlnaHQnPjwvc3Bhbj48L2E+PHVsIGNsYXNzPSduYXYgY29sbGFwc2Ugc3ViJyBpZD0nN2QwMzIxYmNhZjE0ZDkxMGQ5NWIxMjNiMDhjNWRlY2UnPjxsaT48YSBocmVmPSdodHRwOi8vbG9jYWxob3N0L3dvZi9hcHAvYWRtaW5pc3RyYXRpb24vY29zdC1wcm9maXQtY2VudGVyJz5Db3N0L1Byb2ZpdCBDZW50ZXI8L2E+PC9saT48bGk+PGEgaHJlZj0naHR0cDovL2xvY2FsaG9zdC93b2YvYXBwL2FkbWluaXN0cmF0aW9uL2N1c3RvbWVyJz5DdXN0b21lcjwvYT48L2xpPjxsaT48YSBocmVmPSdodHRwOi8vbG9jYWxob3N0L3dvZi9hcHAvYWRtaW5pc3RyYXRpb24vaXRlbS1tYXN0ZXInPkl0ZW0gTWFzdGVyPC9hPjwvbGk+PGxpPjxhIGhyZWY9J2h0dHA6Ly9sb2NhbGhvc3Qvd29mL2FwcC9hZG1pbmlzdHJhdGlvbi9jb21wYW55Jz5Db21wYW55PC9hPjwvbGk+PGxpPjxhIGhyZWY9J2h0dHA6Ly9sb2NhbGhvc3Qvd29mL2FwcC9hZG1pbmlzdHJhdGlvbi9sb2NhdGlvbic+TG9jYXRpb24gU3RydWN0dXJlPC9hPjwvbGk+PGxpPjxhIGhyZWY9J2h0dHA6Ly9sb2NhbGhvc3Qvd29mL2FwcC9hZG1pbmlzdHJhdGlvbi9zdXBwbGllcic+U3VwcGxpZXI8L2E+PC9saT48bGk+PGEgaHJlZj0naHR0cDovL2xvY2FsaG9zdC93b2YvYXBwL2FkbWluaXN0cmF0aW9uL3N0b3JlLXByb2ZpbGUnPlN0b3JlL0RlcGFydG1lbnQgUHJvZmlsZTwvYT48L2xpPjxsaT48YSBocmVmPSdodHRwOi8vbG9jYWxob3N0L3dvZi9hcHAvYWRtaW5pc3RyYXRpb24vc2VydmljZXMnPlNlcnZpY2VzPC9hPjwvbGk+PC9saT48L3VsPiI7ZmluYW5jaWFsLW1hbmFnZW1lbnR8czo2MDQ4OiI8bGk+PGEgaHJlZj0namF2YXNjcmlwdDp2b2lkKDApJyBkYXRhLXRvZ2dsZT0nY29sbGFwc2UnIGRhdGEtdGFyZ2V0PScjOTQ3MzM5MWY3MDMwNzc0NmMyNWIyMWQyZTQ1OTk3ZWQnPlJlY2VpdmFibGVzPHNwYW4gY2xhc3M9J2dseXBoaWNvbiBnbHlwaGljb24tcGx1cy1zaWduIHB1bGwtcmlnaHQnPjwvc3Bhbj48L2E+PHVsIGNsYXNzPSduYXYgY29sbGFwc2Ugc3ViJyBpZD0nOTQ3MzM5MWY3MDMwNzc0NmMyNWIyMWQyZTQ1OTk3ZWQnPjxsaT48YSBocmVmPSdodHRwOi8vbG9jYWxob3N0L3dvZi9hcHAvZmluYW5jaWFsLW1hbmFnZW1lbnQvc2FsZXMtaW52b2ljZSc+U2FsZXMgSW52b2ljZTwvYT48L2xpPjxsaT48YSBocmVmPSdodHRwOi8vbG9jYWxob3N0L3dvZi9hcHAvZmluYW5jaWFsLW1hbmFnZW1lbnQvY2FzaC1yZWNlaXB0LWpvdXJuYWwnPkNhc2ggUmVjZWlwdCBKb3VybmFsIChDUkopPC9hPjwvbGk+PGxpPjxhIGhyZWY9J2h0dHA6Ly9sb2NhbGhvc3Qvd29mL2FwcC9maW5hbmNpYWwtbWFuYWdlbWVudC9jdXN0b21lcic+Q3VzdG9tZXI8L2E+PC9saT48L2xpPjwvdWw+PGxpPjxhIGhyZWY9J2phdmFzY3JpcHQ6dm9pZCgwKScgZGF0YS10b2dnbGU9J2NvbGxhcHNlJyBkYXRhLXRhcmdldD0nIzZkZmU2ZjhiMWVhYzZjNzAxMDQ3YmRiNmQxZjkzZjliJz5QYXlhYmxlczxzcGFuIGNsYXNzPSdnbHlwaGljb24gZ2x5cGhpY29uLXBsdXMtc2lnbiBwdWxsLXJpZ2h0Jz48L3NwYW4+PC9hPjx1bCBjbGFzcz0nbmF2IGNvbGxhcHNlIHN1YicgaWQ9JzZkZmU2ZjhiMWVhYzZjNzAxMDQ3YmRiNmQxZjkzZjliJz48bGk+PGEgaHJlZj0naHR0cDovL2xvY2FsaG9zdC93b2YvYXBwL2ZpbmFuY2lhbC1tYW5hZ2VtZW50L2FjY291bnRzLXBheWFibGUtdm91Y2hlcic+QWNjb3VudHMgUGF5YWJsZSBWb3VjaGVyPC9hPjwvbGk+PGxpPjxhIGhyZWY9J2h0dHA6Ly9sb2NhbGhvc3Qvd29mL2FwcC9maW5hbmNpYWwtbWFuYWdlbWVudC9jaGVjay12b3VjaGVyJz5DaGVjayBWb3VjaGVyPC9hPjwvbGk+PGxpPjxhIGhyZWY9J2h0dHA6Ly9sb2NhbGhvc3Qvd29mL2FwcC9maW5hbmNpYWwtbWFuYWdlbWVudC9hbW9ydGl6YXRpb24tcHJlcGFpZC1leHBlbnNlJz5BbW9ydGl6YXRpb24gLSBQcmVwYWlkIEV4cGVuc2U8L2E+PC9saT48bGk+PGEgaHJlZj0naHR0cDovL2xvY2FsaG9zdC93b2YvYXBwL2ZpbmFuY2lhbC1tYW5hZ2VtZW50L2Ftb3J0aXphdGlvbi1sb2FuJz5BbW9ydGl6YXRpb24gLSBMb2FuczwvYT48L2xpPjxsaT48YSBocmVmPSdodHRwOi8vbG9jYWxob3N0L3dvZi9hcHAvZmluYW5jaWFsLW1hbmFnZW1lbnQvc3VwcGxpZXInPlN1cHBsaWVyPC9hPjwvbGk+PC9saT48L3VsPjxsaT48YSBocmVmPSdqYXZhc2NyaXB0OnZvaWQoMCknIGRhdGEtdG9nZ2xlPSdjb2xsYXBzZScgZGF0YS10YXJnZXQ9JyM3ODQ0ZTMxODAxYmM5Y2MyODk1MzI3YjE0YTBkYzg4Nic+R2VuZXJhbCBMZWRnZXI8c3BhbiBjbGFzcz0nZ2x5cGhpY29uIGdseXBoaWNvbi1wbHVzLXNpZ24gcHVsbC1yaWdodCc+PC9zcGFuPjwvYT48dWwgY2xhc3M9J25hdiBjb2xsYXBzZSBzdWInIGlkPSc3ODQ0ZTMxODAxYmM5Y2MyODk1MzI3YjE0YTBkYzg4Nic+PGxpPjxhIGhyZWY9J2h0dHA6Ly9sb2NhbGhvc3Qvd29mL2FwcC9maW5hbmNpYWwtbWFuYWdlbWVudC9jaGFydC1vZi1hY2NvdW50cyc+Q2hhcnQgb2YgQWNjb3VudHM8L2E+PC9saT48bGk+PGEgaHJlZj0naHR0cDovL2xvY2FsaG9zdC93b2YvYXBwL2ZpbmFuY2lhbC1tYW5hZ2VtZW50L3dvcmtpbmctdHJpYWwtYmFsYW5jZSc+V29ya2luZyBUcmlhbCBCYWxhbmNlPC9hPjwvbGk+PGxpPjxhIGhyZWY9J2h0dHA6Ly9sb2NhbGhvc3Qvd29mL2FwcC9maW5hbmNpYWwtbWFuYWdlbWVudC9nZW5lcmFsLWpvdXJuYWwnPkdlbmVyYWwgSm91cm5hbDwvYT48L2xpPjxsaT48YSBocmVmPSdodHRwOi8vbG9jYWxob3N0L3dvZi9hcHAvZmluYW5jaWFsLW1hbmFnZW1lbnQvZGViaXQtY3JlZGl0LW1lbW8nPkNyZWRpdC9EZWJpdCBNZW1vPC9hPjwvbGk+PC9saT48L3VsPjxsaT48YSBocmVmPSdqYXZhc2NyaXB0OnZvaWQoMCknIGRhdGEtdG9nZ2xlPSdjb2xsYXBzZScgZGF0YS10YXJnZXQ9JyM2NjQzYzg3ZmUzYTMzNjUxZTI3NTFmYzI2ZmZmZjMzNyc+Q2FzaCBNYW5hZ2VtZW50PHNwYW4gY2xhc3M9J2dseXBoaWNvbiBnbHlwaGljb24tcGx1cy1zaWduIHB1bGwtcmlnaHQnPjwvc3Bhbj48L2E+PHVsIGNsYXNzPSduYXYgY29sbGFwc2Ugc3ViJyBpZD0nNjY0M2M4N2ZlM2EzMzY1MWUyNzUxZmMyNmZmZmYzMzcnPjxsaT48YSBocmVmPSdqYXZhc2NyaXB0OnZvaWQoMCknIGRhdGEtdG9nZ2xlPSdjb2xsYXBzZScgZGF0YS10YXJnZXQ9JyMzZDc5ZTIzODg0NDJmMzBkOWM3N2ExOTEwMTM1MzFiNSc+QnVkZ2V0IGFuZCBFeHBlbnNlPHNwYW4gY2xhc3M9J2dseXBoaWNvbiBnbHlwaGljb24tcGx1cy1zaWduIHB1bGwtcmlnaHQnPjwvc3Bhbj48L2E+PHVsIGNsYXNzPSduYXYgY29sbGFwc2Ugc3ViLXN1YicgaWQ9JzNkNzllMjM4ODQ0MmYzMGQ5Yzc3YTE5MTAxMzUzMWI1Jz48bGk+PGEgaHJlZj0naHR0cDovL2xvY2FsaG9zdC93b2YvYXBwL2ZpbmFuY2lhbC1tYW5hZ2VtZW50L2J1ZGdldC1leHBlbnNlL29wZXJhdGlvbi1idWRnZXQnPk9wZXJhdGlvbiBCdWRnZXQ8L2E+PC9saT48bGk+PGEgaHJlZj0naHR0cDovL2xvY2FsaG9zdC93b2YvYXBwL2ZpbmFuY2lhbC1tYW5hZ2VtZW50L2J1ZGdldC1leHBlbnNlL2NhcGl0YWwtZXhwZW5kZXR1cmUnPkNhcGl0YWwgRXhwZW5kaXR1cmU8L2E+PC9saT48L2xpPjwvdWw+PGxpPjxhIGhyZWY9J2h0dHA6Ly9sb2NhbGhvc3Qvd29mL2FwcC9maW5hbmNpYWwtbWFuYWdlbWVudC9iYW5rLWFjY291bnRzJz5CYW5rIEFjY291bnRzPC9hPjwvbGk+PGxpPjxhIGhyZWY9J2h0dHA6Ly9sb2NhbGhvc3Qvd29mL2FwcC9maW5hbmNpYWwtbWFuYWdlbWVudC9jYXNoLWFkdmFuY2UnPkNhc2ggQWR2YW5jZSAoQ0EpPC9hPjwvbGk+PGxpPjxhIGhyZWY9J2phdmFzY3JpcHQ6dm9pZCgwKScgZGF0YS10b2dnbGU9J2NvbGxhcHNlJyBkYXRhLXRhcmdldD0nI2Q0OGM3YjRjMmEyYjEwMjNhYmJiNjU5NGE0YjdlMDU4Jz5SZXZvbHZpbmcgRnVuZDxzcGFuIGNsYXNzPSdnbHlwaGljb24gZ2x5cGhpY29uLXBsdXMtc2lnbiBwdWxsLXJpZ2h0Jz48L3NwYW4+PC9hPjx1bCBjbGFzcz0nbmF2IGNvbGxhcHNlIHN1Yi1zdWInIGlkPSdkNDhjN2I0YzJhMmIxMDIzYWJiYjY1OTRhNGI3ZTA1OCc+PGxpPjxhIGhyZWY9J2h0dHA6Ly9sb2NhbGhvc3Qvd29mL2FwcC9maW5hbmNpYWwtbWFuYWdlbWVudC9yZXZvbHZpbmctZnVuZC12b3VjaGVyJz5SZXZvbHZpbmcgRnVuZCBWb3VjaGVyPC9hPjwvbGk+PGxpPjxhIGhyZWY9J2h0dHA6Ly9sb2NhbGhvc3Qvd29mL2FwcC9maW5hbmNpYWwtbWFuYWdlbWVudC9yZXZvbHZpbmctZnVuZC1yZXBsZW5pc2htZW50Jz5SZXZvbHZpbmcgRnVuZCBSZXBsZW5pc2htZW50PC9hPjwvbGk+PC9saT48L3VsPjxsaT48YSBocmVmPSdodHRwOi8vbG9jYWxob3N0L3dvZi9hcHAvZmluYW5jaWFsLW1hbmFnZW1lbnQvYmFuay1yZWNvbmNpbGlhdGlvbic+QmFuayBSZWNvbmNpbGlhdGlvbjwvYT48L2xpPjxsaT48YSBocmVmPSdodHRwOi8vbG9jYWxob3N0L3dvZi9hcHAvZmluYW5jaWFsLW1hbmFnZW1lbnQvcmVpbWJ1cnNlbWVudCc+UmVpbWJ1cnNlbWVudDwvYT48L2xpPjwvbGk+PC91bD48bGk+PGEgaHJlZj0namF2YXNjcmlwdDp2b2lkKDApJyBkYXRhLXRvZ2dsZT0nY29sbGFwc2UnIGRhdGEtdGFyZ2V0PScjNTUxNzEyOTEzYWE3ZmU5ZTMzYzk2MWU1MjM3MWNhNDknPkdlbmVyYWw8c3BhbiBjbGFzcz0nZ2x5cGhpY29uIGdseXBoaWNvbi1wbHVzLXNpZ24gcHVsbC1yaWdodCc+PC9zcGFuPjwvYT48dWwgY2xhc3M9J25hdiBjb2xsYXBzZSBzdWInIGlkPSc1NTE3MTI5MTNhYTdmZTllMzNjOTYxZTUyMzcxY2E0OSc+PGxpPjxhIGhyZWY9J2h0dHA6Ly9sb2NhbGhvc3Qvd29mL2FwcC9maW5hbmNpYWwtbWFuYWdlbWVudC9yZXF1aXNpdGlvbic+UmVxdWlzaXRpb24gKFJRKTwvYT48L2xpPjxsaT48YSBocmVmPSdodHRwOi8vbG9jYWxob3N0L3dvZi9hcHAvZmluYW5jaWFsLW1hbmFnZW1lbnQvcmVxdWVzdC1wYXltZW50Jz5SZXF1ZXN0IFBheW1lbnQgKFJQKTwvYT48L2xpPjwvbGk+PC91bD48bGk+PGEgaHJlZj0naHR0cDovL2xvY2FsaG9zdC93b2YvYXBwL2ZpbmFuY2lhbC1tYW5hZ2VtZW50L2RvY3VtZW50LWFwcHJvdmFsJz5Eb2N1bWVudCBBcHByb3ZhbDwvYT48L2xpPjxsaT48YSBocmVmPSdqYXZhc2NyaXB0OnZvaWQoMCknIGRhdGEtdG9nZ2xlPSdjb2xsYXBzZScgZGF0YS10YXJnZXQ9JyNhNGQ4MGEwNDFiOTMyZTA5MTNjNWM5OTk5ZTI2ZjM4MSc+UG9zdGluZyBTZXR1cDxzcGFuIGNsYXNzPSdnbHlwaGljb24gZ2x5cGhpY29uLXBsdXMtc2lnbiBwdWxsLXJpZ2h0Jz48L3NwYW4+PC9hPjx1bCBjbGFzcz0nbmF2IGNvbGxhcHNlIHN1YicgaWQ9J2E0ZDgwYTA0MWI5MzJlMDkxM2M1Yzk5OTllMjZmMzgxJz48bGk+PGEgaHJlZj0naHR0cDovL2xvY2FsaG9zdC93b2YvYXBwL2ZpbmFuY2lhbC1tYW5hZ2VtZW50L2Jvb2stc2V0dXAnPkJvb2sgU2V0dXA8L2E+PC9saT48bGk+PGEgaHJlZj0naHR0cDovL2xvY2FsaG9zdC93b2YvYXBwL2ZpbmFuY2lhbC1tYW5hZ2VtZW50L2ZpeGVkLWFzc2V0LXBvc3RpbmctZ3JvdXAnPkZpeGVkIEFzc2V0PC9hPjwvbGk+PGxpPjxhIGhyZWY9J2h0dHA6Ly9sb2NhbGhvc3Qvd29mL2FwcC9maW5hbmNpYWwtbWFuYWdlbWVudC9iYW5rLXBvc3RpbmctZ3JvdXAnPkJhbms8L2E+PC9saT48bGk+PGEgaHJlZj0naHR0cDovL2xvY2FsaG9zdC93b2YvYXBwL2ZpbmFuY2lhbC1tYW5hZ2VtZW50L2N1c3RvbWVyLXBvc3RpbmctZ3JvdXAnPkN1c3RvbWVyPC9hPjwvbGk+PGxpPjxhIGhyZWY9J2h0dHA6Ly9sb2NhbGhvc3Qvd29mL2FwcC9maW5hbmNpYWwtbWFuYWdlbWVudC9pbnZlbnRvcnktcG9zdGluZy1ncm91cCc+SW52ZW50b3J5PC9hPjwvbGk+PGxpPjxhIGhyZWY9J2h0dHA6Ly9sb2NhbGhvc3Qvd29mL2FwcC9maW5hbmNpYWwtbWFuYWdlbWVudC9zdXBwbGllci1wb3N0aW5nLWdyb3VwJz5TdXBwbGllcjwvYT48L2xpPjxsaT48YSBocmVmPSdqYXZhc2NyaXB0OnZvaWQoMCknIGRhdGEtdG9nZ2xlPSdjb2xsYXBzZScgZGF0YS10YXJnZXQ9JyM2YjEyNTRmZDUwMGU2ODUwYWQ0YzIyMzc0OGU3YWI5Myc+VkFUPHNwYW4gY2xhc3M9J2dseXBoaWNvbiBnbHlwaGljb24tcGx1cy1zaWduIHB1bGwtcmlnaHQnPjwvc3Bhbj48L2E+PHVsIGNsYXNzPSduYXYgY29sbGFwc2Ugc3ViLXN1YicgaWQ9JzZiMTI1NGZkNTAwZTY4NTBhZDRjMjIzNzQ4ZTdhYjkzJz48bGk+PGEgaHJlZj0naHR0cDovL2xvY2FsaG9zdC93b2YvYXBwL2ZpbmFuY2lhbC1tYW5hZ2VtZW50L3ZhdC1zZXR1cCc+VkFUIFBvc3RpbmcgU2V0dXA8L2E+PC9saT48L2xpPjwvdWw+PGxpPjxhIGhyZWY9J2phdmFzY3JpcHQ6dm9pZCgwKScgZGF0YS10b2dnbGU9J2NvbGxhcHNlJyBkYXRhLXRhcmdldD0nIzVjYWUxN2IzMTE5NTA2NzkxYmFjNDMwZDhmNzliYjBiJz5XSFQ8c3BhbiBjbGFzcz0nZ2x5cGhpY29uIGdseXBoaWNvbi1wbHVzLXNpZ24gcHVsbC1yaWdodCc+PC9zcGFuPjwvYT48dWwgY2xhc3M9J25hdiBjb2xsYXBzZSBzdWItc3ViJyBpZD0nNWNhZTE3YjMxMTk1MDY3OTFiYWM0MzBkOGY3OWJiMGInPjxsaT48YSBocmVmPSdodHRwOi8vbG9jYWxob3N0L3dvZi9hcHAvZmluYW5jaWFsLW1hbmFnZW1lbnQvd2h0LWJ1c2luZXNzLXBvc3RpbmctZ3JvdXAnPldIVCBCdXMuIFBvc3RpbmcgR3JvdXA8L2E+PC9saT48bGk+PGEgaHJlZj0naHR0cDovL2xvY2FsaG9zdC93b2YvYXBwL2ZpbmFuY2lhbC1tYW5hZ2VtZW50L3dodC1wcm9kdWN0LXBvc3RpbmctZ3JvdXAnPldIVCBQcm9kLiBQb3N0aW5nIEdyb3VwPC9hPjwvbGk+PGxpPjxhIGhyZWY9J2h0dHA6Ly9sb2NhbGhvc3Qvd29mL2FwcC9maW5hbmNpYWwtbWFuYWdlbWVudC93aHQtcG9zdGluZy1zZXR1cCc+V0hUIFNldHVwPC9hPjwvbGk+PC9saT48L3VsPjwvbGk+PC91bD4iO2ZpeGVkLWFzc2V0LW1hbmFnZW1lbnR8YjowO2h1bWFuLXJlc291cmNlLXJlY3J1aXRtZW50fGI6MDtwdXJjaGFzaW5nfHM6Mjc0OiI8bGk+PGEgaHJlZj0naHR0cDovL2xvY2FsaG9zdC93b2YvYXBwL3B1cmNoYXNpbmcvcmVxdWlzaXRpb24nPlJlcXVpc2l0aW9uIChSUSk8L2E+PC9saT48bGk+PGEgaHJlZj0naHR0cDovL2xvY2FsaG9zdC93b2YvYXBwL3B1cmNoYXNpbmcvcHVyY2hhc2Utb3JkZXInPlB1cmNoYXNlIE9yZGVyIChQTyk8L2E+PC9saT48bGk+PGEgaHJlZj0naHR0cDovL2xvY2FsaG9zdC93b2YvYXBwL3B1cmNoYXNpbmcvZG9jdW1lbnQtYXBwcm92YWwnPkRvY3VtZW50IEFwcHJvdmFsPC9hPjwvbGk+IjtyZXBhaXJzLW1haW50ZW5hbmNlfGI6MDtzYWxlcy1vcGVyYXRpb258czo4MDE6IjxsaT48YSBocmVmPSdodHRwOi8vbG9jYWxob3N0L3dvZi9hcHAvc2FsZXMtb3BlcmF0aW9uL3B1cmNoYXNlLW9yZGVyLWxvY2FsJz5QdXJjaGFzZSBPcmRlciAtIExvY2FsPC9hPjwvbGk+PGxpPjxhIGhyZWY9J2h0dHA6Ly9sb2NhbGhvc3Qvd29mL2FwcC9zYWxlcy1vcGVyYXRpb24vaXRlbS1yZS1jbGFzcy1qb3VybmFsJz5JdGVtIFJlLUNsYXNzL0FkanVzdG1lbnQgSm91cm5hbDwvYT48L2xpPjxsaT48YSBocmVmPSdodHRwOi8vbG9jYWxob3N0L3dvZi9hcHAvc2FsZXMtb3BlcmF0aW9uL3RyYW5zZmVyLW9yZGVyJz5UcmFuc2ZlciBPcmRlcjwvYT48L2xpPjxsaT48YSBocmVmPSdodHRwOi8vbG9jYWxob3N0L3dvZi9hcHAvc2FsZXMtb3BlcmF0aW9uL3RyYW5zZmVyLW9yZGVyLWxvY2FsJz5UcmFuc2ZlciBPcmRlciAtIExvY2FsPC9hPjwvbGk+PGxpPjxhIGhyZWY9J2h0dHA6Ly9sb2NhbGhvc3Qvd29mL2FwcC9zYWxlcy1vcGVyYXRpb24vcGh5c2ljYWwtY291bnQnPlBoeXNpY2FsIENvdW50PC9hPjwvbGk+PGxpPjxhIGhyZWY9J2h0dHA6Ly9sb2NhbGhvc3Qvd29mL2FwcC9zYWxlcy1vcGVyYXRpb24vcmVxdWlzaXRpb24tbG9jYWwnPlJlcXVpc2l0aW9uIChMb2NhbCk8L2E+PC9saT48bGk+PGEgaHJlZj0naHR0cDovL2xvY2FsaG9zdC93b2YvYXBwL3NhbGVzLW9wZXJhdGlvbi9kb2N1bWVudC1hcHByb3ZhbCc+RG9jdW1lbnQgQXBwcm92YWw8L2E+PC9saT48bGk+PGEgaHJlZj0naHR0cDovL2xvY2FsaG9zdC93b2YvYXBwL3NhbGVzLW9wZXJhdGlvbi9yZXRyaWV2YWwnPlJldHJpZXZhbDwvYT48L2xpPiI7d2FyZWhvdXNlLW1hbmFnZW1lbnR8YjowO3JlcG9ydHN8YjowOw==');


--
-- Name: function_a_seq; Type: SEQUENCE SET; Schema: public; Owner: postgres
--

SELECT pg_catalog.setval('function_a_seq', 179, true);


--
-- Name: item_sequence; Type: SEQUENCE SET; Schema: public; Owner: postgres
--

SELECT pg_catalog.setval('item_sequence', 1000077, true);


--
-- Name: item_series; Type: SEQUENCE SET; Schema: public; Owner: postgres
--

SELECT pg_catalog.setval('item_series', 100000, false);


--
-- Name: position1000; Type: SEQUENCE SET; Schema: public; Owner: postgres
--

SELECT pg_catalog.setval('position1000', 1003, true);


--
-- Name: position2000; Type: SEQUENCE SET; Schema: public; Owner: postgres
--

SELECT pg_catalog.setval('position2000', 2004, true);


--
-- Name: position3000; Type: SEQUENCE SET; Schema: public; Owner: postgres
--

SELECT pg_catalog.setval('position3000', 3002, true);


--
-- Name: position4000; Type: SEQUENCE SET; Schema: public; Owner: postgres
--

SELECT pg_catalog.setval('position4000', 4002, true);


--
-- Name: sub_101000; Type: SEQUENCE SET; Schema: public; Owner: postgres
--

SELECT pg_catalog.setval('sub_101000', 101001, true);


--
-- Name: sub_103000; Type: SEQUENCE SET; Schema: public; Owner: postgres
--

SELECT pg_catalog.setval('sub_103000', 103001, false);


--
-- Name: sub_104000; Type: SEQUENCE SET; Schema: public; Owner: postgres
--

SELECT pg_catalog.setval('sub_104000', 104001, true);


--
-- Name: sub_105000; Type: SEQUENCE SET; Schema: public; Owner: postgres
--

SELECT pg_catalog.setval('sub_105000', 105002, true);


--
-- Name: sub_106000; Type: SEQUENCE SET; Schema: public; Owner: postgres
--

SELECT pg_catalog.setval('sub_106000', 106001, false);


--
-- Name: sub_301000; Type: SEQUENCE SET; Schema: public; Owner: postgres
--

SELECT pg_catalog.setval('sub_301000', 301001, true);


--
-- Name: sub_503000; Type: SEQUENCE SET; Schema: public; Owner: postgres
--

SELECT pg_catalog.setval('sub_503000', 503001, false);


--
-- Data for Name: tblACC_AMLDetail; Type: TABLE DATA; Schema: public; Owner: postgres
--

INSERT INTO "tblACC_AMLDetail" VALUES ('AML-100101', 1, 'CV-100105', '2015-11-13 01:13:48', 230000.0000, 115000.0000, 115000.0000, NULL, 885000.0000, 'testuser1', '2015-11-13 01:51:38', 'testuser1', '2015-11-13 01:51:38');
INSERT INTO "tblACC_AMLDetail" VALUES ('AML-100101', 2, 'CV-100105', '2015-11-13 01:13:48', 230000.0000, 115000.0000, 115000.0000, NULL, 885000.0000, 'testuser1', '2015-11-13 02:47:28', 'testuser1', '2015-11-13 02:47:28');


--
-- Data for Name: tblACC_AMLHeader; Type: TABLE DATA; Schema: public; Owner: postgres
--

INSERT INTO "tblACC_AMLHeader" VALUES ('AML-100102', '2015-11-13 00:17:35', 'testttt', 1235678.0000, 1235678.0000, '', '', 15.0000, 12.0000, 'KC', 'CPC-ACCTG', 'Open', 'gregori', '2015-11-13 00:17:23', 'gregori', '2015-11-13 00:17:35', NULL);
INSERT INTO "tblACC_AMLHeader" VALUES ('AML-100103', NULL, NULL, 0.0000, 0.0000, NULL, NULL, NULL, NULL, NULL, NULL, NULL, 'gregori', '2015-11-13 00:17:36', 'gregori', '2015-11-13 00:17:36', NULL);
INSERT INTO "tblACC_AMLHeader" VALUES ('AML-100104', NULL, NULL, 0.0000, 0.0000, NULL, NULL, NULL, NULL, NULL, NULL, NULL, 'gregori', '2015-11-13 00:17:48', 'gregori', '2015-11-13 00:17:48', NULL);
INSERT INTO "tblACC_AMLHeader" VALUES ('AML-100101', '2015-11-13 00:17:19', 'testttt', 1000000.0000, 1000000.0000, 'wertyu', 'werty', 12.0000, 15.0000, 'KC', 'CPC-ACCTG', 'Approved', 'gregori', '2015-11-13 00:16:44', 'gregori', '2015-11-13 00:37:59', NULL);
INSERT INTO "tblACC_AMLHeader" VALUES ('AML-100105', NULL, NULL, 0.0000, 0.0000, NULL, NULL, NULL, NULL, NULL, NULL, NULL, 'gregori', '2016-01-18 22:00:43', 'gregori', '2016-01-18 22:00:43', NULL);
INSERT INTO "tblACC_AMLHeader" VALUES ('AML-100106', NULL, NULL, 0.0000, 0.0000, NULL, NULL, NULL, NULL, NULL, NULL, NULL, 'gregori', '2016-01-18 22:00:51', 'gregori', '2016-01-18 22:00:51', NULL);
INSERT INTO "tblACC_AMLHeader" VALUES ('AML-100107', NULL, NULL, 0.0000, 0.0000, NULL, NULL, NULL, NULL, NULL, NULL, NULL, 'gregori', '2016-01-18 22:44:32', 'gregori', '2016-01-18 22:44:32', NULL);
INSERT INTO "tblACC_AMLHeader" VALUES ('AML-100108', NULL, NULL, 0.0000, 0.0000, NULL, NULL, NULL, NULL, NULL, NULL, NULL, 'gregori', '2016-02-04 12:23:46', 'gregori', '2016-02-04 12:23:46', NULL);
INSERT INTO "tblACC_AMLHeader" VALUES ('AML-100109', NULL, NULL, 0.0000, 0.0000, NULL, NULL, NULL, NULL, NULL, NULL, NULL, 'gregori', '2016-02-04 15:08:45', 'gregori', '2016-02-04 15:08:45', NULL);
INSERT INTO "tblACC_AMLHeader" VALUES ('AML-100110', NULL, NULL, 0.0000, 0.0000, NULL, NULL, NULL, NULL, NULL, NULL, NULL, 'gregori', '2016-02-16 18:45:29', 'gregori', '2016-02-16 18:45:29', NULL);


--
-- Data for Name: tblACC_AMPDetail; Type: TABLE DATA; Schema: public; Owner: postgres
--

INSERT INTO "tblACC_AMPDetail" VALUES ('AMP-100106', 1, '2015-11-30 00:00:00', NULL, 8333.2500, 'CPC-ACCTG', NULL, NULL, 'testuser1', '2015-11-13 04:31:36', 'testuser1', '2015-11-13 04:31:36');
INSERT INTO "tblACC_AMPDetail" VALUES ('AMP-100106', 2, '2015-12-31 00:00:00', NULL, 8333.2500, 'CPC-ACCTG', NULL, NULL, 'testuser1', '2015-11-13 04:31:36', 'testuser1', '2015-11-13 04:31:36');
INSERT INTO "tblACC_AMPDetail" VALUES ('AMP-100106', 3, '2016-01-31 00:00:00', NULL, 8333.2500, 'CPC-ACCTG', NULL, NULL, 'testuser1', '2015-11-13 04:31:36', 'testuser1', '2015-11-13 04:31:36');
INSERT INTO "tblACC_AMPDetail" VALUES ('AMP-100106', 4, '2016-02-29 00:00:00', NULL, 8333.2500, 'CPC-ACCTG', NULL, NULL, 'testuser1', '2015-11-13 04:31:36', 'testuser1', '2015-11-13 04:31:36');
INSERT INTO "tblACC_AMPDetail" VALUES ('AMP-100106', 5, '2016-03-31 00:00:00', NULL, 8333.2500, 'CPC-ACCTG', NULL, NULL, 'testuser1', '2015-11-13 04:31:36', 'testuser1', '2015-11-13 04:31:36');
INSERT INTO "tblACC_AMPDetail" VALUES ('AMP-100106', 6, '2016-04-30 00:00:00', NULL, 8333.2500, 'CPC-ACCTG', NULL, NULL, 'testuser1', '2015-11-13 04:31:36', 'testuser1', '2015-11-13 04:31:36');
INSERT INTO "tblACC_AMPDetail" VALUES ('AMP-100106', 7, '2016-05-31 00:00:00', NULL, 8333.2500, 'CPC-ACCTG', NULL, NULL, 'testuser1', '2015-11-13 04:31:36', 'testuser1', '2015-11-13 04:31:36');
INSERT INTO "tblACC_AMPDetail" VALUES ('AMP-100106', 8, '2016-06-30 00:00:00', NULL, 8333.2500, 'CPC-ACCTG', NULL, NULL, 'testuser1', '2015-11-13 04:31:36', 'testuser1', '2015-11-13 04:31:36');
INSERT INTO "tblACC_AMPDetail" VALUES ('AMP-100106', 9, '2016-07-31 00:00:00', NULL, 8333.2500, 'CPC-ACCTG', NULL, NULL, 'testuser1', '2015-11-13 04:31:36', 'testuser1', '2015-11-13 04:31:36');
INSERT INTO "tblACC_AMPDetail" VALUES ('AMP-100106', 10, '2016-08-31 00:00:00', NULL, 8333.2500, 'CPC-ACCTG', NULL, NULL, 'testuser1', '2015-11-13 04:31:36', 'testuser1', '2015-11-13 04:31:36');
INSERT INTO "tblACC_AMPDetail" VALUES ('AMP-100106', 11, '2016-09-30 00:00:00', NULL, 8333.2500, 'CPC-ACCTG', NULL, NULL, 'testuser1', '2015-11-13 04:31:36', 'testuser1', '2015-11-13 04:31:36');
INSERT INTO "tblACC_AMPDetail" VALUES ('AMP-100106', 12, '2016-10-31 00:00:00', NULL, 8333.2500, 'CPC-ACCTG', NULL, NULL, 'testuser1', '2015-11-13 04:31:36', 'testuser1', '2015-11-13 04:31:36');
INSERT INTO "tblACC_AMPDetail" VALUES ('AMP-100107', 1, '2015-11-15 00:00:00', NULL, 44444.0000, 'CPC-ACCTG', NULL, NULL, 'testuser1', '2015-11-13 04:32:24', 'testuser1', '2015-11-13 04:32:24');
INSERT INTO "tblACC_AMPDetail" VALUES ('AMP-100107', 2, '2015-11-30 00:00:00', NULL, 44444.0000, 'CPC-ACCTG', NULL, NULL, 'testuser1', '2015-11-13 04:32:24', 'testuser1', '2015-11-13 04:32:24');


--
-- Data for Name: tblACC_AMPHeader; Type: TABLE DATA; Schema: public; Owner: postgres
--

INSERT INTO "tblACC_AMPHeader" VALUES ('AMP-100106', '2015-11-13 04:31:36', 'APV-100111', NULL, 99999.0000, NULL, '12', 'CPC-ACCTG', 0, 12, '2015-11-13 00:00:00', 'Open', 'testuser1', '2015-11-13 04:31:26', 'testuser1', '2015-11-13 04:31:36', NULL, 'testuser1');
INSERT INTO "tblACC_AMPHeader" VALUES ('AMP-100107', '2015-11-13 04:32:24', 'APV-100112', NULL, 88888.0000, NULL, '', 'CPC-ACCTG', 1, 2, '2015-11-13 00:00:00', 'Open', 'testuser1', '2015-11-13 04:32:07', 'testuser1', '2015-11-13 04:32:24', NULL, 'testuser1');
INSERT INTO "tblACC_AMPHeader" VALUES ('AMP-100108', NULL, NULL, NULL, NULL, NULL, NULL, NULL, NULL, NULL, NULL, NULL, 'gregori', '2015-11-30 22:20:31', 'gregori', '2015-11-30 22:20:31', NULL, NULL);
INSERT INTO "tblACC_AMPHeader" VALUES ('AMP-100109', NULL, NULL, NULL, NULL, NULL, NULL, NULL, NULL, NULL, NULL, NULL, 'gregori', '2016-01-18 21:01:31', 'gregori', '2016-01-18 21:01:31', NULL, NULL);
INSERT INTO "tblACC_AMPHeader" VALUES ('AMP-100110', NULL, NULL, NULL, NULL, NULL, NULL, NULL, NULL, NULL, NULL, NULL, 'gregori', '2016-01-18 21:58:52', 'gregori', '2016-01-18 21:58:52', NULL, NULL);
INSERT INTO "tblACC_AMPHeader" VALUES ('AMP-100111', NULL, NULL, NULL, NULL, NULL, NULL, NULL, NULL, NULL, NULL, NULL, 'gregori', '2016-01-18 22:20:58', 'gregori', '2016-01-18 22:20:58', NULL, NULL);
INSERT INTO "tblACC_AMPHeader" VALUES ('AMP-100112', NULL, NULL, NULL, NULL, NULL, NULL, NULL, NULL, NULL, NULL, NULL, 'gregori', '2016-01-19 22:34:33', 'gregori', '2016-01-19 22:34:33', NULL, NULL);
INSERT INTO "tblACC_AMPHeader" VALUES ('AMP-100113', NULL, NULL, NULL, NULL, NULL, NULL, NULL, NULL, NULL, NULL, NULL, 'gregori', '2016-02-04 12:23:36', 'gregori', '2016-02-04 12:23:36', NULL, NULL);
INSERT INTO "tblACC_AMPHeader" VALUES ('AMP-100114', NULL, NULL, NULL, NULL, NULL, NULL, NULL, NULL, NULL, NULL, NULL, 'gregori', '2016-02-04 15:08:57', 'gregori', '2016-02-04 15:08:57', NULL, NULL);
INSERT INTO "tblACC_AMPHeader" VALUES ('AMP-100115', NULL, NULL, NULL, NULL, NULL, NULL, NULL, NULL, NULL, NULL, NULL, 'gregori', '2016-02-16 18:44:54', 'gregori', '2016-02-16 18:44:54', NULL, NULL);


--
-- Data for Name: tblACC_APVDetail; Type: TABLE DATA; Schema: public; Owner: postgres
--

INSERT INTO "tblACC_APVDetail" VALUES ('APV-100105', 1, 'Services', 'RP-0001-MB-1000063', 'Payment for Electricity Bills', NULL, NULL, 1.0000, NULL, 150000.0000, 142500.0000, 157500.0000, '116', '', 'RP-100101', NULL, 'CPC-ACCTG', 'VAT', 'GOODS', '116', 5.0000, 7500.0000, 1.0000, 'gregori', '2015-11-11 04:44:19', 'gregori', '2015-11-11 04:45:15', 'tblACC_RPDetails', 1);
INSERT INTO "tblACC_APVDetail" VALUES ('APV-100108', 1, 'Services', 'RP-0001-MB-1000063', 'Payment for Electricity Bills', 'ACCTG', NULL, 1.0000, NULL, 50000.0000, 50000.0000, 50000.0000, '116', '', 'RP-100104', NULL, 'CPC-ACCTG', 'VAT', 'GOODS', '116', 0.0000, 0.0000, 1.0000, 'gregori', '2015-11-11 05:32:40', 'gregori', '2015-11-11 05:32:40', 'tblACC_RPDetails', 1);
INSERT INTO "tblACC_APVDetail" VALUES ('APV-100109', 1, 'Services', 'SV-PL-1000065', 'Payment for Loan', 'ACCTG', NULL, 1.0000, NULL, 100000.0000, 100000.0000, 100000.0000, '116', 'sdfg', 'RP-100109', NULL, 'CPC-ACCTG', 'VAT', 'NOWHT', '116', 0.0000, 0.0000, 1.0000, 'gregori', '2015-11-13 01:10:45', 'gregori', '2015-11-13 01:10:45', 'tblACC_RPDetails', 1);
INSERT INTO "tblACC_APVDetail" VALUES ('APV-100109', 2, 'Services', 'SV-PI-1000066', 'Payment for Interest', 'ACCTG', NULL, 1.0000, NULL, 15000.0000, 15000.0000, 15000.0000, '116', 'sdfg', 'RP-100109', NULL, 'CPC-ACCTG', 'VAT', 'GOODS', '116', 0.0000, 0.0000, 1.0000, 'gregori', '2015-11-13 01:10:45', 'gregori', '2015-11-13 01:10:45', 'tblACC_RPDetails', 2);
INSERT INTO "tblACC_APVDetail" VALUES ('APV-100111', 1, 'Services', 'SV-PPI-1000067', 'Payment for Prepaid Insurance', 'ACCTG', NULL, 1.0000, NULL, 99999.0000, 99999.0000, 99999.0000, '116', 'asdfghj', 'RP-100110', NULL, 'CPC-ACCTG', 'VAT', 'GOODS', '116', 0.0000, 0.0000, 1.0000, 'gregori', '2015-11-13 03:47:53', 'gregori', '2015-11-13 03:47:53', 'tblACC_RPDetails', 1);
INSERT INTO "tblACC_APVDetail" VALUES ('APV-100112', 1, 'Services', 'SV-PPI-1000067', 'Payment for Prepaid Insurance', 'ACCTG', NULL, 1.0000, NULL, 88888.0000, 88888.0000, 3999960.0000, '117', 'sdfghj', 'RP-100111', NULL, 'CPC-ACCTG', 'VAT', 'GOODS', '116', 0.0000, 0.0000, 45.0000, 'gregori', '2015-11-13 04:19:41', 'gregori', '2015-11-13 04:19:41', 'tblACC_RPDetails', 1);


--
-- Data for Name: tblACC_APVHeader; Type: TABLE DATA; Schema: public; Owner: postgres
--

INSERT INTO "tblACC_APVHeader" VALUES ('APV-100109', '2015-11-13 00:00:00', 'S-100001', 'Supplier A', 'Address 1', NULL, '', '2015-11-13 00:00:00', '10 Days', 'With CV', 115000.0000, 115000.0000, 0.0000, 'gregori', '2015-11-13 01:08:33', 'gregori', '2015-11-13 01:11:43', 'gregori', 'ACCTG', 'KC', 'AML-100101', 'VAT', 'CORP', 'AP-NONTRADE', '2015-11-13 00:00:00');
INSERT INTO "tblACC_APVHeader" VALUES ('APV-100110', NULL, NULL, NULL, NULL, NULL, NULL, NULL, NULL, NULL, 0.0000, 0.0000, 0.0000, 'gregori', '2015-11-13 03:47:27', 'gregori', '2015-11-13 03:47:27', NULL, NULL, NULL, NULL, NULL, NULL, NULL, NULL);
INSERT INTO "tblACC_APVHeader" VALUES ('APV-100107', '2015-11-11 00:00:00', 'S-100002', 'Supplier B', 'Address 2', NULL, '', '2015-11-11 00:00:00', '10 Days', 'Open', 0.0000, 0.0000, 0.0000, 'gregori', '2015-11-11 05:16:57', 'gregori', '2015-11-11 05:17:08', 'gregori', 'ACCTG', 'KC', '', 'NONVAT', 'INDI', 'AP-TRADE', '2015-11-11 00:00:00');
INSERT INTO "tblACC_APVHeader" VALUES ('APV-100106', '2015-11-11 00:00:00', 'S-100002', 'Supplier B', 'Address 2', NULL, '', '2015-11-11 00:00:00', '10 Days', 'Open', 0.0000, 0.0000, 0.0000, 'testuser1', '2015-11-11 05:11:16', 'gregori', '2015-11-11 05:32:19', 'testuser1', 'ACCTG', 'KC', '', 'VAT', 'CORP', 'AP-TRADE', '2015-11-11 00:00:00');
INSERT INTO "tblACC_APVHeader" VALUES ('APV-100112', '2015-11-13 00:00:00', 'S-100003', 'Supplier C', 'Address 3', NULL, 'sdfghj', '2015-11-13 00:00:00', '10 Days', 'Approved', 88888.0000, 3999960.0000, 0.0000, 'gregori', '2015-11-13 04:19:22', 'gregori', '2015-11-13 04:19:46', 'gregori', 'ACCTG', 'KC', '', 'VAT', 'NOWHT', 'AP-TRADE', '2015-11-13 00:00:00');
INSERT INTO "tblACC_APVHeader" VALUES ('APV-100105', '2015-11-11 00:00:00', 'S-100001', 'Supplier A', 'Address 1', NULL, '12345', '2015-11-11 00:00:00', '10 Days', 'With CV', 142500.0000, 142500.0000, 0.0000, 'gregori', '2015-11-11 04:43:28', 'gregori', '2015-11-11 04:56:13', 'gregori', 'ACCTG', 'KC', '', 'VAT', 'CORP', 'AP-NONTRADE', '2015-11-10 00:00:00');
INSERT INTO "tblACC_APVHeader" VALUES ('APV-100113', '2015-11-16 00:00:00', 'S-100001', 'Supplier A', 'Address 1', NULL, '12', '2015-11-19 00:00:00', '10 Days', 'Open', 0.0000, 0.0000, 0.0000, 'gregori', '2015-11-16 14:18:16', 'gregori', '2015-11-16 14:18:29', 'gregori', 'ACCTG', 'KC', '', 'VAT', 'CORP', 'AP-NONTRADE', '2015-11-16 00:00:00');
INSERT INTO "tblACC_APVHeader" VALUES ('APV-100114', '2015-11-16 00:00:00', 'S-100001', 'Supplier A', 'Address 1', NULL, '', '2015-11-19 00:00:00', '10 Days', 'Open', 0.0000, 0.0000, 0.0000, 'gregori', '2015-11-16 14:19:26', 'gregori', '2015-11-16 14:19:35', 'gregori', 'ACCTG', 'KC', '', 'VAT', 'CORP', 'AP-NONTRADE', '2015-11-17 00:00:00');
INSERT INTO "tblACC_APVHeader" VALUES ('APV-100115', NULL, NULL, NULL, NULL, NULL, NULL, NULL, NULL, NULL, 0.0000, 0.0000, 0.0000, 'gregori', '2015-11-16 14:19:38', 'gregori', '2015-11-16 14:19:38', NULL, NULL, NULL, NULL, NULL, NULL, NULL, NULL);
INSERT INTO "tblACC_APVHeader" VALUES ('APV-100108', '2015-11-11 00:00:00', 'S-100002', 'Supplier B', 'Address 2', NULL, '12', '2015-11-11 00:00:00', '10 Days', 'With CV', 50000.0000, 50000.0000, 0.0000, 'gregori', '2015-11-11 05:17:27', 'gregori', '2015-11-11 05:33:03', 'gregori', 'PLD', 'KC', '', 'NONVAT', 'CORP', 'AP-NONTRADE', '2015-11-11 00:00:00');
INSERT INTO "tblACC_APVHeader" VALUES ('APV-100111', '2015-11-13 00:00:00', 'S-100002', 'Supplier B', 'Address 2', NULL, 'adsfgh', '2015-11-13 00:00:00', '10 Days', 'With CV', 99999.0000, 99999.0000, 0.0000, 'gregori', '2015-11-13 03:47:33', 'gregori', '2015-11-13 03:47:58', 'gregori', 'ACCTG', 'KC', '', 'NONVAT', 'INDI', 'AP-TRADE', '2015-11-13 00:00:00');
INSERT INTO "tblACC_APVHeader" VALUES ('APV-100116', NULL, NULL, NULL, NULL, NULL, NULL, NULL, NULL, NULL, 0.0000, 0.0000, 0.0000, 'gregori', '2016-01-19 22:34:15', 'gregori', '2016-01-19 22:34:15', NULL, NULL, NULL, NULL, NULL, NULL, NULL, NULL);
INSERT INTO "tblACC_APVHeader" VALUES ('APV-100117', NULL, NULL, NULL, NULL, NULL, NULL, NULL, NULL, NULL, 0.0000, 0.0000, 0.0000, 'gregori', '2016-01-19 22:38:23', 'gregori', '2016-01-19 22:38:23', NULL, NULL, NULL, NULL, NULL, NULL, NULL, NULL);
INSERT INTO "tblACC_APVHeader" VALUES ('APV-100118', NULL, NULL, NULL, NULL, NULL, NULL, NULL, NULL, NULL, 0.0000, 0.0000, 0.0000, 'gregori', '2016-02-16 18:45:05', 'gregori', '2016-02-16 18:45:05', NULL, NULL, NULL, NULL, NULL, NULL, NULL, NULL);
INSERT INTO "tblACC_APVHeader" VALUES ('APV-100119', NULL, NULL, NULL, NULL, NULL, NULL, NULL, NULL, NULL, 0.0000, 0.0000, 0.0000, 'gregori', '2016-03-01 19:50:00', 'gregori', '2016-03-01 19:50:00', NULL, NULL, NULL, NULL, NULL, NULL, NULL, NULL);


--
-- Data for Name: tblACC_BankAccount; Type: TABLE DATA; Schema: public; Owner: postgres
--

INSERT INTO "tblACC_BankAccount" VALUES ('232', '23', '1', '23', '23', '23', '23', '23', '23', '208025', 23.0000, '2015-12-02 00:00:00', '2015-12-02 00:00:00', B'1', '23', 232, 23, '23', B'1', '23', 23, 23, '23', B'1', '23', 23, 23, '23', B'1', '23', 23, 23, '23', B'1', '23', 23, 23, '23', B'1', 'gregori', '2015-11-30 22:47:34', 'gregori', '2016-01-20 17:28:37', 116);
INSERT INTO "tblACC_BankAccount" VALUES ('206000', 'W/Taxes Payable', '3', '34', '34', NULL, '34', '34', '34', '206000', NULL, '2016-01-19 00:00:00', '2016-01-20 00:00:00', B'0', '34', 34, 34, '34', NULL, '34', 34, 34, '34', B'0', '34', NULL, NULL, '34', B'0', '34', NULL, NULL, '34', B'0', '34', NULL, NULL, '34', B'0', 'gregori', '2016-01-22 17:07:22', 'gregori', '2016-01-22 17:07:22', 116);


--
-- Data for Name: tblACC_BankAccountLedger; Type: TABLE DATA; Schema: public; Owner: postgres
--



--
-- Name: tblACC_BankAccountLedger_BAL_EntryNo_seq; Type: SEQUENCE SET; Schema: public; Owner: postgres
--

SELECT pg_catalog.setval('"tblACC_BankAccountLedger_BAL_EntryNo_seq"', 1, false);


--
-- Data for Name: tblACC_BankPostingGroup; Type: TABLE DATA; Schema: public; Owner: postgres
--

INSERT INTO "tblACC_BankPostingGroup" VALUES ('BF - Davao', '102001', NULL, NULL, NULL, NULL, B'1');
INSERT INTO "tblACC_BankPostingGroup" VALUES ('BDO - KC', '102002', NULL, NULL, NULL, NULL, B'1');
INSERT INTO "tblACC_BankPostingGroup" VALUES ('BDO - Davao', '102003', NULL, NULL, NULL, NULL, B'1');
INSERT INTO "tblACC_BankPostingGroup" VALUES ('BDO - SM Valenzuela', '102004', NULL, NULL, NULL, NULL, B'1');
INSERT INTO "tblACC_BankPostingGroup" VALUES ('BDO $ - KC', '102005', NULL, NULL, NULL, NULL, B'1');
INSERT INTO "tblACC_BankPostingGroup" VALUES ('MBTC - Davao - KC', '102006', NULL, NULL, NULL, NULL, B'1');
INSERT INTO "tblACC_BankPostingGroup" VALUES ('MBTC - Gapan', '102007', NULL, NULL, NULL, NULL, B'1');
INSERT INTO "tblACC_BankPostingGroup" VALUES ('MBTC - KC', '102008', NULL, NULL, NULL, NULL, B'1');
INSERT INTO "tblACC_BankPostingGroup" VALUES ('MBTC - MCM/KDM', '102009', NULL, NULL, NULL, NULL, B'1');
INSERT INTO "tblACC_BankPostingGroup" VALUES ('MBTC - Riverbanks', '102010', NULL, NULL, NULL, NULL, B'1');
INSERT INTO "tblACC_BankPostingGroup" VALUES ('MBTC - Sunstar', '102011', NULL, NULL, NULL, NULL, B'1');
INSERT INTO "tblACC_BankPostingGroup" VALUES ('MBTC $ - KC', '102012', NULL, NULL, NULL, NULL, B'1');
INSERT INTO "tblACC_BankPostingGroup" VALUES ('RCBC - Riverbanks', '102013', NULL, NULL, NULL, NULL, B'1');
INSERT INTO "tblACC_BankPostingGroup" VALUES ('RSB - Bacolod', '102014', NULL, NULL, NULL, NULL, B'1');
INSERT INTO "tblACC_BankPostingGroup" VALUES ('BDO - Nagaland', '102015', NULL, NULL, NULL, NULL, B'1');
INSERT INTO "tblACC_BankPostingGroup" VALUES ('BDO- SM Batangas', '102016', NULL, NULL, NULL, NULL, B'1');
INSERT INTO "tblACC_BankPostingGroup" VALUES ('PCI - Kabankalan', '102017', NULL, NULL, NULL, NULL, B'1');
INSERT INTO "tblACC_BankPostingGroup" VALUES ('UNIONBANK-KC', '102018', NULL, NULL, NULL, NULL, B'1');
INSERT INTO "tblACC_BankPostingGroup" VALUES ('BDO - SM Bacolod', '102019', NULL, NULL, NULL, NULL, B'1');
INSERT INTO "tblACC_BankPostingGroup" VALUES ('BDO-SM Taytay', '102020', NULL, NULL, NULL, NULL, B'1');
INSERT INTO "tblACC_BankPostingGroup" VALUES ('BDO- Kabankalan', '102021', NULL, NULL, NULL, NULL, B'1');
INSERT INTO "tblACC_BankPostingGroup" VALUES ('BDO $- SM Mega - KC', '102022', NULL, NULL, NULL, NULL, B'1');
INSERT INTO "tblACC_BankPostingGroup" VALUES ('MBTC-HO', '102023', NULL, NULL, NULL, NULL, B'1');
INSERT INTO "tblACC_BankPostingGroup" VALUES ('BDO - Pampanga', '102024', NULL, NULL, NULL, NULL, B'1');
INSERT INTO "tblACC_BankPostingGroup" VALUES ('BDO - Tabaco', '102025', NULL, NULL, NULL, NULL, B'1');
INSERT INTO "tblACC_BankPostingGroup" VALUES ('BDO - SM Lucena', '102026', NULL, NULL, NULL, NULL, B'1');
INSERT INTO "tblACC_BankPostingGroup" VALUES ('BDO - SM Baliwag', '102027', NULL, NULL, NULL, NULL, B'1');
INSERT INTO "tblACC_BankPostingGroup" VALUES ('BDO - Waltermart', '102028', NULL, NULL, NULL, NULL, B'1');
INSERT INTO "tblACC_BankPostingGroup" VALUES ('BDO - SM NAGA', '102029', NULL, NULL, NULL, NULL, B'1');
INSERT INTO "tblACC_BankPostingGroup" VALUES ('PNB - POLANGUI ALBAY', '102030', NULL, NULL, NULL, NULL, B'1');
INSERT INTO "tblACC_BankPostingGroup" VALUES ('MBTC-KC2', '102031', NULL, NULL, NULL, NULL, B'1');
INSERT INTO "tblACC_BankPostingGroup" VALUES ('BDO-NE Pacific', '102032', NULL, NULL, NULL, NULL, B'1');
INSERT INTO "tblACC_BankPostingGroup" VALUES ('BDO-SM Tarlac', '102033', NULL, NULL, NULL, NULL, B'1');
INSERT INTO "tblACC_BankPostingGroup" VALUES ('BDO-SM San Pablo', '102034', NULL, NULL, NULL, NULL, B'1');
INSERT INTO "tblACC_BankPostingGroup" VALUES ('UCPB - TANAUAN', '102035', NULL, NULL, NULL, NULL, B'1');
INSERT INTO "tblACC_BankPostingGroup" VALUES ('UCPB - LUCENA', '102036', NULL, NULL, NULL, NULL, B'1');
INSERT INTO "tblACC_BankPostingGroup" VALUES ('BDO - VAC', '102037', NULL, NULL, NULL, NULL, B'1');
INSERT INTO "tblACC_BankPostingGroup" VALUES ('BDO $ - SM Mega - VAC', '102038', NULL, NULL, NULL, NULL, B'1');
INSERT INTO "tblACC_BankPostingGroup" VALUES ('BDO $ - VAC', '102039', NULL, NULL, NULL, NULL, B'1');
INSERT INTO "tblACC_BankPostingGroup" VALUES ('MBTC - VAC', '102040', NULL, NULL, NULL, NULL, B'1');
INSERT INTO "tblACC_BankPostingGroup" VALUES ('MBTC - VAC - Zamboanga', '102041', NULL, NULL, NULL, NULL, B'1');
INSERT INTO "tblACC_BankPostingGroup" VALUES ('MBTC $ - VAC', '102042', NULL, NULL, NULL, NULL, B'1');
INSERT INTO "tblACC_BankPostingGroup" VALUES ('RCBC - ROXAS', '102043', NULL, NULL, NULL, NULL, B'1');
INSERT INTO "tblACC_BankPostingGroup" VALUES ('BDO - SM Cebu - VAC', '102044', NULL, NULL, NULL, NULL, B'1');
INSERT INTO "tblACC_BankPostingGroup" VALUES ('BDO - KALIBO', '102045', NULL, NULL, NULL, NULL, B'1');
INSERT INTO "tblACC_BankPostingGroup" VALUES ('BDO - SM CAGAYAN', '102046', NULL, NULL, NULL, NULL, B'1');
INSERT INTO "tblACC_BankPostingGroup" VALUES ('BDO - PACO', '102047', NULL, NULL, NULL, NULL, B'1');
INSERT INTO "tblACC_BankPostingGroup" VALUES ('BDO - San Lazaro', '102048', NULL, NULL, NULL, NULL, B'1');
INSERT INTO "tblACC_BankPostingGroup" VALUES ('BDO - SM Clark', '102049', NULL, NULL, NULL, NULL, B'1');
INSERT INTO "tblACC_BankPostingGroup" VALUES ('BDO $ - PACO', '102050', NULL, NULL, NULL, NULL, B'1');
INSERT INTO "tblACC_BankPostingGroup" VALUES ('MBTC - PACO', '102051', NULL, NULL, NULL, NULL, B'1');
INSERT INTO "tblACC_BankPostingGroup" VALUES ('BPI - Tagaytay', '102052', NULL, NULL, NULL, NULL, B'1');
INSERT INTO "tblACC_BankPostingGroup" VALUES ('BDO - WM Sta. Maria', '102053', NULL, NULL, NULL, NULL, B'1');
INSERT INTO "tblACC_BankPostingGroup" VALUES ('MBTC-GWOF', '102054', NULL, NULL, NULL, NULL, B'1');
INSERT INTO "tblACC_BankPostingGroup" VALUES ('MBTC $ - GWOF', '102055', NULL, NULL, NULL, NULL, B'1');
INSERT INTO "tblACC_BankPostingGroup" VALUES ('RCBC-GWOF', '102056', NULL, NULL, NULL, NULL, B'1');
INSERT INTO "tblACC_BankPostingGroup" VALUES ('BDO-SM Bacolod', '102057', NULL, NULL, NULL, NULL, B'1');


--
-- Data for Name: tblACC_BankRecon; Type: TABLE DATA; Schema: public; Owner: postgres
--

INSERT INTO "tblACC_BankRecon" VALUES ('BR-9', NULL, NULL, NULL, NULL, NULL, NULL, NULL, NULL, NULL, 'gregori', '2015-11-30 22:49:36', 'gregori', '2015-11-30 22:49:36');
INSERT INTO "tblACC_BankRecon" VALUES ('BR-10', '2015-11-30 22:49:53', '232', '343', '2015-12-09 00:00:00', 434.0000, '1', 343.0000, 2323.0000, 'Open', 'gregori', '2015-11-30 22:49:45', 'gregori', '2015-11-30 22:49:53');
INSERT INTO "tblACC_BankRecon" VALUES ('BR-11', NULL, NULL, NULL, NULL, NULL, NULL, NULL, NULL, NULL, 'gregori', '2015-12-14 13:09:36', 'gregori', '2015-12-14 13:09:36');
INSERT INTO "tblACC_BankRecon" VALUES ('BR-12', NULL, NULL, NULL, NULL, NULL, NULL, NULL, NULL, NULL, 'gregori', '2016-01-18 22:00:03', 'gregori', '2016-01-18 22:00:03');
INSERT INTO "tblACC_BankRecon" VALUES ('BR-13', NULL, NULL, NULL, NULL, NULL, NULL, NULL, NULL, NULL, 'gregori', '2016-01-19 19:20:26', 'gregori', '2016-01-19 19:20:26');
INSERT INTO "tblACC_BankRecon" VALUES ('BR-14', '2016-02-04 12:26:00', '232', 'trte', '2016-02-11 00:00:00', 44.0000, 'February 2016', 0.0000, 0.0000, 'Open', 'gregori', '2016-02-04 12:24:07', 'gregori', '2016-02-04 12:24:07');
INSERT INTO "tblACC_BankRecon" VALUES ('BR-15', NULL, NULL, NULL, NULL, NULL, NULL, NULL, NULL, NULL, 'gregori', '2016-02-04 21:23:26', 'gregori', '2016-02-04 21:23:26');
INSERT INTO "tblACC_BankRecon" VALUES ('BR-16', NULL, NULL, NULL, NULL, NULL, NULL, NULL, NULL, NULL, 'gregori', '2016-02-04 21:24:25', 'gregori', '2016-02-04 21:24:25');
INSERT INTO "tblACC_BankRecon" VALUES ('BR-17', NULL, NULL, NULL, NULL, NULL, NULL, NULL, NULL, NULL, 'gregori', '2016-02-06 00:22:17', 'gregori', '2016-02-06 00:22:17');
INSERT INTO "tblACC_BankRecon" VALUES ('BR-18', NULL, NULL, NULL, NULL, NULL, NULL, NULL, NULL, NULL, 'gregori', '2016-02-06 01:12:42', 'gregori', '2016-02-06 01:12:42');
INSERT INTO "tblACC_BankRecon" VALUES ('BR-19', NULL, NULL, NULL, NULL, NULL, NULL, NULL, NULL, NULL, 'gregori', '2016-02-06 01:15:37', 'gregori', '2016-02-06 01:15:37');
INSERT INTO "tblACC_BankRecon" VALUES ('BR-20', NULL, NULL, NULL, NULL, NULL, NULL, NULL, NULL, NULL, 'gregori', '2016-02-06 01:29:51', 'gregori', '2016-02-06 01:29:51');
INSERT INTO "tblACC_BankRecon" VALUES ('BR-21', NULL, NULL, NULL, NULL, NULL, NULL, NULL, NULL, NULL, 'gregori', '2016-02-19 19:37:32', 'gregori', '2016-02-19 19:37:32');


--
-- Data for Name: tblACC_BankReconDetail; Type: TABLE DATA; Schema: public; Owner: postgres
--

INSERT INTO "tblACC_BankReconDetail" VALUES ('BR-10', NULL, NULL, NULL, NULL, NULL, NULL, NULL, NULL, 'gregori', '2015-11-30 22:49:53', 'gregori', '2015-11-30 22:49:53', 1);
INSERT INTO "tblACC_BankReconDetail" VALUES ('BR-14', '2015-11-17 00:00:00', 'CV-100107', 'Supplier A', NULL, 'asdsa', NULL, 149999.0000, -149999.0000, 'gregori', '2016-02-04 12:26:00', 'gregori', '2016-02-04 12:26:00', 2);


--
-- Name: tblACC_BankReconDetail_BRD_LineNo_seq; Type: SEQUENCE SET; Schema: public; Owner: postgres
--

SELECT pg_catalog.setval('"tblACC_BankReconDetail_BRD_LineNo_seq"', 2, true);


--
-- Data for Name: tblACC_BookSetup; Type: TABLE DATA; Schema: public; Owner: postgres
--

INSERT INTO "tblACC_BookSetup" VALUES ('test1', 48);
INSERT INTO "tblACC_BookSetup" VALUES ('test1', 244);
INSERT INTO "tblACC_BookSetup" VALUES ('test1', 261);
INSERT INTO "tblACC_BookSetup" VALUES ('test1', 51);


--
-- Data for Name: tblACC_BookType; Type: TABLE DATA; Schema: public; Owner: postgres
--

INSERT INTO "tblACC_BookType" VALUES ('test1', 'test1', 'gregori', '2015-09-18 17:05:16', 'gregori', '2015-09-18 17:25:38', B'1');


--
-- Data for Name: tblACC_COA_Segment; Type: TABLE DATA; Schema: public; Owner: postgres
--



--
-- Data for Name: tblACC_CRJDetail; Type: TABLE DATA; Schema: public; Owner: postgres
--



--
-- Name: tblACC_CRJDetail_CRJD_LineNo_Seq; Type: SEQUENCE SET; Schema: public; Owner: postgres
--

SELECT pg_catalog.setval('"tblACC_CRJDetail_CRJD_LineNo_Seq"', 3, true);


--
-- Data for Name: tblACC_CRJHeader; Type: TABLE DATA; Schema: public; Owner: postgres
--

INSERT INTO "tblACC_CRJHeader" VALUES ('CRJ-100102', NULL, NULL, NULL, NULL, NULL, NULL, NULL, NULL, 'Open', 'gregori', '2015-11-15 21:56:06', 'gregori', '2015-11-15 21:56:06', NULL, NULL);
INSERT INTO "tblACC_CRJHeader" VALUES ('CRJ-100103', NULL, NULL, NULL, NULL, NULL, NULL, NULL, NULL, 'Open', 'gregori', '2015-11-15 21:57:06', 'gregori', '2015-11-15 21:57:06', NULL, NULL);
INSERT INTO "tblACC_CRJHeader" VALUES ('CRJ-100105', NULL, NULL, NULL, NULL, NULL, NULL, NULL, NULL, 'Open', 'gregori', '2015-11-15 22:04:35', 'gregori', '2015-11-15 22:04:35', NULL, NULL);
INSERT INTO "tblACC_CRJHeader" VALUES ('CRJ-100106', NULL, NULL, NULL, NULL, NULL, NULL, NULL, NULL, 'Open', 'gregori', '2016-01-18 19:06:04', 'gregori', '2016-01-18 19:06:04', NULL, NULL);
INSERT INTO "tblACC_CRJHeader" VALUES ('CRJ-100107', NULL, NULL, NULL, NULL, NULL, NULL, NULL, NULL, 'Open', 'gregori', '2016-01-19 22:34:00', 'gregori', '2016-01-19 22:34:00', NULL, NULL);
INSERT INTO "tblACC_CRJHeader" VALUES ('CRJ-100104', '2015-11-15 00:00:00', 'C-100001', 'Customer A', '12', '12', 12.0000, '206000', 'PLD', 'Open', 'gregori', '2015-11-15 21:58:22', 'gregori', '2016-01-31 17:36:55', 'KC', '');
INSERT INTO "tblACC_CRJHeader" VALUES ('CRJ-100101', '2015-11-13 00:00:00', 'C-100001', 'Customer A', 'asdfghjk', 'asdjk', 23456.0000, '206000', 'ACCTG', 'Open', 'gregori', '2015-11-12 18:50:32', 'gregori', '2016-01-31 17:37:12', '', '');
INSERT INTO "tblACC_CRJHeader" VALUES ('CRJ-100108', NULL, NULL, NULL, NULL, NULL, NULL, NULL, NULL, 'Open', 'gregori', '2016-02-06 00:36:54', 'gregori', '2016-02-06 00:36:54', NULL, NULL);


--
-- Data for Name: tblACC_CVDetail; Type: TABLE DATA; Schema: public; Owner: postgres
--

INSERT INTO "tblACC_CVDetail" VALUES ('CV-100102', 1, 'APV-100105', '2015-11-11 00:00:00', '12345', 35625.0000, 'comment', 'gregori', '2015-11-11 05:34:08', 'gregori', '2015-11-11 05:34:08');
INSERT INTO "tblACC_CVDetail" VALUES ('CV-100103', 1, 'APV-100105', '2015-11-11 00:00:00', '12345', 35625.0000, 'comment', 'gregori', '2015-11-11 05:34:09', 'gregori', '2015-11-11 05:34:09');
INSERT INTO "tblACC_CVDetail" VALUES ('CV-100104', 1, 'APV-100105', '2015-11-11 00:00:00', '12345', 35625.0000, 'comment', 'gregori', '2015-11-11 05:34:09', 'gregori', '2015-11-11 05:34:09');
INSERT INTO "tblACC_CVDetail" VALUES ('CV-100101', 1, 'APV-100105', '2015-11-11 00:00:00', '12345', 35625.0000, 'comment', 'gregori', '2015-11-11 05:34:09', 'gregori', '2015-11-11 05:34:09');
INSERT INTO "tblACC_CVDetail" VALUES ('CV-100105', 1, 'APV-100109', '2015-11-13 00:00:00', '', 115000.0000, '', 'gregori', '2015-11-13 01:28:46', 'gregori', '2015-11-13 01:28:46');
INSERT INTO "tblACC_CVDetail" VALUES ('CV-100107', 1, 'APV-100108', '2015-11-11 00:00:00', '12', 50000.0000, '', 'gregori', '2015-11-17 14:46:27', 'gregori', '2015-11-17 14:46:27');
INSERT INTO "tblACC_CVDetail" VALUES ('CV-100107', 2, 'APV-100111', '2015-11-13 00:00:00', 'adsfgh', 99999.0000, 'asdada', 'gregori', '2015-11-17 14:46:56', 'gregori', '2015-11-17 14:46:56');


--
-- Data for Name: tblACC_CVHeader; Type: TABLE DATA; Schema: public; Owner: postgres
--

INSERT INTO "tblACC_CVHeader" VALUES ('CV-100106', NULL, NULL, NULL, NULL, NULL, NULL, NULL, NULL, NULL, NULL, NULL, NULL, 0.0000, 'gregori', '2015-11-13 21:25:44', 'gregori', '2015-11-13 21:25:44', NULL, NULL, NULL, NULL, NULL, NULL);
INSERT INTO "tblACC_CVHeader" VALUES ('CV-100102', '2015-11-11 05:02:09', 'S-100001', 'Supplier A', 'Address 1', 'adsfghj', 'remarks 1', '2015-11-11 00:00:00', '10D', '2015-11-13 00:00:00', 'tetttppp', 0, '2015-11-14 00:00:00', 35625.0000, 'gregori', '2015-11-11 05:01:41', 'gregori', '2015-11-11 05:34:08', 'Approved', 'PHP', 'gregori', NULL, NULL, NULL);
INSERT INTO "tblACC_CVHeader" VALUES ('CV-100103', '2015-11-11 05:02:09', 'S-100001', 'Supplier A', 'Address 1', 'adsfghj', 'remarks 1', '2015-11-11 00:00:00', '10D', '2015-11-13 00:00:00', 'tetttppp', 0, '2015-11-14 00:00:00', 35625.0000, 'gregori', '2015-11-11 05:01:41', 'gregori', '2015-11-11 05:34:09', 'Approved', 'PHP', 'gregori', NULL, NULL, NULL);
INSERT INTO "tblACC_CVHeader" VALUES ('CV-100101', '2015-11-11 05:02:09', 'S-100001', 'Supplier A', 'Address 1', 'adsfghj', 'remarks 1', '2015-11-11 00:00:00', '10D', '2015-11-13 00:00:00', 'tetttppp', 0, '2015-11-14 00:00:00', 35625.0000, 'gregori', '2015-11-11 05:01:41', 'gregori', '2015-11-11 05:40:26', 'Approved', 'PHP', 'gregori', B'0', B'0', NULL);
INSERT INTO "tblACC_CVHeader" VALUES ('CV-100108', NULL, NULL, NULL, NULL, NULL, NULL, NULL, NULL, NULL, NULL, NULL, NULL, 0.0000, 'gregori', '2015-11-17 11:27:55', 'gregori', '2015-11-17 11:27:55', NULL, NULL, NULL, NULL, NULL, NULL);
INSERT INTO "tblACC_CVHeader" VALUES ('CV-100109', NULL, NULL, NULL, NULL, NULL, NULL, NULL, NULL, NULL, NULL, NULL, NULL, 0.0000, 'gregori', '2015-11-17 13:16:47', 'gregori', '2015-11-17 13:16:47', NULL, NULL, NULL, NULL, NULL, NULL);
INSERT INTO "tblACC_CVHeader" VALUES ('CV-100110', NULL, NULL, NULL, NULL, NULL, NULL, NULL, NULL, NULL, NULL, NULL, NULL, 0.0000, 'gregori', '2015-11-17 13:31:40', 'gregori', '2015-11-17 13:31:40', NULL, NULL, NULL, NULL, NULL, NULL);
INSERT INTO "tblACC_CVHeader" VALUES ('CV-100111', NULL, NULL, NULL, NULL, NULL, NULL, NULL, NULL, NULL, NULL, NULL, NULL, 0.0000, 'gregori', '2015-11-17 13:32:34', 'gregori', '2015-11-17 13:32:34', NULL, NULL, NULL, NULL, NULL, NULL);
INSERT INTO "tblACC_CVHeader" VALUES ('CV-100105', '2015-11-13 01:13:48', 'S-100001', 'Supplier A', 'Address 1', '', 'qwert', '2015-11-13 00:00:00', '10D', '2015-11-13 00:00:00', 'tetttppp', 1234, '2015-11-13 00:00:00', 115000.0000, 'gregori', '2015-11-13 01:13:33', 'gregori', '2015-11-17 13:55:02', 'Approved', 'PHP', 'gregori', B'1', B'0', '2015-11-19 00:00:00');
INSERT INTO "tblACC_CVHeader" VALUES ('CV-100104', '2015-11-11 05:02:09', 'S-100001', 'Supplier A', 'Address 1', 'adsfghj', 'remarks 1', '2015-11-11 00:00:00', '10D', '2015-11-13 00:00:00', 'tetttppp', 0, '2015-11-14 00:00:00', 35625.0000, 'gregori', '2015-11-11 05:01:41', 'gregori', '2015-11-17 13:55:14', 'Approved', 'PHP', 'gregori', B'0', B'0', NULL);
INSERT INTO "tblACC_CVHeader" VALUES ('CV-100107', '2015-11-17 11:27:51', 'S-100001', 'Supplier A', 'Address 1', '12', 'asdsa', '2015-11-17 00:00:00', '10D', '2015-11-17 00:00:00', 'tetttppp', 0, '2015-11-17 00:00:00', 149999.0000, 'gregori', '2015-11-17 11:27:34', 'gregori', '2015-11-17 11:27:52', 'Open', 'PHP', 'gregori', NULL, NULL, NULL);
INSERT INTO "tblACC_CVHeader" VALUES ('CV-100112', NULL, NULL, NULL, NULL, NULL, NULL, NULL, NULL, NULL, NULL, NULL, NULL, 0.0000, 'gregori', '2015-12-14 11:37:49', 'gregori', '2015-12-14 11:37:49', NULL, NULL, NULL, NULL, NULL, NULL);
INSERT INTO "tblACC_CVHeader" VALUES ('CV-100113', NULL, NULL, NULL, NULL, NULL, NULL, NULL, NULL, NULL, NULL, NULL, NULL, 0.0000, 'gregori', '2015-12-14 11:39:21', 'gregori', '2015-12-14 11:39:21', NULL, NULL, NULL, NULL, NULL, NULL);
INSERT INTO "tblACC_CVHeader" VALUES ('CV-100114', NULL, NULL, NULL, NULL, NULL, NULL, NULL, NULL, NULL, NULL, NULL, NULL, 0.0000, 'gregori', '2016-01-18 21:58:45', 'gregori', '2016-01-18 21:58:45', NULL, NULL, NULL, NULL, NULL, NULL);
INSERT INTO "tblACC_CVHeader" VALUES ('CV-100115', NULL, NULL, NULL, NULL, NULL, NULL, NULL, NULL, NULL, NULL, NULL, NULL, 0.0000, 'gregori', '2016-01-18 22:44:24', 'gregori', '2016-01-18 22:44:24', NULL, NULL, NULL, NULL, NULL, NULL);
INSERT INTO "tblACC_CVHeader" VALUES ('CV-100116', NULL, NULL, NULL, NULL, NULL, NULL, NULL, NULL, NULL, NULL, NULL, NULL, 0.0000, 'gregori', '2016-01-19 22:34:24', 'gregori', '2016-01-19 22:34:24', NULL, NULL, NULL, NULL, NULL, NULL);
INSERT INTO "tblACC_CVHeader" VALUES ('CV-100117', '2016-02-04 15:09:47', 'S-100001', 'Supplier A', 'Address 1', '2323', '23', '2016-02-10 00:00:00', '10D', '2016-02-17 00:00:00', '232', 23, '2016-02-02 00:00:00', 0.0000, 'gregori', '2016-02-04 15:09:30', 'gregori', '2016-02-04 15:09:47', 'Open', 'PHP', 'gregori', NULL, NULL, NULL);


--
-- Data for Name: tblACC_ChartAccount; Type: TABLE DATA; Schema: public; Owner: postgres
--

INSERT INTO "tblACC_ChartAccount" VALUES ('210002', 'Loans Payable', '200000', 2, B'0', '210000', NULL, NULL, 'gregori', '2015-11-13 00:44:48', B'1', '1', NULL, '2000');
INSERT INTO "tblACC_ChartAccount" VALUES ('110001', 'Prepaid Insurance', '100000', 2, B'0', '110000', NULL, NULL, 'gregori', '2015-11-13 03:08:32', B'1', '1', NULL, '1000');
INSERT INTO "tblACC_ChartAccount" VALUES ('101001', 'Petty Cash Fund', '100000', 2, B'0', '101000', NULL, NULL, NULL, NULL, B'1', '1', NULL, '');
INSERT INTO "tblACC_ChartAccount" VALUES ('101002', 'Change Fund', '100000', 2, B'0', '101000', NULL, NULL, NULL, NULL, B'1', '1', NULL, '');
INSERT INTO "tblACC_ChartAccount" VALUES ('101003', 'Revolving Fund', '100000', 2, B'0', '101000', NULL, NULL, NULL, NULL, B'1', '1', NULL, '');
INSERT INTO "tblACC_ChartAccount" VALUES ('102000', 'Cash In Bank', '100000', 1, B'0', NULL, NULL, NULL, NULL, NULL, B'1', '1', NULL, '');
INSERT INTO "tblACC_ChartAccount" VALUES ('102001', 'BF - Davao', '100000', 2, B'0', '102000', NULL, NULL, NULL, NULL, B'1', '1', NULL, '');
INSERT INTO "tblACC_ChartAccount" VALUES ('102002', 'BDO - KC', '100000', 2, B'0', '102000', NULL, NULL, NULL, NULL, B'1', '1', NULL, '');
INSERT INTO "tblACC_ChartAccount" VALUES ('102003', 'BDO - Davao', '100000', 2, B'0', '102000', NULL, NULL, NULL, NULL, B'1', '1', NULL, '');
INSERT INTO "tblACC_ChartAccount" VALUES ('102004', 'BDO - SM Valenzuela', '100000', 2, B'0', '102000', NULL, NULL, NULL, NULL, B'1', '1', NULL, '');
INSERT INTO "tblACC_ChartAccount" VALUES ('102005', 'BDO $ - KC', '100000', 2, B'0', '102000', NULL, NULL, NULL, NULL, B'1', '1', NULL, '');
INSERT INTO "tblACC_ChartAccount" VALUES ('102006', 'MBTC - Davao - KC', '100000', 2, B'0', '102000', NULL, NULL, NULL, NULL, B'1', '1', NULL, '');
INSERT INTO "tblACC_ChartAccount" VALUES ('102007', 'MBTC - Gapan', '100000', 2, B'0', '102000', NULL, NULL, NULL, NULL, B'1', '1', NULL, '');
INSERT INTO "tblACC_ChartAccount" VALUES ('102008', 'MBTC - KC', '100000', 2, B'0', '102000', NULL, NULL, NULL, NULL, B'1', '1', NULL, '');
INSERT INTO "tblACC_ChartAccount" VALUES ('102009', 'MBTC - MCM/KDM', '100000', 2, B'0', '102000', NULL, NULL, NULL, NULL, B'1', '1', NULL, '');
INSERT INTO "tblACC_ChartAccount" VALUES ('102010', 'MBTC - Riverbanks', '100000', 2, B'0', '102000', NULL, NULL, NULL, NULL, B'1', '1', NULL, '');
INSERT INTO "tblACC_ChartAccount" VALUES ('102011', 'MBTC - Sunstar', '100000', 2, B'0', '102000', NULL, NULL, NULL, NULL, B'1', '1', NULL, '');
INSERT INTO "tblACC_ChartAccount" VALUES ('102012', 'MBTC $ - KC', '100000', 2, B'0', '102000', NULL, NULL, NULL, NULL, B'1', '1', NULL, '');
INSERT INTO "tblACC_ChartAccount" VALUES ('102013', 'RCBC - Riverbanks', '100000', 2, B'0', '102000', NULL, NULL, NULL, NULL, B'1', '1', NULL, '');
INSERT INTO "tblACC_ChartAccount" VALUES ('102014', 'RSB - Bacolod', '100000', 2, B'0', '102000', NULL, NULL, NULL, NULL, B'1', '1', NULL, '');
INSERT INTO "tblACC_ChartAccount" VALUES ('102015', 'BDO - Nagaland', '100000', 2, B'0', '102000', NULL, NULL, NULL, NULL, B'1', '1', NULL, '');
INSERT INTO "tblACC_ChartAccount" VALUES ('102016', 'BDO- SM Batangas', '100000', 2, B'0', '102000', NULL, NULL, NULL, NULL, B'1', '1', NULL, '');
INSERT INTO "tblACC_ChartAccount" VALUES ('102017', 'PCI - Kabankalan', '100000', 2, B'0', '102000', NULL, NULL, NULL, NULL, B'1', '1', NULL, '');
INSERT INTO "tblACC_ChartAccount" VALUES ('102018', 'UNIONBANK-KC', '100000', 2, B'0', '102000', NULL, NULL, NULL, NULL, B'1', '1', NULL, '');
INSERT INTO "tblACC_ChartAccount" VALUES ('102019', 'BDO - SM Bacolod', '100000', 2, B'0', '102000', NULL, NULL, NULL, NULL, B'1', '1', NULL, '');
INSERT INTO "tblACC_ChartAccount" VALUES ('102020', 'BDO-SM Taytay', '100000', 2, B'0', '102000', NULL, NULL, NULL, NULL, B'1', '1', NULL, '');
INSERT INTO "tblACC_ChartAccount" VALUES ('102021', 'BDO- Kabankalan', '100000', 2, B'0', '102000', NULL, NULL, NULL, NULL, B'1', '1', NULL, '');
INSERT INTO "tblACC_ChartAccount" VALUES ('102022', 'BDO $- SM Mega - KC', '100000', 2, B'0', '102000', NULL, NULL, NULL, NULL, B'1', '1', NULL, '');
INSERT INTO "tblACC_ChartAccount" VALUES ('102023', 'MBTC-HO', '100000', 2, B'0', '102000', NULL, NULL, NULL, NULL, B'1', '1', NULL, '');
INSERT INTO "tblACC_ChartAccount" VALUES ('102024', 'BDO - Pampanga', '100000', 2, B'0', '102000', NULL, NULL, NULL, NULL, B'1', '1', NULL, '');
INSERT INTO "tblACC_ChartAccount" VALUES ('102025', 'BDO - Tabaco', '100000', 2, B'0', '102000', NULL, NULL, NULL, NULL, B'1', '1', NULL, '');
INSERT INTO "tblACC_ChartAccount" VALUES ('102026', 'BDO - SM Lucena', '100000', 2, B'0', '102000', NULL, NULL, NULL, NULL, B'1', '1', NULL, '');
INSERT INTO "tblACC_ChartAccount" VALUES ('102027', 'BDO - SM Baliwag', '100000', 2, B'0', '102000', NULL, NULL, NULL, NULL, B'1', '1', NULL, '');
INSERT INTO "tblACC_ChartAccount" VALUES ('102028', 'BDO - Waltermart', '100000', 2, B'0', '102000', NULL, NULL, NULL, NULL, B'1', '1', NULL, '');
INSERT INTO "tblACC_ChartAccount" VALUES ('102029', 'BDO - SM NAGA', '100000', 2, B'0', '102000', NULL, NULL, NULL, NULL, B'1', '1', NULL, '');
INSERT INTO "tblACC_ChartAccount" VALUES ('102030', 'PNB - POLANGUI ALBAY', '100000', 2, B'0', '102000', NULL, NULL, NULL, NULL, B'1', '1', NULL, '');
INSERT INTO "tblACC_ChartAccount" VALUES ('102031', 'MBTC-KC2', '100000', 2, B'0', '102000', NULL, NULL, NULL, NULL, B'1', '1', NULL, '');
INSERT INTO "tblACC_ChartAccount" VALUES ('102032', 'BDO-NE Pacific', '100000', 2, B'0', '102000', NULL, NULL, NULL, NULL, B'1', '1', NULL, '');
INSERT INTO "tblACC_ChartAccount" VALUES ('102033', 'BDO-SM Tarlac', '100000', 2, B'0', '102000', NULL, NULL, NULL, NULL, B'1', '1', NULL, '');
INSERT INTO "tblACC_ChartAccount" VALUES ('102034', 'BDO-SM San Pablo', '100000', 2, B'0', '102000', NULL, NULL, NULL, NULL, B'1', '1', NULL, '');
INSERT INTO "tblACC_ChartAccount" VALUES ('102035', 'UCPB - TANAUAN', '100000', 2, B'0', '102000', NULL, NULL, NULL, NULL, B'1', '1', NULL, '');
INSERT INTO "tblACC_ChartAccount" VALUES ('102036', 'UCPB - LUCENA', '100000', 2, B'0', '102000', NULL, NULL, NULL, NULL, B'1', '1', NULL, '');
INSERT INTO "tblACC_ChartAccount" VALUES ('102037', 'BDO - VAC', '100000', 2, B'0', '102000', NULL, NULL, NULL, NULL, B'1', '1', NULL, '');
INSERT INTO "tblACC_ChartAccount" VALUES ('102038', 'BDO $ - SM Mega - VAC', '100000', 2, B'0', '102000', NULL, NULL, NULL, NULL, B'1', '1', NULL, '');
INSERT INTO "tblACC_ChartAccount" VALUES ('102039', 'BDO $ - VAC', '100000', 2, B'0', '102000', NULL, NULL, NULL, NULL, B'1', '1', NULL, '');
INSERT INTO "tblACC_ChartAccount" VALUES ('102040', 'MBTC - VAC', '100000', 2, B'0', '102000', NULL, NULL, NULL, NULL, B'1', '1', NULL, '');
INSERT INTO "tblACC_ChartAccount" VALUES ('102041', 'MBTC - VAC - Zamboanga', '100000', 2, B'0', '102000', NULL, NULL, NULL, NULL, B'1', '1', NULL, '');
INSERT INTO "tblACC_ChartAccount" VALUES ('102042', 'MBTC $ - VAC', '100000', 2, B'0', '102000', NULL, NULL, NULL, NULL, B'1', '1', NULL, '');
INSERT INTO "tblACC_ChartAccount" VALUES ('102043', 'RCBC - ROXAS', '100000', 2, B'0', '102000', NULL, NULL, NULL, NULL, B'1', '1', NULL, '');
INSERT INTO "tblACC_ChartAccount" VALUES ('102044', 'BDO - SM Cebu - VAC', '100000', 2, B'0', '102000', NULL, NULL, NULL, NULL, B'1', '1', NULL, '');
INSERT INTO "tblACC_ChartAccount" VALUES ('102045', 'BDO - KALIBO', '100000', 2, B'0', '102000', NULL, NULL, NULL, NULL, B'1', '1', NULL, '');
INSERT INTO "tblACC_ChartAccount" VALUES ('102046', 'BDO - SM CAGAYAN', '100000', 2, B'0', '102000', NULL, NULL, NULL, NULL, B'1', '1', NULL, '');
INSERT INTO "tblACC_ChartAccount" VALUES ('102047', 'BDO - PACO', '100000', 2, B'0', '102000', NULL, NULL, NULL, NULL, B'1', '1', NULL, '');
INSERT INTO "tblACC_ChartAccount" VALUES ('102048', 'BDO - San Lazaro', '100000', 2, B'0', '102000', NULL, NULL, NULL, NULL, B'1', '1', NULL, '');
INSERT INTO "tblACC_ChartAccount" VALUES ('102049', 'BDO - SM Clark', '100000', 2, B'0', '102000', NULL, NULL, NULL, NULL, B'1', '1', NULL, '');
INSERT INTO "tblACC_ChartAccount" VALUES ('102050', 'BDO $ - PACO', '100000', 2, B'0', '102000', NULL, NULL, NULL, NULL, B'1', '1', NULL, '');
INSERT INTO "tblACC_ChartAccount" VALUES ('102051', 'MBTC - PACO', '100000', 2, B'0', '102000', NULL, NULL, NULL, NULL, B'1', '1', NULL, '');
INSERT INTO "tblACC_ChartAccount" VALUES ('102052', 'BPI - Tagaytay', '100000', 2, B'0', '102000', NULL, NULL, NULL, NULL, B'1', '1', NULL, '');
INSERT INTO "tblACC_ChartAccount" VALUES ('102053', 'BDO - WM Sta. Maria', '100000', 2, B'0', '102000', NULL, NULL, NULL, NULL, B'1', '1', NULL, '');
INSERT INTO "tblACC_ChartAccount" VALUES ('102054', 'MBTC-GWOF', '100000', 2, B'0', '102000', NULL, NULL, NULL, NULL, B'1', '1', NULL, '');
INSERT INTO "tblACC_ChartAccount" VALUES ('102055', 'MBTC $ - GWOF', '100000', 2, B'0', '102000', NULL, NULL, NULL, NULL, B'1', '1', NULL, '');
INSERT INTO "tblACC_ChartAccount" VALUES ('102056', 'RCBC-GWOF', '100000', 2, B'0', '102000', NULL, NULL, NULL, NULL, B'1', '1', NULL, '');
INSERT INTO "tblACC_ChartAccount" VALUES ('102057', 'BDO-SM Bacolod', '100000', 2, B'0', '102000', NULL, NULL, NULL, NULL, B'1', '1', NULL, '');
INSERT INTO "tblACC_ChartAccount" VALUES ('103000', 'Accts. Receivable-Trade', '100000', 1, B'0', NULL, NULL, NULL, NULL, NULL, B'1', '1', NULL, '');
INSERT INTO "tblACC_ChartAccount" VALUES ('104000', 'Adv. to Supplier/Others', '100000', 1, B'0', NULL, NULL, NULL, NULL, NULL, B'1', '1', NULL, '');
INSERT INTO "tblACC_ChartAccount" VALUES ('104001', 'Adv. to Suppliers/Contractors', '100000', 2, B'0', '104000', NULL, NULL, NULL, NULL, B'1', '1', NULL, '');
INSERT INTO "tblACC_ChartAccount" VALUES ('104002', 'Adv. to Suppliers-Imp. Charges', '100000', 2, B'0', '104000', NULL, NULL, NULL, NULL, B'1', '1', NULL, '');
INSERT INTO "tblACC_ChartAccount" VALUES ('104003', 'Adv. to Suppliers-Machines', '100000', 2, B'0', '104000', NULL, NULL, NULL, NULL, B'1', '1', NULL, '');
INSERT INTO "tblACC_ChartAccount" VALUES ('104004', 'Adv. to Suppliers-Tokens', '100000', 2, B'0', '104000', NULL, NULL, NULL, NULL, B'1', '1', NULL, '');
INSERT INTO "tblACC_ChartAccount" VALUES ('104005', 'Adv. to Suppliers-Tickets', '100000', 2, B'0', '104000', NULL, NULL, NULL, NULL, B'1', '1', NULL, '');
INSERT INTO "tblACC_ChartAccount" VALUES ('104006', 'Adv. to Suppliers-Spareparts', '100000', 2, B'0', '104000', NULL, NULL, NULL, NULL, B'1', '1', NULL, '');
INSERT INTO "tblACC_ChartAccount" VALUES ('104007', 'Adv. to other Agencies', '100000', 2, B'0', '104000', NULL, NULL, NULL, NULL, B'1', '1', NULL, '');
INSERT INTO "tblACC_ChartAccount" VALUES ('105000', 'Adv. To Employees/Stockholders', '100000', 1, B'0', NULL, NULL, NULL, NULL, NULL, B'1', '1', NULL, '');
INSERT INTO "tblACC_ChartAccount" VALUES ('105001', 'Adv. to Employees for Expenses', '100000', 2, B'0', '105000', NULL, NULL, NULL, NULL, B'1', '1', NULL, '');
INSERT INTO "tblACC_ChartAccount" VALUES ('105002', 'Adv. to Stockholders', '100000', 2, B'0', '105000', NULL, NULL, NULL, NULL, B'1', '1', NULL, '');
INSERT INTO "tblACC_ChartAccount" VALUES ('106000', 'Rec. from Employees/Others', '100000', 1, B'0', NULL, NULL, NULL, NULL, NULL, B'1', '1', NULL, '');
INSERT INTO "tblACC_ChartAccount" VALUES ('106001', 'Rec. from Employees', '100000', 2, B'0', '106000', NULL, NULL, NULL, NULL, B'1', '1', NULL, '');
INSERT INTO "tblACC_ChartAccount" VALUES ('106002', 'Rec.from Other Agencies', '100000', 2, B'0', '106000', NULL, NULL, NULL, NULL, B'1', '1', NULL, '');
INSERT INTO "tblACC_ChartAccount" VALUES ('106003', 'Rec. from SSS', '100000', 2, B'0', '106000', NULL, NULL, NULL, NULL, B'1', '1', NULL, '');
INSERT INTO "tblACC_ChartAccount" VALUES ('107000', 'Rec. from Affilliates', '100000', 1, B'0', NULL, NULL, NULL, NULL, NULL, B'1', '1', NULL, '');
INSERT INTO "tblACC_ChartAccount" VALUES ('108000', 'Supplies-Token/Ticket', '100000', 1, B'0', NULL, NULL, NULL, NULL, NULL, B'1', '1', NULL, '');
INSERT INTO "tblACC_ChartAccount" VALUES ('108001', 'Supplies-Tokens', '100000', 2, B'0', '108000', NULL, NULL, NULL, NULL, B'1', '1', NULL, '');
INSERT INTO "tblACC_ChartAccount" VALUES ('108002', 'Supplies-Tickets (impt)', '100000', 2, B'0', '108000', NULL, NULL, NULL, NULL, B'1', '1', NULL, '');
INSERT INTO "tblACC_ChartAccount" VALUES ('108003', 'Supplies-Tickets(local)', '100000', 2, B'0', '108000', NULL, NULL, NULL, NULL, B'1', '1', NULL, '');
INSERT INTO "tblACC_ChartAccount" VALUES ('109000', 'Supplies', '100000', 1, B'0', NULL, NULL, NULL, NULL, NULL, B'1', '1', NULL, '');
INSERT INTO "tblACC_ChartAccount" VALUES ('109001', 'Supplies-Stationery/Others', '100000', 2, B'0', '109000', NULL, NULL, NULL, NULL, B'1', '1', NULL, '');
INSERT INTO "tblACC_ChartAccount" VALUES ('109002', 'Supplies-Recopy/Others', '100000', 2, B'0', '109000', NULL, NULL, NULL, NULL, B'1', '1', NULL, '');
INSERT INTO "tblACC_ChartAccount" VALUES ('109003', 'Supplies-Cartridge/PC Boards', '100000', 2, B'0', '109000', NULL, NULL, NULL, NULL, B'1', '1', NULL, '');
INSERT INTO "tblACC_ChartAccount" VALUES ('109004', 'Supplies-Uniforms', '100000', 2, B'0', '109000', NULL, NULL, NULL, NULL, B'1', '1', NULL, '');
INSERT INTO "tblACC_ChartAccount" VALUES ('109005', 'Supplies-Consumables', '100000', 2, B'0', '109000', NULL, NULL, NULL, NULL, B'1', '1', NULL, '');
INSERT INTO "tblACC_ChartAccount" VALUES ('109006', 'Supplies-Spare parts', '100000', 2, B'0', '109000', NULL, NULL, NULL, NULL, B'1', '1', NULL, '');
INSERT INTO "tblACC_ChartAccount" VALUES ('109007', 'Supplies-Cleaning Materials', '100000', 2, B'0', '109000', NULL, NULL, NULL, NULL, B'1', '1', NULL, '');
INSERT INTO "tblACC_ChartAccount" VALUES ('109008', 'Supplies-Lights/Fixtures', '100000', 2, B'0', '109000', NULL, NULL, NULL, NULL, B'1', '1', NULL, '');
INSERT INTO "tblACC_ChartAccount" VALUES ('109009', 'Supplies-Redemption', '100000', 2, B'0', '109000', NULL, NULL, NULL, NULL, B'1', '1', NULL, '');
INSERT INTO "tblACC_ChartAccount" VALUES ('109010', 'Supplies-Prize Items', '100000', 2, B'0', '109000', NULL, NULL, NULL, NULL, B'1', '1', NULL, '');
INSERT INTO "tblACC_ChartAccount" VALUES ('109011', 'Supplies-Medical', '100000', 2, B'0', '109000', NULL, NULL, NULL, NULL, B'1', '1', NULL, '');
INSERT INTO "tblACC_ChartAccount" VALUES ('109012', 'Supplies-Incentives', '100000', 2, B'0', '109000', NULL, NULL, NULL, NULL, B'1', '1', NULL, '');
INSERT INTO "tblACC_ChartAccount" VALUES ('109013', 'Supplies-Ads and Promo', '100000', 2, B'0', '109000', NULL, NULL, NULL, NULL, B'1', '1', NULL, '');
INSERT INTO "tblACC_ChartAccount" VALUES ('109014', 'Supplies-Creative Materials', '100000', 2, B'0', '109000', NULL, NULL, NULL, NULL, B'1', '1', NULL, '');
INSERT INTO "tblACC_ChartAccount" VALUES ('109015', 'Supplies-Others', '100000', 2, B'0', '109000', NULL, NULL, NULL, NULL, B'1', '1', NULL, '');
INSERT INTO "tblACC_ChartAccount" VALUES ('109016', 'Supplies-Soft Play', '100000', 2, B'0', '109000', NULL, NULL, NULL, NULL, B'1', '1', NULL, '');
INSERT INTO "tblACC_ChartAccount" VALUES ('109017', 'Supplies-GC', '100000', 2, B'0', '109000', NULL, NULL, NULL, NULL, B'1', '1', NULL, '');
INSERT INTO "tblACC_ChartAccount" VALUES ('109018', 'Supplies-Redemption-Short/Over', '100000', 2, B'0', '109000', NULL, NULL, NULL, NULL, B'1', '1', NULL, '');
INSERT INTO "tblACC_ChartAccount" VALUES ('110000', 'Prepaid Expenses', '100000', 1, B'0', NULL, NULL, NULL, NULL, NULL, B'1', '1', NULL, '');
INSERT INTO "tblACC_ChartAccount" VALUES ('110002', 'Prepaid Medical Expenses', '100000', 2, B'0', '110000', NULL, NULL, NULL, NULL, B'1', '1', NULL, '');
INSERT INTO "tblACC_ChartAccount" VALUES ('110003', 'Prepaid Taxes and Licenses', '100000', 2, B'0', '110000', NULL, NULL, NULL, NULL, B'1', '1', NULL, '');
INSERT INTO "tblACC_ChartAccount" VALUES ('110004', 'Prepaid Postage and Telephone', '100000', 2, B'0', '110000', NULL, NULL, NULL, NULL, B'1', '1', NULL, '');
INSERT INTO "tblACC_ChartAccount" VALUES ('110005', 'Prepaid Training and Seminar', '100000', 2, B'0', '110000', NULL, NULL, NULL, NULL, B'1', '1', NULL, '');
INSERT INTO "tblACC_ChartAccount" VALUES ('110006', 'Prepaid Rent Miscellaneous', '100000', 2, B'0', '110000', NULL, NULL, NULL, NULL, B'1', '1', NULL, '');
INSERT INTO "tblACC_ChartAccount" VALUES ('110007', 'Prepaid Repair and Maintenance', '100000', 2, B'0', '110000', NULL, NULL, NULL, NULL, B'1', '1', NULL, '');
INSERT INTO "tblACC_ChartAccount" VALUES ('110008', 'Prepaid Subscription', '100000', 2, B'0', '110000', NULL, NULL, NULL, NULL, B'1', '1', NULL, '');
INSERT INTO "tblACC_ChartAccount" VALUES ('110009', 'Prepaid Membership Dues', '100000', 2, B'0', '110000', NULL, NULL, NULL, NULL, B'1', '1', NULL, '');
INSERT INTO "tblACC_ChartAccount" VALUES ('110010', 'Prepaid Ads and Promo', '100000', 2, B'0', '110000', NULL, NULL, NULL, NULL, B'1', '1', NULL, '');
INSERT INTO "tblACC_ChartAccount" VALUES ('110011', 'Prepaid Uniform Allow', '100000', 2, B'0', '110000', NULL, NULL, NULL, NULL, B'1', '1', NULL, '');
INSERT INTO "tblACC_ChartAccount" VALUES ('110012', 'Prepaid Meals', '100000', 2, B'0', '110000', NULL, NULL, NULL, NULL, B'1', '1', NULL, '');
INSERT INTO "tblACC_ChartAccount" VALUES ('110013', 'Prepaid Rent', '100000', 2, B'0', '110000', NULL, NULL, NULL, NULL, B'1', '1', NULL, '');
INSERT INTO "tblACC_ChartAccount" VALUES ('110014', 'Prepaid Transpo & Travelling', '100000', 2, B'0', '110000', NULL, NULL, NULL, NULL, B'1', '1', NULL, '');
INSERT INTO "tblACC_ChartAccount" VALUES ('110015', 'Defered Vat Input', '100000', 2, B'0', '110000', NULL, NULL, NULL, NULL, B'1', '1', NULL, '');
INSERT INTO "tblACC_ChartAccount" VALUES ('110016', 'W/tax Refund', '100000', 2, B'0', '110000', NULL, NULL, NULL, NULL, B'1', '1', NULL, '');
INSERT INTO "tblACC_ChartAccount" VALUES ('110017', 'Defered Tax Credit', '100000', 2, B'0', '110000', NULL, NULL, NULL, NULL, B'1', '1', NULL, '');
INSERT INTO "tblACC_ChartAccount" VALUES ('110018', 'Vat Input', '100000', 2, B'0', '110000', NULL, NULL, NULL, NULL, B'1', '1', NULL, '');
INSERT INTO "tblACC_ChartAccount" VALUES ('111000', 'Intangibles', '100000', 1, B'0', NULL, NULL, NULL, NULL, NULL, B'1', '1', NULL, '');
INSERT INTO "tblACC_ChartAccount" VALUES ('111001', 'Softwares', '100000', 2, B'0', '111000', NULL, NULL, NULL, NULL, B'1', '1', NULL, '');
INSERT INTO "tblACC_ChartAccount" VALUES ('111002', 'Accu. Amort.-Softwares', '100000', 2, B'0', '111000', NULL, NULL, NULL, NULL, B'1', '1', NULL, '');
INSERT INTO "tblACC_ChartAccount" VALUES ('112000', 'PPE', '100000', 1, B'0', NULL, NULL, NULL, NULL, NULL, B'1', '1', NULL, '');
INSERT INTO "tblACC_ChartAccount" VALUES ('112001', 'Machines', '100000', 2, B'0', '112000', NULL, NULL, NULL, NULL, B'1', '1', NULL, '');
INSERT INTO "tblACC_ChartAccount" VALUES ('112002', 'Machines - Game Machines', '100000', 2, B'0', '112000', NULL, NULL, NULL, NULL, B'1', '1', NULL, '');
INSERT INTO "tblACC_ChartAccount" VALUES ('112003', 'Machines - PCB', '100000', 2, B'0', '112000', NULL, NULL, NULL, NULL, B'1', '1', NULL, '');
INSERT INTO "tblACC_ChartAccount" VALUES ('112004', 'Machines - Mother Board', '100000', 2, B'0', '112000', NULL, NULL, NULL, NULL, B'1', '1', NULL, '');
INSERT INTO "tblACC_ChartAccount" VALUES ('112005', 'Machines - Accessories', '100000', 2, B'0', '112000', NULL, NULL, NULL, NULL, B'1', '1', NULL, '');
INSERT INTO "tblACC_ChartAccount" VALUES ('112006', 'Accu.Dep.-Mach - Mother Board', '100000', 2, B'0', '112000', NULL, NULL, NULL, NULL, B'1', '1', NULL, '');
INSERT INTO "tblACC_ChartAccount" VALUES ('112007', 'Accu.Dep-Mach-Game Machines', '100000', 2, B'0', '112000', NULL, NULL, NULL, NULL, B'1', '1', NULL, '');
INSERT INTO "tblACC_ChartAccount" VALUES ('112008', 'Accu.Dep.-Mach - PCB', '100000', 2, B'0', '112000', NULL, NULL, NULL, NULL, B'1', '1', NULL, '');
INSERT INTO "tblACC_ChartAccount" VALUES ('112009', 'Accu.Dep-Mach-Accessories', '100000', 2, B'0', '112000', NULL, NULL, NULL, NULL, B'1', '1', NULL, '');
INSERT INTO "tblACC_ChartAccount" VALUES ('112010', 'Office Equipment', '100000', 2, B'0', '112000', NULL, NULL, NULL, NULL, B'1', '1', NULL, '');
INSERT INTO "tblACC_ChartAccount" VALUES ('112011', 'Office - Equipment', '100000', 2, B'0', '112000', NULL, NULL, NULL, NULL, B'1', '1', NULL, '');
INSERT INTO "tblACC_ChartAccount" VALUES ('112012', 'Tools', '100000', 2, B'0', '112000', NULL, NULL, NULL, NULL, B'1', '1', NULL, '');
INSERT INTO "tblACC_ChartAccount" VALUES ('112013', 'Accu. Dep.-Off Equip', '100000', 2, B'0', '112000', NULL, NULL, NULL, NULL, B'1', '1', NULL, '');
INSERT INTO "tblACC_ChartAccount" VALUES ('112014', 'Company Vehicles', '100000', 2, B'0', '112000', NULL, NULL, NULL, NULL, B'1', '1', NULL, '');
INSERT INTO "tblACC_ChartAccount" VALUES ('112015', 'Delivery/Co.Vehicles', '100000', 2, B'0', '112000', NULL, NULL, NULL, NULL, B'1', '1', NULL, '');
INSERT INTO "tblACC_ChartAccount" VALUES ('112016', 'Accu. Dep-Co. Vehicles', '100000', 2, B'0', '112000', NULL, NULL, NULL, NULL, B'1', '1', NULL, '');
INSERT INTO "tblACC_ChartAccount" VALUES ('112017', 'Furnitures/Fixtures', '100000', 2, B'0', '112000', NULL, NULL, NULL, NULL, B'1', '1', NULL, '');
INSERT INTO "tblACC_ChartAccount" VALUES ('112018', 'Furnitures And Fixtures', '100000', 2, B'0', '112000', NULL, NULL, NULL, NULL, B'1', '1', NULL, '');
INSERT INTO "tblACC_ChartAccount" VALUES ('112019', 'Accu. Dep.-Furn and Fixture', '100000', 2, B'0', '112000', NULL, NULL, NULL, NULL, B'1', '1', NULL, '');
INSERT INTO "tblACC_ChartAccount" VALUES ('112020', 'Leasehold Improvements', '100000', 2, B'0', '112000', NULL, NULL, NULL, NULL, B'1', '1', NULL, '');
INSERT INTO "tblACC_ChartAccount" VALUES ('112021', 'Leasehold Improvement', '100000', 2, B'0', '112000', NULL, NULL, NULL, NULL, B'1', '1', NULL, '');
INSERT INTO "tblACC_ChartAccount" VALUES ('112022', 'Accu. Amort. - Leasehold Imp.', '100000', 2, B'0', '112000', NULL, NULL, NULL, NULL, B'1', '1', NULL, '');
INSERT INTO "tblACC_ChartAccount" VALUES ('112023', 'Machines-InTransit', '100000', 2, B'0', '112000', NULL, NULL, NULL, NULL, B'1', '1', NULL, '');
INSERT INTO "tblACC_ChartAccount" VALUES ('112024', 'Mascot', '100000', 2, B'0', '112000', NULL, NULL, NULL, NULL, B'1', '1', NULL, '');
INSERT INTO "tblACC_ChartAccount" VALUES ('112025', 'Accu. Dep.-Mascots', '100000', 2, B'0', '112000', NULL, NULL, NULL, NULL, B'1', '1', NULL, '');
INSERT INTO "tblACC_ChartAccount" VALUES ('113000', 'OTHER ASSETS', '100000', 1, B'0', NULL, NULL, NULL, NULL, NULL, B'1', '1', NULL, '');
INSERT INTO "tblACC_ChartAccount" VALUES ('113001', 'Miscellaneous Deposit', '100000', 2, B'0', '113000', NULL, NULL, NULL, NULL, B'1', '1', NULL, '');
INSERT INTO "tblACC_ChartAccount" VALUES ('113002', 'Rental Deposit', '100000', 2, B'0', '113000', NULL, NULL, NULL, NULL, B'1', '1', NULL, '');
INSERT INTO "tblACC_ChartAccount" VALUES ('113003', 'Construction Bond Deposit', '100000', 2, B'0', '113000', NULL, NULL, NULL, NULL, B'1', '1', NULL, '');
INSERT INTO "tblACC_ChartAccount" VALUES ('113004', 'Pre-Operating Costs', '100000', 2, B'0', '113000', NULL, NULL, NULL, NULL, B'1', '1', NULL, '');
INSERT INTO "tblACC_ChartAccount" VALUES ('113005', 'Investments', '100000', 2, B'0', '113000', NULL, NULL, NULL, NULL, B'1', '1', NULL, '');
INSERT INTO "tblACC_ChartAccount" VALUES ('113006', 'Investment-PLDT Stocks', '100000', 2, B'0', '113000', NULL, NULL, NULL, NULL, B'1', '1', NULL, '');
INSERT INTO "tblACC_ChartAccount" VALUES ('113007', 'Investment-Others', '100000', 2, B'0', '113000', NULL, NULL, NULL, NULL, B'1', '1', NULL, '');
INSERT INTO "tblACC_ChartAccount" VALUES ('113008', 'Investment-Retirement Fund', '100000', 2, B'0', '113000', NULL, NULL, NULL, NULL, B'1', '1', NULL, '');
INSERT INTO "tblACC_ChartAccount" VALUES ('113009', 'Investment-Affiliates', '100000', 2, B'0', '113000', NULL, NULL, NULL, NULL, B'1', '1', NULL, '');
INSERT INTO "tblACC_ChartAccount" VALUES ('113010', 'Investment-Tom''s World', '100000', 2, B'0', '113000', NULL, NULL, NULL, NULL, B'1', '1', NULL, '');
INSERT INTO "tblACC_ChartAccount" VALUES ('201000', 'Accts. Payable -Trade', '200000', 1, B'0', NULL, NULL, NULL, NULL, NULL, B'1', '1', NULL, '');
INSERT INTO "tblACC_ChartAccount" VALUES ('202000', 'Accts. Payable - Non-trade', '200000', 1, B'0', NULL, NULL, NULL, NULL, NULL, B'1', '1', NULL, '');
INSERT INTO "tblACC_ChartAccount" VALUES ('202001', 'Accts. Payable-Suspense', '200000', 2, B'0', '202000', NULL, NULL, NULL, NULL, B'1', '1', NULL, '');
INSERT INTO "tblACC_ChartAccount" VALUES ('202002', 'Accts. Payable-Non-trade', '200000', 2, B'0', '202000', NULL, NULL, NULL, NULL, B'1', '1', NULL, '');
INSERT INTO "tblACC_ChartAccount" VALUES ('203000', 'Due to Affiliates', '200000', 1, B'0', NULL, NULL, NULL, NULL, NULL, B'1', '1', NULL, '');
INSERT INTO "tblACC_ChartAccount" VALUES ('204000', 'SSS/NHIP/Pagibig Cont. Payable', '200000', 1, B'0', NULL, NULL, NULL, NULL, NULL, B'1', '1', NULL, '');
INSERT INTO "tblACC_ChartAccount" VALUES ('204001', 'ER SSS Cont. Payable', '200000', 2, B'0', '204000', NULL, NULL, NULL, NULL, B'1', '1', NULL, '');
INSERT INTO "tblACC_ChartAccount" VALUES ('204002', 'EE SSS Cont. Payable', '200000', 2, B'0', '204000', NULL, NULL, NULL, NULL, B'1', '1', NULL, '');
INSERT INTO "tblACC_ChartAccount" VALUES ('204003', 'ER Pag-ibig Cont. Payable', '200000', 2, B'0', '204000', NULL, NULL, NULL, NULL, B'1', '1', NULL, '');
INSERT INTO "tblACC_ChartAccount" VALUES ('204004', 'EE Pag-ibig Cont. Payable', '200000', 2, B'0', '204000', NULL, NULL, NULL, NULL, B'1', '1', NULL, '');
INSERT INTO "tblACC_ChartAccount" VALUES ('204005', 'ER NHIP Cont. Payable', '200000', 2, B'0', '204000', NULL, NULL, NULL, NULL, B'1', '1', NULL, '');
INSERT INTO "tblACC_ChartAccount" VALUES ('204006', 'EE NHIP Cont. Payable', '200000', 2, B'0', '204000', NULL, NULL, NULL, NULL, B'1', '1', NULL, '');
INSERT INTO "tblACC_ChartAccount" VALUES ('205000', 'SSS/Pagibig Loans Payable', '200000', 1, B'0', NULL, NULL, NULL, NULL, NULL, B'1', '1', NULL, '');
INSERT INTO "tblACC_ChartAccount" VALUES ('205001', 'SSS Salary Loan Payable', '200000', 2, B'0', '205000', NULL, NULL, NULL, NULL, B'1', '1', NULL, '');
INSERT INTO "tblACC_ChartAccount" VALUES ('205002', 'Pag-ibig Loans Payable', '200000', 2, B'0', '205000', NULL, NULL, NULL, NULL, B'1', '1', NULL, '');
INSERT INTO "tblACC_ChartAccount" VALUES ('206000', 'W/Taxes Payable', '200000', 1, B'0', NULL, NULL, NULL, NULL, NULL, B'1', '1', NULL, '');
INSERT INTO "tblACC_ChartAccount" VALUES ('206001', 'W/Taxes Pay-Wages', '200000', 2, B'0', '206000', NULL, NULL, NULL, NULL, B'1', '1', NULL, '');
INSERT INTO "tblACC_ChartAccount" VALUES ('206002', 'W/Taxes Pay-Expanded', '200000', 2, B'0', '206000', NULL, NULL, NULL, NULL, B'1', '1', NULL, '');
INSERT INTO "tblACC_ChartAccount" VALUES ('206003', 'W/Taxes Pay-LP', '200000', 2, B'0', '206000', NULL, NULL, NULL, NULL, B'1', '1', NULL, '');
INSERT INTO "tblACC_ChartAccount" VALUES ('206004', 'W/Tax Refund Payable', '200000', 2, B'0', '206000', NULL, NULL, NULL, NULL, B'1', '1', NULL, '');
INSERT INTO "tblACC_ChartAccount" VALUES ('206005', 'W/Taxes Pay-Prof. Fees', '200000', 2, B'0', '206000', NULL, NULL, NULL, NULL, B'1', '1', NULL, '');
INSERT INTO "tblACC_ChartAccount" VALUES ('206006', 'W/Taxes Pay-Brokerage', '200000', 2, B'0', '206000', NULL, NULL, NULL, NULL, B'1', '1', NULL, '');
INSERT INTO "tblACC_ChartAccount" VALUES ('207000', 'Income Tax Payable', '200000', 1, B'0', NULL, NULL, NULL, NULL, NULL, B'1', '1', NULL, '');
INSERT INTO "tblACC_ChartAccount" VALUES ('208000', 'Accrued Expenses', '200000', 1, B'0', NULL, NULL, NULL, NULL, NULL, B'1', '1', NULL, '');
INSERT INTO "tblACC_ChartAccount" VALUES ('208001', 'Accrued Repairs Exp Payable', '200000', 2, B'0', '208000', NULL, NULL, NULL, NULL, B'1', '1', NULL, '');
INSERT INTO "tblACC_ChartAccount" VALUES ('208002', 'Accrued Transpo Exp Payable', '200000', 2, B'0', '208000', NULL, NULL, NULL, NULL, B'1', '1', NULL, '');
INSERT INTO "tblACC_ChartAccount" VALUES ('208003', 'Accrued Trucking Exp Payable', '200000', 2, B'0', '208000', NULL, NULL, NULL, NULL, B'1', '1', NULL, '');
INSERT INTO "tblACC_ChartAccount" VALUES ('208004', 'Accrued Gas,Fuel Payable', '200000', 2, B'0', '208000', NULL, NULL, NULL, NULL, B'1', '1', NULL, '');
INSERT INTO "tblACC_ChartAccount" VALUES ('208005', 'Accrued PT and T Payable', '200000', 2, B'0', '208000', NULL, NULL, NULL, NULL, B'1', '1', NULL, '');
INSERT INTO "tblACC_ChartAccount" VALUES ('208006', 'Accrued Power/Water Payable', '200000', 2, B'0', '208000', NULL, NULL, NULL, NULL, B'1', '1', NULL, '');
INSERT INTO "tblACC_ChartAccount" VALUES ('208007', 'Accrued Rent Exp Payable', '200000', 2, B'0', '208000', NULL, NULL, NULL, NULL, B'1', '1', NULL, '');
INSERT INTO "tblACC_ChartAccount" VALUES ('208008', 'Accrued Security Exp Payable', '200000', 2, B'0', '208000', NULL, NULL, NULL, NULL, B'1', '1', NULL, '');
INSERT INTO "tblACC_ChartAccount" VALUES ('208009', 'Accrued Sal/Wages Exp Payable', '200000', 2, B'0', '208000', NULL, NULL, NULL, NULL, B'1', '1', NULL, '');
INSERT INTO "tblACC_ChartAccount" VALUES ('208010', 'Accrued Insurance Exp Payable', '200000', 2, B'0', '208000', NULL, NULL, NULL, NULL, B'1', '1', NULL, '');
INSERT INTO "tblACC_ChartAccount" VALUES ('208011', 'Accrued Fringe B./Others', '200000', 2, B'0', '208000', NULL, NULL, NULL, NULL, B'1', '1', NULL, '');
INSERT INTO "tblACC_ChartAccount" VALUES ('208012', 'Accrued Uniform Expense', '200000', 2, B'0', '208000', NULL, NULL, NULL, NULL, B'1', '1', NULL, '');
INSERT INTO "tblACC_ChartAccount" VALUES ('208013', 'Accrued Training and Seminar', '200000', 2, B'0', '208000', NULL, NULL, NULL, NULL, B'1', '1', NULL, '');
INSERT INTO "tblACC_ChartAccount" VALUES ('208014', 'Accrued Rent Misc Payable', '200000', 2, B'0', '208000', NULL, NULL, NULL, NULL, B'1', '1', NULL, '');
INSERT INTO "tblACC_ChartAccount" VALUES ('208015', 'Accrued Medical Exp Payable', '200000', 2, B'0', '208000', NULL, NULL, NULL, NULL, B'1', '1', NULL, '');
INSERT INTO "tblACC_ChartAccount" VALUES ('208016', 'Accrued Represen Exp Payable', '200000', 2, B'0', '208000', NULL, NULL, NULL, NULL, B'1', '1', NULL, '');
INSERT INTO "tblACC_ChartAccount" VALUES ('208017', 'Accrued Rep/Trans Allow', '200000', 2, B'0', '208000', NULL, NULL, NULL, NULL, B'1', '1', NULL, '');
INSERT INTO "tblACC_ChartAccount" VALUES ('208018', 'Accrued Taxes Exp Payable', '200000', 2, B'0', '208000', NULL, NULL, NULL, NULL, B'1', '1', NULL, '');
INSERT INTO "tblACC_ChartAccount" VALUES ('208019', 'Accrued Mgmt/Legal Payable', '200000', 2, B'0', '208000', NULL, NULL, NULL, NULL, B'1', '1', NULL, '');
INSERT INTO "tblACC_ChartAccount" VALUES ('208020', 'Accrued Misc Exp Payable', '200000', 2, B'0', '208000', NULL, NULL, NULL, NULL, B'1', '1', NULL, '');
INSERT INTO "tblACC_ChartAccount" VALUES ('208021', 'Accrued Meals Exp Payable', '200000', 2, B'0', '208000', NULL, NULL, NULL, NULL, B'1', '1', NULL, '');
INSERT INTO "tblACC_ChartAccount" VALUES ('208022', 'Accrued Ads/Promo Payable', '200000', 2, B'0', '208000', NULL, NULL, NULL, NULL, B'1', '1', NULL, '');
INSERT INTO "tblACC_ChartAccount" VALUES ('208023', 'Accrued Interest Exp Payable', '200000', 2, B'0', '208000', NULL, NULL, NULL, NULL, B'1', '1', NULL, '');
INSERT INTO "tblACC_ChartAccount" VALUES ('208024', 'Accrued Unused SL Payable', '200000', 2, B'0', '208000', NULL, NULL, NULL, NULL, B'1', '1', NULL, '');
INSERT INTO "tblACC_ChartAccount" VALUES ('208025', '13th Month Payable', '200000', 2, B'0', '208000', NULL, NULL, NULL, NULL, B'1', '1', NULL, '');
INSERT INTO "tblACC_ChartAccount" VALUES ('208026', 'Bonus Payable', '200000', 2, B'0', '208000', NULL, NULL, NULL, NULL, B'1', '1', NULL, '');
INSERT INTO "tblACC_ChartAccount" VALUES ('208027', 'Accrued Janitorial Exp Payable', '200000', 2, B'0', '208000', NULL, NULL, NULL, NULL, B'1', '1', NULL, '');
INSERT INTO "tblACC_ChartAccount" VALUES ('209000', 'Other Payables', '200000', 1, B'0', NULL, NULL, NULL, NULL, NULL, B'1', '1', NULL, '');
INSERT INTO "tblACC_ChartAccount" VALUES ('209001', 'Unclaimed 13th Month Payable', '200000', 2, B'0', '209000', NULL, NULL, NULL, NULL, B'1', '1', NULL, '');
INSERT INTO "tblACC_ChartAccount" VALUES ('209002', 'Unclaimed Salaries and Wages', '200000', 2, B'0', '209000', NULL, NULL, NULL, NULL, B'1', '1', NULL, '');
INSERT INTO "tblACC_ChartAccount" VALUES ('209003', 'Advances from Employees', '200000', 2, B'0', '209000', NULL, NULL, NULL, NULL, B'1', '1', NULL, '');
INSERT INTO "tblACC_ChartAccount" VALUES ('209004', 'Deposit From Customers', '200000', 2, B'0', '209000', NULL, NULL, NULL, NULL, B'1', '1', NULL, '');
INSERT INTO "tblACC_ChartAccount" VALUES ('209005', 'Deposit from Other Agencies', '200000', 2, B'0', '209000', NULL, NULL, NULL, NULL, B'1', '1', NULL, '');
INSERT INTO "tblACC_ChartAccount" VALUES ('209006', 'Deposit From Concessionnaires', '200000', 2, B'0', '209000', NULL, NULL, NULL, NULL, B'1', '1', NULL, '');
INSERT INTO "tblACC_ChartAccount" VALUES ('209007', 'Due to Others-PCF', '200000', 2, B'0', '209000', NULL, NULL, NULL, NULL, B'1', '1', NULL, '');
INSERT INTO "tblACC_ChartAccount" VALUES ('209008', 'Due to Directors/Stockholders', '200000', 2, B'0', '209000', NULL, NULL, NULL, NULL, B'1', '1', NULL, '');
INSERT INTO "tblACC_ChartAccount" VALUES ('209009', 'Due to Others', '200000', 2, B'0', '209000', NULL, NULL, NULL, NULL, B'1', '1', NULL, '');
INSERT INTO "tblACC_ChartAccount" VALUES ('209010', 'Due to Others- LSP', '200000', 2, B'0', '209000', NULL, NULL, NULL, NULL, B'1', '1', NULL, '');
INSERT INTO "tblACC_ChartAccount" VALUES ('209011', 'VAT Output', '200000', 2, B'0', '209000', NULL, NULL, NULL, NULL, B'1', '1', NULL, '');
INSERT INTO "tblACC_ChartAccount" VALUES ('209012', 'Past Service Liability', '200000', 2, B'0', '209000', NULL, NULL, NULL, NULL, B'1', '1', NULL, '');
INSERT INTO "tblACC_ChartAccount" VALUES ('210000', 'Notes/Loans Payable', '200000', 1, B'0', NULL, NULL, NULL, NULL, NULL, B'1', '1', NULL, '');
INSERT INTO "tblACC_ChartAccount" VALUES ('210001', 'Notes Payable', '200000', 2, B'0', '210000', NULL, NULL, NULL, NULL, B'1', '1', NULL, '');
INSERT INTO "tblACC_ChartAccount" VALUES ('301000', 'Investor''s Capital', '300000', 1, B'0', NULL, NULL, NULL, NULL, NULL, B'1', '1', NULL, '');
INSERT INTO "tblACC_ChartAccount" VALUES ('302000', 'Subscribed and Paid Up', '300000', 1, B'0', NULL, NULL, NULL, NULL, NULL, B'1', '1', NULL, '');
INSERT INTO "tblACC_ChartAccount" VALUES ('303000', 'Retained Earnings', '300000', 1, B'0', NULL, NULL, NULL, NULL, NULL, B'1', '1', NULL, '');
INSERT INTO "tblACC_ChartAccount" VALUES ('304000', 'Net Income/(Loss)', '300000', 1, B'0', NULL, NULL, NULL, NULL, NULL, B'1', '1', NULL, '');
INSERT INTO "tblACC_ChartAccount" VALUES ('305000', 'Historical Accounts', '300000', 1, B'0', NULL, NULL, NULL, NULL, NULL, B'1', '1', NULL, '');
INSERT INTO "tblACC_ChartAccount" VALUES ('401000', 'Gross Sales', '400000', 1, B'1', NULL, NULL, NULL, NULL, NULL, B'1', '1', NULL, '');
INSERT INTO "tblACC_ChartAccount" VALUES ('401001', 'Sales', '400000', 2, B'1', '401000', NULL, NULL, NULL, NULL, B'1', '1', NULL, '');
INSERT INTO "tblACC_ChartAccount" VALUES ('401002', 'Sales-Redemption', '400000', 2, B'1', '401000', NULL, NULL, NULL, NULL, B'1', '1', NULL, '');
INSERT INTO "tblACC_ChartAccount" VALUES ('401003', 'Sales-Miscellaneous', '400000', 2, B'1', '401000', NULL, NULL, NULL, NULL, B'1', '1', NULL, '');
INSERT INTO "tblACC_ChartAccount" VALUES ('401004', 'Sales-Misc-Redemption', '400000', 2, B'1', '401000', NULL, NULL, NULL, NULL, B'1', '1', NULL, '');
INSERT INTO "tblACC_ChartAccount" VALUES ('401005', 'Sales-Others', '400000', 2, B'1', '401000', NULL, NULL, NULL, NULL, B'1', '1', NULL, '');
INSERT INTO "tblACC_ChartAccount" VALUES ('401006', 'Sales-Others Poperroo', '400000', 2, B'1', '401000', NULL, NULL, NULL, NULL, B'1', '1', NULL, '');
INSERT INTO "tblACC_ChartAccount" VALUES ('401007', 'Sales-Others GC', '400000', 2, B'1', '401000', NULL, NULL, NULL, NULL, B'1', '1', NULL, '');
INSERT INTO "tblACC_ChartAccount" VALUES ('501000', 'Lessor''s Share', '500000', 1, B'1', NULL, NULL, NULL, NULL, NULL, B'1', '1', NULL, '');
INSERT INTO "tblACC_ChartAccount" VALUES ('501001', 'Rent-Lessor s Share', '500000', 2, B'1', '501000', NULL, NULL, NULL, NULL, B'1', '1', NULL, '');
INSERT INTO "tblACC_ChartAccount" VALUES ('501002', 'Power and Water', '500000', 2, B'1', '501000', NULL, NULL, NULL, NULL, B'1', '1', NULL, '');
INSERT INTO "tblACC_ChartAccount" VALUES ('501003', 'Salaries/Wages-Cashiers', '500000', 2, B'1', '501000', NULL, NULL, NULL, NULL, B'1', '1', NULL, '');
INSERT INTO "tblACC_ChartAccount" VALUES ('501004', 'Lessor''s Cashier''s salary', '500000', 2, B'1', '501000', NULL, NULL, NULL, NULL, B'1', '1', NULL, '');
INSERT INTO "tblACC_ChartAccount" VALUES ('501005', 'CUSA', '500000', 2, B'1', '501000', NULL, NULL, NULL, NULL, B'1', '1', NULL, '');
INSERT INTO "tblACC_ChartAccount" VALUES ('502000', 'Redemption Cost', '500000', 1, B'1', NULL, NULL, NULL, NULL, NULL, B'1', '1', NULL, '');
INSERT INTO "tblACC_ChartAccount" VALUES ('502001', 'Used Supp-Redemption Cost', '500000', 2, B'1', '502000', NULL, NULL, NULL, NULL, B'1', '1', NULL, '');
INSERT INTO "tblACC_ChartAccount" VALUES ('502002', 'Used Supp-Ticket(impt)', '500000', 2, B'1', '502000', NULL, NULL, NULL, NULL, B'1', '1', NULL, '');
INSERT INTO "tblACC_ChartAccount" VALUES ('503000', 'Salaries and Wages', '500000', 1, B'1', NULL, NULL, NULL, NULL, NULL, B'1', '1', NULL, '');
INSERT INTO "tblACC_ChartAccount" VALUES ('503001', 'Salaries/Wages', '500000', 2, B'1', '503000', NULL, NULL, NULL, NULL, B'1', '1', NULL, '');
INSERT INTO "tblACC_ChartAccount" VALUES ('503002', 'Profit Sharing Exp', '500000', 2, B'1', '503000', NULL, NULL, NULL, NULL, B'1', '1', NULL, '');
INSERT INTO "tblACC_ChartAccount" VALUES ('504000', 'Rep and Transpo Expense', '500000', 1, B'1', NULL, NULL, NULL, NULL, NULL, B'1', '1', NULL, '');
INSERT INTO "tblACC_ChartAccount" VALUES ('505000', 'Fringe Benefits/Others', '500000', 1, B'1', NULL, NULL, NULL, NULL, NULL, B'1', '1', NULL, '');
INSERT INTO "tblACC_ChartAccount" VALUES ('505001', 'NHIP Cont Expense', '500000', 2, B'1', '505000', NULL, NULL, NULL, NULL, B'1', '1', NULL, '');
INSERT INTO "tblACC_ChartAccount" VALUES ('505002', 'Pagibig Cont Expense', '500000', 2, B'1', '505000', NULL, NULL, NULL, NULL, B'1', '1', NULL, '');
INSERT INTO "tblACC_ChartAccount" VALUES ('505003', 'SSS Cont Expense', '500000', 2, B'1', '505000', NULL, NULL, NULL, NULL, B'1', '1', NULL, '');
INSERT INTO "tblACC_ChartAccount" VALUES ('505004', 'Fringe Benefit-Incentives', '500000', 2, B'1', '505000', NULL, NULL, NULL, NULL, B'1', '1', NULL, '');
INSERT INTO "tblACC_ChartAccount" VALUES ('505005', 'Fringe Benefit/Others', '500000', 2, B'1', '505000', NULL, NULL, NULL, NULL, B'1', '1', NULL, '');
INSERT INTO "tblACC_ChartAccount" VALUES ('505006', 'Unused SL Expense', '500000', 2, B'1', '505000', NULL, NULL, NULL, NULL, B'1', '1', NULL, '');
INSERT INTO "tblACC_ChartAccount" VALUES ('505007', 'Meals Expense', '500000', 2, B'1', '505000', NULL, NULL, NULL, NULL, B'1', '1', NULL, '');
INSERT INTO "tblACC_ChartAccount" VALUES ('505008', 'Medical Expense', '500000', 2, B'1', '505000', NULL, NULL, NULL, NULL, B'1', '1', NULL, '');
INSERT INTO "tblACC_ChartAccount" VALUES ('505009', 'Provision for 13th Month', '500000', 2, B'1', '505000', NULL, NULL, NULL, NULL, B'1', '1', NULL, '');
INSERT INTO "tblACC_ChartAccount" VALUES ('505010', 'Provision for Bonus', '500000', 2, B'1', '505000', NULL, NULL, NULL, NULL, B'1', '1', NULL, '');
INSERT INTO "tblACC_ChartAccount" VALUES ('505011', 'Uniform Expense', '500000', 2, B'1', '505000', NULL, NULL, NULL, NULL, B'1', '1', NULL, '');
INSERT INTO "tblACC_ChartAccount" VALUES ('505012', 'Trainings and Seminar', '500000', 2, B'1', '505000', NULL, NULL, NULL, NULL, B'1', '1', NULL, '');
INSERT INTO "tblACC_ChartAccount" VALUES ('505013', 'Retirement Benefit Expense', '500000', 2, B'1', '505000', NULL, NULL, NULL, NULL, B'1', '1', NULL, '');
INSERT INTO "tblACC_ChartAccount" VALUES ('506000', 'Ads and Promo', '500000', 1, B'1', NULL, NULL, NULL, NULL, NULL, B'1', '1', NULL, '');
INSERT INTO "tblACC_ChartAccount" VALUES ('507000', 'Used Office Supplies', '500000', 1, B'1', NULL, NULL, NULL, NULL, NULL, B'1', '1', NULL, '');
INSERT INTO "tblACC_ChartAccount" VALUES ('507001', 'Used Supplies-GC', '500000', 2, B'1', '507000', NULL, NULL, NULL, NULL, B'1', '1', NULL, '');
INSERT INTO "tblACC_ChartAccount" VALUES ('507002', 'Used Supplies-Recopy', '500000', 2, B'1', '507000', NULL, NULL, NULL, NULL, B'1', '1', NULL, '');
INSERT INTO "tblACC_ChartAccount" VALUES ('507003', 'Used Supplies-Stationary', '500000', 2, B'1', '507000', NULL, NULL, NULL, NULL, B'1', '1', NULL, '');
INSERT INTO "tblACC_ChartAccount" VALUES ('507004', 'Used Tools/Supplies', '500000', 2, B'1', '507000', NULL, NULL, NULL, NULL, B'1', '1', NULL, '');
INSERT INTO "tblACC_ChartAccount" VALUES ('507005', 'Used Supplies-Tokens', '500000', 2, B'1', '507000', NULL, NULL, NULL, NULL, B'1', '1', NULL, '');
INSERT INTO "tblACC_ChartAccount" VALUES ('507006', 'Used Supplies-Ticket(local)', '500000', 2, B'1', '507000', NULL, NULL, NULL, NULL, B'1', '1', NULL, '');
INSERT INTO "tblACC_ChartAccount" VALUES ('508000', 'Repairs and Maintenance', '500000', 1, B'1', NULL, NULL, NULL, NULL, NULL, B'1', '1', NULL, '');
INSERT INTO "tblACC_ChartAccount" VALUES ('508001', 'Repairs-Lights/Fixtures', '500000', 2, B'1', '508000', NULL, NULL, NULL, NULL, B'1', '1', NULL, '');
INSERT INTO "tblACC_ChartAccount" VALUES ('508002', 'Repairs-Maintenance', '500000', 2, B'1', '508000', NULL, NULL, NULL, NULL, B'1', '1', NULL, '');
INSERT INTO "tblACC_ChartAccount" VALUES ('508003', 'Repairs-Spareparts', '500000', 2, B'1', '508000', NULL, NULL, NULL, NULL, B'1', '1', NULL, '');
INSERT INTO "tblACC_ChartAccount" VALUES ('508004', 'Cleaning Materials', '500000', 2, B'1', '508000', NULL, NULL, NULL, NULL, B'1', '1', NULL, '');
INSERT INTO "tblACC_ChartAccount" VALUES ('509000', 'Taxes/Licenses', '500000', 1, B'1', NULL, NULL, NULL, NULL, NULL, B'1', '1', NULL, '');
INSERT INTO "tblACC_ChartAccount" VALUES ('510000', 'Security Services', '500000', 1, B'1', NULL, NULL, NULL, NULL, NULL, B'1', '1', NULL, '');
INSERT INTO "tblACC_ChartAccount" VALUES ('511000', 'Rent Expenses-Misc', '500000', 1, B'1', NULL, NULL, NULL, NULL, NULL, B'1', '1', NULL, '');
INSERT INTO "tblACC_ChartAccount" VALUES ('511001', 'Rent Expense-Others', '500000', 2, B'1', '511000', NULL, NULL, NULL, NULL, B'1', '1', NULL, '');
INSERT INTO "tblACC_ChartAccount" VALUES ('511002', 'Rent Expense-Misc', '500000', 2, B'1', '511000', NULL, NULL, NULL, NULL, B'1', '1', NULL, '');
INSERT INTO "tblACC_ChartAccount" VALUES ('512000', 'Transpo and Travel Expense', '500000', 1, B'1', NULL, NULL, NULL, NULL, NULL, B'1', '1', NULL, '');
INSERT INTO "tblACC_ChartAccount" VALUES ('513000', 'Trucking and Hauling Exp', '500000', 1, B'1', NULL, NULL, NULL, NULL, NULL, B'1', '1', NULL, '');
INSERT INTO "tblACC_ChartAccount" VALUES ('513001', 'Trucking and Hauling', '500000', 2, B'1', '513000', NULL, NULL, NULL, NULL, B'1', '1', NULL, '');
INSERT INTO "tblACC_ChartAccount" VALUES ('513002', 'Trucking-Machines', '500000', 2, B'1', '513000', NULL, NULL, NULL, NULL, B'1', '1', NULL, '');
INSERT INTO "tblACC_ChartAccount" VALUES ('513003', 'Trucking-Redemption', '500000', 2, B'1', '513000', NULL, NULL, NULL, NULL, B'1', '1', NULL, '');
INSERT INTO "tblACC_ChartAccount" VALUES ('513004', 'Trucking-Others', '500000', 2, B'1', '513000', NULL, NULL, NULL, NULL, B'1', '1', NULL, '');
INSERT INTO "tblACC_ChartAccount" VALUES ('513005', 'Trucking-Mktg Collats', '500000', 2, B'1', '513000', NULL, NULL, NULL, NULL, B'1', '1', NULL, '');
INSERT INTO "tblACC_ChartAccount" VALUES ('513006', 'Trucking-Other Sup & Equip', '500000', 2, B'1', '513000', NULL, NULL, NULL, NULL, B'1', '1', NULL, '');
INSERT INTO "tblACC_ChartAccount" VALUES ('513007', 'Trucking-Spareparts', '500000', 2, B'1', '513000', NULL, NULL, NULL, NULL, B'1', '1', NULL, '');
INSERT INTO "tblACC_ChartAccount" VALUES ('513008', 'Trucking-Local Tickets', '500000', 2, B'1', '513000', NULL, NULL, NULL, NULL, B'1', '1', NULL, '');
INSERT INTO "tblACC_ChartAccount" VALUES ('513009', 'Trucking-Tokens', '500000', 2, B'1', '513000', NULL, NULL, NULL, NULL, B'1', '1', NULL, '');
INSERT INTO "tblACC_ChartAccount" VALUES ('514000', 'Insurance Expense', '500000', 1, B'1', NULL, NULL, NULL, NULL, NULL, B'1', '1', NULL, '');
INSERT INTO "tblACC_ChartAccount" VALUES ('515000', 'Postage,Tel and Telegraph', '500000', 1, B'1', NULL, NULL, NULL, NULL, NULL, B'1', '1', NULL, '');
INSERT INTO "tblACC_ChartAccount" VALUES ('516000', 'Gas, Fuel and Lubricants', '500000', 1, B'1', NULL, NULL, NULL, NULL, NULL, B'1', '1', NULL, '');
INSERT INTO "tblACC_ChartAccount" VALUES ('517000', 'Representation Exp', '500000', 1, B'1', NULL, NULL, NULL, NULL, NULL, B'1', '1', NULL, '');
INSERT INTO "tblACC_ChartAccount" VALUES ('518000', 'Gifts,Cont./Donation', '500000', 1, B'1', NULL, NULL, NULL, NULL, NULL, B'1', '1', NULL, '');
INSERT INTO "tblACC_ChartAccount" VALUES ('519000', 'Management and Legal Fees', '500000', 1, B'1', NULL, NULL, NULL, NULL, NULL, B'1', '1', NULL, '');
INSERT INTO "tblACC_ChartAccount" VALUES ('520000', 'Membership Dues', '500000', 1, B'1', NULL, NULL, NULL, NULL, NULL, B'1', '1', NULL, '');
INSERT INTO "tblACC_ChartAccount" VALUES ('521000', 'Provision for Income Tax', '500000', 1, B'1', NULL, NULL, NULL, NULL, NULL, B'1', '1', NULL, '');
INSERT INTO "tblACC_ChartAccount" VALUES ('522000', 'Miscellaneous Exp', '500000', 1, B'1', NULL, NULL, NULL, NULL, NULL, B'1', '1', NULL, '');
INSERT INTO "tblACC_ChartAccount" VALUES ('523000', 'Amort of Pre-Operating Cost', '500000', 1, B'1', NULL, NULL, NULL, NULL, NULL, B'1', '1', NULL, '');
INSERT INTO "tblACC_ChartAccount" VALUES ('524000', 'Depreciation and Amort.', '500000', 1, B'1', NULL, NULL, NULL, NULL, NULL, B'1', '1', NULL, '');
INSERT INTO "tblACC_ChartAccount" VALUES ('524001', 'Depreciation Exp-Game Mach', '500000', 2, B'1', '524000', NULL, NULL, NULL, NULL, B'1', '1', NULL, '');
INSERT INTO "tblACC_ChartAccount" VALUES ('524002', 'Depreciation Exp-PCB', '500000', 2, B'1', '524000', NULL, NULL, NULL, NULL, B'1', '1', NULL, '');
INSERT INTO "tblACC_ChartAccount" VALUES ('524003', 'Depreciation Exp-Mascot', '500000', 2, B'1', '524000', NULL, NULL, NULL, NULL, B'1', '1', NULL, '');
INSERT INTO "tblACC_ChartAccount" VALUES ('524004', 'Depreciation Exp-M. Boards', '500000', 2, B'1', '524000', NULL, NULL, NULL, NULL, B'1', '1', NULL, '');
INSERT INTO "tblACC_ChartAccount" VALUES ('524005', 'Depreciation Exp-Co.Vehicle', '500000', 2, B'1', '524000', NULL, NULL, NULL, NULL, B'1', '1', NULL, '');
INSERT INTO "tblACC_ChartAccount" VALUES ('524006', 'Depreciation Exp-Off Equip', '500000', 2, B'1', '524000', NULL, NULL, NULL, NULL, B'1', '1', NULL, '');
INSERT INTO "tblACC_ChartAccount" VALUES ('524007', 'Depreciation Exp-Furn/Fix', '500000', 2, B'1', '524000', NULL, NULL, NULL, NULL, B'1', '1', NULL, '');
INSERT INTO "tblACC_ChartAccount" VALUES ('524008', 'Amort Exp-Leasehold Imp', '500000', 2, B'1', '524000', NULL, NULL, NULL, NULL, B'1', '1', NULL, '');
INSERT INTO "tblACC_ChartAccount" VALUES ('524009', 'Depreciation Exp-Mach Acc', '500000', 2, B'1', '524000', NULL, NULL, NULL, NULL, B'1', '1', NULL, '');
INSERT INTO "tblACC_ChartAccount" VALUES ('524010', 'Amort Exp-Softwares', '500000', 2, B'1', '524000', NULL, NULL, NULL, NULL, B'1', '1', NULL, '');
INSERT INTO "tblACC_ChartAccount" VALUES ('525000', 'General and Admin', '500000', 1, B'1', NULL, NULL, NULL, NULL, NULL, B'1', '1', NULL, '');
INSERT INTO "tblACC_ChartAccount" VALUES ('526000', 'Janitorial Services', '500000', 1, B'1', NULL, NULL, NULL, NULL, NULL, B'1', '1', NULL, '');
INSERT INTO "tblACC_ChartAccount" VALUES ('527000', 'Cost of Softplay Item', '500000', 1, B'1', NULL, NULL, NULL, NULL, NULL, B'1', '1', NULL, '');
INSERT INTO "tblACC_ChartAccount" VALUES ('528000', 'Cost of Consumables supply', '500000', 1, B'1', NULL, NULL, NULL, NULL, NULL, B'1', '1', NULL, '');
INSERT INTO "tblACC_ChartAccount" VALUES ('601000', 'Gain/Loss On Sale/Forex', '600000', 1, B'1', NULL, NULL, NULL, NULL, NULL, B'1', '1', NULL, '');
INSERT INTO "tblACC_ChartAccount" VALUES ('601001', 'Gain On Sale-Machine', '600000', 2, B'1', '601000', NULL, NULL, NULL, NULL, B'1', '1', NULL, '');
INSERT INTO "tblACC_ChartAccount" VALUES ('601002', 'Gain On Sale-Equipment', '600000', 2, B'1', '601000', NULL, NULL, NULL, NULL, B'1', '1', NULL, '');
INSERT INTO "tblACC_ChartAccount" VALUES ('601003', 'Gain On Sale-Furniture', '600000', 2, B'1', '601000', NULL, NULL, NULL, NULL, B'1', '1', NULL, '');
INSERT INTO "tblACC_ChartAccount" VALUES ('601004', 'Gain On Sale-Supplies', '600000', 2, B'1', '601000', NULL, NULL, NULL, NULL, B'1', '1', NULL, '');
INSERT INTO "tblACC_ChartAccount" VALUES ('601005', 'Gain On FOREX', '600000', 2, B'1', '601000', NULL, NULL, NULL, NULL, B'1', '1', NULL, '');
INSERT INTO "tblACC_ChartAccount" VALUES ('601006', 'Loss On Sale-Machine', '600000', 2, B'1', '601000', NULL, NULL, NULL, NULL, B'1', '1', NULL, '');
INSERT INTO "tblACC_ChartAccount" VALUES ('601007', 'Loss On Sale-Equipment', '600000', 2, B'1', '601000', NULL, NULL, NULL, NULL, B'1', '1', NULL, '');
INSERT INTO "tblACC_ChartAccount" VALUES ('601008', 'Loss On Sale-Furniture', '600000', 2, B'1', '601000', NULL, NULL, NULL, NULL, B'1', '1', NULL, '');
INSERT INTO "tblACC_ChartAccount" VALUES ('601009', 'Loss On Sale-Supplies', '600000', 2, B'1', '601000', NULL, NULL, NULL, NULL, B'1', '1', NULL, '');
INSERT INTO "tblACC_ChartAccount" VALUES ('601010', 'Loss On FOREX', '600000', 2, B'1', '601000', NULL, NULL, NULL, NULL, B'1', '1', NULL, '');
INSERT INTO "tblACC_ChartAccount" VALUES ('602000', 'Miscellaneous Income', '600000', 1, B'1', NULL, NULL, NULL, NULL, NULL, B'1', '1', NULL, '');
INSERT INTO "tblACC_ChartAccount" VALUES ('603000', 'Dividend Income', '600000', 1, B'1', NULL, NULL, NULL, NULL, NULL, B'1', '1', NULL, '');
INSERT INTO "tblACC_ChartAccount" VALUES ('604000', 'Interest Income', '600000', 1, B'1', NULL, NULL, NULL, NULL, NULL, B'1', '1', NULL, '');
INSERT INTO "tblACC_ChartAccount" VALUES ('605000', 'Rent Income', '600000', 1, B'1', NULL, NULL, NULL, NULL, NULL, B'1', '1', NULL, '');
INSERT INTO "tblACC_ChartAccount" VALUES ('607000', 'Cost of Machines', '600000', 1, B'1', NULL, NULL, NULL, NULL, NULL, B'1', '1', NULL, '');
INSERT INTO "tblACC_ChartAccount" VALUES ('606000', 'Interest Expense', '600000', 1, B'1', NULL, NULL, NULL, 'gregori', '2015-11-13 00:45:07', B'1', '1', NULL, '4000');
INSERT INTO "tblACC_ChartAccount" VALUES ('101000', 'Cash On Hand', '100000', 1, B'0', NULL, NULL, NULL, 'gregori', '2015-11-16 16:30:36', B'0', '1', NULL, '');
INSERT INTO "tblACC_ChartAccount" VALUES ('101004', 'Cash on Hand', '100000', 2, B'0', '101000', NULL, NULL, 'gregori', '2015-11-16 16:30:36', B'0', '1', NULL, '');


--
-- Data for Name: tblACC_Customer; Type: TABLE DATA; Schema: public; Owner: postgres
--

INSERT INTO "tblACC_Customer" VALUES ('C-100001', 'Customer A', 'Address 1', NULL, 'City 1', 'Telephone No 1', 'Fax No 1', 'Email 1', 'Company Name 1', 'Contact Name 1', 'Contact Title 1', 'Postal Code 1', 'Country 1', '10D', 'Emp', 0.0000, NULL, NULL, 'Bank Account 1', 0.0000, 0.0000, NULL, NULL, 0.0000, 0.0000, 'AR-TRADE', 'CORP', 'VAT', NULL, NULL, NULL, NULL, NULL, NULL, NULL, B'1', NULL, 0.0000, 'Bank Name 1', 'Bank Address 1', '111-111-111-1111', B'0', NULL, 'Approved', '[]');
INSERT INTO "tblACC_Customer" VALUES ('C-100003', 'Customer C', 'Address 3', NULL, 'City 3', 'Telephone No 3', 'Fax No 3', 'Email 3', 'Company Name 3', 'Contact Name 3', 'Contact Title 3', 'Postal Code 3', 'Country 3', '10D', 'Emp', 0.0000, NULL, NULL, 'Bank Account 3', 0.0000, 0.0000, NULL, NULL, 0.0000, 0.0000, 'AR-EMPLOYEE', 'NOWHT', 'NONVAT', NULL, NULL, NULL, NULL, NULL, NULL, NULL, B'1', NULL, 0.0000, 'Bank Name 3', 'Bank Address 3', '111-111-111-1113', B'0', NULL, 'Approved', '[]');
INSERT INTO "tblACC_Customer" VALUES ('C-100002', 'Customer B', 'Address 2', NULL, 'City 2', 'Telephone No 2', 'Fax No 2', 'Email 2', 'Company Name 2', 'Contact Name 2', 'Contact Title 2', 'Postal Code 2', 'Country 2', '10D', 'Emp', 0.0000, NULL, NULL, 'Bank Account 2', 0.0000, 0.0000, NULL, NULL, 0.0000, 0.0000, 'AR-OTHERS', 'INDI', 'VAT', NULL, NULL, NULL, NULL, NULL, NULL, NULL, B'1', NULL, 0.0000, 'Bank Name 2', 'Bank Address 2', '111-111-111-1112', B'0', NULL, 'Approved', '[]');


--
-- Data for Name: tblACC_CustomerPostingGroup; Type: TABLE DATA; Schema: public; Owner: postgres
--

INSERT INTO "tblACC_CustomerPostingGroup" VALUES ('AR-TRADE', '106001', B'1', NULL, NULL, NULL, NULL);
INSERT INTO "tblACC_CustomerPostingGroup" VALUES ('AR-OTHERS', '106000', B'1', NULL, NULL, NULL, NULL);
INSERT INTO "tblACC_CustomerPostingGroup" VALUES ('AR-EMPLOYEE', '103000', B'1', NULL, NULL, NULL, NULL);


--
-- Data for Name: tblACC_CustomerType; Type: TABLE DATA; Schema: public; Owner: postgres
--

INSERT INTO "tblACC_CustomerType" VALUES ('Lessor', 'Lessor', B'1', B'1', 'gregori', '2015-11-08 14:33:35', 'gregori', '2015-11-11 03:27:34');
INSERT INTO "tblACC_CustomerType" VALUES ('Emp', 'Employee', B'0', B'1', 'gregori', '2015-09-10 00:30:44', 'gregori', '2015-11-11 03:27:46');
INSERT INTO "tblACC_CustomerType" VALUES ('Store', 'Store', B'0', B'1', 'gregori', '2015-11-11 03:27:55', 'gregori', '2015-11-11 03:27:55');


--
-- Data for Name: tblACC_DCMDetail; Type: TABLE DATA; Schema: public; Owner: postgres
--

INSERT INTO "tblACC_DCMDetail" VALUES ('DCM-100101', 1, 'Overage', 'asdfghjk', 123456.0000, 'CPC-ACCTG', '', 'gregori', '2015-11-13 04:46:04', 'gregori', '2015-11-13 04:46:04', 'ACCTG', 'Invoice', '');


--
-- Data for Name: tblACC_DCMHeader; Type: TABLE DATA; Schema: public; Owner: postgres
--

INSERT INTO "tblACC_DCMHeader" VALUES ('DCM-100101', '2015-11-12 00:00:00', NULL, NULL, 'wert', 'werty', 'ergth', 'Open', 123456.0000, 'gregori', '2015-11-12 20:33:10', 'gregori', '2015-11-15 17:17:37', 'C-100001', 'Customer A');
INSERT INTO "tblACC_DCMHeader" VALUES ('DCM-100102', NULL, NULL, NULL, NULL, NULL, NULL, 'Open', NULL, 'gregori', '2016-01-18 21:59:26', 'gregori', '2016-01-18 21:59:26', NULL, NULL);
INSERT INTO "tblACC_DCMHeader" VALUES ('DCM-100103', NULL, NULL, NULL, NULL, NULL, NULL, 'Open', NULL, 'gregori', '2016-01-19 22:35:30', 'gregori', '2016-01-19 22:35:30', NULL, NULL);
INSERT INTO "tblACC_DCMHeader" VALUES ('DCM-100104', NULL, NULL, NULL, NULL, NULL, NULL, 'Open', NULL, 'gregori', '2016-02-06 00:46:47', 'gregori', '2016-02-06 00:46:47', NULL, NULL);


--
-- Data for Name: tblACC_ExchangeRate; Type: TABLE DATA; Schema: public; Owner: postgres
--

INSERT INTO "tblACC_ExchangeRate" VALUES ('EX-10002', '2015-07-30 00:00:00', 1.0000, 45.0000, '1', NULL, 'gregori', '2015-07-17 22:43:30', '2015-09-26 20:12:04', B'1', 117, 116);
INSERT INTO "tblACC_ExchangeRate" VALUES ('EX-100002', '2015-10-28 00:00:00', 1.0000, 0.0220, '0', 'gregori', 'gregori', '2015-10-01 12:32:57', '2015-10-01 12:33:15', B'1', 116, 117);


--
-- Data for Name: tblACC_FAPostingGroup; Type: TABLE DATA; Schema: public; Owner: postgres
--

INSERT INTO "tblACC_FAPostingGroup" VALUES ('Machines', '112001', NULL, NULL, B'1', NULL, NULL, NULL, NULL, NULL);
INSERT INTO "tblACC_FAPostingGroup" VALUES ('Machines - Game Machines', '112002', '112007', '524001', B'1', NULL, NULL, NULL, NULL, NULL);
INSERT INTO "tblACC_FAPostingGroup" VALUES ('Machines - PCB', '112003', '112008', '524002', B'1', NULL, NULL, NULL, NULL, NULL);
INSERT INTO "tblACC_FAPostingGroup" VALUES ('Machines - Mother Board', '112004', '112006', '524004', B'1', NULL, NULL, NULL, NULL, NULL);
INSERT INTO "tblACC_FAPostingGroup" VALUES ('Machines - Accessories', '112005', '112009', '524009', B'1', NULL, NULL, NULL, NULL, NULL);
INSERT INTO "tblACC_FAPostingGroup" VALUES ('Office Equipment', '112010', '112013', '524006', B'1', NULL, NULL, NULL, NULL, NULL);
INSERT INTO "tblACC_FAPostingGroup" VALUES ('Tools', '112012', NULL, NULL, B'1', NULL, NULL, NULL, NULL, NULL);
INSERT INTO "tblACC_FAPostingGroup" VALUES ('Company Vehicles', '112014', '112016', '524005', B'1', NULL, NULL, NULL, NULL, NULL);
INSERT INTO "tblACC_FAPostingGroup" VALUES ('Furniture & Fixtures', '112017', '112019', '524007', B'1', NULL, NULL, NULL, NULL, NULL);
INSERT INTO "tblACC_FAPostingGroup" VALUES ('Leasehold Improvements', '112020', '112022', '524008', B'1', NULL, NULL, NULL, NULL, NULL);
INSERT INTO "tblACC_FAPostingGroup" VALUES ('Mascot', '112024', '112025', '524003', B'1', NULL, NULL, NULL, NULL, NULL);


--
-- Data for Name: tblACC_GJDetail; Type: TABLE DATA; Schema: public; Owner: postgres
--

INSERT INTO "tblACC_GJDetail" VALUES ('GJ-ADJ-100101', 4, '2015-11-12 00:00:00', 'Bank Account', 'test', 'test', 0.0000, 11345.0000, -11345.0000, -11345.0000, 'PHP', NULL, NULL, NULL, 'ACCTG', '', 'gregori', '2015-11-12 20:41:45', 'gregori', '2015-11-12 20:41:45');


--
-- Name: tblACC_GJDetail_GJD_LineNo_Seq; Type: SEQUENCE SET; Schema: public; Owner: postgres
--

SELECT pg_catalog.setval('"tblACC_GJDetail_GJD_LineNo_Seq"', 4, true);


--
-- Data for Name: tblACC_GJHeader; Type: TABLE DATA; Schema: public; Owner: postgres
--

INSERT INTO "tblACC_GJHeader" VALUES ('GJ-ADJ-100002', NULL, NULL, NULL, 'Open', NULL, NULL, 'gregori', '2015-10-27 13:53:17', 'gregori', '2015-10-27 13:53:17');
INSERT INTO "tblACC_GJHeader" VALUES ('GJ-ADJ-100003', '2015-10-27 00:00:00', '2131', '213123', 'Open', 10.0000, NULL, 'gregori', '2015-10-27 13:53:45', 'gregori', '2015-11-06 21:02:24');
INSERT INTO "tblACC_GJHeader" VALUES ('GJ-ADJ-100004', '2015-11-03 00:00:00', '', '', 'Open', 3545.0000, NULL, 'gregori', '2015-11-07 00:27:00', 'gregori', '2015-11-07 00:27:30');
INSERT INTO "tblACC_GJHeader" VALUES ('GJ-FT-100002', '2015-11-10 00:00:00', '', '', 'Open', NULL, NULL, 'gregori', '2015-11-07 01:04:02', 'gregori', '2015-11-07 01:10:20');
INSERT INTO "tblACC_GJHeader" VALUES ('GJ-ADJ-100005', '2015-11-12 00:00:00', 'wqw', 'qwqw', 'Open', NULL, NULL, 'gregori', '2015-11-07 01:39:19', 'gregori', '2015-11-07 01:39:38');
INSERT INTO "tblACC_GJHeader" VALUES ('GJ-ADJ-100006', NULL, NULL, NULL, 'Open', NULL, NULL, 'gregori', '2015-11-07 01:40:28', 'gregori', '2015-11-07 01:40:28');
INSERT INTO "tblACC_GJHeader" VALUES ('GJ-FT-100003', NULL, NULL, NULL, 'Open', 12345.0000, NULL, 'gregori', '2015-11-07 01:41:31', 'gregori', '2015-11-07 01:41:45');
INSERT INTO "tblACC_GJHeader" VALUES ('GJ-ADJ-100007', NULL, NULL, NULL, 'Open', NULL, NULL, 'gregori', '2015-11-07 01:43:07', 'gregori', '2015-11-07 01:43:07');
INSERT INTO "tblACC_GJHeader" VALUES ('GJ-FT-100004', NULL, NULL, NULL, 'Open', NULL, NULL, 'gregori', '2015-11-07 01:43:27', 'gregori', '2015-11-07 01:43:27');
INSERT INTO "tblACC_GJHeader" VALUES ('GJ-ADJ-100101', '2015-11-12 00:00:00', 'sadfgh', 'sdfghj', 'Open', -11345.0000, NULL, 'gregori', '2015-11-12 20:40:40', 'gregori', '2015-11-12 20:41:45');
INSERT INTO "tblACC_GJHeader" VALUES ('GJ-ADJ-100102', NULL, NULL, NULL, 'Open', NULL, NULL, 'gregori', '2015-11-15 17:51:51', 'gregori', '2015-11-15 17:51:51');
INSERT INTO "tblACC_GJHeader" VALUES ('GJ-FT-100101', NULL, NULL, NULL, 'Open', NULL, NULL, 'gregori', '2015-11-15 17:52:16', 'gregori', '2015-11-15 17:52:16');
INSERT INTO "tblACC_GJHeader" VALUES ('GJ-ADJ-100103', NULL, NULL, NULL, 'Open', NULL, NULL, 'gregori', '2015-11-15 17:54:41', 'gregori', '2015-11-15 17:54:41');
INSERT INTO "tblACC_GJHeader" VALUES ('GJ-FT-100102', NULL, NULL, NULL, 'Open', NULL, NULL, 'gregori', '2015-11-16 11:25:05', 'gregori', '2015-11-16 11:25:05');
INSERT INTO "tblACC_GJHeader" VALUES ('GJ-ADJ-100104', NULL, NULL, NULL, 'Open', NULL, NULL, 'gregori', '2015-11-20 19:02:55', 'gregori', '2015-11-20 19:02:55');
INSERT INTO "tblACC_GJHeader" VALUES ('GJ-FT-100103', NULL, NULL, NULL, 'Open', NULL, NULL, 'gregori', '2015-11-20 19:03:44', 'gregori', '2015-11-20 19:03:44');


--
-- Data for Name: tblACC_GLEntry; Type: TABLE DATA; Schema: public; Owner: postgres
--

INSERT INTO "tblACC_GLEntry" VALUES (38, 'er', 'er', NULL, 'Prepaid Subscription', 'teset', 'testet', NULL, NULL, NULL, NULL, NULL, NULL, NULL, NULL, NULL, NULL, NULL, NULL, NULL);
INSERT INTO "tblACC_GLEntry" VALUES (37, 'TEST', 'Loans Payable', NULL, 'TEST', '123', 'TEST', NULL, NULL, NULL, NULL, NULL, NULL, NULL, NULL, NULL, NULL, NULL, NULL, NULL);
INSERT INTO "tblACC_GLEntry" VALUES (39, 'tets', 'Loans Payable', NULL, 'Loans Payable', 'test', 'tessst', NULL, NULL, NULL, NULL, NULL, NULL, NULL, NULL, NULL, NULL, NULL, NULL, NULL);
INSERT INTO "tblACC_GLEntry" VALUES (40, 'Loans Payable', 'Loans Payable', NULL, 'Loans Payable', 'Loans Payable', 'Loans Payable', 12.0000, 12.0000, 12.0000, 'Loans Payable', 'Loans Payable', 'Loans Payable', 'Loans Payable', 'Loans Payable', 'Loans Payable', NULL, NULL, NULL, NULL);


--
-- Name: tblACC_GLEntry_GL_EntryNo_seq; Type: SEQUENCE SET; Schema: public; Owner: postgres
--

SELECT pg_catalog.setval('"tblACC_GLEntry_GL_EntryNo_seq"', 40, true);


--
-- Data for Name: tblACC_GLSummary; Type: TABLE DATA; Schema: public; Owner: postgres
--



--
-- Data for Name: tblACC_InvPostingGroup; Type: TABLE DATA; Schema: public; Owner: postgres
--

INSERT INTO "tblACC_InvPostingGroup" VALUES ('TOKEN', '108001', B'1', NULL, NULL, NULL, NULL, NULL);
INSERT INTO "tblACC_InvPostingGroup" VALUES ('TICKETS-LCL', '108002', B'1', NULL, NULL, NULL, NULL, NULL);
INSERT INTO "tblACC_InvPostingGroup" VALUES ('TICKETS-IMP', '108003', B'1', NULL, NULL, NULL, NULL, NULL);
INSERT INTO "tblACC_InvPostingGroup" VALUES ('STATIONERY', '109001', B'1', NULL, NULL, NULL, NULL, NULL);
INSERT INTO "tblACC_InvPostingGroup" VALUES ('RECOPY', '109002', B'1', NULL, NULL, NULL, NULL, NULL);
INSERT INTO "tblACC_InvPostingGroup" VALUES ('CARTRIDGE/PCB', '109003', B'1', NULL, NULL, NULL, NULL, NULL);
INSERT INTO "tblACC_InvPostingGroup" VALUES ('UNIFORMS', '109004', B'1', NULL, NULL, NULL, NULL, NULL);
INSERT INTO "tblACC_InvPostingGroup" VALUES ('CONSUMABLES', '109005', B'1', NULL, NULL, NULL, NULL, NULL);
INSERT INTO "tblACC_InvPostingGroup" VALUES ('SPAREPARTS', '109006', B'1', NULL, NULL, NULL, NULL, NULL);
INSERT INTO "tblACC_InvPostingGroup" VALUES ('CLEANING MATERIALS', '109007', B'1', NULL, NULL, NULL, NULL, NULL);
INSERT INTO "tblACC_InvPostingGroup" VALUES ('LIGHTS/FIXTURES', '109008', B'1', NULL, NULL, NULL, NULL, NULL);
INSERT INTO "tblACC_InvPostingGroup" VALUES ('REDEMPTION', '109009', B'1', NULL, NULL, NULL, NULL, NULL);
INSERT INTO "tblACC_InvPostingGroup" VALUES ('PRIZE ITEMS', '109010', B'1', NULL, NULL, NULL, NULL, NULL);
INSERT INTO "tblACC_InvPostingGroup" VALUES ('MEDICAL', '109011', B'1', NULL, NULL, NULL, NULL, NULL);
INSERT INTO "tblACC_InvPostingGroup" VALUES ('INCENTIVES', '109012', B'1', NULL, NULL, NULL, NULL, NULL);
INSERT INTO "tblACC_InvPostingGroup" VALUES ('ADS AND PROMO', '109013', B'1', NULL, NULL, NULL, NULL, NULL);
INSERT INTO "tblACC_InvPostingGroup" VALUES ('CREATIVE MATERIALS', '109014', B'1', NULL, NULL, NULL, NULL, NULL);
INSERT INTO "tblACC_InvPostingGroup" VALUES ('OTHERS', '109015', B'1', NULL, NULL, NULL, NULL, NULL);
INSERT INTO "tblACC_InvPostingGroup" VALUES ('SOFT PLAY', '109016', B'1', NULL, NULL, NULL, NULL, NULL);
INSERT INTO "tblACC_InvPostingGroup" VALUES ('GC', '109017', B'1', NULL, NULL, NULL, NULL, NULL);
INSERT INTO "tblACC_InvPostingGroup" VALUES ('LOAN ACCOUNT', '210002', B'1', 'gregori', '2015-11-13 00:45:38', 'gregori', '2015-11-13 00:45:38', '210002');
INSERT INTO "tblACC_InvPostingGroup" VALUES ('INTEREST ACCOUNT', '606000', B'1', 'gregori', '2015-11-13 00:45:54', 'gregori', '2015-11-13 00:45:54', '606000');
INSERT INTO "tblACC_InvPostingGroup" VALUES ('PREPAID INSURANCE', '110001', B'1', 'gregori', '2015-11-13 03:36:41', 'gregori', '2015-11-13 03:37:18', '110001');


--
-- Data for Name: tblACC_PaymentTerms; Type: TABLE DATA; Schema: public; Owner: postgres
--

INSERT INTO "tblACC_PaymentTerms" VALUES ('15D', '15 Days', 15, NULL, NULL, NULL, NULL, B'1');
INSERT INTO "tblACC_PaymentTerms" VALUES ('10D', '10 Days', 10, 'gregori', '2015-09-10 00:31:18', 'gregori', '2015-11-11 03:27:09', B'1');


--
-- Data for Name: tblACC_PostingAccountSetup; Type: TABLE DATA; Schema: public; Owner: postgres
--



--
-- Data for Name: tblACC_PostingGroup; Type: TABLE DATA; Schema: public; Owner: postgres
--



--
-- Data for Name: tblACC_RFV; Type: TABLE DATA; Schema: public; Owner: postgres
--

INSERT INTO "tblACC_RFV" VALUES ('RFV-100117', '2', '2015-12-08 00:00:00', 'gregori', '23232', 200000.0000, 'Approved', 232323.0000, '2015-12-02 00:00:00', NULL, 'Approved', '2015-12-08 00:00:00', 23.0000, 199977.0000, 'KC', 'PLD', NULL, NULL, 'gregori', '2015-12-07 15:52:41', 'testuser1', '2015-12-08 21:37:21');
INSERT INTO "tblACC_RFV" VALUES ('RFV-100116', '3', '2015-12-08 00:00:00', 'gregori', '23232', 2000000.0000, 'Open', 2000000.0000, '2015-12-08 00:00:00', '2015-12-10 00:00:00', 'Approved', '2015-12-11 00:00:00', 1900000.0000, 100000.0000, 'KC', 'PLD', NULL, NULL, 'gregori', '2015-12-07 15:52:06', 'gregori', '2015-12-08 10:40:14');
INSERT INTO "tblACC_RFV" VALUES ('RFV-100110', '4', '2015-11-28 00:00:00', 'gregori', 'testing', 0.0000, 'Open', 0.0000, NULL, NULL, 'Approved', '2015-12-03 00:00:00', 99.0000, 0.0000, 'KC', 'ACCTG', NULL, NULL, 'gregori', '2015-11-28 16:16:34', 'gregori', '2015-12-03 14:47:30');
INSERT INTO "tblACC_RFV" VALUES ('RFV-100115', '4', '2015-12-08 00:00:00', 'gregori', '232323', 200000.0000, 'Open', 0.0000, NULL, NULL, 'Open', NULL, 0.0000, 0.0000, 'KC', 'PLD', NULL, NULL, 'gregori', '2015-12-07 15:22:02', 'gregori', '2015-12-07 15:22:02');
INSERT INTO "tblACC_RFV" VALUES ('RFV-100113', '2', '2015-12-03 00:00:00', 'gregori', '2213', 121212.2112, 'Approved', 121.2121, '2015-12-03 00:00:00', '2015-12-03 00:00:00', 'Open', '2015-12-03 00:00:00', 100.0000, 0.0000, 'KC', 'ACCTG', NULL, NULL, 'gregori', '2015-12-03 13:15:15', 'gregori', '2015-12-03 15:03:20');
INSERT INTO "tblACC_RFV" VALUES ('RFV-100120', '2', '2015-12-14 00:00:00', 'gregori', '2asda', 2323.0000, 'Approved', 0.0000, NULL, NULL, 'Approved', NULL, 0.0000, 0.0000, 'GWOF', 'PLD', NULL, NULL, 'gregori', '2015-12-14 17:11:11', 'gregori', '2016-01-20 19:14:52');
INSERT INTO "tblACC_RFV" VALUES ('RFV-100114', '1', '2015-12-03 00:00:00', 'gregori', '2323', 2323232.0000, 'Approved', 34343.0000, '2015-12-04 00:00:00', '2016-01-23 00:00:00', 'Open', '2015-12-17 00:00:00', 121.0000, 34222.0000, 'KC', 'ACCTG', NULL, NULL, 'gregori', '2015-12-03 16:48:28', 'gregori', '2015-12-11 16:02:12');


--
-- Data for Name: tblACC_RFVDChargeTo; Type: TABLE DATA; Schema: public; Owner: postgres
--

INSERT INTO "tblACC_RFVDChargeTo" VALUES (25, 87, 'RFV-100114', 'ACCTG', 32.0000, 100.0000);
INSERT INTO "tblACC_RFVDChargeTo" VALUES (26, 88, 'RFV-100114', 'ACCTG', 32.0000, 13.0000);
INSERT INTO "tblACC_RFVDChargeTo" VALUES (27, 88, 'RFV-100114', 'PLD', 12.0000, 131.0000);
INSERT INTO "tblACC_RFVDChargeTo" VALUES (28, 89, 'RFV-100114', 'ACCTG', 31.0000, 31.0000);


--
-- Name: tblACC_RFVDChargeTo_RFVDC_Id_seq; Type: SEQUENCE SET; Schema: public; Owner: postgres
--

SELECT pg_catalog.setval('"tblACC_RFVDChargeTo_RFVDC_Id_seq"', 28, true);


--
-- Data for Name: tblACC_RFVDetail; Type: TABLE DATA; Schema: public; Owner: postgres
--

INSERT INTO "tblACC_RFVDetail" VALUES ('RFV-100110', '2015-12-02 00:00:00', '23', '23', '23', '23', '23', 23.0000, 2.4643, 'ACCTG', 20.5357, 'gregori', '2015-12-03 14:23:40', 'gregori', '2015-12-03 14:23:40', 39, true);
INSERT INTO "tblACC_RFVDetail" VALUES ('RFV-100113', '2015-12-01 00:00:00', '23', '23', '23', '223', '23', 23.0000, 2.4643, 'ACCTG', 20.5357, 'gregori', '2015-12-03 15:03:04', 'gregori', '2015-12-03 15:03:04', 41, true);
INSERT INTO "tblACC_RFVDetail" VALUES ('RFV-100116', '2015-12-02 00:00:00', '23', 'sadfass', 'dsa', 'sada', 'ada', 1900000.0000, 0.0000, 'ACCTG', 0.0000, 'testuser1', '2015-12-08 10:43:00', 'testuser1', '2015-12-08 10:43:00', 50, false);
INSERT INTO "tblACC_RFVDetail" VALUES ('RFV-100117', '2015-12-01 00:00:00', '23', 'sada', 'sad', 'sd', '23', 23.0000, 2.4643, 'ACCTG', 20.5357, 'gregori', '2015-12-08 21:31:17', 'gregori', '2015-12-08 21:31:17', 51, true);
INSERT INTO "tblACC_RFVDetail" VALUES ('RFV-100114', '2015-12-01 00:00:00', '232', 'assda', 'asda', 'asdsas', 'sdad', 32.0000, 0.0000, NULL, 32.0000, 'gregori', '2016-01-27 22:20:05', 'gregori', '2016-01-27 22:20:05', 87, false);
INSERT INTO "tblACC_RFVDetail" VALUES ('RFV-100114', '2015-12-02 00:00:00', '434', '34', '45', '5453', '45', 55.0000, 5.8929, NULL, 49.1071, 'gregori', '2016-01-27 22:20:05', 'gregori', '2016-01-27 22:20:05', 88, true);
INSERT INTO "tblACC_RFVDetail" VALUES ('RFV-100114', '2015-12-01 00:00:00', '23', '23', '434', '34', '34', 34.0000, 3.6429, NULL, 30.3571, 'gregori', '2016-01-27 22:20:05', 'gregori', '2016-01-27 22:20:05', 89, true);


--
-- Name: tblACC_RFVDetail_RFVD_LineNo_seq; Type: SEQUENCE SET; Schema: public; Owner: postgres
--

SELECT pg_catalog.setval('"tblACC_RFVDetail_RFVD_LineNo_seq"', 89, true);


--
-- Data for Name: tblACC_RPDetails; Type: TABLE DATA; Schema: public; Owner: postgres
--

INSERT INTO "tblACC_RPDetails" VALUES ('RP-100109', 1, 'Services', 'SV-PL-1000065', 'Payment for Loan', 1.0000, 100000.0000, 100000.0000, 100000.0000, 1.0000, 'APV-100109', 'CPC-ACCTG', 'sdfg', 'VAT', 'NOWHT', 'gregori', '2015-11-13 01:00:38', 'gregori', '2015-11-13 01:10:45', 'With APV');
INSERT INTO "tblACC_RPDetails" VALUES ('RP-100109', 2, 'Services', 'SV-PI-1000066', 'Payment for Interest', 1.0000, 15000.0000, 15000.0000, 15000.0000, 1.0000, 'APV-100109', 'CPC-ACCTG', 'sdfg', 'VAT', 'GOODS', 'gregori', '2015-11-13 01:00:53', 'gregori', '2015-11-13 01:10:45', 'With APV');
INSERT INTO "tblACC_RPDetails" VALUES ('RP-100110', 1, 'Services', 'SV-PPI-1000067', 'Payment for Prepaid Insurance', 1.0000, 99999.0000, 99999.0000, 99999.0000, 1.0000, 'APV-100111', 'CPC-ACCTG', 'asdfghj', 'VAT', 'GOODS', 'gregori', '2015-11-13 03:37:43', 'gregori', '2015-11-13 03:47:53', 'With APV');
INSERT INTO "tblACC_RPDetails" VALUES ('RP-100111', 1, 'Services', 'SV-PPI-1000067', 'Payment for Prepaid Insurance', 1.0000, 88888.0000, 88888.0000, 3999960.0000, 45.0000, 'APV-100112', 'CPC-ACCTG', 'sdfghj', 'VAT', 'GOODS', 'gregori', '2015-11-13 04:18:10', 'gregori', '2015-11-13 04:19:41', 'With APV');
INSERT INTO "tblACC_RPDetails" VALUES ('RP-100112', 1, 'Services', 'SV-PI-1000066', 'Payment for Interest', 12.0000, 12.0000, 144.0000, NULL, NULL, '', '', '', NULL, NULL, 'gregori', '2016-01-18 19:33:08', 'gregori', '2016-01-18 19:33:08', 'Open');
INSERT INTO "tblACC_RPDetails" VALUES ('RP-100136', 1, 'NRD', 'VIP-FGC-1000064', 'Funtastik Gift Card', 12.0000, 12.0000, 144.0000, NULL, NULL, '', NULL, NULL, NULL, NULL, 'gregori', '2016-01-19 00:58:54', 'gregori', '2016-01-19 00:58:54', 'Open');
INSERT INTO "tblACC_RPDetails" VALUES ('RP-100143', 1, 'Services', 'SV-PI-1000066', 'Payment for Interest', 23.0000, 23.0000, 529.0000, NULL, NULL, '', '', '', 'VAT', 'GOODS', 'gregori', '2016-01-19 18:54:17', 'gregori', '2016-01-19 18:54:17', 'Open');
INSERT INTO "tblACC_RPDetails" VALUES ('RP-100143', 2, 'NRD', 'VIP-FGC-1000064', 'Funtastik Gift Card', 12.0000, 12.0000, 144.0000, NULL, NULL, '', '', '', NULL, 'GOODS', 'gregori', '2016-01-19 18:54:17', 'gregori', '2016-01-19 18:54:17', 'Open');
INSERT INTO "tblACC_RPDetails" VALUES ('RP-100144', 1, 'Services', 'SV-PI-1000066', 'Payment for Interest', 12.0000, 12.0000, 144.0000, NULL, NULL, '', NULL, NULL, NULL, NULL, 'gregori', '2016-01-19 19:29:05', 'gregori', '2016-01-19 19:29:05', 'Open');
INSERT INTO "tblACC_RPDetails" VALUES ('RP-100149', 1, 'Services', 'SV-PI-1000066', 'Payment for Interest', 12.0000, 12.0000, 144.0000, NULL, NULL, '', 'CPC-SMMM', NULL, 'VAT', 'GOODS', 'gregori', '2016-01-21 03:06:27', 'gregori', '2016-01-21 03:06:27', 'Open');
INSERT INTO "tblACC_RPDetails" VALUES ('RP-100150', 1, 'Services', 'SV-PPI-1000067', 'Payment for Prepaid Insurance', 34.0000, 34.0000, 1156.0000, NULL, NULL, '', 'CPC-SMMM', NULL, 'VAT', 'GOODS', 'gregori', '2016-01-22 17:13:38', 'gregori', '2016-01-22 17:13:38', 'Open');
INSERT INTO "tblACC_RPDetails" VALUES ('RP-100151', 1, 'Services', 'SV-PI-1000066', 'Payment for Interest', 12.0000, 12.0000, 144.0000, NULL, NULL, '', 'CPC-PLD', '12', 'VAT', 'GOODS', 'gregori', '2016-01-22 17:15:03', 'gregori', '2016-01-22 17:15:03', 'Open');


--
-- Data for Name: tblACC_RPHeader; Type: TABLE DATA; Schema: public; Owner: postgres
--

INSERT INTO "tblACC_RPHeader" VALUES ('RP-100109', '2015-11-13 00:00:00', 'S-100001', 'Supplier A', 'Address 1', '', 'qwert', '2015-11-13 00:00:00', 'Purpose1', '10D', '2015-11-13 00:00:00', 'Approved', 'gregori', 'KC', 'ACCTG', 115000.0000, 115000.0000, 'AML-100101', 1000000.0000, 'gregori', '2015-11-13 00:59:53', 'gregori', '2015-11-13 01:00:57', 116, NULL, '2015-11-13 00:00:00', '2000');
INSERT INTO "tblACC_RPHeader" VALUES ('RP-100110', '2015-11-13 00:00:00', 'S-100002', 'Supplier B', 'Address 2', '', 'dfgt', '2015-11-13 00:00:00', 'Purpose2', '10D', '2015-11-06 00:00:00', 'Approved', 'gregori', 'KC', 'ACCTG', 99999.0000, 99999.0000, NULL, 0.0000, 'gregori', '2015-11-13 03:13:35', 'gregori', '2015-11-13 03:37:50', 116, NULL, '2015-11-13 00:00:00', '');
INSERT INTO "tblACC_RPHeader" VALUES ('RP-100111', '2015-11-13 00:00:00', 'S-100003', 'Supplier C', 'Address 3', 'asdfghj', 'asdfghj', '2015-11-13 00:00:00', 'Purpose3', '10D', '2015-11-13 00:00:00', 'Approved', 'gregori', 'KC', 'ACCTG', 88888.0000, 3999960.0000, NULL, 0.0000, 'gregori', '2015-11-13 04:17:33', 'gregori', '2015-11-13 04:18:14', 117, NULL, '2015-11-13 00:00:00', '');
INSERT INTO "tblACC_RPHeader" VALUES ('RP-100106', NULL, NULL, NULL, NULL, NULL, NULL, NULL, NULL, NULL, NULL, NULL, NULL, NULL, NULL, 0.0000, 0.0000, NULL, NULL, 'gregori', '2015-11-12 21:16:46', 'gregori', '2015-11-12 21:16:46', NULL, NULL, NULL, NULL);
INSERT INTO "tblACC_RPHeader" VALUES ('RP-100107', NULL, NULL, NULL, NULL, NULL, NULL, NULL, NULL, NULL, NULL, NULL, NULL, NULL, NULL, 0.0000, 0.0000, NULL, NULL, 'testuser1', '2015-11-13 00:39:25', 'testuser1', '2015-11-13 00:39:25', NULL, NULL, NULL, NULL);
INSERT INTO "tblACC_RPHeader" VALUES ('RP-100108', '2015-11-13 00:00:00', 'S-100001', 'Supplier A', 'Address 1', '', '', '2015-11-13 00:00:00', 'Purpose1', '10D', '2015-11-13 00:00:00', 'Open', 'gregori', 'KC', 'ACCTG', 0.0000, 0.0000, 'AML-100101', 1000000.0000, 'gregori', '2015-11-13 00:40:29', 'gregori', '2015-11-13 00:40:48', 116, NULL, '2015-11-13 00:00:00', '2000');
INSERT INTO "tblACC_RPHeader" VALUES ('RP-100146', NULL, NULL, NULL, NULL, NULL, NULL, NULL, NULL, NULL, NULL, NULL, NULL, NULL, NULL, 0.0000, 0.0000, NULL, NULL, 'gregori', '2016-01-19 22:35:49', 'gregori', '2016-01-19 22:35:49', NULL, NULL, NULL, NULL);
INSERT INTO "tblACC_RPHeader" VALUES ('RP-100112', '2016-01-18 00:00:00', 'S-100001', 'Supplier A', 'Address 1', '', '', '2016-01-18 00:00:00', 'Purpose2', '10D', '2016-01-18 00:00:00', 'Open', 'gregori', 'KC', 'PLD', 144.0000, NULL, 'AML-100101', 1000000.0000, 'gregori', '2016-01-18 19:10:02', 'gregori', '2016-01-18 19:10:02', 116, NULL, '2016-01-18 00:00:00', '2000');
INSERT INTO "tblACC_RPHeader" VALUES ('RP-100113', NULL, NULL, NULL, NULL, NULL, NULL, NULL, NULL, NULL, NULL, NULL, NULL, NULL, NULL, 0.0000, 0.0000, NULL, NULL, 'gregori', '2016-01-18 21:01:42', 'gregori', '2016-01-18 21:01:42', NULL, NULL, NULL, NULL);
INSERT INTO "tblACC_RPHeader" VALUES ('RP-100114', NULL, NULL, NULL, NULL, NULL, NULL, NULL, NULL, NULL, NULL, NULL, NULL, NULL, NULL, 0.0000, 0.0000, NULL, NULL, 'gregori', '2016-01-18 21:02:29', 'gregori', '2016-01-18 21:02:29', NULL, NULL, NULL, NULL);
INSERT INTO "tblACC_RPHeader" VALUES ('RP-100115', NULL, NULL, NULL, NULL, NULL, NULL, NULL, NULL, NULL, NULL, NULL, NULL, NULL, NULL, 0.0000, 0.0000, NULL, NULL, 'gregori', '2016-01-18 21:07:58', 'gregori', '2016-01-18 21:07:58', NULL, NULL, NULL, NULL);
INSERT INTO "tblACC_RPHeader" VALUES ('RP-100116', NULL, NULL, NULL, NULL, NULL, NULL, NULL, NULL, NULL, NULL, NULL, NULL, NULL, NULL, 0.0000, 0.0000, NULL, NULL, 'gregori', '2016-01-18 21:08:26', 'gregori', '2016-01-18 21:08:26', NULL, NULL, NULL, NULL);
INSERT INTO "tblACC_RPHeader" VALUES ('RP-100117', NULL, NULL, NULL, NULL, NULL, NULL, NULL, NULL, NULL, NULL, NULL, NULL, NULL, NULL, 0.0000, 0.0000, NULL, NULL, 'gregori', '2016-01-18 21:19:57', 'gregori', '2016-01-18 21:19:57', NULL, NULL, NULL, NULL);
INSERT INTO "tblACC_RPHeader" VALUES ('RP-100118', NULL, NULL, NULL, NULL, NULL, NULL, NULL, NULL, NULL, NULL, NULL, NULL, NULL, NULL, 0.0000, 0.0000, NULL, NULL, 'gregori', '2016-01-18 21:22:35', 'gregori', '2016-01-18 21:22:35', NULL, NULL, NULL, NULL);
INSERT INTO "tblACC_RPHeader" VALUES ('RP-100119', NULL, NULL, NULL, NULL, NULL, NULL, NULL, NULL, NULL, NULL, NULL, NULL, NULL, NULL, 0.0000, 0.0000, NULL, NULL, 'gregori', '2016-01-18 21:26:33', 'gregori', '2016-01-18 21:26:33', NULL, NULL, NULL, NULL);
INSERT INTO "tblACC_RPHeader" VALUES ('RP-100120', NULL, NULL, NULL, NULL, NULL, NULL, NULL, NULL, NULL, NULL, NULL, NULL, NULL, NULL, 0.0000, 0.0000, NULL, NULL, 'gregori', '2016-01-18 21:27:42', 'gregori', '2016-01-18 21:27:42', NULL, NULL, NULL, NULL);
INSERT INTO "tblACC_RPHeader" VALUES ('RP-100121', NULL, NULL, NULL, NULL, NULL, NULL, NULL, NULL, NULL, NULL, NULL, NULL, NULL, NULL, 0.0000, 0.0000, NULL, NULL, 'gregori', '2016-01-18 22:05:15', 'gregori', '2016-01-18 22:05:15', NULL, NULL, NULL, NULL);
INSERT INTO "tblACC_RPHeader" VALUES ('RP-100122', NULL, NULL, NULL, NULL, NULL, NULL, NULL, NULL, NULL, NULL, NULL, NULL, NULL, NULL, 0.0000, 0.0000, NULL, NULL, 'gregori', '2016-01-18 22:07:27', 'gregori', '2016-01-18 22:07:27', NULL, NULL, NULL, NULL);
INSERT INTO "tblACC_RPHeader" VALUES ('RP-100123', NULL, NULL, NULL, NULL, NULL, NULL, NULL, NULL, NULL, NULL, NULL, NULL, NULL, NULL, 0.0000, 0.0000, NULL, NULL, 'gregori', '2016-01-18 22:16:40', 'gregori', '2016-01-18 22:16:40', NULL, NULL, NULL, NULL);
INSERT INTO "tblACC_RPHeader" VALUES ('RP-100124', NULL, NULL, NULL, NULL, NULL, NULL, NULL, NULL, NULL, NULL, NULL, NULL, NULL, NULL, 0.0000, 0.0000, NULL, NULL, 'gregori', '2016-01-18 22:17:55', 'gregori', '2016-01-18 22:17:55', NULL, NULL, NULL, NULL);
INSERT INTO "tblACC_RPHeader" VALUES ('RP-100125', NULL, NULL, NULL, NULL, NULL, NULL, NULL, NULL, NULL, NULL, NULL, NULL, NULL, NULL, 0.0000, 0.0000, NULL, NULL, 'gregori', '2016-01-18 22:19:19', 'gregori', '2016-01-18 22:19:19', NULL, NULL, NULL, NULL);
INSERT INTO "tblACC_RPHeader" VALUES ('RP-100126', NULL, NULL, NULL, NULL, NULL, NULL, NULL, NULL, NULL, NULL, NULL, NULL, NULL, NULL, 0.0000, 0.0000, NULL, NULL, 'gregori', '2016-01-18 22:31:51', 'gregori', '2016-01-18 22:31:51', NULL, NULL, NULL, NULL);
INSERT INTO "tblACC_RPHeader" VALUES ('RP-100127', NULL, NULL, NULL, NULL, NULL, NULL, NULL, NULL, NULL, NULL, NULL, NULL, NULL, NULL, 0.0000, 0.0000, NULL, NULL, 'gregori', '2016-01-18 22:35:46', 'gregori', '2016-01-18 22:35:46', NULL, NULL, NULL, NULL);
INSERT INTO "tblACC_RPHeader" VALUES ('RP-100128', NULL, NULL, NULL, NULL, NULL, NULL, NULL, NULL, NULL, NULL, NULL, NULL, NULL, NULL, 0.0000, 0.0000, NULL, NULL, 'gregori', '2016-01-18 22:37:31', 'gregori', '2016-01-18 22:37:31', NULL, NULL, NULL, NULL);
INSERT INTO "tblACC_RPHeader" VALUES ('RP-100129', NULL, NULL, NULL, NULL, NULL, NULL, NULL, NULL, NULL, NULL, NULL, NULL, NULL, NULL, 0.0000, 0.0000, NULL, NULL, 'gregori', '2016-01-18 22:38:06', 'gregori', '2016-01-18 22:38:06', NULL, NULL, NULL, NULL);
INSERT INTO "tblACC_RPHeader" VALUES ('RP-100130', NULL, NULL, NULL, NULL, NULL, NULL, NULL, NULL, NULL, NULL, NULL, NULL, NULL, NULL, 0.0000, 0.0000, NULL, NULL, 'gregori', '2016-01-18 22:38:56', 'gregori', '2016-01-18 22:38:56', NULL, NULL, NULL, NULL);
INSERT INTO "tblACC_RPHeader" VALUES ('RP-100131', NULL, NULL, NULL, NULL, NULL, NULL, NULL, NULL, NULL, NULL, NULL, NULL, NULL, NULL, 0.0000, 0.0000, NULL, NULL, 'gregori', '2016-01-18 22:40:29', 'gregori', '2016-01-18 22:40:29', NULL, NULL, NULL, NULL);
INSERT INTO "tblACC_RPHeader" VALUES ('RP-100132', NULL, NULL, NULL, NULL, NULL, NULL, NULL, NULL, NULL, NULL, NULL, NULL, NULL, NULL, 0.0000, 0.0000, NULL, NULL, 'gregori', '2016-01-18 22:41:03', 'gregori', '2016-01-18 22:41:03', NULL, NULL, NULL, NULL);
INSERT INTO "tblACC_RPHeader" VALUES ('RP-100133', NULL, NULL, NULL, NULL, NULL, NULL, NULL, NULL, NULL, NULL, NULL, NULL, NULL, NULL, 0.0000, 0.0000, NULL, NULL, 'gregori', '2016-01-18 22:42:01', 'gregori', '2016-01-18 22:42:01', NULL, NULL, NULL, NULL);
INSERT INTO "tblACC_RPHeader" VALUES ('RP-100134', NULL, NULL, NULL, NULL, NULL, NULL, NULL, NULL, NULL, NULL, NULL, NULL, NULL, NULL, 0.0000, 0.0000, NULL, NULL, 'gregori', '2016-01-18 22:46:03', 'gregori', '2016-01-18 22:46:03', NULL, NULL, NULL, NULL);
INSERT INTO "tblACC_RPHeader" VALUES ('RP-100147', NULL, NULL, NULL, NULL, NULL, NULL, NULL, NULL, NULL, NULL, NULL, NULL, NULL, NULL, 0.0000, 0.0000, NULL, NULL, 'gregori', '2016-01-20 18:19:16', 'gregori', '2016-01-20 18:19:16', NULL, NULL, NULL, NULL);
INSERT INTO "tblACC_RPHeader" VALUES ('RP-100148', NULL, NULL, NULL, NULL, NULL, NULL, NULL, NULL, NULL, NULL, NULL, NULL, NULL, NULL, 0.0000, 0.0000, NULL, NULL, 'gregori', '2016-01-20 18:25:38', 'gregori', '2016-01-20 18:25:38', NULL, NULL, NULL, NULL);
INSERT INTO "tblACC_RPHeader" VALUES ('RP-100135', '2016-01-18 00:00:00', 'S-100001', 'Supplier A', 'Address 1', '323', '', '2016-01-20 00:00:00', 'Purpose2', '10D', '2016-01-07 00:00:00', 'Open', 'gregori', 'KC', 'SMMM', 0.0000, NULL, '', 0.0000, 'gregori', '2016-01-18 22:51:56', 'gregori', '2016-01-18 22:51:56', 116, NULL, '2016-01-19 00:00:00', '');
INSERT INTO "tblACC_RPHeader" VALUES ('RP-100136', '2016-01-18 00:00:00', 'S-100002', 'Supplier B', 'Address 2', '', '', '2016-01-20 00:00:00', 'Purpose2', '10D', '2016-01-12 00:00:00', 'Open', 'gregori', 'KC', 'ACCTG', 144.0000, NULL, 'AML-100101', 1000000.0000, 'gregori', '2016-01-18 22:59:25', 'gregori', '2016-01-18 22:59:25', 116, NULL, '2016-01-27 00:00:00', '2000');
INSERT INTO "tblACC_RPHeader" VALUES ('RP-100142', NULL, NULL, NULL, NULL, NULL, NULL, NULL, NULL, NULL, NULL, NULL, NULL, NULL, NULL, 0.0000, 0.0000, NULL, NULL, 'gregori', '2016-01-19 17:58:22', 'gregori', '2016-01-19 17:58:22', NULL, NULL, NULL, NULL);
INSERT INTO "tblACC_RPHeader" VALUES ('RP-100149', '2016-01-21 00:00:00', 'S-100001', 'Supplier A', 'Address 1', '', '12', '2016-01-13 00:00:00', 'Purpose1', '10D', '2016-01-22 00:00:00', 'Open', 'gregori', 'KC', 'SMMM', 144.0000, NULL, 'AML-100101', 1000000.0000, 'gregori', '2016-01-21 03:05:38', 'gregori', '2016-01-21 03:05:38', 116, NULL, '2016-01-19 00:00:00', '2000');
INSERT INTO "tblACC_RPHeader" VALUES ('RP-100137', NULL, NULL, NULL, NULL, NULL, NULL, NULL, NULL, NULL, NULL, NULL, NULL, NULL, NULL, 0.0000, 0.0000, NULL, NULL, 'gregori', '2016-01-19 00:47:19', 'gregori', '2016-01-19 00:47:19', NULL, NULL, NULL, NULL);
INSERT INTO "tblACC_RPHeader" VALUES ('RP-100138', NULL, NULL, NULL, NULL, NULL, NULL, NULL, NULL, NULL, NULL, NULL, NULL, NULL, NULL, 0.0000, 0.0000, NULL, NULL, 'gregori', '2016-01-19 00:50:45', 'gregori', '2016-01-19 00:50:45', NULL, NULL, NULL, NULL);
INSERT INTO "tblACC_RPHeader" VALUES ('RP-100139', NULL, NULL, NULL, NULL, NULL, NULL, NULL, NULL, NULL, NULL, NULL, NULL, NULL, NULL, 0.0000, 0.0000, NULL, NULL, 'gregori', '2016-01-19 00:53:14', 'gregori', '2016-01-19 00:53:14', NULL, NULL, NULL, NULL);
INSERT INTO "tblACC_RPHeader" VALUES ('RP-100140', NULL, NULL, NULL, NULL, NULL, NULL, NULL, NULL, NULL, NULL, NULL, NULL, NULL, NULL, 0.0000, 0.0000, NULL, NULL, 'gregori', '2016-01-19 00:53:50', 'gregori', '2016-01-19 00:53:50', NULL, NULL, NULL, NULL);
INSERT INTO "tblACC_RPHeader" VALUES ('RP-100141', NULL, NULL, NULL, NULL, NULL, NULL, NULL, NULL, NULL, NULL, NULL, NULL, NULL, NULL, 0.0000, 0.0000, NULL, NULL, 'gregori', '2016-01-19 00:54:48', 'gregori', '2016-01-19 00:54:48', NULL, NULL, NULL, NULL);
INSERT INTO "tblACC_RPHeader" VALUES ('RP-100150', '2016-01-22 00:00:00', 'S-100002', 'Supplier B', 'Address 2', '34', '34', '2016-01-23 00:00:00', 'Purpose2', '10D', '2016-01-23 00:00:00', 'Open', 'gregori', 'KC', 'SMMM', 1156.0000, NULL, 'AML-100101', 1000000.0000, 'gregori', '2016-01-22 17:13:12', 'gregori', '2016-01-22 17:13:12', 116, NULL, '2016-01-21 00:00:00', '2000');
INSERT INTO "tblACC_RPHeader" VALUES ('RP-100143', '2016-01-19 00:00:00', 'S-100001', 'Supplier A', 'Address 1', '', 'test', '2016-01-06 00:00:00', 'Purpose2', '10D', '2016-01-21 00:00:00', 'Open', 'gregori', 'KC', 'SMMM', 673.0000, NULL, 'AML-100101', 1000000.0000, 'gregori', '2016-01-19 18:41:41', 'gregori', '2016-01-19 18:41:41', 116, NULL, '2016-01-20 00:00:00', '2000');
INSERT INTO "tblACC_RPHeader" VALUES ('RP-100144', '2016-01-19 00:00:00', 'S-100001', 'Supplier A', 'Address 1', '1', '21', '2016-01-20 00:00:00', 'Purpose2', '10D', '2016-01-20 00:00:00', 'Open', 'gregori', 'KC', 'SMMM', 144.0000, NULL, 'AML-100101', 1000000.0000, 'gregori', '2016-01-19 19:28:42', 'gregori', '2016-01-19 19:28:42', 116, NULL, '2016-01-20 00:00:00', '2000');
INSERT INTO "tblACC_RPHeader" VALUES ('RP-100145', NULL, NULL, NULL, NULL, NULL, NULL, NULL, NULL, NULL, NULL, NULL, NULL, NULL, NULL, 0.0000, 0.0000, NULL, NULL, 'gregori', '2016-01-19 19:30:19', 'gregori', '2016-01-19 19:30:19', NULL, NULL, NULL, NULL);
INSERT INTO "tblACC_RPHeader" VALUES ('RP-100151', '2016-01-22 00:00:00', 'S-100002', 'Supplier B', 'Address 2', '23', '23', '2016-01-15 00:00:00', 'Purpose3', '10D', '2016-01-23 00:00:00', 'Open', 'gregori', 'GWOF', 'PLD', 144.0000, NULL, 'AML-100101', 1000000.0000, 'gregori', '2016-01-22 17:14:28', 'gregori', '2016-01-22 17:14:28', 116, NULL, '2016-01-23 00:00:00', '2000');
INSERT INTO "tblACC_RPHeader" VALUES ('RP-100152', NULL, NULL, NULL, NULL, NULL, NULL, NULL, NULL, NULL, NULL, NULL, NULL, NULL, NULL, 0.0000, 0.0000, NULL, NULL, 'gregori', '2016-02-16 18:46:04', 'gregori', '2016-02-16 18:46:04', NULL, NULL, NULL, NULL);


--
-- Data for Name: tblACC_SupplierPostingGroup; Type: TABLE DATA; Schema: public; Owner: postgres
--

INSERT INTO "tblACC_SupplierPostingGroup" VALUES ('AP-TRADE', '201000', B'1', NULL, NULL, NULL, NULL);
INSERT INTO "tblACC_SupplierPostingGroup" VALUES ('AP-NONTRADE', '202002', B'1', NULL, NULL, NULL, NULL);


--
-- Data for Name: tblACC_Tax; Type: TABLE DATA; Schema: public; Owner: postgres
--

INSERT INTO "tblACC_Tax" VALUES ('sdadada111', 'fdfdf', B'0', 0.0000, B'0', '000001', '2015-08-05 16:20:40', 'gregori', '2015-09-30 15:04:06', B'1');
INSERT INTO "tblACC_Tax" VALUES ('TAX-100001', 'test', B'0', 1.0000, B'0', '000001', '2015-06-02 00:00:57', 'gregori', '2015-09-30 15:04:06', B'1');
INSERT INTO "tblACC_Tax" VALUES ('tax-10001', '23131', B'0', 1.0000, B'0', 'gregori', '2015-09-01 05:58:33', 'gregori', '2015-09-30 15:04:06', B'1');
INSERT INTO "tblACC_Tax" VALUES ('tax1-10001', '34242', B'0', 0.0000, B'0', 'gregori', '2015-09-01 05:58:48', 'gregori', '2015-09-30 15:04:06', B'1');


--
-- Data for Name: tblACC_VATBusPostingGroup; Type: TABLE DATA; Schema: public; Owner: postgres
--

INSERT INTO "tblACC_VATBusPostingGroup" VALUES ('VAT', 'Miscellaneous with 12% VAT', B'1', NULL, NULL, NULL, NULL);
INSERT INTO "tblACC_VATBusPostingGroup" VALUES ('NONVAT', 'Miscellaneous without VAT', B'1', NULL, NULL, NULL, NULL);


--
-- Data for Name: tblACC_VATPostingSetup; Type: TABLE DATA; Schema: public; Owner: postgres
--

INSERT INTO "tblACC_VATPostingSetup" VALUES ('VAT', 'VAT', 12.0000, '209011', '110018', B'1', NULL, NULL, NULL, NULL);
INSERT INTO "tblACC_VATPostingSetup" VALUES ('VAT', 'NONVAT', 0.0000, NULL, NULL, B'1', NULL, NULL, NULL, NULL);
INSERT INTO "tblACC_VATPostingSetup" VALUES ('NONVAT', 'VAT', 12.0000, '209011', '110018', B'1', NULL, NULL, NULL, NULL);
INSERT INTO "tblACC_VATPostingSetup" VALUES ('NONVAT', 'NONVAT', 0.0000, NULL, NULL, B'1', NULL, NULL, NULL, NULL);


--
-- Data for Name: tblACC_VATProdPostingGroup; Type: TABLE DATA; Schema: public; Owner: postgres
--

INSERT INTO "tblACC_VATProdPostingGroup" VALUES ('VAT', 'Miscellaneous with 12% VAT', B'1', NULL, NULL, NULL, NULL);
INSERT INTO "tblACC_VATProdPostingGroup" VALUES ('NONVAT', 'Miscellaneous without VAT', B'1', NULL, NULL, NULL, NULL);


--
-- Data for Name: tblACC_WHTBusPostingGroup; Type: TABLE DATA; Schema: public; Owner: postgres
--

INSERT INTO "tblACC_WHTBusPostingGroup" VALUES ('CORP', 'Corporate', B'1', NULL, NULL, NULL, NULL);
INSERT INTO "tblACC_WHTBusPostingGroup" VALUES ('INDI', 'Individual', B'1', NULL, NULL, NULL, NULL);
INSERT INTO "tblACC_WHTBusPostingGroup" VALUES ('NOWHT', 'No Withholding Tax', B'1', NULL, NULL, NULL, NULL);


--
-- Data for Name: tblACC_WHTPostingGroupSetup; Type: TABLE DATA; Schema: public; Owner: postgres
--

INSERT INTO "tblACC_WHTPostingGroupSetup" VALUES ('CORP', 'NOWHT', 0.0000, NULL, NULL, B'1', NULL, NULL, NULL, NULL);
INSERT INTO "tblACC_WHTPostingGroupSetup" VALUES ('INDI', 'NOWHT', 0.0000, NULL, NULL, B'1', NULL, NULL, NULL, NULL);
INSERT INTO "tblACC_WHTPostingGroupSetup" VALUES ('NOWHT', 'GOODS', 0.0000, NULL, NULL, B'1', NULL, NULL, NULL, NULL);
INSERT INTO "tblACC_WHTPostingGroupSetup" VALUES ('NOWHT', 'SERVICES', 0.0000, NULL, NULL, B'1', NULL, NULL, NULL, NULL);
INSERT INTO "tblACC_WHTPostingGroupSetup" VALUES ('NOWHT', 'PROF10', 0.0000, NULL, NULL, B'1', NULL, NULL, NULL, NULL);
INSERT INTO "tblACC_WHTPostingGroupSetup" VALUES ('NOWHT', 'PROF15', 0.0000, NULL, NULL, B'1', NULL, NULL, NULL, NULL);
INSERT INTO "tblACC_WHTPostingGroupSetup" VALUES ('NOWHT', 'RENT', 0.0000, NULL, NULL, B'1', NULL, NULL, NULL, NULL);
INSERT INTO "tblACC_WHTPostingGroupSetup" VALUES ('NOWHT', 'CONTRACT', 0.0000, NULL, NULL, B'1', NULL, NULL, NULL, NULL);
INSERT INTO "tblACC_WHTPostingGroupSetup" VALUES ('NOWHT', 'NOWHT', 0.0000, NULL, NULL, B'1', NULL, NULL, NULL, NULL);
INSERT INTO "tblACC_WHTPostingGroupSetup" VALUES ('NOWHT', 'BROKER', 0.0000, NULL, NULL, B'1', NULL, NULL, NULL, NULL);
INSERT INTO "tblACC_WHTPostingGroupSetup" VALUES ('CORP', 'BROKER', 10.0000, '206006', '206006', B'1', NULL, NULL, NULL, NULL);
INSERT INTO "tblACC_WHTPostingGroupSetup" VALUES ('CORP', 'CONTRACT', 2.0000, '206002', '206002', B'1', NULL, NULL, NULL, NULL);
INSERT INTO "tblACC_WHTPostingGroupSetup" VALUES ('CORP', 'GOODS', 1.0000, '206003', '206003', B'1', NULL, NULL, NULL, NULL);
INSERT INTO "tblACC_WHTPostingGroupSetup" VALUES ('CORP', 'PROF10', 10.0000, '206005', '206005', B'1', NULL, NULL, NULL, NULL);
INSERT INTO "tblACC_WHTPostingGroupSetup" VALUES ('CORP', 'PROF15', 15.0000, '206005', '206005', B'1', NULL, NULL, NULL, NULL);
INSERT INTO "tblACC_WHTPostingGroupSetup" VALUES ('CORP', 'RENT', 5.0000, '206002', '206002', B'1', NULL, NULL, NULL, NULL);
INSERT INTO "tblACC_WHTPostingGroupSetup" VALUES ('CORP', 'SERVICES', 2.0000, '206002', '206002', B'1', NULL, NULL, NULL, NULL);
INSERT INTO "tblACC_WHTPostingGroupSetup" VALUES ('INDI', 'BROKER', 10.0000, '206006', '206006', B'1', NULL, NULL, NULL, NULL);
INSERT INTO "tblACC_WHTPostingGroupSetup" VALUES ('INDI', 'CONTRACT', 2.0000, '206002', '206002', B'1', NULL, NULL, NULL, NULL);
INSERT INTO "tblACC_WHTPostingGroupSetup" VALUES ('INDI', 'GOODS', 1.0000, '206003', '206003', B'1', NULL, NULL, NULL, NULL);
INSERT INTO "tblACC_WHTPostingGroupSetup" VALUES ('INDI', 'PROF10', 10.0000, '206005', '206005', B'1', NULL, NULL, NULL, NULL);
INSERT INTO "tblACC_WHTPostingGroupSetup" VALUES ('INDI', 'PROF15', 15.0000, '206005', '206005', B'1', NULL, NULL, NULL, NULL);
INSERT INTO "tblACC_WHTPostingGroupSetup" VALUES ('INDI', 'RENT', 5.0000, '206002', '206002', B'1', NULL, NULL, NULL, NULL);
INSERT INTO "tblACC_WHTPostingGroupSetup" VALUES ('INDI', 'SERVICES', 2.0000, '206002', '206002', B'1', NULL, NULL, NULL, NULL);


--
-- Data for Name: tblACC_WHTProdPostingGroup; Type: TABLE DATA; Schema: public; Owner: postgres
--

INSERT INTO "tblACC_WHTProdPostingGroup" VALUES ('GOODS', 'Goods', B'1', NULL, NULL, NULL, NULL);
INSERT INTO "tblACC_WHTProdPostingGroup" VALUES ('SERVICES', 'Services', B'1', NULL, NULL, NULL, NULL);
INSERT INTO "tblACC_WHTProdPostingGroup" VALUES ('PROF10', 'Professional Fees', B'1', NULL, NULL, NULL, NULL);
INSERT INTO "tblACC_WHTProdPostingGroup" VALUES ('PROF15', 'Professional Fees', B'1', NULL, NULL, NULL, NULL);
INSERT INTO "tblACC_WHTProdPostingGroup" VALUES ('RENT', 'Rentals', B'1', NULL, NULL, NULL, NULL);
INSERT INTO "tblACC_WHTProdPostingGroup" VALUES ('CONTRACT', 'Prime/Sub Contractors', B'1', NULL, NULL, NULL, NULL);
INSERT INTO "tblACC_WHTProdPostingGroup" VALUES ('NOWHT', 'No Withholding Tax', B'1', NULL, NULL, NULL, NULL);
INSERT INTO "tblACC_WHTProdPostingGroup" VALUES ('BROKER', 'Brokerage', B'1', NULL, NULL, NULL, NULL);


--
-- Data for Name: tblCOM_ApprovalSetup; Type: TABLE DATA; Schema: public; Owner: postgres
--

INSERT INTO "tblCOM_ApprovalSetup" VALUES ('CV', '2002', 1, B'0', 0.0000, 'gregori', '2015-10-15 19:15:30', 'gregori', '2015-10-15 19:15:30', B'0');
INSERT INTO "tblCOM_ApprovalSetup" VALUES ('AMP', '2002', 1, B'0', 0.0000, 'gregori', '2015-10-15 21:06:09', 'gregori', '2015-10-15 21:06:09', B'0');
INSERT INTO "tblCOM_ApprovalSetup" VALUES ('SI', '2002', 1, B'0', 0.0000, 'gregori', '2015-10-24 13:33:25', 'gregori', '2015-10-24 13:33:25', B'0');
INSERT INTO "tblCOM_ApprovalSetup" VALUES ('CRJ', '2002', 1, B'0', 0.0000, 'gregori', '2015-10-24 14:24:16', 'gregori', '2015-10-24 14:24:16', B'0');
INSERT INTO "tblCOM_ApprovalSetup" VALUES ('SP', '2002', 1, B'0', 0.0000, 'gregori', '2015-11-03 15:12:52', 'gregori', '2015-11-03 15:12:52', B'0');
INSERT INTO "tblCOM_ApprovalSetup" VALUES ('IM', '2002', 1, B'0', 0.0000, 'gregori', '2015-11-03 15:49:51', 'gregori', '2015-11-03 15:49:51', B'0');
INSERT INTO "tblCOM_ApprovalSetup" VALUES ('C', '2002', 1, B'0', 12.0000, 'gregori', '2015-11-10 02:52:37', 'gregori', '2015-11-10 02:52:37', B'0');
INSERT INTO "tblCOM_ApprovalSetup" VALUES ('DCM', '2002', 1, B'0', 0.0000, 'gregori', '2015-10-24 14:10:20', 'gregori', '2015-10-24 14:10:20', B'0');
INSERT INTO "tblCOM_ApprovalSetup" VALUES ('S', '2002', 1, B'0', 0.0000, 'gregori', '2015-11-03 14:24:20', 'gregori', '2015-11-03 14:24:20', B'0');
INSERT INTO "tblCOM_ApprovalSetup" VALUES ('RP', '2002', 1, B'0', 0.0000, 'gregori', '2015-11-11 03:52:47', 'gregori', '2015-11-11 03:52:47', B'0');
INSERT INTO "tblCOM_ApprovalSetup" VALUES ('AML', '2002', 1, B'0', 0.0000, 'gregori', '2015-11-11 03:52:58', 'gregori', '2015-11-11 03:52:58', B'0');
INSERT INTO "tblCOM_ApprovalSetup" VALUES ('APV', '2002', 1, B'0', 0.0000, 'gregori', '2015-11-11 03:53:37', 'gregori', '2015-11-11 03:53:37', B'0');
INSERT INTO "tblCOM_ApprovalSetup" VALUES ('RFV', '2002', 1, B'0', 0.0000, 'gregori', '2015-12-03 13:19:30', 'gregori', '2015-12-03 13:19:30', B'0');
INSERT INTO "tblCOM_ApprovalSetup" VALUES ('CA', '2002', 1, B'0', 0.0000, 'gregori', '2015-12-08 16:54:51', 'gregori', '2015-12-08 16:54:51', B'0');
INSERT INTO "tblCOM_ApprovalSetup" VALUES ('REM', '2002', 1, B'0', 0.0000, 'gregori', '2015-12-11 15:35:50', 'gregori', '2015-12-11 15:35:50', B'0');
INSERT INTO "tblCOM_ApprovalSetup" VALUES ('RQ', '2002', 1, B'0', 0.0000, 'gregori', '2015-12-29 17:09:42', 'gregori', '2015-12-29 17:09:42', B'0');
INSERT INTO "tblCOM_ApprovalSetup" VALUES ('RQL', '2002', 1, B'0', 0.0000, 'gregori', '2016-01-15 18:07:34', 'gregori', '2016-01-15 18:07:34', B'0');
INSERT INTO "tblCOM_ApprovalSetup" VALUES ('IRJ', '2002', 1, B'0', 0.0000, 'gregori', '2016-01-18 14:40:25', 'gregori', '2016-01-18 14:40:25', B'0');
INSERT INTO "tblCOM_ApprovalSetup" VALUES ('POL', '2002', 1, B'0', 0.0000, 'gregori', '2016-01-24 17:46:13', 'gregori', '2016-01-24 17:46:13', B'0');
INSERT INTO "tblCOM_ApprovalSetup" VALUES ('TO', '2002', 1, B'0', 0.0000, 'gregori', '2016-01-25 22:49:57', 'gregori', '2016-01-25 22:49:57', B'0');
INSERT INTO "tblCOM_ApprovalSetup" VALUES ('TOL', '2002', 1, B'0', 0.0000, 'gregori', '2016-01-26 07:09:43', 'gregori', '2016-01-26 07:09:43', B'0');
INSERT INTO "tblCOM_ApprovalSetup" VALUES ('PO', '2002', 1, B'0', 0.0000, 'gregori', '2016-03-03 20:53:16', 'gregori', '2016-03-03 20:53:16', B'0');


--
-- Data for Name: tblCOM_Attribute; Type: TABLE DATA; Schema: public; Owner: postgres
--

INSERT INTO "tblCOM_Attribute" VALUES ('242', 'Bank Type', 242);
INSERT INTO "tblCOM_Attribute" VALUES ('160', 'Transaction Status', 160);
INSERT INTO "tblCOM_Attribute" VALUES ('168', 'Division', 168);
INSERT INTO "tblCOM_Attribute" VALUES ('143', 'Location Structure', 143);
INSERT INTO "tblCOM_Attribute" VALUES ('144', 'Location Type', 144);
INSERT INTO "tblCOM_Attribute" VALUES ('145', 'Area Zoning', 145);
INSERT INTO "tblCOM_Attribute" VALUES ('164', 'Group', 164);
INSERT INTO "tblCOM_Attribute" VALUES ('165', 'Season', 165);
INSERT INTO "tblCOM_Attribute" VALUES ('166', 'Gender', 166);
INSERT INTO "tblCOM_Attribute" VALUES ('167', 'Class', 167);
INSERT INTO "tblCOM_Attribute" VALUES ('169', 'Type', 169);
INSERT INTO "tblCOM_Attribute" VALUES ('170', 'Sub-Type', 170);
INSERT INTO "tblCOM_Attribute" VALUES ('30', 'Color', 30);
INSERT INTO "tblCOM_Attribute" VALUES ('32', 'Size Category', 32);
INSERT INTO "tblCOM_Attribute" VALUES ('31', 'Sizes', 31);
INSERT INTO "tblCOM_Attribute" VALUES ('33', 'Unit of Measurement', 33);
INSERT INTO "tblCOM_Attribute" VALUES ('146', 'Fixed Asset Class', 146);
INSERT INTO "tblCOM_Attribute" VALUES ('149', 'Machine Type', 149);
INSERT INTO "tblCOM_Attribute" VALUES ('150', 'Store Personnel', 150);
INSERT INTO "tblCOM_Attribute" VALUES ('34', 'Currency', 34);
INSERT INTO "tblCOM_Attribute" VALUES ('152', 'Cost/Profit Class', 152);
INSERT INTO "tblCOM_Attribute" VALUES ('153', 'Customer Type', 153);
INSERT INTO "tblCOM_Attribute" VALUES ('154', 'Payment Method', 154);
INSERT INTO "tblCOM_Attribute" VALUES ('156', 'Supplier Type', 156);
INSERT INTO "tblCOM_Attribute" VALUES ('157', 'Shift Type', 157);
INSERT INTO "tblCOM_Attribute" VALUES ('158', 'Document Trans. Type', 158);
INSERT INTO "tblCOM_Attribute" VALUES ('159', 'Priority Level', 159);
INSERT INTO "tblCOM_Attribute" VALUES ('161', 'Purpose Code', 161);
INSERT INTO "tblCOM_Attribute" VALUES ('162', 'Shipping Method', 162);
INSERT INTO "tblCOM_Attribute" VALUES ('163', 'Sharing Code', 163);
INSERT INTO "tblCOM_Attribute" VALUES ('245', 'Brand', 245);
INSERT INTO "tblCOM_Attribute" VALUES ('260', 'Region', 260);
INSERT INTO "tblCOM_Attribute" VALUES ('261', 'Area', 261);


--
-- Data for Name: tblCOM_AttributeDetail; Type: TABLE DATA; Schema: public; Owner: postgres
--

INSERT INTO "tblCOM_AttributeDetail" VALUES ('260', 'RE1', 'Region 1', 'gregori', '2015-09-10 00:29:14', 'gregori', '2015-09-10 00:29:14', B'1', 114);
INSERT INTO "tblCOM_AttributeDetail" VALUES ('261', 'NCR', 'NCR', 'gregori', '2015-09-10 00:29:32', 'gregori', '2015-09-10 00:29:32', B'1', 115);
INSERT INTO "tblCOM_AttributeDetail" VALUES ('34', 'PHP', 'PHP', 'gregori', '2015-09-10 00:29:52', 'gregori', '2015-09-10 00:29:52', B'1', 116);
INSERT INTO "tblCOM_AttributeDetail" VALUES ('34', 'USD', 'USD', 'gregori', '2015-09-10 00:30:00', 'gregori', '2015-09-10 00:30:00', B'1', 117);
INSERT INTO "tblCOM_AttributeDetail" VALUES ('144', 'WHSE', 'Warehouse', 'gregori', '2015-09-25 04:54:50', 'gregori', '2015-09-25 04:54:50', B'1', 119);
INSERT INTO "tblCOM_AttributeDetail" VALUES ('144', 'STORE', 'Store', 'gregori', '2015-09-10 00:18:25', 'gregori', '2015-09-25 04:55:08', B'1', 111);
INSERT INTO "tblCOM_AttributeDetail" VALUES ('144', 'DEPT', 'Department', 'gregori', '2015-09-25 04:55:22', 'gregori', '2015-09-25 04:55:22', B'1', 120);
INSERT INTO "tblCOM_AttributeDetail" VALUES ('33', 'BX', 'BOX', 'gregori', '2015-09-10 00:28:42', 'gregori', '2015-09-30 10:46:26', B'1', 112);
INSERT INTO "tblCOM_AttributeDetail" VALUES ('33', 'PC', 'PIECE', 'gregori', '2015-09-10 00:28:50', 'gregori', '2015-11-11 03:07:52', B'1', 113);
INSERT INTO "tblCOM_AttributeDetail" VALUES ('156', 'Foreign', 'Foreign', 'gregori', '2015-09-10 01:05:19', 'gregori', '2015-11-11 03:28:38', B'1', 118);
INSERT INTO "tblCOM_AttributeDetail" VALUES ('156', 'Local', 'Local', 'gregori', '2015-11-11 03:28:26', 'gregori', '2015-11-11 03:28:50', B'1', 121);
INSERT INTO "tblCOM_AttributeDetail" VALUES ('156', 'Emp', 'Employee', 'gregori', '2015-11-11 03:28:59', 'gregori', '2015-11-11 03:28:59', B'1', 122);
INSERT INTO "tblCOM_AttributeDetail" VALUES ('34', 'test', 'Description', 'gregori', '2016-02-22 20:29:51', 'gregori', '2016-02-22 20:29:51', B'1', 123);


--
-- Name: tblCOM_AttributeDetail_AD_Id_seq; Type: SEQUENCE SET; Schema: public; Owner: postgres
--

SELECT pg_catalog.setval('"tblCOM_AttributeDetail_AD_Id_seq"', 123, true);


--
-- Data for Name: tblCOM_BuyerClass; Type: TABLE DATA; Schema: public; Owner: postgres
--

INSERT INTO "tblCOM_BuyerClass" VALUES ('RD', 'Redemption', B'1', 'gregori', '2015-09-10 00:27:52', 'gregori', '2015-11-11 03:19:08');
INSERT INTO "tblCOM_BuyerClass" VALUES ('NRD', 'Non Redemption', B'1', 'gregori', '2015-11-11 03:18:53', 'gregori', '2015-11-11 03:19:17');


--
-- Data for Name: tblCOM_BuyerSetup; Type: TABLE DATA; Schema: public; Owner: postgres
--

INSERT INTO "tblCOM_BuyerSetup" VALUES ('RD', 'testuser3');
INSERT INTO "tblCOM_BuyerSetup" VALUES ('NRD', 'testuser4');


--
-- Data for Name: tblCOM_CA; Type: TABLE DATA; Schema: public; Owner: postgres
--

INSERT INTO "tblCOM_CA" VALUES ('CA-10001', '2015-12-08 00:00:00', NULL, NULL, NULL, NULL, NULL, NULL, NULL, NULL, NULL, NULL, NULL, 'gregori', '2015-12-08 15:31:50', 'gregori', '2015-12-08 15:31:50', NULL, NULL);
INSERT INTO "tblCOM_CA" VALUES ('CA-10002', '2015-12-08 00:00:00', '', NULL, '', '2313', '2015-12-22 00:00:00', '2015-12-15 00:00:00', 529.0000, 'Pending', 'Open', 'KC', 'ACCTG', 'gregori', '2015-12-08 15:38:23', 'gregori', '2015-12-08 17:01:04', NULL, NULL);
INSERT INTO "tblCOM_CA" VALUES ('CA-10003', '2015-12-10 00:00:00', NULL, NULL, NULL, NULL, NULL, NULL, NULL, 'Open', 'Open', NULL, NULL, 'gregori', '2015-12-10 10:05:23', 'gregori', '2015-12-10 10:05:23', NULL, NULL);
INSERT INTO "tblCOM_CA" VALUES ('CA-10004', '2015-12-10 00:00:00', NULL, NULL, NULL, NULL, NULL, NULL, NULL, 'Open', 'Open', NULL, NULL, 'gregori', '2015-12-10 10:05:37', 'gregori', '2015-12-10 10:05:37', NULL, NULL);
INSERT INTO "tblCOM_CA" VALUES ('CA-10005', '2015-12-10 00:00:00', 'gregori', NULL, '', 'test', '2015-12-10 00:00:00', '2015-12-11 00:00:00', 529.0000, 'Open', 'Open', 'KC', 'ACCTG', 'gregori', '2015-12-10 10:39:57', 'gregori', '2015-12-10 10:57:17', NULL, NULL);
INSERT INTO "tblCOM_CA" VALUES ('CA-10006', '2015-12-10 00:00:00', NULL, NULL, NULL, NULL, NULL, NULL, NULL, 'Open', 'Open', NULL, NULL, 'gregori', '2015-12-10 11:00:50', 'gregori', '2015-12-10 11:00:50', NULL, NULL);
INSERT INTO "tblCOM_CA" VALUES ('CA-10007', '2015-12-10 00:00:00', NULL, NULL, NULL, NULL, NULL, NULL, NULL, 'Open', 'Open', NULL, NULL, 'gregori', '2015-12-10 11:04:40', 'gregori', '2015-12-10 11:04:40', NULL, NULL);
INSERT INTO "tblCOM_CA" VALUES ('CA-10008', '2015-12-10 00:00:00', NULL, NULL, NULL, NULL, NULL, NULL, NULL, 'Open', 'Open', NULL, NULL, 'gregori', '2015-12-10 11:06:05', 'gregori', '2015-12-10 11:06:05', NULL, NULL);
INSERT INTO "tblCOM_CA" VALUES ('CA-10009', '2015-12-10 00:00:00', 'gregori', NULL, '', '', NULL, NULL, 0.0000, 'Open', 'Open', 'KC', 'ACCTG', 'gregori', '2015-12-10 11:40:37', 'gregori', '2015-12-10 00:00:00', NULL, NULL);
INSERT INTO "tblCOM_CA" VALUES ('CA-10010', '2015-12-14 00:00:00', 'gregori', NULL, '', 'test', '2015-12-14 00:00:00', '2015-12-15 00:00:00', 529.0000, 'Open', 'Open', 'KC', 'ACCTG', 'gregori', '2015-12-14 00:46:15', 'gregori', '2015-12-14 00:46:47', NULL, NULL);
INSERT INTO "tblCOM_CA" VALUES ('CA-10011', '2015-12-15 00:00:00', NULL, NULL, NULL, NULL, NULL, NULL, NULL, 'Open', 'Open', NULL, NULL, 'gregori', '2015-12-15 13:18:16', 'gregori', '2015-12-15 13:18:16', NULL, NULL);
INSERT INTO "tblCOM_CA" VALUES ('CA-10012', '2015-12-15 00:00:00', 'gregori', NULL, '', 'sdada', '2015-12-15 00:00:00', '2015-12-16 00:00:00', 6425.0000, 'Approved', 'Approved', 'KC', 'ACCTG', 'gregori', '2015-12-15 13:24:07', 'gregori', '2015-12-15 14:29:37', NULL, NULL);
INSERT INTO "tblCOM_CA" VALUES ('CA-10013', '2016-01-18 00:00:00', NULL, NULL, NULL, NULL, NULL, NULL, NULL, 'Open', 'Open', NULL, NULL, 'gregori', '2016-01-18 21:59:47', 'gregori', '2016-01-18 21:59:47', NULL, NULL);
INSERT INTO "tblCOM_CA" VALUES ('CA-10014', '2016-01-19 00:00:00', NULL, NULL, NULL, NULL, NULL, NULL, NULL, 'Open', 'Open', NULL, NULL, 'gregori', '2016-01-19 22:35:15', 'gregori', '2016-01-19 22:35:15', NULL, NULL);
INSERT INTO "tblCOM_CA" VALUES ('CA-10015', '2016-01-19 00:00:00', NULL, NULL, NULL, NULL, NULL, NULL, NULL, 'Open', 'Open', NULL, NULL, 'gregori', '2016-01-19 22:42:34', 'gregori', '2016-01-19 22:42:34', NULL, NULL);
INSERT INTO "tblCOM_CA" VALUES ('CA-10016', '2016-01-20 00:00:00', NULL, NULL, NULL, NULL, NULL, NULL, NULL, 'Open', 'Open', NULL, NULL, 'gregori', '2016-01-20 00:29:07', 'gregori', '2016-01-20 00:29:07', NULL, NULL);
INSERT INTO "tblCOM_CA" VALUES ('CA-10017', '2016-01-20 00:00:00', NULL, NULL, NULL, NULL, NULL, NULL, NULL, 'Open', 'Open', NULL, NULL, 'gregori', '2016-01-20 00:54:02', 'gregori', '2016-01-20 00:54:02', NULL, NULL);
INSERT INTO "tblCOM_CA" VALUES ('CA-10018', '2016-01-20 00:00:00', NULL, NULL, NULL, NULL, NULL, NULL, NULL, 'Open', 'Open', NULL, NULL, 'gregori', '2016-01-20 01:03:27', 'gregori', '2016-01-20 01:03:27', NULL, NULL);
INSERT INTO "tblCOM_CA" VALUES ('CA-10019', '2016-01-20 00:00:00', NULL, NULL, NULL, NULL, NULL, NULL, NULL, 'Open', 'Open', NULL, NULL, 'gregori', '2016-01-20 01:06:39', 'gregori', '2016-01-20 01:06:39', NULL, NULL);
INSERT INTO "tblCOM_CA" VALUES ('CA-10020', '2016-01-20 00:00:00', NULL, NULL, NULL, NULL, NULL, NULL, NULL, 'Open', 'Open', NULL, NULL, 'gregori', '2016-01-20 01:19:20', 'gregori', '2016-01-20 01:19:20', NULL, NULL);
INSERT INTO "tblCOM_CA" VALUES ('CA-10021', '2016-01-20 00:00:00', NULL, NULL, NULL, NULL, NULL, NULL, NULL, 'Open', 'Open', NULL, NULL, 'gregori', '2016-01-20 01:19:52', 'gregori', '2016-01-20 01:19:52', NULL, NULL);
INSERT INTO "tblCOM_CA" VALUES ('CA-10022', '2016-01-20 00:00:00', NULL, NULL, NULL, NULL, NULL, NULL, NULL, 'Open', 'Open', NULL, NULL, 'gregori', '2016-01-20 01:23:14', 'gregori', '2016-01-20 01:23:14', NULL, NULL);
INSERT INTO "tblCOM_CA" VALUES ('CA-10023', '2016-01-20 00:00:00', NULL, NULL, NULL, NULL, NULL, NULL, NULL, 'Open', 'Open', NULL, NULL, 'gregori', '2016-01-20 22:19:27', 'gregori', '2016-01-20 22:19:27', NULL, NULL);
INSERT INTO "tblCOM_CA" VALUES ('CA-10024', '2016-01-20 00:00:00', NULL, NULL, NULL, NULL, NULL, NULL, NULL, 'Open', 'Open', NULL, NULL, 'gregori', '2016-01-20 22:34:13', 'gregori', '2016-01-20 22:34:13', NULL, NULL);
INSERT INTO "tblCOM_CA" VALUES ('CA-10025', '2016-01-20 00:00:00', 'gregori', NULL, '', '', '2016-01-26 00:00:00', '2016-01-29 00:00:00', 0.0000, 'Open', 'Open', 'KC', 'SMMM', 'gregori', '2016-01-20 22:34:31', 'gregori', '2016-01-20 00:00:00', NULL, NULL);
INSERT INTO "tblCOM_CA" VALUES ('CA-10026', '2016-01-20 00:00:00', NULL, NULL, NULL, NULL, NULL, NULL, NULL, 'Open', 'Open', NULL, NULL, 'gregori', '2016-01-20 22:49:17', 'gregori', '2016-01-20 22:49:17', NULL, NULL);
INSERT INTO "tblCOM_CA" VALUES ('CA-10027', '2016-01-20 00:00:00', NULL, NULL, NULL, NULL, NULL, NULL, NULL, 'Open', 'Open', NULL, NULL, 'gregori', '2016-01-20 22:49:50', 'gregori', '2016-01-20 22:49:50', NULL, NULL);
INSERT INTO "tblCOM_CA" VALUES ('CA-10028', '2016-01-20 00:00:00', NULL, NULL, NULL, NULL, NULL, NULL, NULL, 'Open', 'Open', NULL, NULL, 'gregori', '2016-01-20 22:56:40', 'gregori', '2016-01-20 22:56:40', NULL, NULL);
INSERT INTO "tblCOM_CA" VALUES ('CA-10029', '2016-01-20 00:00:00', '', NULL, '', '', NULL, NULL, 0.0000, 'Open', 'Open', 'GWOF', 'PLD', 'gregori', '2016-01-20 22:58:11', 'gregori', '2016-01-20 00:00:00', NULL, NULL);
INSERT INTO "tblCOM_CA" VALUES ('CA-10030', '2016-01-20 00:00:00', NULL, NULL, NULL, NULL, NULL, NULL, NULL, 'Open', 'Open', NULL, NULL, 'gregori', '2016-01-20 23:12:13', 'gregori', '2016-01-20 23:12:13', NULL, NULL);
INSERT INTO "tblCOM_CA" VALUES ('CA-10031', '2016-01-20 00:00:00', 'gregori', NULL, '', 'testtt', '2016-01-21 00:00:00', '2016-01-22 00:00:00', 1156.0000, 'Open', 'Open', 'GWOF', 'PLD', 'gregori', '2016-01-20 23:13:00', 'gregori', '2016-01-20 00:00:00', NULL, NULL);
INSERT INTO "tblCOM_CA" VALUES ('CA-10032', '2016-01-20 00:00:00', NULL, NULL, NULL, NULL, NULL, NULL, NULL, 'Open', 'Open', NULL, NULL, 'gregori', '2016-01-20 23:22:22', 'gregori', '2016-01-20 23:22:22', NULL, NULL);
INSERT INTO "tblCOM_CA" VALUES ('CA-10033', '2016-01-20 00:00:00', NULL, NULL, NULL, NULL, NULL, NULL, NULL, 'Open', 'Open', NULL, NULL, 'gregori', '2016-01-20 23:37:07', 'gregori', '2016-01-20 23:37:07', NULL, NULL);
INSERT INTO "tblCOM_CA" VALUES ('CA-10034', '2016-01-27 00:00:00', NULL, NULL, NULL, NULL, NULL, NULL, NULL, 'Open', 'Open', NULL, NULL, 'gregori', '2016-01-27 22:23:38', 'gregori', '2016-01-27 22:23:38', NULL, NULL);
INSERT INTO "tblCOM_CA" VALUES ('CA-10035', '2016-02-06 00:00:00', NULL, NULL, NULL, NULL, NULL, NULL, NULL, 'Open', 'Open', NULL, NULL, 'gregori', '2016-02-06 00:47:00', 'gregori', '2016-02-06 00:47:00', NULL, NULL);


--
-- Data for Name: tblCOM_CADetail; Type: TABLE DATA; Schema: public; Owner: postgres
--

INSERT INTO "tblCOM_CADetail" VALUES ('CA-10002', 1, '23', 23.0000, 23.0000, 529.0000, 'gregori', '2015-12-08 15:56:36', 'gregori', '2015-12-08 15:56:36');
INSERT INTO "tblCOM_CADetail" VALUES ('CA-10005', 2, 'ada', 23.0000, 23.0000, 529.0000, 'gregori', '2015-12-10 10:40:14', 'gregori', '2015-12-10 10:40:14');
INSERT INTO "tblCOM_CADetail" VALUES ('CA-10010', 3, 'sda', 23.0000, 23.0000, 529.0000, 'gregori', '2015-12-14 00:46:31', 'gregori', '2015-12-14 00:46:31');
INSERT INTO "tblCOM_CADetail" VALUES ('CA-10012', 4, 'sadadsd', 33.0000, 33.0000, 1089.0000, 'gregori', '2015-12-15 13:24:29', 'gregori', '2015-12-15 13:24:29');
INSERT INTO "tblCOM_CADetail" VALUES ('CA-10012', 5, 'sadsa', 23.0000, 232.0000, 5336.0000, 'gregori', '2015-12-15 13:24:29', 'gregori', '2015-12-15 13:24:29');
INSERT INTO "tblCOM_CADetail" VALUES ('CA-10031', 6, '', 34.0000, 34.0000, 1156.0000, 'gregori', '2016-01-20 23:13:42', 'gregori', '2016-01-20 23:13:42');


--
-- Name: tblCOM_CADetail_CAD_LineNo_seq; Type: SEQUENCE SET; Schema: public; Owner: postgres
--

SELECT pg_catalog.setval('"tblCOM_CADetail_CAD_LineNo_seq"', 6, true);


--
-- Data for Name: tblCOM_CALiquidation; Type: TABLE DATA; Schema: public; Owner: postgres
--



--
-- Name: tblCOM_CALiquidation_CAL_LineNo_seq; Type: SEQUENCE SET; Schema: public; Owner: postgres
--

SELECT pg_catalog.setval('"tblCOM_CALiquidation_CAL_LineNo_seq"', 1, false);


--
-- Data for Name: tblCOM_CPCenter; Type: TABLE DATA; Schema: public; Owner: postgres
--

INSERT INTO "tblCOM_CPCenter" VALUES ('CPC-SMMM', 'SM -Megamall', '2', 'gregori', '2015-09-10 01:07:08', 'gregori', '2015-09-30 15:28:06', B'1', NULL);
INSERT INTO "tblCOM_CPCenter" VALUES ('CPC-ACCTG', 'Accounting', '1', NULL, NULL, NULL, NULL, B'1', NULL);
INSERT INTO "tblCOM_CPCenter" VALUES ('CPC-PLD', 'PLD', '1', NULL, NULL, NULL, NULL, B'1', NULL);
INSERT INTO "tblCOM_CPCenter" VALUES ('CPC-123456', '123456', '2', 'gregori', '2016-01-20 00:00:07', 'gregori', '2016-01-20 00:00:07', B'1', NULL);


--
-- Data for Name: tblCOM_Company; Type: TABLE DATA; Schema: public; Owner: postgres
--

INSERT INTO "tblCOM_Company" VALUES ('GWOF', 'GWOF', 'Address 1', 'Phone No 1', 'Fax No 1', 'Business Type 1', 'Tin No. 1', '2015-01-01 00:00:00', '2015-12-31 00:00:00', 'PhilHealth No 1', 'Pag-ibig No. 1', 'Email 1', 'Web Site 1', NULL, NULL, NULL, NULL, NULL, NULL, NULL, NULL, NULL, NULL, NULL, NULL, 'gregori', '2015-11-03 11:15:03', 'gregori', '2015-11-09 17:41:11', B'1', 'SSS 1', 116, NULL, 'Approved', '[]', NULL);
INSERT INTO "tblCOM_Company" VALUES ('VA', 'VAC', 'Address 4', 'Phone No 4', 'Fax No 4', 'Business Type 4', 'Tin No. 4', '2015-01-01 00:00:00', '2015-12-31 00:00:00', 'PhilHealth No 4', 'Pag-ibig No. 4', 'Email 4', 'Web Site 4', NULL, NULL, NULL, NULL, NULL, NULL, NULL, NULL, NULL, NULL, NULL, NULL, NULL, NULL, NULL, NULL, B'1', 'SSS 4', 116, NULL, 'Approved', '[]', NULL);
INSERT INTO "tblCOM_Company" VALUES ('PA', 'PACO', 'Address 3', 'Phone No 3', 'Fax No 3', 'Business Type 3', 'Tin No. 3', '2015-01-01 00:00:00', '2015-12-31 00:00:00', 'PhilHealth No 3', 'Pag-ibig No. 3', 'Email 3', 'Web Site 3', NULL, NULL, NULL, NULL, NULL, NULL, NULL, NULL, NULL, NULL, NULL, NULL, NULL, NULL, NULL, NULL, B'1', 'SSS 3', 116, NULL, 'Approved', '[]', NULL);
INSERT INTO "tblCOM_Company" VALUES ('KC', 'KC', 'Address 2', 'Phone No 2', 'Fax No 2', 'Business Type 2', 'Tin No. 2', '2015-01-01 00:00:00', '2015-12-31 00:00:00', 'PhilHealth No 2', 'Pag-ibig No. 2', 'Email 2', 'Web Site 2', NULL, NULL, NULL, NULL, NULL, NULL, NULL, NULL, NULL, NULL, NULL, NULL, 'gregori', '2015-09-10 01:03:05', 'gregori', '2015-10-15 23:25:13', B'1', 'SSS 2', 116, NULL, 'Approved', '[]', '2015-11-30');


--
-- Data for Name: tblCOM_CompanyAccess; Type: TABLE DATA; Schema: public; Owner: postgres
--

INSERT INTO "tblCOM_CompanyAccess" VALUES ('testuser2', 'ACCTG', 'gregori', '2015-10-05 14:16:45', 'gregori', '2015-10-05 14:16:45', NULL, NULL);
INSERT INTO "tblCOM_CompanyAccess" VALUES ('testuser3', 'ACCTG', 'gregori', '2015-10-02 16:08:29', 'gregori', '2015-10-02 16:08:29', NULL, NULL);
INSERT INTO "tblCOM_CompanyAccess" VALUES ('testuser4', 'ACCTG', 'gregori', '2015-10-05 14:18:24', 'gregori', '2015-10-05 14:18:24', NULL, NULL);
INSERT INTO "tblCOM_CompanyAccess" VALUES ('asdadadas', 'ACCTG', 'gregori', '2015-10-26 17:35:59', 'gregori', '2015-10-26 17:35:59', NULL, B'0');
INSERT INTO "tblCOM_CompanyAccess" VALUES ('testuser2', 'PLD', 'gregori', '2015-10-05 14:16:45', 'gregori', '2015-10-05 14:16:45', NULL, NULL);
INSERT INTO "tblCOM_CompanyAccess" VALUES ('testuser3', 'PLD', 'gregori', '2015-10-02 16:08:29', 'gregori', '2015-10-02 16:08:29', NULL, NULL);
INSERT INTO "tblCOM_CompanyAccess" VALUES ('testuser4', 'PLD', 'gregori', '2015-10-05 14:18:24', 'gregori', '2015-10-05 14:18:24', NULL, NULL);
INSERT INTO "tblCOM_CompanyAccess" VALUES ('testuser1', 'ACCTG', 'gregori', '2015-11-11 02:42:32', 'gregori', '2015-11-11 02:42:32', NULL, B'1');
INSERT INTO "tblCOM_CompanyAccess" VALUES ('testuser1', 'PLD', 'testuser1', '2015-12-08 10:22:49', 'testuser1', '2015-12-08 10:22:49', NULL, B'0');
INSERT INTO "tblCOM_CompanyAccess" VALUES ('testuser1', 'SMMM', 'testuser1', '2016-01-15 18:23:58', 'testuser1', '2016-01-15 18:23:58', NULL, B'0');
INSERT INTO "tblCOM_CompanyAccess" VALUES ('testuser1', 'SMMM-1', 'testuser1', '2016-01-15 18:23:58', 'testuser1', '2016-01-15 18:23:58', NULL, B'0');
INSERT INTO "tblCOM_CompanyAccess" VALUES ('testuser1', '123456', 'testuser1', '2016-01-15 18:23:58', 'testuser1', '2016-01-15 18:23:58', NULL, B'0');
INSERT INTO "tblCOM_CompanyAccess" VALUES ('gregori', 'SMMM', 'gregori', '2016-01-12 14:19:02', 'gregori', '2016-01-12 14:19:02', NULL, B'1');
INSERT INTO "tblCOM_CompanyAccess" VALUES ('gregori', 'ACCTG', 'gregori', '2015-09-23 18:05:45', 'gregori', '2015-09-23 18:05:45', NULL, B'0');
INSERT INTO "tblCOM_CompanyAccess" VALUES ('gregori', 'PLD', 'gregori', '2016-01-25 18:58:51', 'gregori', '2016-01-25 18:58:51', NULL, B'0');
INSERT INTO "tblCOM_CompanyAccess" VALUES ('dinamapatac', 'PLD', 'dinamapatac', '2016-01-24 21:50:03', 'dinamapatac', '2016-01-24 21:50:03', NULL, B'1');
INSERT INTO "tblCOM_CompanyAccess" VALUES ('dinamapatac', 'SMMM', 'dinamapatac', '2016-01-25 19:10:23', 'dinamapatac', '2016-01-25 19:10:23', NULL, B'0');


--
-- Data for Name: tblCOM_CustomerLedger; Type: TABLE DATA; Schema: public; Owner: postgres
--



--
-- Name: tblCOM_CustomerLedger_CL_EntryNo_seq; Type: SEQUENCE SET; Schema: public; Owner: postgres
--

SELECT pg_catalog.setval('"tblCOM_CustomerLedger_CL_EntryNo_seq"', 12, true);


--
-- Data for Name: tblCOM_DepartmentClass; Type: TABLE DATA; Schema: public; Owner: postgres
--

INSERT INTO "tblCOM_DepartmentClass" VALUES ('ACC', 'Accounting', B'1', 'gregori', '2015-09-16 17:54:23', 'gregori', '2015-09-28 16:53:20');


--
-- Data for Name: tblCOM_DepartmentSetup; Type: TABLE DATA; Schema: public; Owner: postgres
--

INSERT INTO "tblCOM_DepartmentSetup" VALUES ('ACC', '1001');


--
-- Data for Name: tblCOM_DocTracking; Type: TABLE DATA; Schema: public; Owner: postgres
--

INSERT INTO "tblCOM_DocTracking" VALUES ('RP', 'RP-100101', '2015-11-11 00:00:00', 'gregori', '2002', 'Skipped', NULL, 'ACCTG', '2015-11-11 03:45:27', 'gregori', '2015-11-11 03:48:30', 362, B'0', 'http://localhost:90/wof/app/financial-management/request-payment/view?id=879e22c47538f2c8ca3aabb6467bf19d', B'0', 0.0000, NULL, B'0');
INSERT INTO "tblCOM_DocTracking" VALUES ('RP', 'RP-100101', '2015-11-11 00:00:00', 'gregori', '2001', 'Skipped', NULL, 'ACCTG', '2015-11-11 03:45:27', 'gregori', '2015-11-11 03:48:30', 363, B'0', 'http://localhost:90/wof/app/financial-management/request-payment/view?id=879e22c47538f2c8ca3aabb6467bf19d', B'0', 0.0000, NULL, B'0');
INSERT INTO "tblCOM_DocTracking" VALUES ('RP', 'RP-100101', '2015-11-11 00:00:00', 'gregori', '3001', 'Skipped', NULL, 'ACCTG', '2015-11-11 03:45:27', 'gregori', '2015-11-11 03:48:30', 364, B'0', 'http://localhost:90/wof/app/financial-management/request-payment/view?id=879e22c47538f2c8ca3aabb6467bf19d', B'0', 0.0000, NULL, B'0');
INSERT INTO "tblCOM_DocTracking" VALUES ('RQ', 'RQ-100160-48', '2016-01-06 09:21:32', 'gregori', '2002', 'Approved', NULL, 'PLD', '2016-01-06 09:27:13', 'testuser1', '2016-01-06 09:41:13', 485, B'0', 'http://localhost:90/wof/app/financial-management/requisition/view?id=326ef8edec61634bbb337d330282bb04', B'0', 0.0000, NULL, B'0');
INSERT INTO "tblCOM_DocTracking" VALUES ('RQ', 'RQ-100158-40', '2016-01-06 06:03:03', 'gregori', '', 'Re Opened', NULL, 'PLD', '2016-01-06 06:39:12', '', '2016-01-06 09:50:56', 492, B'0', '', B'0', 0.0000, 'fghjk', NULL);
INSERT INTO "tblCOM_DocTracking" VALUES ('RQ', 'RQ-100157-37', '2016-01-06 05:23:11', 'gregori', '2002', 'Approved', NULL, 'PLD', '2016-01-06 05:23:31', 'testuser1', '2016-01-06 05:41:15', 476, B'0', 'http://localhost:90/wof/app/financial-management/requisition/view?id=23f0e070329229e13ecda95a711e7022', B'0', 0.0000, NULL, B'0');
INSERT INTO "tblCOM_DocTracking" VALUES ('RQ', 'RQ-100157-36', '2016-01-06 05:23:11', 'gregori', '2002', 'Approved', NULL, 'PLD', '2016-01-06 05:23:31', 'testuser1', '2016-01-06 05:41:15', 477, B'0', 'http://localhost:90/wof/app/financial-management/requisition/view?id=23f0e070329229e13ecda95a711e7022', B'0', 0.0000, NULL, B'1');
INSERT INTO "tblCOM_DocTracking" VALUES ('RP', 'RP-100104', '2015-11-11 00:00:00', 'gregori', '2002', 'Approved', NULL, 'ACCTG', '2015-11-11 03:49:39', 'testuser1', '2015-11-11 05:07:47', 365, B'0', 'http://localhost:90/wof/app/financial-management/request-payment/view?id=27c8f2c3796acb27dc3919a2a4e17993', B'0', 0.0000, NULL, B'0');
INSERT INTO "tblCOM_DocTracking" VALUES ('RP', 'RP-100104', '2015-11-11 00:00:00', 'gregori', '2001', 'Skipped', NULL, 'ACCTG', '2015-11-11 03:49:39', 'gregori', '2015-11-11 05:09:36', 366, B'0', 'http://localhost:90/wof/app/financial-management/request-payment/view?id=27c8f2c3796acb27dc3919a2a4e17993', B'0', 0.0000, NULL, B'0');
INSERT INTO "tblCOM_DocTracking" VALUES ('RP', 'RP-100104', '2015-11-11 00:00:00', 'gregori', '3001', 'Skipped', NULL, 'ACCTG', '2015-11-11 03:49:39', 'gregori', '2015-11-11 05:09:36', 367, B'0', 'http://localhost:90/wof/app/financial-management/request-payment/view?id=27c8f2c3796acb27dc3919a2a4e17993', B'0', 0.0000, NULL, B'0');
INSERT INTO "tblCOM_DocTracking" VALUES ('RQ', 'RQ-100158-42', '2016-01-06 06:03:03', 'gregori', '', 'Re Opened', NULL, 'PLD', '2016-01-06 06:03:22', '', '2016-01-06 09:50:56', 493, B'0', '', B'0', 0.0000, 'fghjk', NULL);
INSERT INTO "tblCOM_DocTracking" VALUES ('RQ', 'RQ-100158-39', '2016-01-06 06:03:03', 'gregori', '2002', 'Approved', NULL, 'PLD', '2016-01-06 06:03:22', 'testuser1', '2016-01-06 06:06:49', 480, B'0', 'http://localhost:90/wof/app/financial-management/requisition/view?id=0c65a1e6d681cb964888816c096640e9', B'0', 0.0000, NULL, B'1');
INSERT INTO "tblCOM_DocTracking" VALUES ('RQ', 'RQ-100158-42', '2016-01-06 06:03:03', 'gregori', '2002', 'Approved', NULL, 'PLD', '2016-01-06 06:03:22', 'testuser1', '2016-01-06 06:06:49', 478, B'0', 'http://localhost:90/wof/app/financial-management/requisition/view?id=0c65a1e6d681cb964888816c096640e9', B'0', 0.0000, NULL, B'0');
INSERT INTO "tblCOM_DocTracking" VALUES ('RQ', 'RQ-100158-41', '2016-01-06 06:03:03', 'gregori', '2002', 'Approved', NULL, 'PLD', '2016-01-06 06:03:22', 'testuser1', '2016-01-06 06:06:49', 479, B'0', 'http://localhost:90/wof/app/financial-management/requisition/view?id=0c65a1e6d681cb964888816c096640e9', B'0', 0.0000, NULL, B'0');
INSERT INTO "tblCOM_DocTracking" VALUES ('RQ', 'RQ-100158-40', '2016-01-06 06:03:03', 'gregori', '2002', 'Approved', NULL, 'PLD', '2016-01-06 06:39:12', 'testuser1', '2016-01-06 06:39:44', 481, B'0', 'http://localhost:90/wof/app/financial-management/requisition/view?id=0c65a1e6d681cb964888816c096640e9', B'0', 0.0000, NULL, B'0');
INSERT INTO "tblCOM_DocTracking" VALUES ('RQ', 'RQ-100160-47', '2016-01-06 09:21:32', 'gregori', '2002', 'Skipped', NULL, 'PLD', '2016-01-06 09:25:27', 'gregori', '2016-01-06 09:26:40', 482, B'0', 'http://localhost:90/wof/app/financial-management/requisition/view?id=326ef8edec61634bbb337d330282bb04', B'0', 0.0000, NULL, B'0');
INSERT INTO "tblCOM_DocTracking" VALUES ('RQ', 'RQ-100160-48', '2016-01-06 09:21:32', 'gregori', '2002', 'Skipped', NULL, 'PLD', '2016-01-06 09:25:27', 'gregori', '2016-01-06 09:26:40', 483, B'0', 'http://localhost:90/wof/app/financial-management/requisition/view?id=326ef8edec61634bbb337d330282bb04', B'0', 0.0000, NULL, B'0');
INSERT INTO "tblCOM_DocTracking" VALUES ('RQ', 'RQ-100158-41', '2016-01-06 06:03:03', 'gregori', '', 'Re Opened', NULL, 'PLD', '2016-01-06 06:03:22', '', '2016-01-06 09:50:56', 494, B'0', '', B'0', 0.0000, 'fghjk', NULL);
INSERT INTO "tblCOM_DocTracking" VALUES ('RQ', 'RQ-100160-47', '2016-01-06 09:21:32', 'gregori', '2002', 'Approved', NULL, 'PLD', '2016-01-06 09:27:13', 'testuser1', '2016-01-06 09:41:12', 484, B'0', 'http://localhost:90/wof/app/financial-management/requisition/view?id=326ef8edec61634bbb337d330282bb04', B'0', 0.0000, NULL, B'0');
INSERT INTO "tblCOM_DocTracking" VALUES ('RQ', 'RQ-100158-39', '2016-01-06 06:03:03', 'gregori', '', 'Re Opened', NULL, 'PLD', '2016-01-06 06:03:22', '', '2016-01-06 09:50:56', 495, B'0', '', B'0', 0.0000, 'fghjk', NULL);
INSERT INTO "tblCOM_DocTracking" VALUES ('RQ', 'RQ-100161-49', '2016-01-06 09:44:49', 'gregori', '2002', 'Approved', NULL, 'PLD', '2016-01-06 09:45:08', 'testuser1', '2016-01-06 09:45:54', 487, B'0', 'http://localhost:90/wof/app/financial-management/requisition/view?id=e52af9320aca441a8a611b57efe08ab2', B'0', 0.0000, NULL, B'1');
INSERT INTO "tblCOM_DocTracking" VALUES ('RQ', 'RQ-100158-40', '2016-01-06 06:03:03', 'gregori', '', 'Re Opened', NULL, 'PLD', '2016-01-06 06:39:12', '', '2016-01-06 09:50:06', 488, B'0', '', B'0', 0.0000, 'sadfgh', NULL);
INSERT INTO "tblCOM_DocTracking" VALUES ('RQ', 'RQ-100158-42', '2016-01-06 06:03:03', 'gregori', '', 'Re Opened', NULL, 'PLD', '2016-01-06 06:03:22', '', '2016-01-06 09:50:06', 489, B'0', '', B'0', 0.0000, 'sadfgh', NULL);
INSERT INTO "tblCOM_DocTracking" VALUES ('RQ', 'RQ-100158-41', '2016-01-06 06:03:03', 'gregori', '', 'Re Opened', NULL, 'PLD', '2016-01-06 06:03:22', '', '2016-01-06 09:50:06', 490, B'0', '', B'0', 0.0000, 'sadfgh', NULL);
INSERT INTO "tblCOM_DocTracking" VALUES ('RQ', 'RQ-100158-39', '2016-01-06 06:03:03', 'gregori', '', 'Re Opened', NULL, 'PLD', '2016-01-06 06:03:22', '', '2016-01-06 09:50:06', 491, B'0', '', B'0', 0.0000, 'sadfgh', NULL);
INSERT INTO "tblCOM_DocTracking" VALUES ('RQ', 'RQ-100162-50', '2016-01-06 16:46:41', 'gregori', '2002', 'Approved', NULL, 'PLD', '2016-01-06 16:47:03', 'testuser1', '2016-01-06 16:50:19', 497, B'0', 'http://localhost:90/wof/app/financial-management/requisition/view?id=aae9fe30ac4a1a68bfd1c7ff1022de71', B'0', 0.0000, NULL, B'0');
INSERT INTO "tblCOM_DocTracking" VALUES ('RQ', 'RQ-100162-51', '2016-01-06 16:46:41', 'gregori', '2002', 'Approved', NULL, 'PLD', '2016-01-06 16:47:03', 'testuser1', '2016-01-06 16:50:43', 498, B'0', 'http://localhost:90/wof/app/financial-management/requisition/view?id=aae9fe30ac4a1a68bfd1c7ff1022de71', B'0', 0.0000, NULL, B'1');
INSERT INTO "tblCOM_DocTracking" VALUES ('RQ', 'RQ-100162-52', '2016-01-06 16:46:41', 'gregori', '2002', 'Approved', NULL, 'PLD', '2016-01-06 16:47:03', 'testuser1', '2016-01-06 16:50:19', 496, B'0', 'http://localhost:90/wof/app/financial-management/requisition/view?id=aae9fe30ac4a1a68bfd1c7ff1022de71', B'0', 0.0000, NULL, B'0');
INSERT INTO "tblCOM_DocTracking" VALUES ('RQ', 'RQ-100162-52', '2016-01-06 16:46:41', 'gregori', '', 'Re Opened', NULL, 'PLD', '2016-01-06 16:47:03', '', '2016-01-07 10:15:51', 499, B'0', '', B'0', 0.0000, 'test', NULL);
INSERT INTO "tblCOM_DocTracking" VALUES ('RQ', 'RQ-100162-50', '2016-01-06 16:46:41', 'gregori', '', 'Re Opened', NULL, 'PLD', '2016-01-06 16:47:03', '', '2016-01-07 10:15:51', 500, B'0', '', B'0', 0.0000, 'test', NULL);
INSERT INTO "tblCOM_DocTracking" VALUES ('RQ', 'RQ-100162-51', '2016-01-06 16:46:41', 'gregori', '', 'Re Opened', NULL, 'PLD', '2016-01-06 16:47:03', '', '2016-01-07 10:15:51', 501, B'0', '', B'0', 0.0000, 'test', NULL);
INSERT INTO "tblCOM_DocTracking" VALUES ('RQ', 'RQ-100162-52', '2016-01-06 16:46:41', 'gregori', '2002', 'Rejected', NULL, 'PLD', '2016-01-07 10:19:11', 'testuser1', '2016-01-07 10:27:52', 502, B'0', 'http://localhost/wof/app/financial-management/requisition/view?id=aae9fe30ac4a1a68bfd1c7ff1022de71', B'0', 0.0000, 'test', B'0');
INSERT INTO "tblCOM_DocTracking" VALUES ('RQ', 'RQ-100162-50', '2016-01-06 16:46:41', 'gregori', '2002', 'Rejected', NULL, 'PLD', '2016-01-07 10:19:11', 'testuser1', '2016-01-07 10:27:52', 503, B'0', 'http://localhost/wof/app/financial-management/requisition/view?id=aae9fe30ac4a1a68bfd1c7ff1022de71', B'0', 0.0000, 'test', B'0');
INSERT INTO "tblCOM_DocTracking" VALUES ('RQ', 'RQ-100162-51', '2016-01-06 16:46:41', 'gregori', '2002', 'Rejected', NULL, 'PLD', '2016-01-07 10:19:11', 'testuser1', '2016-01-07 10:27:52', 504, B'0', 'http://localhost/wof/app/financial-management/requisition/view?id=aae9fe30ac4a1a68bfd1c7ff1022de71', B'0', 0.0000, 'test', B'1');
INSERT INTO "tblCOM_DocTracking" VALUES ('RQ', 'RQ-100160-46', '2016-01-06 09:21:32', 'gregori', '2002', 'Pending', NULL, 'PLD', '2016-01-06 09:27:13', NULL, NULL, 486, B'0', 'http://localhost:90/wof/app/financial-management/requisition/view?id=326ef8edec61634bbb337d330282bb04', B'0', 0.0000, NULL, B'1');
INSERT INTO "tblCOM_DocTracking" VALUES ('RQ', 'RQ-100162-52', '2016-01-06 16:46:41', 'gregori', '2002', 'Rejected', NULL, 'PLD', '2016-01-07 10:28:26', 'testuser1', '2016-01-07 10:28:44', 505, B'0', 'http://localhost/wof/app/financial-management/requisition/view?id=aae9fe30ac4a1a68bfd1c7ff1022de71', B'0', 0.0000, 'test', B'0');
INSERT INTO "tblCOM_DocTracking" VALUES ('POL', 'POL-1000010', '2016-01-24 17:32:30', 'gregori', '', 'Re Opened', NULL, '', '2016-01-24 17:46:28', '', '2016-01-24 17:48:02', 540, B'0', '', B'0', 0.0000, 'test', NULL);
INSERT INTO "tblCOM_DocTracking" VALUES ('RQ', 'RQ-100162-50', '2016-01-06 16:46:41', 'gregori', '2002', 'Rejected', NULL, 'PLD', '2016-01-07 10:28:26', 'testuser1', '2016-01-07 10:28:44', 506, B'0', 'http://localhost/wof/app/financial-management/requisition/view?id=aae9fe30ac4a1a68bfd1c7ff1022de71', B'0', 0.0000, 'test', B'0');
INSERT INTO "tblCOM_DocTracking" VALUES ('RQ', 'RQ-100162-51', '2016-01-06 16:46:41', 'gregori', '2002', 'Rejected', NULL, 'PLD', '2016-01-07 10:28:26', 'testuser1', '2016-01-07 10:28:44', 507, B'0', 'http://localhost/wof/app/financial-management/requisition/view?id=aae9fe30ac4a1a68bfd1c7ff1022de71', B'0', 0.0000, 'test', B'0');
INSERT INTO "tblCOM_DocTracking" VALUES ('PO', 'PO-100084', '2016-01-07 00:00:00', 'gregori', '2002', 'Approved', NULL, '', '2016-01-07 18:49:32', 'testuser1', '2016-01-07 18:52:17', 524, B'0', 'http://localhost/wof/app/purchasing/purchase-order/view?id=492dcb399334273e335263bd39e29a03', B'0', 0.0000, NULL, B'1');
INSERT INTO "tblCOM_DocTracking" VALUES ('RQ', 'RQ-100164-55', '2016-01-07 16:06:37', 'gregori', '2002', 'Approved', NULL, 'ACCTG', '2016-01-07 17:07:59', 'testuser1', '2016-01-07 18:15:07', 521, B'0', 'http://localhost/wof/app/financial-management/requisition/view?id=228d7e1f8804f15a3378c4b532bc017c&refFrom=true', B'0', 0.0000, NULL, B'0');
INSERT INTO "tblCOM_DocTracking" VALUES ('RQ', 'RQ-100164-54', '2016-01-07 16:06:37', 'gregori', '2002', 'Approved', NULL, 'PLD', '2016-01-07 17:07:59', 'testuser1', '2016-01-07 18:15:07', 522, B'0', 'http://localhost/wof/app/financial-management/requisition/view?id=228d7e1f8804f15a3378c4b532bc017c&refFrom=true', B'0', 0.0000, NULL, B'1');
INSERT INTO "tblCOM_DocTracking" VALUES ('RQ', 'RQ-100162-52', '2016-01-06 16:46:41', 'gregori', '2002', 'Rejected', NULL, 'PLD', '2016-01-07 11:02:02', 'testuser1', '2016-01-07 12:47:06', 508, B'0', 'http://localhost/wof/app/financial-management/requisition/view?id=aae9fe30ac4a1a68bfd1c7ff1022de71', B'0', 0.0000, 'tae', B'0');
INSERT INTO "tblCOM_DocTracking" VALUES ('RQ', 'RQ-100162-50', '2016-01-06 16:46:41', 'gregori', '2002', 'Rejected', NULL, 'PLD', '2016-01-07 11:02:02', 'testuser1', '2016-01-07 12:47:06', 509, B'0', 'http://localhost/wof/app/financial-management/requisition/view?id=aae9fe30ac4a1a68bfd1c7ff1022de71', B'0', 0.0000, 'tae', B'0');
INSERT INTO "tblCOM_DocTracking" VALUES ('RQ', 'RQ-100162-51', '2016-01-06 16:46:41', 'gregori', '2002', 'Rejected', NULL, 'PLD', '2016-01-07 11:27:25', 'testuser1', '2016-01-07 12:47:06', 510, B'0', 'http://localhost/wof/app/financial-management/requisition/view?id=aae9fe30ac4a1a68bfd1c7ff1022de71&refFrom=true', B'0', 0.0000, 'tae', B'1');
INSERT INTO "tblCOM_DocTracking" VALUES ('RQ', 'RQ-100168-57', '2016-01-07 18:53:33', 'gregori', '2002', 'Approved', NULL, 'ACCTG', '2016-01-07 18:53:47', 'testuser1', '2016-01-07 18:54:07', 525, B'0', 'http://localhost/wof/app/financial-management/requisition/view?id=26c54833d45f9e496c22cfa2c2ee7f8a&refFrom=true', B'0', 0.0000, NULL, B'1');
INSERT INTO "tblCOM_DocTracking" VALUES ('RQ', 'RQ-100162-52', '2016-01-06 16:46:41', 'gregori', '2002', 'Approved', NULL, 'PLD', '2016-01-07 12:47:51', 'testuser1', '2016-01-07 18:35:22', 511, B'0', 'http://localhost/wof/app/financial-management/requisition/view?id=aae9fe30ac4a1a68bfd1c7ff1022de71&refFrom=true', B'0', 0.0000, NULL, B'0');
INSERT INTO "tblCOM_DocTracking" VALUES ('RQ', 'RQ-100163-53', '2016-01-07 14:02:20', 'gregori', '2002', 'Approved', NULL, 'PLD', '2016-01-07 14:02:34', 'testuser1', '2016-01-07 14:03:19', 514, B'0', 'http://localhost/wof/app/financial-management/requisition/view?id=09a86b16bcad003faf11a38f18e5163b&refFrom=true', B'0', 0.0000, NULL, B'1');
INSERT INTO "tblCOM_DocTracking" VALUES ('RQ', 'RQ-100162-50', '2016-01-06 16:46:41', 'gregori', '2002', 'Approved', NULL, 'PLD', '2016-01-07 12:47:52', 'testuser1', '2016-01-07 18:35:23', 512, B'0', 'http://localhost/wof/app/financial-management/requisition/view?id=aae9fe30ac4a1a68bfd1c7ff1022de71&refFrom=true', B'0', 0.0000, NULL, B'0');
INSERT INTO "tblCOM_DocTracking" VALUES ('RQ', 'RQ-100164-54', '2016-01-07 16:06:37', 'gregori', '2002', 'Approved', NULL, 'PLD', '2016-01-07 16:06:53', 'testuser1', '2016-01-07 16:07:37', 515, B'0', 'http://localhost/wof/app/financial-management/requisition/view?id=228d7e1f8804f15a3378c4b532bc017c&refFrom=true', B'0', 0.0000, NULL, B'0');
INSERT INTO "tblCOM_DocTracking" VALUES ('RQ', 'RQ-100164-55', '2016-01-07 16:06:37', 'gregori', '2002', 'Approved', NULL, 'ACCTG', '2016-01-07 16:06:53', 'testuser1', '2016-01-07 16:07:37', 516, B'0', 'http://localhost/wof/app/financial-management/requisition/view?id=228d7e1f8804f15a3378c4b532bc017c&refFrom=true', B'0', 0.0000, NULL, B'1');
INSERT INTO "tblCOM_DocTracking" VALUES ('RQ', 'RQ-100164-55', '2016-01-07 16:06:37', 'gregori', '', 'Re Opened', NULL, 'ACCTG', '2016-01-07 16:06:53', '', '2016-01-07 17:06:55', 517, B'0', '', B'0', 0.0000, 'testing', NULL);
INSERT INTO "tblCOM_DocTracking" VALUES ('RQ', 'RQ-100164-54', '2016-01-07 16:06:37', 'gregori', '', 'Re Opened', NULL, 'PLD', '2016-01-07 16:06:53', '', '2016-01-07 17:06:55', 518, B'0', '', B'0', 0.0000, 'testing', NULL);
INSERT INTO "tblCOM_DocTracking" VALUES ('RQ', 'RQ-100164-55', '2016-01-07 16:06:37', 'gregori', '', 'Re Opened', NULL, 'ACCTG', '2016-01-07 16:06:53', '', '2016-01-07 17:07:39', 519, B'0', '', B'0', 0.0000, 'testing', NULL);
INSERT INTO "tblCOM_DocTracking" VALUES ('RQ', 'RQ-100164-54', '2016-01-07 16:06:37', 'gregori', '', 'Re Opened', NULL, 'PLD', '2016-01-07 16:06:53', '', '2016-01-07 17:07:40', 520, B'0', '', B'0', 0.0000, 'testing', NULL);
INSERT INTO "tblCOM_DocTracking" VALUES ('RQ', 'RQ-100162-51', '2016-01-06 16:46:41', 'gregori', '2002', 'Approved', NULL, 'PLD', '2016-01-07 12:47:52', 'testuser1', '2016-01-07 18:35:23', 513, B'0', 'http://localhost/wof/app/financial-management/requisition/view?id=aae9fe30ac4a1a68bfd1c7ff1022de71&refFrom=true', B'0', 0.0000, NULL, B'1');
INSERT INTO "tblCOM_DocTracking" VALUES ('RQ', 'RQ-100167-56', '2016-01-07 18:38:09', 'gregori', '2002', 'Approved', NULL, 'ACCTG', '2016-01-07 18:38:25', 'testuser1', '2016-01-07 18:38:44', 523, B'0', 'http://localhost/wof/app/financial-management/requisition/view?id=f72ea9dfe3aab4767afcf4a4cc1be5f2&refFrom=true', B'0', 0.0000, NULL, B'1');
INSERT INTO "tblCOM_DocTracking" VALUES ('RQL', 'RQL-100043', '2016-01-12 00:00:00', 'gregori', '2002', 'Rejected', NULL, 'SMMM', '2016-01-15 18:18:34', 'testuser1', '2016-01-15 18:24:36', 530, B'0', 'http://localhost/wof/app/sales-operation/requisition-local/view?id=b1cfe26fa54816106e867e6c88422539', B'0', 0.0000, 'test', B'1');
INSERT INTO "tblCOM_DocTracking" VALUES ('PO', 'PO-100086', '2016-01-07 00:00:00', 'gregori', '2002', 'Approved', NULL, '', '2016-01-07 18:55:44', 'testuser1', '2016-01-07 18:56:10', 526, B'0', 'http://localhost/wof/app/purchasing/purchase-order/view?id=35da15f97f7eb9c6c8e59e9a76365f1d', B'0', 0.0000, NULL, B'1');
INSERT INTO "tblCOM_DocTracking" VALUES ('PO', 'PO-100086', '2016-01-07 00:00:00', 'gregori', '', 'Re Opened', NULL, '', '2016-01-07 18:55:44', '', '2016-01-07 19:20:43', 527, B'0', '', B'0', 0.0000, 'test', NULL);
INSERT INTO "tblCOM_DocTracking" VALUES ('RQL', 'RQL-100047', '2016-01-15 00:00:00', 'gregori', '2002', 'Revised', NULL, 'SMMM', '2016-01-15 18:10:09', 'gregori', '2016-01-15 18:10:18', 528, B'0', 'http://localhost/wof/app/sales-operation/requisition-local/view?id=4de23d2903c715c93b5f679a51af58df', B'0', 0.0000, NULL, B'0');
INSERT INTO "tblCOM_DocTracking" VALUES ('RQL', 'RQL-100045', '2016-01-15 00:00:00', 'gregori', '2002', 'Approved', NULL, 'SMMM', '2016-01-15 18:11:45', 'testuser1', '2016-01-15 18:25:03', 529, B'0', 'http://localhost/wof/app/sales-operation/requisition-local/view?id=c8f67d67ca4bef3072354f3a322bfc91', B'0', 0.0000, NULL, B'1');
INSERT INTO "tblCOM_DocTracking" VALUES ('RQL', 'RQL-100045', '2016-01-15 00:00:00', 'gregori', '', 'Re Opened', NULL, 'SMMM', '2016-01-15 18:11:45', '', '2016-01-15 18:25:31', 531, B'0', '', B'0', 0.0000, 'test', NULL);
INSERT INTO "tblCOM_DocTracking" VALUES ('IRJ', 'IRJ-100009', '2016-01-18 00:00:00', 'gregori', '2002', 'Approved', NULL, 'SMMM', '2016-01-18 15:27:38', 'testuser1', '2016-01-18 15:33:15', 532, B'0', 'http://localhost/wof/app/sales-operation/item-re-class-journal/view?id=1622abaad28253511f53539c87bba97e', B'0', 0.0000, NULL, B'1');
INSERT INTO "tblCOM_DocTracking" VALUES ('IRJ', 'IRJ-100009', '2016-01-18 00:00:00', 'gregori', '', 'Re Opened', NULL, 'SMMM', '2016-01-18 15:27:38', '', '2016-01-18 15:36:06', 533, B'0', '', B'0', 0.0000, 'test', NULL);
INSERT INTO "tblCOM_DocTracking" VALUES ('IRJ', 'IRJ-100009', '2016-01-18 00:00:00', 'gregori', '2002', 'Rejected', NULL, 'SMMM', '2016-01-18 15:36:37', 'testuser1', '2016-01-18 15:36:55', 534, B'0', 'http://localhost/wof/app/sales-operation/item-re-class-journal/view?id=1622abaad28253511f53539c87bba97e', B'0', 0.0000, 'test', B'1');
INSERT INTO "tblCOM_DocTracking" VALUES ('IRJ', 'IRJ-100011', '2016-01-18 00:00:00', 'gregori', '2002', 'Pending', NULL, 'SMMM', '2016-01-18 17:47:39', NULL, NULL, 537, B'0', 'http://localhost/wof/app/sales-operation/item-re-class-journal/view?id=70c398d389fedff094dea391243a351a', B'0', 0.0000, NULL, B'0');
INSERT INTO "tblCOM_DocTracking" VALUES ('IRJ', 'IRJ-100009', '2016-01-18 00:00:00', 'gregori', '2002', 'Pending', NULL, 'SMMM', '2016-01-18 15:37:40', NULL, NULL, 535, B'0', 'http://localhost/wof/app/sales-operation/item-re-class-journal/view?id=1622abaad28253511f53539c87bba97e', B'0', 0.0000, NULL, B'1');
INSERT INTO "tblCOM_DocTracking" VALUES ('RFV', 'RFV-100120', '2015-12-14 00:00:00', 'gregori', '2002', 'Approved', NULL, 'PLD', '2016-01-20 19:14:52', 'testuser1', '2016-01-20 19:16:00', 538, B'0', 'http://localhost/wof/app/financial-management/revolving-fund-voucher/view?id=567443f2963a82248bb6c2aeb1a2a2f9', B'0', 0.0000, NULL, B'1');
INSERT INTO "tblCOM_DocTracking" VALUES ('IRJ', 'IRJ-100010', '2016-01-18 00:00:00', 'gregori', '2002', 'Rejected', NULL, 'SMMM', '2016-01-18 16:03:11', 'testuser1', '2016-01-24 18:22:34', 536, B'0', 'http://localhost/wof/app/sales-operation/item-re-class-journal/view?id=0dc171107fb7b0763f1834df11331e43', B'0', 0.0000, 'testing', B'1');
INSERT INTO "tblCOM_DocTracking" VALUES ('POL', 'POL-1000010', '2016-01-24 17:32:30', 'gregori', '2002', 'Approved', NULL, '', '2016-01-24 17:46:28', 'testuser1', '2016-01-24 17:47:10', 539, B'0', 'http://localhost/wof/app/sales-operation/purchase-order-local/view?id=bbc0dcfb07e435531388ecd0e0a3acaa', B'0', 0.0000, NULL, B'1');
INSERT INTO "tblCOM_DocTracking" VALUES ('POL', 'POL-1000010', '2016-01-24 17:32:30', 'gregori', '2002', 'Revised', NULL, '', '2016-01-24 17:48:26', 'gregori', '2016-01-24 17:48:33', 541, B'0', 'http://localhost/wof/app/sales-operation/purchase-order-local/view?id=bbc0dcfb07e435531388ecd0e0a3acaa', B'0', 0.0000, NULL, B'0');
INSERT INTO "tblCOM_DocTracking" VALUES ('POL', 'POL-1000010', '2016-01-24 17:32:30', 'gregori', '2002', 'Rejected', NULL, '', '2016-01-24 17:49:22', 'testuser1', '2016-01-24 17:50:13', 542, B'0', 'http://localhost/wof/app/sales-operation/purchase-order-local/view?id=bbc0dcfb07e435531388ecd0e0a3acaa', B'0', 0.0000, 'testing', B'1');
INSERT INTO "tblCOM_DocTracking" VALUES ('RQL', 'RQL-100060', '2016-01-24 00:00:00', 'gregori', '2002', 'Approved', NULL, 'SMMM', '2016-01-24 18:04:04', 'testuser1', '2016-01-24 18:04:49', 543, B'0', 'http://localhost/wof/app/sales-operation/requisition-local/view?id=7b14c13640e3735b91aca37a4b0f94d2', B'0', 0.0000, NULL, B'1');
INSERT INTO "tblCOM_DocTracking" VALUES ('RQL', 'RQL-100060', '2016-01-24 00:00:00', 'gregori', '', 'Re Opened', NULL, 'SMMM', '2016-01-24 18:04:04', '', '2016-01-24 18:05:42', 544, B'0', '', B'0', 0.0000, 'test', NULL);
INSERT INTO "tblCOM_DocTracking" VALUES ('RQL', 'RQL-100060', '2016-01-24 00:00:00', 'gregori', '2002', 'Revised', NULL, 'SMMM', '2016-01-24 18:06:03', 'gregori', '2016-01-24 18:06:12', 545, B'0', 'http://localhost/wof/app/sales-operation/requisition-local/view?id=7b14c13640e3735b91aca37a4b0f94d2', B'0', 0.0000, NULL, B'0');
INSERT INTO "tblCOM_DocTracking" VALUES ('RQL', 'RQL-100060', '2016-01-24 00:00:00', 'gregori', '2002', 'Rejected', NULL, 'SMMM', '2016-01-24 18:06:53', 'testuser1', '2016-01-24 18:07:47', 546, B'0', 'http://localhost/wof/app/sales-operation/requisition-local/view?id=7b14c13640e3735b91aca37a4b0f94d2', B'0', 0.0000, 'test', B'1');
INSERT INTO "tblCOM_DocTracking" VALUES ('IRJ', 'IRJ-100032', '2016-01-24 00:00:00', 'gregori', '2002', 'Revised', NULL, 'PLD', '2016-01-24 18:19:56', 'gregori', '2016-01-24 18:20:04', 547, B'0', 'http://localhost/wof/app/sales-operation/item-re-class-journal/view?id=e294dd76c254883c31641c8b7b85c09e', B'0', 0.0000, NULL, B'0');
INSERT INTO "tblCOM_DocTracking" VALUES ('IRJ', 'IRJ-100032', '2016-01-24 00:00:00', 'gregori', '2002', 'Approved', NULL, 'PLD', '2016-01-24 18:20:24', 'testuser1', '2016-01-24 18:21:07', 548, B'0', 'http://localhost/wof/app/sales-operation/item-re-class-journal/view?id=e294dd76c254883c31641c8b7b85c09e', B'0', 0.0000, NULL, B'1');
INSERT INTO "tblCOM_DocTracking" VALUES ('RQL', 'RQL-100062', '2016-01-25 00:00:00', 'gregori', '2002', 'Rejected', NULL, 'PLD', '2016-01-25 03:02:44', 'testuser1', '2016-01-25 03:03:31', 560, B'0', 'http://localhost/wof/app/sales-operation/requisition-local/view?id=5d08dd383a9a5e1fb8d9540151f1b3e5', B'0', 0.0000, 'testing', B'1');
INSERT INTO "tblCOM_DocTracking" VALUES ('POL', 'POL-1000024', '2016-01-25 01:39:38', 'gregori', '2002', 'Approved', NULL, '', '2016-01-25 01:47:40', 'testuser1', '2016-01-25 01:48:19', 549, B'0', 'http://localhost/wof/app/sales-operation/purchase-order-local/view?id=1d5cbca1c8f10cf04f316abd9dcb4083', B'0', 0.0000, NULL, B'1');
INSERT INTO "tblCOM_DocTracking" VALUES ('POL', 'POL-1000024', '2016-01-25 01:39:38', 'gregori', '', 'Re Opened', NULL, '', '2016-01-25 01:47:40', '', '2016-01-25 01:48:54', 550, B'0', '', B'0', 0.0000, 'test

', NULL);
INSERT INTO "tblCOM_DocTracking" VALUES ('POL', 'POL-1000024', '2016-01-25 01:39:38', 'gregori', '2002', 'Revised', NULL, '', '2016-01-25 01:49:09', 'gregori', '2016-01-25 01:49:19', 551, B'0', 'http://localhost/wof/app/sales-operation/purchase-order-local/view?id=1d5cbca1c8f10cf04f316abd9dcb4083', B'0', 0.0000, NULL, B'0');
INSERT INTO "tblCOM_DocTracking" VALUES ('POL', 'POL-1000024', '2016-01-25 01:39:38', 'gregori', '2002', 'Rejected', NULL, '', '2016-01-25 01:49:38', 'testuser1', '2016-01-25 01:50:15', 552, B'0', 'http://localhost/wof/app/sales-operation/purchase-order-local/view?id=1d5cbca1c8f10cf04f316abd9dcb4083', B'0', 0.0000, 'testing', B'1');
INSERT INTO "tblCOM_DocTracking" VALUES ('IRJ', 'IRJ-100035', '2016-01-25 00:00:00', 'gregori', '2002', 'Revised', NULL, 'SMMM', '2016-01-25 02:01:18', 'gregori', '2016-01-25 02:01:26', 553, B'0', 'http://localhost/wof/app/sales-operation/item-re-class-journal/view?id=1df5fd8c69f32f793bdecf24373a7fd8', B'0', 0.0000, NULL, B'0');
INSERT INTO "tblCOM_DocTracking" VALUES ('TOL', 'TOL-1000004', '2016-01-26 00:00:00', 'gregori', '', 'Re Opened', NULL, '', '2016-01-26 07:28:26', '', '2016-01-26 07:40:55', 566, B'0', '', B'0', 0.0000, 'test', NULL);
INSERT INTO "tblCOM_DocTracking" VALUES ('IRJ', 'IRJ-100035', '2016-01-25 00:00:00', 'gregori', '2002', 'Approved', NULL, 'SMMM', '2016-01-25 02:01:43', 'testuser1', '2016-01-25 02:05:32', 554, B'0', 'http://localhost/wof/app/sales-operation/item-re-class-journal/view?id=1df5fd8c69f32f793bdecf24373a7fd8', B'0', 0.0000, NULL, B'1');
INSERT INTO "tblCOM_DocTracking" VALUES ('IRJ', 'IRJ-100035', '2016-01-25 00:00:00', 'gregori', '', 'Re Opened', NULL, 'SMMM', '2016-01-25 02:01:18', '', '2016-01-25 02:06:13', 555, B'0', '', B'0', 0.0000, 'testing', NULL);
INSERT INTO "tblCOM_DocTracking" VALUES ('IRJ', 'IRJ-100035', '2016-01-25 00:00:00', 'gregori', '2002', 'Pending', NULL, 'SMMM', '2016-01-25 02:06:26', NULL, NULL, 556, B'0', 'http://localhost/wof/app/sales-operation/item-re-class-journal/view?id=1df5fd8c69f32f793bdecf24373a7fd8', B'0', 0.0000, NULL, B'0');
INSERT INTO "tblCOM_DocTracking" VALUES ('RQL', 'RQL-100062', '2016-01-25 00:00:00', 'gregori', '2002', 'Revised', NULL, 'PLD', '2016-01-25 02:58:34', 'gregori', '2016-01-25 03:00:57', 557, B'0', 'http://localhost/wof/app/sales-operation/requisition-local/view?id=5d08dd383a9a5e1fb8d9540151f1b3e5', B'0', 0.0000, NULL, B'0');
INSERT INTO "tblCOM_DocTracking" VALUES ('TO', 'TO-1000028', '2016-01-25 00:00:00', 'gregori', '2002', 'Approved', NULL, '', '2016-01-25 22:55:43', 'testuser1', '2016-01-25 23:00:55', 561, B'0', 'http://localhost/wof/app/sales-operation/transfer-order/view?id=9de36df141c2e5f3339667592d395e2d', B'0', 0.0000, NULL, B'1');
INSERT INTO "tblCOM_DocTracking" VALUES ('RQL', 'RQL-100062', '2016-01-25 00:00:00', 'gregori', '2002', 'Approved', NULL, 'PLD', '2016-01-25 03:01:11', 'testuser1', '2016-01-25 03:01:50', 558, B'0', 'http://localhost/wof/app/sales-operation/requisition-local/view?id=5d08dd383a9a5e1fb8d9540151f1b3e5', B'0', 0.0000, NULL, B'1');
INSERT INTO "tblCOM_DocTracking" VALUES ('RQL', 'RQL-100062', '2016-01-25 00:00:00', 'gregori', '', 'Re Opened', NULL, 'PLD', '2016-01-25 02:58:34', '', '2016-01-25 03:02:32', 559, B'0', '', B'0', 0.0000, 'testing', NULL);
INSERT INTO "tblCOM_DocTracking" VALUES ('TO', 'TO-1000028', '2016-01-25 00:00:00', 'gregori', '', 'Re Opened', NULL, '', '2016-01-25 22:55:43', '', '2016-01-25 23:02:02', 562, B'0', '', B'0', 0.0000, 'test', NULL);
INSERT INTO "tblCOM_DocTracking" VALUES ('TO', 'TO-1000028', '2016-01-25 00:00:00', 'gregori', '2002', 'Revised', NULL, '', '2016-01-25 23:02:15', 'gregori', '2016-01-25 23:02:25', 563, B'0', 'http://localhost/wof/app/sales-operation/transfer-order/view?id=9de36df141c2e5f3339667592d395e2d', B'0', 0.0000, NULL, B'0');
INSERT INTO "tblCOM_DocTracking" VALUES ('TOL', 'TOL-1000004', '2016-01-26 00:00:00', 'gregori', '2002', 'Revised', NULL, '', '2016-01-26 07:28:26', 'gregori', '2016-01-26 07:39:06', 564, B'0', 'http://localhost/wof/app/sales-operation/transfer-order-local/view?id=ff05b97c884c815c5a142d53dccf8b9e', B'0', 0.0000, NULL, B'0');
INSERT INTO "tblCOM_DocTracking" VALUES ('POL', 'POL-1000024', '2016-01-25 01:39:38', 'gregori', '', 'Re Opened', NULL, '', '2016-01-25 01:47:40', '', '2016-01-27 23:33:03', 571, B'0', '', B'0', 0.0000, 'test', NULL);
INSERT INTO "tblCOM_DocTracking" VALUES ('TOL', 'TOL-1000004', '2016-01-26 00:00:00', 'gregori', '2002', 'Approved', NULL, '', '2016-01-26 07:39:22', 'testuser1', '2016-01-26 07:40:06', 565, B'0', 'http://localhost/wof/app/sales-operation/transfer-order-local/view?id=ff05b97c884c815c5a142d53dccf8b9e', B'0', 0.0000, NULL, B'1');
INSERT INTO "tblCOM_DocTracking" VALUES ('POL', 'POL-1000024', '2016-01-25 01:39:38', 'gregori', '', 'Re Opened', NULL, '', '2016-01-25 01:47:40', '', '2016-01-27 23:40:50', 573, B'0', '', B'0', 0.0000, '', NULL);
INSERT INTO "tblCOM_DocTracking" VALUES ('POL', 'POL-1000024', '2016-01-25 01:39:38', 'gregori', '2002', 'Approved', NULL, '', '2016-01-27 23:30:55', 'testuser1', '2016-01-27 23:32:17', 570, B'0', 'http://localhost/wof/app/sales-operation/purchase-order-local/view?id=1d5cbca1c8f10cf04f316abd9dcb4083', B'0', 0.0000, NULL, B'1');
INSERT INTO "tblCOM_DocTracking" VALUES ('POL', 'POL-1000024', '2016-01-25 01:39:38', 'gregori', '2002', 'Approved', NULL, '', '2016-01-27 23:34:36', 'testuser1', '2016-01-27 23:35:23', 572, B'0', 'http://localhost/wof/app/sales-operation/purchase-order-local/view?id=1d5cbca1c8f10cf04f316abd9dcb4083', B'0', 0.0000, NULL, B'1');
INSERT INTO "tblCOM_DocTracking" VALUES ('POL', 'POL-1000024', '2016-01-25 01:39:38', 'gregori', '', 'Re Opened', NULL, '', '2016-01-25 01:47:40', '', '2016-01-27 23:48:37', 575, B'0', '', B'0', 0.0000, 'test', NULL);
INSERT INTO "tblCOM_DocTracking" VALUES ('POL', 'POL-1000024', '2016-01-25 01:39:38', 'gregori', '2002', 'Approved', NULL, '', '2016-01-27 23:40:58', 'testuser1', '2016-01-27 23:47:46', 574, B'0', 'http://localhost/wof/app/sales-operation/purchase-order-local/view?id=1d5cbca1c8f10cf04f316abd9dcb4083', B'0', 0.0000, NULL, B'1');
INSERT INTO "tblCOM_DocTracking" VALUES ('RQL', 'RQL-100062', '2016-01-27 00:00:00', 'gregori', '2002', 'Pending', NULL, 'PLD', '2016-01-27 21:32:47', NULL, NULL, 569, B'0', 'http://localhost/wof/app/sales-operation/requisition-local/view?id=5d08dd383a9a5e1fb8d9540151f1b3e5', B'0', 0.0000, NULL, B'1');
INSERT INTO "tblCOM_DocTracking" VALUES ('TOL', 'TOL-1000007', '2016-01-26 00:00:00', 'gregori', '2002', 'Approved', NULL, '', '2016-01-26 17:37:21', 'testuser1', '2016-01-31 17:21:48', 568, B'0', 'http://localhost/wof/app/sales-operation/transfer-order-local/view?id=b74ef5067c1ca771031b9ded075f76d8', B'0', 0.0000, NULL, B'0');
INSERT INTO "tblCOM_DocTracking" VALUES ('TOL', 'TOL-1000004', '2016-01-26 00:00:00', 'gregori', '2002', 'Approved', NULL, '', '2016-01-26 07:41:08', 'testuser1', '2016-01-31 17:22:05', 567, B'0', 'http://localhost/wof/app/sales-operation/transfer-order-local/view?id=ff05b97c884c815c5a142d53dccf8b9e', B'0', 0.0000, NULL, B'0');
INSERT INTO "tblCOM_DocTracking" VALUES ('POL', 'POL-1000024', '2016-01-25 01:39:38', 'gregori', '2002', 'Approved', NULL, '', '2016-01-27 23:49:24', 'testuser1', '2016-01-27 23:50:05', 576, B'0', 'http://localhost/wof/app/sales-operation/purchase-order-local/view?id=1d5cbca1c8f10cf04f316abd9dcb4083', B'0', 0.0000, NULL, B'1');
INSERT INTO "tblCOM_DocTracking" VALUES ('POL', 'POL-1000024', '2016-01-25 01:39:38', 'gregori', '', 'Re Opened', NULL, '', '2016-01-25 01:47:40', '', '2016-01-27 23:52:41', 577, B'0', '', B'0', 0.0000, 'test', NULL);
INSERT INTO "tblCOM_DocTracking" VALUES ('POL', 'POL-1000025', '2016-01-27 23:56:21', 'gregori', '2002', 'Approved', NULL, '', '2016-01-28 00:54:56', 'testuser1', '2016-01-28 00:57:36', 590, B'0', 'http://localhost/wof/app/sales-operation/purchase-order-local/view?id=df7314a7f75c61bb5a9216cd4f55d45a', B'0', 0.0000, NULL, B'1');
INSERT INTO "tblCOM_DocTracking" VALUES ('POL', 'POL-1000025', '2016-01-27 23:56:21', 'gregori', '2002', 'Approved', NULL, '', '2016-01-27 23:59:04', 'testuser1', '2016-01-27 23:59:38', 581, B'0', 'http://localhost/wof/app/sales-operation/purchase-order-local/view?id=df7314a7f75c61bb5a9216cd4f55d45a', B'0', 0.0000, NULL, B'1');
INSERT INTO "tblCOM_DocTracking" VALUES ('POL', 'POL-1000027', '2016-01-27 23:56:57', 'gregori', '', 'Re Opened', NULL, '', '2016-01-27 23:58:38', '', '2016-01-28 00:58:34', 592, B'0', '', B'0', 0.0000, 'test', NULL);
INSERT INTO "tblCOM_DocTracking" VALUES ('POL', 'POL-1000026', '2016-01-27 23:56:39', 'gregori', '', 'Re Opened', NULL, '', '2016-01-27 23:58:51', '', '2016-01-28 01:00:22', 593, B'0', '', B'0', 0.0000, 'test', NULL);
INSERT INTO "tblCOM_DocTracking" VALUES ('POL', 'POL-1000026', '2016-01-27 23:56:39', 'gregori', '2002', 'Approved', NULL, '', '2016-01-27 23:58:51', 'testuser1', '2016-01-28 00:00:25', 580, B'0', 'http://localhost/wof/app/sales-operation/purchase-order-local/view?id=ddc3e56a50483f025dc9ab2ee3f61d51', B'0', 0.0000, NULL, B'1');
INSERT INTO "tblCOM_DocTracking" VALUES ('POL', 'POL-1000024', '2016-01-25 01:39:38', 'gregori', '2002', 'Approved', NULL, '', '2016-01-27 23:55:54', 'testuser1', '2016-01-28 00:00:25', 578, B'0', 'http://localhost/wof/app/sales-operation/purchase-order-local/view?id=1d5cbca1c8f10cf04f316abd9dcb4083', B'0', 0.0000, NULL, B'1');
INSERT INTO "tblCOM_DocTracking" VALUES ('POL', 'POL-1000027', '2016-01-27 23:56:57', 'gregori', '2002', 'Approved', NULL, '', '2016-01-27 23:58:38', 'testuser1', '2016-01-28 00:00:25', 579, B'0', 'http://localhost/wof/app/sales-operation/purchase-order-local/view?id=d125b6b852fbefe65154afe7dcd4ccbf', B'0', 0.0000, NULL, B'1');
INSERT INTO "tblCOM_DocTracking" VALUES ('POL', 'POL-1000027', '2016-01-27 23:56:57', 'gregori', '', 'Re Opened', NULL, '', '2016-01-27 23:58:38', '', '2016-01-28 00:01:16', 582, B'0', '', B'0', 0.0000, 'tests', NULL);
INSERT INTO "tblCOM_DocTracking" VALUES ('POL', 'POL-1000026', '2016-01-27 23:56:39', 'gregori', '', 'Re Opened', NULL, '', '2016-01-27 23:58:51', '', '2016-01-28 00:01:47', 583, B'0', '', B'0', 0.0000, 'test', NULL);
INSERT INTO "tblCOM_DocTracking" VALUES ('POL', 'POL-1000025', '2016-01-27 23:56:21', 'gregori', '', 'Re Opened', NULL, '', '2016-01-27 23:59:04', '', '2016-01-28 00:02:44', 584, B'0', '', B'0', 0.0000, 'erser', NULL);
INSERT INTO "tblCOM_DocTracking" VALUES ('POL', 'POL-1000024', '2016-01-25 01:39:38', 'gregori', '', 'Re Opened', NULL, '', '2016-01-25 01:47:40', '', '2016-01-28 00:24:48', 585, B'0', '', B'0', 0.0000, 'test', NULL);
INSERT INTO "tblCOM_DocTracking" VALUES ('RQ', 'RQ-100168-58', '2016-01-28 03:44:51', 'gregori', '2002', 'Approved', NULL, 'ACCTG', '2016-01-28 03:45:05', 'testuser1', '2016-01-28 03:45:51', 597, B'0', 'http://localhost/wof/app/financial-management/requisition/view?id=26c54833d45f9e496c22cfa2c2ee7f8a&refFrom=true', B'0', 0.0000, NULL, B'0');
INSERT INTO "tblCOM_DocTracking" VALUES ('POL', 'POL-1000024', '2016-01-25 01:39:38', 'gregori', '2002', 'Approved', NULL, '', '2016-01-28 00:29:59', 'testuser1', '2016-01-28 00:30:44', 586, B'0', 'http://localhost/wof/app/sales-operation/purchase-order-local/view?id=1d5cbca1c8f10cf04f316abd9dcb4083', B'0', 0.0000, NULL, B'1');
INSERT INTO "tblCOM_DocTracking" VALUES ('POL', 'POL-1000024', '2016-01-25 01:39:38', 'gregori', '', 'Re Opened', NULL, '', '2016-01-25 01:47:40', '', '2016-01-28 00:31:21', 587, B'0', '', B'0', 0.0000, 'test', NULL);
INSERT INTO "tblCOM_DocTracking" VALUES ('RQ', 'RQ-100168-59', '2016-01-28 03:44:51', 'gregori', '2002', 'Approved', NULL, 'SMMM', '2016-01-28 03:45:05', 'testuser1', '2016-01-28 03:45:51', 598, B'0', 'http://localhost/wof/app/financial-management/requisition/view?id=26c54833d45f9e496c22cfa2c2ee7f8a&refFrom=true', B'0', 0.0000, NULL, B'1');
INSERT INTO "tblCOM_DocTracking" VALUES ('RQL', 'RQL-100066-24', '2016-01-27 21:36:44', 'gregori', '2002', 'Approved', NULL, 'SMMM', '2016-01-28 03:25:32', 'testuser1', '2016-01-28 03:26:27', 594, B'0', 'http://localhost/wof/app/sales-operation/requisition_local/view?id=5988913cc571964cfb95b86946e0cecf&refFrom=true', B'0', 0.0000, NULL, B'1');
INSERT INTO "tblCOM_DocTracking" VALUES ('POL', 'POL-1000027', '2016-01-27 23:56:57', 'gregori', '2002', 'Approved', NULL, '', '2016-01-28 00:54:32', 'testuser1', '2016-01-28 00:57:36', 588, B'0', 'http://localhost/wof/app/sales-operation/purchase-order-local/view?id=d125b6b852fbefe65154afe7dcd4ccbf', B'0', 0.0000, NULL, B'1');
INSERT INTO "tblCOM_DocTracking" VALUES ('POL', 'POL-1000026', '2016-01-27 23:56:39', 'gregori', '2002', 'Approved', NULL, '', '2016-01-28 00:54:44', 'testuser1', '2016-01-28 00:57:36', 589, B'0', 'http://localhost/wof/app/sales-operation/purchase-order-local/view?id=ddc3e56a50483f025dc9ab2ee3f61d51', B'0', 0.0000, NULL, B'1');
INSERT INTO "tblCOM_DocTracking" VALUES ('POL', 'POL-1000024', '2016-01-25 01:39:38', 'gregori', '2002', 'Approved', NULL, '', '2016-01-28 00:55:08', 'testuser1', '2016-01-28 00:57:36', 591, B'0', 'http://localhost/wof/app/sales-operation/purchase-order-local/view?id=1d5cbca1c8f10cf04f316abd9dcb4083', B'0', 0.0000, NULL, B'1');
INSERT INTO "tblCOM_DocTracking" VALUES ('RQL', 'RQL-100066-26', '2016-01-28 03:36:48', 'gregori', '2002', 'Approved', NULL, 'SMMM', '2016-01-28 03:39:27', 'testuser1', '2016-01-28 03:40:38', 595, B'0', 'http://localhost/wof/app/sales-operation/requisition_local/view?id=5988913cc571964cfb95b86946e0cecf&refFrom=true', B'0', 0.0000, NULL, B'1');
INSERT INTO "tblCOM_DocTracking" VALUES ('RQL', 'RQL-100070-31', '2016-01-28 18:47:10', 'gregori', '2002', 'Approved', NULL, 'SMMM', '2016-01-28 18:47:28', 'testuser1', '2016-01-28 18:49:24', 599, B'0', 'http://localhost/wof/app/sales-operation/requisition_local/view?id=00501eec20e8910d98a5e81ec1839e74&refFrom=true', B'0', 0.0000, NULL, B'0');
INSERT INTO "tblCOM_DocTracking" VALUES ('RQL', 'RQL-100066-29', '2016-01-28 03:41:50', 'gregori', '2002', 'Approved', NULL, 'SMMM', '2016-01-28 03:42:04', 'testuser1', '2016-01-28 03:42:50', 596, B'0', 'http://localhost/wof/app/sales-operation/requisition_local/view?id=5988913cc571964cfb95b86946e0cecf&refFrom=true', B'0', 0.0000, NULL, B'1');
INSERT INTO "tblCOM_DocTracking" VALUES ('RQL', 'RQL-100070-31', '2016-01-28 18:47:10', 'gregori', '2002', 'Approved', NULL, 'SMMM', '2016-01-28 18:52:30', 'testuser1', '2016-01-28 18:54:23', 603, B'0', 'http://localhost/wof/app/sales-operation/requisition_local/view?id=00501eec20e8910d98a5e81ec1839e74&refFrom=true', B'0', 0.0000, NULL, B'1');
INSERT INTO "tblCOM_DocTracking" VALUES ('RQL', 'RQL-100070-32', '2016-01-28 18:47:10', 'gregori', '2002', 'Approved', NULL, 'SMMM', '2016-01-28 18:47:38', 'testuser1', '2016-01-28 18:49:24', 600, B'0', 'http://localhost/wof/app/sales-operation/requisition_local/view?id=00501eec20e8910d98a5e81ec1839e74&refFrom=true', B'0', 0.0000, NULL, B'1');
INSERT INTO "tblCOM_DocTracking" VALUES ('RQL', 'RQL-100070-31', '2016-01-28 18:47:10', 'gregori', '', 'Re Opened', NULL, 'SMMM', '2016-01-28 18:47:28', '', '2016-01-28 18:50:57', 601, B'0', '', B'0', 0.0000, 'test', NULL);
INSERT INTO "tblCOM_DocTracking" VALUES ('RQL', 'RQL-100070-32', '2016-01-28 18:47:10', 'gregori', '', 'Re Opened', NULL, 'SMMM', '2016-01-28 18:47:38', '', '2016-01-28 18:51:21', 602, B'0', '', B'0', 0.0000, 'test', NULL);
INSERT INTO "tblCOM_DocTracking" VALUES ('RQL', 'RQL-100062-34', '2016-01-28 20:22:51', 'gregori', '2002', 'Approved', NULL, 'PLD', '2016-01-28 20:23:05', 'testuser1', '2016-01-28 20:23:54', 604, B'0', 'http://localhost/wof/app/sales-operation/requisition_local/view?id=5d08dd383a9a5e1fb8d9540151f1b3e5&refFrom=true', B'0', 0.0000, NULL, B'1');
INSERT INTO "tblCOM_DocTracking" VALUES ('RQL', 'RQL-100071-52', '2016-01-28 23:19:08', 'gregori', '2002', 'Approved', NULL, 'SMMM', '2016-01-28 23:19:22', 'testuser1', '2016-01-28 23:20:17', 606, B'0', 'http://localhost/wof/app/sales-operation/requisition_local/view?id=68bb473b2d04b90ff47d95c221c90fd5&refFrom=true', B'0', 0.0000, NULL, B'1');
INSERT INTO "tblCOM_DocTracking" VALUES ('RQL', 'RQL-100070-32', '2016-01-28 18:47:10', 'gregori', '2002', 'Approved', NULL, 'SMMM', '2016-01-28 21:51:41', 'testuser1', '2016-01-28 21:52:48', 605, B'0', 'http://localhost/wof/app/sales-operation/requisition_local/view?id=00501eec20e8910d98a5e81ec1839e74&refFrom=true', B'0', 0.0000, NULL, B'1');
INSERT INTO "tblCOM_DocTracking" VALUES ('POL', 'POL-1000027', '2016-01-28 21:49:56', 'gregori', '2002', 'Pending', NULL, '', '2016-01-31 20:53:39', NULL, NULL, 607, B'0', 'http://localhost/wof/app/sales-operation/purchase-order-local/view?id=d125b6b852fbefe65154afe7dcd4ccbf', B'0', 0.0000, NULL, B'0');
INSERT INTO "tblCOM_DocTracking" VALUES ('POL', 'POL-1000025', '2016-01-27 23:56:21', 'gregori', '', 'Re Opened', NULL, '', '2016-01-28 00:54:56', '', '2016-02-08 21:32:07', 608, B'0', '', B'0', 0.0000, 'test', NULL);


--
-- Name: tblCOM_DocTracking_DT_EntryNo_seq; Type: SEQUENCE SET; Schema: public; Owner: postgres
--

SELECT pg_catalog.setval('"tblCOM_DocTracking_DT_EntryNo_seq"', 608, true);


--
-- Data for Name: tblCOM_Function; Type: TABLE DATA; Schema: public; Owner: postgres
--

INSERT INTO "tblCOM_Function" VALUES (1, 'Activate', 13, 1, 'activate', NULL, B'1');
INSERT INTO "tblCOM_Function" VALUES (2, 'Deactivate', 13, 2, 'deactivate', NULL, B'1');
INSERT INTO "tblCOM_Function" VALUES (72, 'Deactivate', 160, 2, 'deactivate', NULL, B'1');
INSERT INTO "tblCOM_Function" VALUES (6, 'Activate', 17, 1, 'activate', NULL, B'1');
INSERT INTO "tblCOM_Function" VALUES (7, 'Deactivate', 17, 2, 'deactivate', NULL, B'1');
INSERT INTO "tblCOM_Function" VALUES (8, 'Activate', 22, 1, 'activate', NULL, B'1');
INSERT INTO "tblCOM_Function" VALUES (9, 'Deactivate', 22, 2, 'deactivate', NULL, B'1');
INSERT INTO "tblCOM_Function" VALUES (10, 'Activate', 30, 1, 'activate', NULL, B'1');
INSERT INTO "tblCOM_Function" VALUES (11, 'Activate', 31, 1, 'activate', NULL, B'1');
INSERT INTO "tblCOM_Function" VALUES (12, 'Activate', 32, 1, 'activate', NULL, B'1');
INSERT INTO "tblCOM_Function" VALUES (13, 'Activate', 33, 1, 'activate', NULL, B'1');
INSERT INTO "tblCOM_Function" VALUES (14, 'Activate', 34, 1, 'activate', NULL, B'1');
INSERT INTO "tblCOM_Function" VALUES (15, 'Deactivate', 30, 2, 'deactivate', NULL, B'1');
INSERT INTO "tblCOM_Function" VALUES (16, 'Deactivate', 31, 2, 'deactivate', NULL, B'1');
INSERT INTO "tblCOM_Function" VALUES (17, 'Deactivate', 32, 2, 'deactivate', NULL, B'1');
INSERT INTO "tblCOM_Function" VALUES (18, 'Deactivate', 33, 2, 'deactivate', NULL, B'1');
INSERT INTO "tblCOM_Function" VALUES (19, 'Deactivate', 34, 2, 'deactivate', NULL, B'1');
INSERT INTO "tblCOM_Function" VALUES (73, 'Deactivate', 168, 2, 'deactivate', NULL, B'1');
INSERT INTO "tblCOM_Function" VALUES (74, 'Deactivate', 143, 2, 'deactivate', NULL, B'1');
INSERT INTO "tblCOM_Function" VALUES (75, 'Deactivate', 144, 2, 'deactivate', NULL, B'1');
INSERT INTO "tblCOM_Function" VALUES (76, 'Deactivate', 145, 2, 'deactivate', NULL, B'1');
INSERT INTO "tblCOM_Function" VALUES (21, 'Activate', 23, 1, 'activate', NULL, B'1');
INSERT INTO "tblCOM_Function" VALUES (22, 'Activate', 174, 1, 'activate', NULL, B'1');
INSERT INTO "tblCOM_Function" VALUES (23, 'Activate', 27, 1, 'activate', NULL, B'1');
INSERT INTO "tblCOM_Function" VALUES (24, 'Activate', 19, 1, 'activate', NULL, B'1');
INSERT INTO "tblCOM_Function" VALUES (25, 'Activate', 24, 1, 'activate', NULL, B'1');
INSERT INTO "tblCOM_Function" VALUES (26, 'Activate', 172, 1, 'activate', NULL, B'1');
INSERT INTO "tblCOM_Function" VALUES (27, 'Activate', 173, 1, 'activate', NULL, B'1');
INSERT INTO "tblCOM_Function" VALUES (29, 'Activate', 28, 1, 'activate', NULL, B'1');
INSERT INTO "tblCOM_Function" VALUES (30, 'Activate', 171, 1, 'activate', NULL, B'1');
INSERT INTO "tblCOM_Function" VALUES (32, 'Deactivate', 23, 2, 'deactivate', NULL, B'1');
INSERT INTO "tblCOM_Function" VALUES (33, 'Deactivate', 174, 2, 'deactivate', NULL, B'1');
INSERT INTO "tblCOM_Function" VALUES (34, 'Deactivate', 27, 2, 'deactivate', NULL, B'1');
INSERT INTO "tblCOM_Function" VALUES (35, 'Deactivate', 19, 2, 'deactivate', NULL, B'1');
INSERT INTO "tblCOM_Function" VALUES (36, 'Deactivate', 24, 2, 'deactivate', NULL, B'1');
INSERT INTO "tblCOM_Function" VALUES (37, 'Deactivate', 172, 2, 'deactivate', NULL, B'1');
INSERT INTO "tblCOM_Function" VALUES (38, 'Deactivate', 173, 2, 'deactivate', NULL, B'1');
INSERT INTO "tblCOM_Function" VALUES (40, 'Deactivate', 28, 2, 'deactivate', NULL, B'1');
INSERT INTO "tblCOM_Function" VALUES (41, 'Deactivate', 171, 2, 'deactivate', NULL, B'1');
INSERT INTO "tblCOM_Function" VALUES (77, 'Deactivate', 164, 2, 'deactivate', NULL, B'1');
INSERT INTO "tblCOM_Function" VALUES (45, 'Activate', 20, 1, 'activate', NULL, B'1');
INSERT INTO "tblCOM_Function" VALUES (42, 'Deactivate', 240, 2, 'deactivate', NULL, B'1');
INSERT INTO "tblCOM_Function" VALUES (43, 'Deactivate', 20, 2, 'deactivate', NULL, B'1');
INSERT INTO "tblCOM_Function" VALUES (44, 'Activate', 240, 1, 'activate', NULL, B'1');
INSERT INTO "tblCOM_Function" VALUES (46, 'Activate', 160, 1, 'activate', NULL, B'1');
INSERT INTO "tblCOM_Function" VALUES (47, 'Activate', 168, 1, 'activate', NULL, B'1');
INSERT INTO "tblCOM_Function" VALUES (48, 'Activate', 143, 1, 'activate', NULL, B'1');
INSERT INTO "tblCOM_Function" VALUES (49, 'Activate', 144, 1, 'activate', NULL, B'1');
INSERT INTO "tblCOM_Function" VALUES (50, 'Activate', 145, 1, 'activate', NULL, B'1');
INSERT INTO "tblCOM_Function" VALUES (51, 'Activate', 164, 1, 'activate', NULL, B'1');
INSERT INTO "tblCOM_Function" VALUES (52, 'Activate', 165, 1, 'activate', NULL, B'1');
INSERT INTO "tblCOM_Function" VALUES (53, 'Activate', 166, 1, 'activate', NULL, B'1');
INSERT INTO "tblCOM_Function" VALUES (54, 'Activate', 167, 1, 'activate', NULL, B'1');
INSERT INTO "tblCOM_Function" VALUES (55, 'Activate', 169, 1, 'activate', NULL, B'1');
INSERT INTO "tblCOM_Function" VALUES (56, 'Activate', 170, 1, 'activate', NULL, B'1');
INSERT INTO "tblCOM_Function" VALUES (57, 'Activate', 146, 1, 'activate', NULL, B'1');
INSERT INTO "tblCOM_Function" VALUES (58, 'Activate', 147, 1, 'activate', NULL, B'1');
INSERT INTO "tblCOM_Function" VALUES (59, 'Activate', 148, 1, 'activate', NULL, B'1');
INSERT INTO "tblCOM_Function" VALUES (60, 'Activate', 149, 1, 'activate', NULL, B'1');
INSERT INTO "tblCOM_Function" VALUES (61, 'Activate', 150, 1, 'activate', NULL, B'1');
INSERT INTO "tblCOM_Function" VALUES (62, 'Activate', 152, 1, 'activate', NULL, B'1');
INSERT INTO "tblCOM_Function" VALUES (63, 'Activate', 153, 1, 'activate', NULL, B'1');
INSERT INTO "tblCOM_Function" VALUES (64, 'Activate', 154, 1, 'activate', NULL, B'1');
INSERT INTO "tblCOM_Function" VALUES (65, 'Activate', 156, 1, 'activate', NULL, B'1');
INSERT INTO "tblCOM_Function" VALUES (66, 'Activate', 157, 1, 'activate', NULL, B'1');
INSERT INTO "tblCOM_Function" VALUES (67, 'Activate', 158, 1, 'activate', NULL, B'1');
INSERT INTO "tblCOM_Function" VALUES (68, 'Activate', 159, 1, 'activate', NULL, B'1');
INSERT INTO "tblCOM_Function" VALUES (69, 'Activate', 161, 1, 'activate', NULL, B'1');
INSERT INTO "tblCOM_Function" VALUES (70, 'Activate', 162, 1, 'activate', NULL, B'1');
INSERT INTO "tblCOM_Function" VALUES (71, 'Activate', 163, 1, 'activate', NULL, B'1');
INSERT INTO "tblCOM_Function" VALUES (78, 'Deactivate', 165, 2, 'deactivate', NULL, B'1');
INSERT INTO "tblCOM_Function" VALUES (79, 'Deactivate', 166, 2, 'deactivate', NULL, B'1');
INSERT INTO "tblCOM_Function" VALUES (80, 'Deactivate', 167, 2, 'deactivate', NULL, B'1');
INSERT INTO "tblCOM_Function" VALUES (81, 'Deactivate', 169, 2, 'deactivate', NULL, B'1');
INSERT INTO "tblCOM_Function" VALUES (82, 'Deactivate', 170, 2, 'deactivate', NULL, B'1');
INSERT INTO "tblCOM_Function" VALUES (83, 'Deactivate', 146, 2, 'deactivate', NULL, B'1');
INSERT INTO "tblCOM_Function" VALUES (84, 'Deactivate', 147, 2, 'deactivate', NULL, B'1');
INSERT INTO "tblCOM_Function" VALUES (85, 'Deactivate', 148, 2, 'deactivate', NULL, B'1');
INSERT INTO "tblCOM_Function" VALUES (86, 'Deactivate', 149, 2, 'deactivate', NULL, B'1');
INSERT INTO "tblCOM_Function" VALUES (87, 'Deactivate', 150, 2, 'deactivate', NULL, B'1');
INSERT INTO "tblCOM_Function" VALUES (88, 'Deactivate', 152, 2, 'deactivate', NULL, B'1');
INSERT INTO "tblCOM_Function" VALUES (89, 'Deactivate', 153, 2, 'deactivate', NULL, B'1');
INSERT INTO "tblCOM_Function" VALUES (90, 'Deactivate', 154, 2, 'deactivate', NULL, B'1');
INSERT INTO "tblCOM_Function" VALUES (91, 'Deactivate', 156, 2, 'deactivate', NULL, B'1');
INSERT INTO "tblCOM_Function" VALUES (92, 'Deactivate', 157, 2, 'deactivate', NULL, B'1');
INSERT INTO "tblCOM_Function" VALUES (93, 'Deactivate', 158, 2, 'deactivate', NULL, B'1');
INSERT INTO "tblCOM_Function" VALUES (94, 'Deactivate', 159, 2, 'deactivate', NULL, B'1');
INSERT INTO "tblCOM_Function" VALUES (95, 'Deactivate', 161, 2, 'deactivate', NULL, B'1');
INSERT INTO "tblCOM_Function" VALUES (96, 'Deactivate', 162, 2, 'deactivate', NULL, B'1');
INSERT INTO "tblCOM_Function" VALUES (97, 'Deactivate', 163, 2, 'deactivate', NULL, B'1');
INSERT INTO "tblCOM_Function" VALUES (98, 'Activate', 242, 1, 'activate', NULL, B'1');
INSERT INTO "tblCOM_Function" VALUES (99, 'Deactivate', 242, 2, 'deactivate', NULL, B'1');
INSERT INTO "tblCOM_Function" VALUES (100, 'Activate', 26, 1, 'activate', NULL, B'1');
INSERT INTO "tblCOM_Function" VALUES (101, 'Deactivate', 26, 2, 'deactivate', NULL, B'1');
INSERT INTO "tblCOM_Function" VALUES (102, 'Activate', 243, 1, 'activate', NULL, B'1');
INSERT INTO "tblCOM_Function" VALUES (103, 'Deactivate', 243, 2, 'deactivate', NULL, B'1');
INSERT INTO "tblCOM_Function" VALUES (104, 'Activate', 11, 1, 'Activate', NULL, B'1');
INSERT INTO "tblCOM_Function" VALUES (105, 'Deactivate', 11, 2, 'deactivate', NULL, B'1');
INSERT INTO "tblCOM_Function" VALUES (106, 'Activate', 244, 1, 'activate', NULL, B'1');
INSERT INTO "tblCOM_Function" VALUES (107, 'Deactivate', 244, 2, 'deactivate', NULL, B'1');
INSERT INTO "tblCOM_Function" VALUES (108, 'Activate', 245, 1, 'activate', NULL, B'1');
INSERT INTO "tblCOM_Function" VALUES (109, 'Deactivate', 245, 2, 'deactivate', NULL, B'1');
INSERT INTO "tblCOM_Function" VALUES (110, 'Activate', 246, 1, 'activate', NULL, B'1');
INSERT INTO "tblCOM_Function" VALUES (111, 'Deactivate', 246, 2, 'deactivate', NULL, B'1');
INSERT INTO "tblCOM_Function" VALUES (112, 'Activate', 247, 1, 'activate', NULL, B'1');
INSERT INTO "tblCOM_Function" VALUES (113, 'Deactivate', 247, 2, 'deactivate', NULL, B'1');
INSERT INTO "tblCOM_Function" VALUES (114, 'Activate', 249, 1, 'activate', NULL, B'1');
INSERT INTO "tblCOM_Function" VALUES (115, 'Deactivate', 249, 2, 'deactivate', NULL, B'1');
INSERT INTO "tblCOM_Function" VALUES (116, 'Activate', 250, 1, 'activate', NULL, B'1');
INSERT INTO "tblCOM_Function" VALUES (117, 'Deactivate', 250, 2, 'deactivate', NULL, B'1');
INSERT INTO "tblCOM_Function" VALUES (119, 'Deactivate', 251, 2, 'deactivate', B'1', B'1');
INSERT INTO "tblCOM_Function" VALUES (5, 'Save Settings', 13, 1, 'save-setting', B'1', NULL);
INSERT INTO "tblCOM_Function" VALUES (118, 'Activate', 251, 1, 'activate', B'1', B'1');
INSERT INTO "tblCOM_Function" VALUES (122, 'Activate', 253, 1, 'activate', NULL, B'1');
INSERT INTO "tblCOM_Function" VALUES (123, 'Deactivate', 253, 2, 'deactivate', NULL, B'1');
INSERT INTO "tblCOM_Function" VALUES (124, 'Activate', 260, 1, 'activate', NULL, B'1');
INSERT INTO "tblCOM_Function" VALUES (125, 'Activate', 261, 1, 'activate', NULL, B'1');
INSERT INTO "tblCOM_Function" VALUES (126, 'Deactivate', 260, 2, 'deactivate', NULL, B'1');
INSERT INTO "tblCOM_Function" VALUES (127, 'Deactivate', 261, 2, 'deactivate', NULL, B'1');
INSERT INTO "tblCOM_Function" VALUES (130, 'Activate', 263, 1, 'activate', NULL, B'1');
INSERT INTO "tblCOM_Function" VALUES (131, 'Deactivate', 263, 2, 'deactivate', NULL, B'1');
INSERT INTO "tblCOM_Function" VALUES (132, 'Activate', 264, 1, 'activate', NULL, B'1');
INSERT INTO "tblCOM_Function" VALUES (133, 'Deactivate', 264, 2, 'deactivate', NULL, B'1');
INSERT INTO "tblCOM_Function" VALUES (134, 'Activate', 265, 1, 'activate', NULL, B'1');
INSERT INTO "tblCOM_Function" VALUES (135, 'Deactivate', 265, 2, 'deactivate', NULL, B'1');
INSERT INTO "tblCOM_Function" VALUES (136, 'Activate', 266, 1, 'activate', NULL, B'1');
INSERT INTO "tblCOM_Function" VALUES (137, 'Deactivate', 266, 2, 'deactivate', NULL, B'1');
INSERT INTO "tblCOM_Function" VALUES (138, 'Activate', 267, 1, 'activate', NULL, B'1');
INSERT INTO "tblCOM_Function" VALUES (139, 'Deactivate', 267, 2, 'deactivate', NULL, B'1');
INSERT INTO "tblCOM_Function" VALUES (152, 'Activate', 274, 1, 'activate', NULL, B'1');
INSERT INTO "tblCOM_Function" VALUES (153, 'Deactivate', 274, 2, 'deactivate', NULL, B'1');
INSERT INTO "tblCOM_Function" VALUES (154, 'Activate', 275, 1, 'activate', NULL, B'1');
INSERT INTO "tblCOM_Function" VALUES (155, 'Deacivate', 275, 2, 'deactivate', NULL, B'1');
INSERT INTO "tblCOM_Function" VALUES (156, 'Activate', 51, 1, 'activate', NULL, B'1');
INSERT INTO "tblCOM_Function" VALUES (157, 'Deactivate', 51, 2, 'deactivate', NULL, B'1');
INSERT INTO "tblCOM_Function" VALUES (170, 'Activate', 276, 1, 'activate', NULL, B'1');
INSERT INTO "tblCOM_Function" VALUES (171, 'Deactivate', 276, 2, 'deactivate', NULL, B'1');
INSERT INTO "tblCOM_Function" VALUES (167, 'Cancel Amortization', 51, 9, 'Cancel Amortization', NULL, NULL);
INSERT INTO "tblCOM_Function" VALUES (166, 'Print Preview', 51, 8, 'Print Preview', NULL, NULL);
INSERT INTO "tblCOM_Function" VALUES (163, 'Reject', 51, 5, 'Reject', NULL, NULL);
INSERT INTO "tblCOM_Function" VALUES (168, 'Post', 51, 10, 'Post', NULL, NULL);
INSERT INTO "tblCOM_Function" VALUES (165, 'Print', 51, 7, 'Print', NULL, NULL);
INSERT INTO "tblCOM_Function" VALUES (162, 'Approve', 51, 4, 'Approve', NULL, NULL);
INSERT INTO "tblCOM_Function" VALUES (161, 'Re-open', 51, 3, 'Re-open', NULL, NULL);
INSERT INTO "tblCOM_Function" VALUES (160, 'Cancel Approval Request', 51, 2, 'Cancel Approval Request', NULL, NULL);
INSERT INTO "tblCOM_Function" VALUES (159, 'Send Approval Request', 51, 1, 'Send Approval Request', NULL, NULL);
INSERT INTO "tblCOM_Function" VALUES (169, 'Track Document', 51, 11, 'Track Document', NULL, NULL);
INSERT INTO "tblCOM_Function" VALUES (148, 'Activate', 271, 1, 'activate', NULL, B'1');
INSERT INTO "tblCOM_Function" VALUES (149, 'Deactivate', 271, 2, 'deactivate', NULL, B'1');
INSERT INTO "tblCOM_Function" VALUES (150, 'Activate', 272, 1, 'activate', NULL, B'1');
INSERT INTO "tblCOM_Function" VALUES (151, 'Deactivate', 272, 2, 'deactivate', NULL, B'1');
INSERT INTO "tblCOM_Function" VALUES (146, 'Activate', 273, 1, 'activate', NULL, B'1');
INSERT INTO "tblCOM_Function" VALUES (147, 'Deactivate', 273, 2, 'deactivate', NULL, B'1');
INSERT INTO "tblCOM_Function" VALUES (142, 'Activate', 268, 1, 'activate', NULL, B'1');
INSERT INTO "tblCOM_Function" VALUES (143, 'Deactivate', 268, 2, 'deactivate', NULL, B'1');
INSERT INTO "tblCOM_Function" VALUES (144, 'Activate', 269, 1, 'activate', NULL, B'1');
INSERT INTO "tblCOM_Function" VALUES (145, 'Deactivate', 269, 2, 'deactivate', NULL, B'1');
INSERT INTO "tblCOM_Function" VALUES (140, 'Activate', 270, 1, 'activate', NULL, B'1');
INSERT INTO "tblCOM_Function" VALUES (141, 'Deactivate', 270, 2, 'deactivate', NULL, B'1');
INSERT INTO "tblCOM_Function" VALUES (172, 'Activate', 281, 1, 'activate', NULL, B'1');
INSERT INTO "tblCOM_Function" VALUES (173, 'Deactivate', 281, 2, 'deactivate', NULL, B'1');
INSERT INTO "tblCOM_Function" VALUES (174, 'Activate', 282, 1, 'activate', NULL, B'1');
INSERT INTO "tblCOM_Function" VALUES (175, 'Deactivate', 282, 2, 'deactivate', NULL, B'1');
INSERT INTO "tblCOM_Function" VALUES (176, 'Post', 45, 10, 'Post', B'1', NULL);
INSERT INTO "tblCOM_Function" VALUES (177, 'Convert', 36, 1, 'rq-convert', NULL, B'1');
INSERT INTO "tblCOM_Function" VALUES (178, 'Generate Count Sheet', 108, 1, 'generate-countsheet', B'1', NULL);
INSERT INTO "tblCOM_Function" VALUES (179, 'Clear Sheet', 108, 2, 'clear-countsheet', B'1', NULL);


--
-- Data for Name: tblCOM_Module; Type: TABLE DATA; Schema: public; Owner: postgres
--

INSERT INTO "tblCOM_Module" VALUES ('Item Type', 21, 'administration/item-type', 147, 3, '', B'1', B'0', B'0', B'1', NULL);
INSERT INTO "tblCOM_Module" VALUES ('Size Grouping', 21, 'administration/size-grouping', 22, 4, '', B'1', B'0', B'0', B'1', NULL);
INSERT INTO "tblCOM_Module" VALUES ('Transfer Order', 91, '', 94, 4, '', B'1', B'0', B'1', B'1', NULL);
INSERT INTO "tblCOM_Module" VALUES ('Buyer Setup', 21, 'administration/buyer-setup', 249, 3, '', B'1', NULL, NULL, B'1', NULL);
INSERT INTO "tblCOM_Module" VALUES ('Sharing Code', 21, 'administration/attributes/163', 163, 3, '', B'1', B'0', B'0', B'1', NULL);
INSERT INTO "tblCOM_Module" VALUES ('Machines', 5, '', 185, 2, '', B'1', B'0', B'1', B'1', NULL);
INSERT INTO "tblCOM_Module" VALUES ('General', 10, '', 254, 3, '', B'1', NULL, B'1', B'1', NULL);
INSERT INTO "tblCOM_Module" VALUES ('Sub Category', 21, 'administration/sub-category', 250, 3, '', B'1', B'0', B'0', B'1', NULL);
INSERT INTO "tblCOM_Module" VALUES ('User and Approval Setup', 1, '', 9, 2, '', B'1', B'0', B'1', B'1', NULL);
INSERT INTO "tblCOM_Module" VALUES ('Accounting', 10, '', 255, 3, '', B'1', NULL, B'1', B'1', NULL);
INSERT INTO "tblCOM_Module" VALUES ('Customer Type', 255, 'administration/customer-type', 246, 3, '', B'1', B'0', B'0', B'1', NULL);
INSERT INTO "tblCOM_Module" VALUES ('Identifier', 21, 'administration/identifier', 251, 3, '', B'1', NULL, NULL, B'1', NULL);
INSERT INTO "tblCOM_Module" VALUES ('Document Tracking', 1, '', 12, 2, '', B'1', B'0', B'1', B'1', NULL);
INSERT INTO "tblCOM_Module" VALUES ('CRM', 199, '', 200, 3, '', B'1', B'0', B'1', B'1', NULL);
INSERT INTO "tblCOM_Module" VALUES ('Machine', 185, '', 188, 2, '', B'1', B'0', B'1', B'1', NULL);
INSERT INTO "tblCOM_Module" VALUES ('Other Assets', 5, '', 218, 2, '', B'1', B'0', B'1', B'1', NULL);
INSERT INTO "tblCOM_Module" VALUES ('Asset Class', 218, '', 219, 3, '', B'1', B'0', B'1', B'1', NULL);
INSERT INTO "tblCOM_Module" VALUES ('Machine Retrieval', 185, '', 201, 3, '', B'1', B'0', B'1', B'1', NULL);
INSERT INTO "tblCOM_Module" VALUES ('Property Accountability', 7, '', 221, 2, '', B'1', B'0', B'1', B'1', NULL);
INSERT INTO "tblCOM_Module" VALUES ('Transfers', 204, '', 213, 4, '', B'1', B'0', B'1', B'1', NULL);
INSERT INTO "tblCOM_Module" VALUES ('Machines & Other Asset Inventory', 5, '', 204, 2, '', B'1', B'0', B'1', B'1', NULL);
INSERT INTO "tblCOM_Module" VALUES ('Spareparts Inventory', 186, '', 208, 2, '', B'1', B'0', B'1', B'1', NULL);
INSERT INTO "tblCOM_Module" VALUES ('Repairs', 186, '', 227, 2, '', B'1', B'0', B'1', B'1', NULL);
INSERT INTO "tblCOM_Module" VALUES ('Master Files', 1, '', 18, 3, '', B'1', B'0', B'1', B'1', NULL);
INSERT INTO "tblCOM_Module" VALUES ('Budget and Expense', 43, '', 65, 3, '', B'1', B'0', B'1', B'1', NULL);
INSERT INTO "tblCOM_Module" VALUES ('Size Category', 21, 'administration/attributes/32', 32, 5, '', B'1', B'0', B'0', B'1', NULL);
INSERT INTO "tblCOM_Module" VALUES ('Users', 9, 'administration/users', 13, 3, '', B'1', B'0', B'0', B'1', NULL);
INSERT INTO "tblCOM_Module" VALUES ('Position', 9, 'administration/position', 14, 3, '', B'1', B'0', B'0', B'1', NULL);
INSERT INTO "tblCOM_Module" VALUES ('Exhange Rate', 10, 'administration/exchange-rate', 19, 3, '', B'1', B'0', B'0', B'1', NULL);
INSERT INTO "tblCOM_Module" VALUES ('Paybank Setup', 188, '', 191, 3, '', B'1', B'0', B'1', B'1', NULL);
INSERT INTO "tblCOM_Module" VALUES ('Batch Process Sales Sharing', 188, '', 192, 3, '', B'1', B'0', B'1', B'1', NULL);
INSERT INTO "tblCOM_Module" VALUES ('Sales', 185, '', 199, 2, '', B'1', B'0', B'1', B'1', NULL);
INSERT INTO "tblCOM_Module" VALUES ('Machine/Asset Inventory', 185, '', 193, 2, '', B'1', B'0', B'1', B'1', NULL);
INSERT INTO "tblCOM_Module" VALUES ('Receiving', 193, '', 194, 3, '', B'1', B'0', B'1', B'1', NULL);
INSERT INTO "tblCOM_Module" VALUES ('Transfer Order', 193, '', 195, 3, '', B'1', B'0', B'1', B'1', NULL);
INSERT INTO "tblCOM_Module" VALUES ('Receiving', 204, '', 212, 4, '', B'1', B'0', B'1', B'1', NULL);
INSERT INTO "tblCOM_Module" VALUES ('Receiving', 208, '', 228, 3, '', B'1', B'0', B'1', B'1', NULL);
INSERT INTO "tblCOM_Module" VALUES ('Retrieval', 185, '', 235, 2, '', B'1', B'0', B'1', B'1', NULL);
INSERT INTO "tblCOM_Module" VALUES ('Purchasing', 0, 'purchasing', 2, 1, 'glyphicon-shopping-cart', B'1', B'0', B'1', B'1', NULL);
INSERT INTO "tblCOM_Module" VALUES ('Item Master File', 81, 'sales-operation/item-master-file', 86, 3, '', B'1', B'0', B'0', B'1', NULL);
INSERT INTO "tblCOM_Module" VALUES ('Issuance', 0, '', 214, 4, '', B'1', B'0', B'1', B'1', NULL);
INSERT INTO "tblCOM_Module" VALUES ('Fixed Asset Management', 0, 'fixed-asset-management', 5, 1, 'glyphicon-briefcase', B'1', B'0', B'1', B'1', NULL);
INSERT INTO "tblCOM_Module" VALUES ('Warehouse & Logistics Management', 0, 'warehouse-management', 6, 1, 'glyphicon-home', B'1', B'0', B'1', B'1', NULL);
INSERT INTO "tblCOM_Module" VALUES ('Human Resource & Recruitment', 0, 'human-resource-recruitment', 7, 1, 'glyphicon-user', B'1', B'0', B'1', B'1', NULL);
INSERT INTO "tblCOM_Module" VALUES ('Reports', 0, 'reports', 8, 1, 'glyphicon-file', B'1', B'0', B'1', B'1', NULL);
INSERT INTO "tblCOM_Module" VALUES ('Financial Management', 0, 'financial-management', 3, 1, 'glyphicon-piggy-bank', B'1', B'0', B'1', B'1', NULL);
INSERT INTO "tblCOM_Module" VALUES ('Administration', 0, 'administration', 1, 1, 'glyphicon-cog', B'1', B'0', B'1', B'1', NULL);
INSERT INTO "tblCOM_Module" VALUES ('Bank Accounts', 43, 'financial-management/bank-accounts', 59, 3, '', B'1', B'0', B'0', B'1', NULL);
INSERT INTO "tblCOM_Module" VALUES ('Item Master File', 114, 'warehouse-management/item-master-file', 122, 4, '', B'1', B'1', B'0', B'1', NULL);
INSERT INTO "tblCOM_Module" VALUES ('Location/Store Profile', 76, 'sales-operation/store-profile', 78, 2, '', B'1', B'1', B'0', B'1', NULL);
INSERT INTO "tblCOM_Module" VALUES ('Operation Budget', 65, 'financial-management/budget-expense/operation-budget', 67, 4, '', B'1', B'1', B'0', B'1', NULL);
INSERT INTO "tblCOM_Module" VALUES ('Petty Cash Request', 98, 'sales-operation/petty-cash-request', 103, 4, '', B'1', B'1', B'0', B'1', NULL);
INSERT INTO "tblCOM_Module" VALUES ('Physical Count', 204, 'fixed-asset-management/physical-count', 225, 3, '', B'1', B'1', B'0', B'1', NULL);
INSERT INTO "tblCOM_Module" VALUES ('Purchase Receipt', 90, 'sales-operation/purchase-receipt', 92, 4, '', B'1', B'1', B'0', B'1', NULL);
INSERT INTO "tblCOM_Module" VALUES ('Purchase Receipt', 228, 'repairs-maintenance/purchase-receipt', 232, 3, '', B'1', B'1', B'0', B'1', NULL);
INSERT INTO "tblCOM_Module" VALUES ('Request Payment', 110, 'warehouse-management/request-payment', 141, 3, '', B'1', B'1', B'0', B'1', NULL);
INSERT INTO "tblCOM_Module" VALUES ('Transfer Receipt', 90, 'sales-operation/transfer-receipt', 93, 4, '', B'1', B'1', B'0', B'1', NULL);
INSERT INTO "tblCOM_Module" VALUES ('Transfer Order', 208, '', 229, 2, '', B'1', B'0', B'1', B'1', NULL);
INSERT INTO "tblCOM_Module" VALUES ('Item Catalogue', 79, 'sales-operation/item-catalogue', 68, 3, '', B'1', B'0', B'0', B'1', NULL);
INSERT INTO "tblCOM_Module" VALUES ('Sizes', 21, 'administration/attributes/31', 31, 5, '', B'1', B'0', B'0', B'1', NULL);
INSERT INTO "tblCOM_Module" VALUES ('Sales Invoice', 39, 'financial-management/sales-invoice', 45, 3, '', B'1', B'0', B'0', B'1', 1);
INSERT INTO "tblCOM_Module" VALUES ('Accounts Payable Voucher', 40, 'financial-management/accounts-payable-voucher', 48, 3, '', B'1', B'0', B'0', B'1', 1);
INSERT INTO "tblCOM_Module" VALUES ('Revolving Fund', 82, '', 98, 3, '', B'1', B'0', B'1', B'1', NULL);
INSERT INTO "tblCOM_Module" VALUES ('Check Voucher', 40, 'financial-management/check-voucher', 53, 3, '', B'1', B'0', B'0', B'1', 2);
INSERT INTO "tblCOM_Module" VALUES ('Working Trial Balance', 42, 'financial-management/working-trial-balance', 57, 3, '', B'1', B'0', B'0', B'1', 2);
INSERT INTO "tblCOM_Module" VALUES ('Shift Type', 21, 'administration/attributes/157', 157, 3, '', B'1', B'0', B'0', B'1', NULL);
INSERT INTO "tblCOM_Module" VALUES ('General Journal', 42, 'financial-management/general-journal', 54, 3, '', B'1', B'0', B'0', B'1', 3);
INSERT INTO "tblCOM_Module" VALUES ('Repairs & Maintenance', 0, 'repairs-maintenance', 186, 1, 'glyphicon-wrench', B'1', B'0', B'1', B'1', NULL);
INSERT INTO "tblCOM_Module" VALUES ('Color', 21, 'administration/attributes/30', 30, 5, '', B'1', B'0', B'0', B'1', NULL);
INSERT INTO "tblCOM_Module" VALUES ('Cost/Profit Center', 18, 'administration/cost-profit-center', 23, 4, '', B'1', B'0', B'0', B'1', NULL);
INSERT INTO "tblCOM_Module" VALUES ('Customer', 18, 'administration/customer', 27, 4, '', B'1', B'0', B'0', B'1', NULL);
INSERT INTO "tblCOM_Module" VALUES ('Item Master', 18, 'administration/item-master', 26, 4, '', B'1', B'0', B'0', B'1', NULL);
INSERT INTO "tblCOM_Module" VALUES ('Company', 18, 'administration/company', 17, 3, '', B'1', B'0', B'0', B'1', NULL);
INSERT INTO "tblCOM_Module" VALUES ('Inventory Details', 81, 'sales-operation/inventory-details', 87, 3, '', B'1', B'0', B'0', B'1', NULL);
INSERT INTO "tblCOM_Module" VALUES ('Returns', 91, 'sales-operation/returns', 95, 4, '', B'1', B'0', B'0', B'1', NULL);
INSERT INTO "tblCOM_Module" VALUES ('Petty Cash Request', 116, 'warehouse-management/petty-cash-request', 120, 4, '', B'1', B'0', B'0', B'1', NULL);
INSERT INTO "tblCOM_Module" VALUES ('Operation Budget', 102, 'sales-operation/budget-expense/operation-budget', 106, 4, '', B'1', B'0', B'0', B'1', NULL);
INSERT INTO "tblCOM_Module" VALUES ('Petty Cash Replenishment', 116, 'warehouse-management/petty-cash-replenishment', 121, 4, '', B'1', B'0', B'0', B'1', NULL);
INSERT INTO "tblCOM_Module" VALUES ('Transaction Status', 21, 'administration/attributes/160', 160, 3, '', B'1', B'0', B'0', B'1', NULL);
INSERT INTO "tblCOM_Module" VALUES ('Purpose Code', 21, 'administration/attributes/161', 161, 3, '', B'1', B'0', B'0', B'1', NULL);
INSERT INTO "tblCOM_Module" VALUES ('Season', 142, 'administration/attributes/165', 165, 4, '', B'1', B'0', B'0', B'1', NULL);
INSERT INTO "tblCOM_Module" VALUES ('Gender', 142, 'administration/attributes/166', 166, 4, '', B'1', B'0', B'0', B'1', NULL);
INSERT INTO "tblCOM_Module" VALUES ('Class', 142, 'administration/attributes/167', 167, 4, '', B'1', B'0', B'0', B'1', NULL);
INSERT INTO "tblCOM_Module" VALUES ('Type', 142, 'administration/attributes/169', 169, 4, '', B'1', B'0', B'0', B'1', NULL);
INSERT INTO "tblCOM_Module" VALUES ('Sub-Type', 142, 'administration/attributes/170', 170, 4, '', B'1', B'0', B'0', B'1', NULL);
INSERT INTO "tblCOM_Module" VALUES ('Personnel Request', 7, 'human-resource-recruitment/personnel-request', 179, 2, '', B'1', B'0', B'0', B'1', NULL);
INSERT INTO "tblCOM_Module" VALUES ('Location Structure', 18, 'administration/location', 24, 4, '', B'1', B'0', B'0', B'1', NULL);
INSERT INTO "tblCOM_Module" VALUES ('Modules', 254, 'administration/modules', 15, 3, '', B'1', B'0', B'0', B'1', NULL);
INSERT INTO "tblCOM_Module" VALUES ('Number Series', 254, 'administration/no-series', 16, 3, '', B'1', B'0', B'0', B'1', NULL);
INSERT INTO "tblCOM_Module" VALUES ('Currency', 255, 'administration/attributes/34', 34, 5, '', B'1', B'0', B'0', B'1', NULL);
INSERT INTO "tblCOM_Module" VALUES ('Fixed Asset Class', 255, 'administration/attributes/146', 146, 3, '', B'1', B'0', B'0', B'1', NULL);
INSERT INTO "tblCOM_Module" VALUES ('Front End', 21, 'sales-operation/front-end', 177, 2, '', B'1', B'0', B'0', B'1', NULL);
INSERT INTO "tblCOM_Module" VALUES ('Unit of Measurement', 21, 'administration/attributes/33', 33, 5, '', B'1', B'0', B'0', B'1', NULL);
INSERT INTO "tblCOM_Module" VALUES ('Employee Transfer Request', 7, 'human-resource-recruitment/employee-transfer-request', 180, 2, '', B'1', B'0', B'0', B'1', NULL);
INSERT INTO "tblCOM_Module" VALUES ('Contract Extension Request', 7, 'human-resource-recruitment/contract-extension-request', 181, 2, '', B'1', B'0', B'0', B'1', NULL);
INSERT INTO "tblCOM_Module" VALUES ('Group', 142, 'administration/attributes/164', 164, 4, '', B'1', B'0', B'0', B'1', NULL);
INSERT INTO "tblCOM_Module" VALUES ('Re-Order', 79, 'sales-operation/re-order', 109, 3, '', B'1', B'0', B'0', B'1', NULL);
INSERT INTO "tblCOM_Module" VALUES ('Resource Tracking', 111, 'warehouse-management/resource-tracking', 135, 3, '', B'1', B'0', B'0', B'1', NULL);
INSERT INTO "tblCOM_Module" VALUES ('Schedule Delivery', 111, 'warehouse-management/schedule-delivery', 136, 3, '', B'1', B'0', B'0', B'1', NULL);
INSERT INTO "tblCOM_Module" VALUES ('Dispatch', 111, 'warehouse-management/dispatch', 137, 3, '', B'1', B'0', B'0', B'1', NULL);
INSERT INTO "tblCOM_Module" VALUES ('Delivered', 111, 'warehouse-management/delivered', 138, 3, '', B'1', B'0', B'0', B'1', NULL);
INSERT INTO "tblCOM_Module" VALUES ('Free Token Issuance', 91, 'sales-operation/free-token-issuance', 139, 4, '', B'1', B'0', B'0', B'1', NULL);
INSERT INTO "tblCOM_Module" VALUES ('Area Zoning', 21, 'administration/attributes/145', 145, 3, '', B'1', B'0', B'0', B'1', NULL);
INSERT INTO "tblCOM_Module" VALUES ('Shipping Method', 21, 'administration/attributes/162', 162, 3, '', B'1', B'0', B'0', B'1', NULL);
INSERT INTO "tblCOM_Module" VALUES ('Capital Expenditure', 102, 'sales-operation/budget-expense/capital-expendeture', 105, 4, '', B'1', B'0', B'0', B'1', NULL);
INSERT INTO "tblCOM_Module" VALUES ('Adjustment', 114, 'warehouse-management/adjustment', 125, 4, '', B'1', B'0', B'0', B'1', NULL);
INSERT INTO "tblCOM_Module" VALUES ('Document Approval', 3, 'financial-management/document-approval', 49, 2, '', B'1', B'1', B'0', B'1', NULL);
INSERT INTO "tblCOM_Module" VALUES ('Inventory Details', 114, 'warehouse-management/inventory-details', 124, 4, '', B'1', B'1', B'0', B'1', NULL);
INSERT INTO "tblCOM_Module" VALUES ('Location Structure', 21, 'administration/attributes/143', 143, 5, '', B'1', B'1', B'0', B'1', NULL);
INSERT INTO "tblCOM_Module" VALUES ('Petty Cash Replenishment', 98, 'sales-operation/petty-cash-replenishment', 104, 4, '', B'1', B'1', B'0', B'1', NULL);
INSERT INTO "tblCOM_Module" VALUES ('Purchase Order', 110, 'warehouse-management/purchase-order', 113, 3, '', B'1', B'1', B'0', B'1', NULL);
INSERT INTO "tblCOM_Module" VALUES ('Requisition', 79, 'sales-operation/requisition', 83, 3, '', B'1', B'1', B'0', B'1', NULL);
INSERT INTO "tblCOM_Module" VALUES ('Requisition', 110, 'warehouse-management/requisition', 112, 3, '', B'1', B'1', B'0', B'1', NULL);
INSERT INTO "tblCOM_Module" VALUES ('Other Asset Registration', 218, 'fixed-asset-management/fixed-asset-registration', 187, 3, '', B'1', B'0', B'0', B'1', NULL);
INSERT INTO "tblCOM_Module" VALUES ('Unit Conversion', 10, 'administration/unit-conversion', 20, 3, '', B'1', B'0', B'0', B'1', NULL);
INSERT INTO "tblCOM_Module" VALUES ('Cash Advance', 82, 'sales-operation/cash-advance', 99, 3, '', B'1', B'1', B'0', B'1', NULL);
INSERT INTO "tblCOM_Module" VALUES ('Cash Advance (CA)', 43, 'financial-management/cash-advance', 63, 3, '', B'1', B'0', B'0', B'1', NULL);
INSERT INTO "tblCOM_Module" VALUES ('Reimbursement', 82, 'sales-operation/reimbursement', 100, 3, '', B'1', B'1', B'0', B'1', NULL);
INSERT INTO "tblCOM_Module" VALUES ('Requisition (RQ)', 44, 'financial-management/requisition', 62, 3, '', B'1', B'0', B'0', B'1', NULL);
INSERT INTO "tblCOM_Module" VALUES ('Purchase Order', 80, 'sales-operation/purchase-order', 85, 3, '', B'1', B'1', B'0', B'1', NULL);
INSERT INTO "tblCOM_Module" VALUES ('Document Approval', 2, 'purchasing/document-approval', 38, 2, '', B'1', B'0', B'0', B'1', NULL);
INSERT INTO "tblCOM_Module" VALUES ('Redemption Tickets', 176, 'sales-operation/redemption-tickets', 238, 3, '', B'1', B'0', B'0', B'1', NULL);
INSERT INTO "tblCOM_Module" VALUES ('Bank Type', 21, 'administration/attributes/242', 242, 5, '', B'1', B'0', B'0', B'1', NULL);
INSERT INTO "tblCOM_Module" VALUES ('Payment Method', 21, 'administration/attributes/154', 154, 3, '', B'1', B'0', B'0', B'1', NULL);
INSERT INTO "tblCOM_Module" VALUES ('Document Transaction Type', 21, 'administration/attributes/158', 158, 3, '', B'1', B'0', B'0', B'1', NULL);
INSERT INTO "tblCOM_Module" VALUES ('Priority Level', 21, 'administration/attributes/159', 159, 3, '', B'1', B'0', B'0', B'1', NULL);
INSERT INTO "tblCOM_Module" VALUES ('Physical Count', 4, 'sales-operation/physical-count', 108, 3, '', B'1', B'0', B'0', B'1', NULL);
INSERT INTO "tblCOM_Module" VALUES ('Batch Allocation', 79, 'sales-operation/batch-allocation', 184, 3, '', B'1', B'0', B'0', B'1', NULL);
INSERT INTO "tblCOM_Module" VALUES ('Batch Requisition', 79, 'sales-operation/batch-requisition', 178, 4, '', B'1', B'0', B'0', B'1', NULL);
INSERT INTO "tblCOM_Module" VALUES ('Machine Master File', 185, 'fixed-asset-management/machine-master-file', 190, 3, '', B'1', B'0', B'0', B'1', NULL);
INSERT INTO "tblCOM_Module" VALUES ('Tokens/Tickets', 201, 'fixed-asset-management/ticket-rides', 202, 4, '', B'1', B'0', B'0', B'1', NULL);
INSERT INTO "tblCOM_Module" VALUES ('Asset Disposal', 186, 'repairs-maintenance/adv', 211, 3, '', B'1', B'0', B'0', B'1', NULL);
INSERT INTO "tblCOM_Module" VALUES ('Puchase Receipt', 194, 'fixed-asset-management/purchase-receipt', 196, 4, '', B'1', B'0', B'0', B'1', NULL);
INSERT INTO "tblCOM_Module" VALUES ('Employee Accountability Record', 221, 'human-resource-recruitment/employee-accountability-record', 222, 3, '', B'1', B'0', B'0', B'1', NULL);
INSERT INTO "tblCOM_Module" VALUES ('Job Order', 227, 'repairs-maintenance/job-order', 206, 3, '', B'1', B'0', B'0', B'1', NULL);
INSERT INTO "tblCOM_Module" VALUES ('Department Accountability Record', 221, 'human-resource-recruitment/department-accountability-record', 223, 3, '', B'1', B'0', B'0', B'1', NULL);
INSERT INTO "tblCOM_Module" VALUES ('Cost/Profit Class', 255, 'administration/attributes/152', 152, 3, '', B'1', B'0', B'0', B'1', NULL);
INSERT INTO "tblCOM_Module" VALUES ('Machine Type', 255, 'administration/attributes/149', 149, 3, '', B'1', B'0', B'0', B'1', NULL);
INSERT INTO "tblCOM_Module" VALUES ('Supplier Type', 255, 'administration/attributes/156', 156, 3, '', B'1', B'0', B'0', B'1', NULL);
INSERT INTO "tblCOM_Module" VALUES ('Redeemed Items', 21, 'sales-operation/redemption', 77, 4, '', B'1', B'0', B'0', B'1', NULL);
INSERT INTO "tblCOM_Module" VALUES ('Dismantle Machine', 185, 'fixed-asset-management/atdm', 210, 3, '', B'1', B'0', B'0', B'1', NULL);
INSERT INTO "tblCOM_Module" VALUES ('Inventory Journal', 204, 'fixed-asset-management/inventory-details', 220, 3, '', B'1', B'0', B'0', B'1', NULL);
INSERT INTO "tblCOM_Module" VALUES ('Dismantle', 186, 'repairs-maintenance/atdm', 231, 2, '', B'1', B'0', B'0', B'1', NULL);
INSERT INTO "tblCOM_Module" VALUES ('ATD', 115, 'warehouse-management/atd', 119, 3, '', B'1', B'0', B'0', B'1', NULL);
INSERT INTO "tblCOM_Module" VALUES ('Transfer Receipt', 212, 'fixed-asset-management/transfer-receipt', 217, 5, '', B'1', B'0', B'0', B'1', NULL);
INSERT INTO "tblCOM_Module" VALUES ('Issuance', 208, 'repairs-maintenance/issuance', 230, 3, '', B'1', B'0', B'0', B'1', NULL);
INSERT INTO "tblCOM_Module" VALUES ('Supplier', 18, 'administration/supplier', 28, 4, '', B'1', B'0', B'0', B'1', NULL);
INSERT INTO "tblCOM_Module" VALUES ('Tokens', 176, 'sales-operation/tokens', 182, 3, '', B'1', B'0', B'0', B'1', NULL);
INSERT INTO "tblCOM_Module" VALUES ('Store Personnel', 21, 'administration/attributes/150', 150, 3, '', B'1', B'0', B'0', B'1', NULL);
INSERT INTO "tblCOM_Module" VALUES ('Division', 142, 'administration/attributes/168', 168, 4, '', B'1', B'0', B'0', B'1', NULL);
INSERT INTO "tblCOM_Module" VALUES ('Mask Category', 10, 'administration/mask-category', 173, 4, '', B'1', B'0', B'0', B'1', NULL);
INSERT INTO "tblCOM_Module" VALUES ('Account Posting Setup', 18, 'administration/account-posting-setup', 244, 4, '', B'1', B'0', B'0', B'1', NULL);
INSERT INTO "tblCOM_Module" VALUES ('Brand', 21, 'administration/attributes/245', 245, 4, NULL, B'1', B'0', B'0', B'1', NULL);
INSERT INTO "tblCOM_Module" VALUES ('Game and Ride Tickets', 201, 'fixed-asset-management/tokens-tickets', 203, 4, '', B'1', B'1', B'0', B'1', NULL);
INSERT INTO "tblCOM_Module" VALUES ('Item Re-Class', 114, 'warehouse-management/item-re-class', 126, 4, '', B'1', B'1', B'0', B'1', NULL);
INSERT INTO "tblCOM_Module" VALUES ('Item Re-Class', 204, 'fixed-asset-management/item-re-class', 224, 3, '', B'1', B'1', B'0', B'1', NULL);
INSERT INTO "tblCOM_Module" VALUES ('Item Re-Class', 186, 'repairs-maintenance/item-re-class', 209, 3, '', B'1', B'1', B'0', B'1', NULL);
INSERT INTO "tblCOM_Module" VALUES ('Physical Count', 114, 'warehouse-management/physical-count', 123, 4, '', B'1', B'1', B'0', B'1', NULL);
INSERT INTO "tblCOM_Module" VALUES ('Purchase Receipt', 212, 'fixed-asset-management/purchase-receipt', 215, 5, '', B'1', B'1', B'0', B'1', NULL);
INSERT INTO "tblCOM_Module" VALUES ('Redemption Tickets', 235, 'fixed-asset-management/redemption-tickets', 239, 3, '', B'1', B'1', B'0', B'1', NULL);
INSERT INTO "tblCOM_Module" VALUES ('Reimbursement', 115, 'warehouse-management/reimbursement', 118, 3, '', B'1', B'1', B'0', B'1', NULL);
INSERT INTO "tblCOM_Module" VALUES ('Requisition (RQ)', 2, 'purchasing/requisition', 35, 2, '', B'1', B'1', B'0', B'1', NULL);
INSERT INTO "tblCOM_Module" VALUES ('Returns', 204, 'fixed-asset-management//returns', 226, 3, '', B'1', B'1', B'0', B'1', NULL);
INSERT INTO "tblCOM_Module" VALUES ('Returns', 128, 'warehouse-management/returns', 132, 5, '', B'1', B'1', B'0', B'1', NULL);
INSERT INTO "tblCOM_Module" VALUES ('Returns', 2, 'purchasing/returns', 37, 2, '', B'1', B'1', B'0', B'1', NULL);
INSERT INTO "tblCOM_Module" VALUES ('Sales', 21, 'sales-operation/sales', 107, 2, '', B'1', B'1', B'0', B'1', NULL);
INSERT INTO "tblCOM_Module" VALUES ('Tokens', 235, 'fixed-asset-management/tokens', 236, 3, '', B'1', B'1', B'0', B'1', NULL);
INSERT INTO "tblCOM_Module" VALUES ('Transfer Order', 213, 'fixed-asset-management/transfer-order', 216, 5, '', B'1', B'1', B'0', B'1', NULL);
INSERT INTO "tblCOM_Module" VALUES ('Transfer Order', 229, 'repairs-maintenance/transfer-order', 233, 3, '', B'1', B'1', B'0', B'1', NULL);
INSERT INTO "tblCOM_Module" VALUES ('Transfer Receipt', 127, 'warehouse-management/transfer-receipt', 130, 5, '', B'1', B'1', B'0', B'1', NULL);
INSERT INTO "tblCOM_Module" VALUES ('Transfer Receipt', 195, 'fixed-asset-management/transfer-receipt', 198, 4, '', B'1', B'1', B'0', B'1', NULL);
INSERT INTO "tblCOM_Module" VALUES ('Transfer Order', 131, 'warehouse-management/transfer-order', 133, 6, '', B'1', B'1', B'0', B'1', NULL);
INSERT INTO "tblCOM_Module" VALUES ('Game and Ride Tickets', 235, 'fixed-asset-management/ticket-rides', 237, 3, '', B'1', B'0', B'0', B'1', NULL);
INSERT INTO "tblCOM_Module" VALUES ('Chart of Accounts', 18, 'administration/chart-of-accounts', 243, 3, '', B'1', B'0', B'0', B'1', NULL);
INSERT INTO "tblCOM_Module" VALUES ('Sales', 81, '', 70, 3, '', B'1', B'0', B'1', B'1', NULL);
INSERT INTO "tblCOM_Module" VALUES ('Inventory', 110, '', 114, 3, '', B'1', B'0', B'1', B'1', NULL);
INSERT INTO "tblCOM_Module" VALUES ('Requisition', 227, 'repairs-maintenance/requisition', 205, 3, '', B'1', B'1', B'0', B'1', NULL);
INSERT INTO "tblCOM_Module" VALUES ('Purchase Order (PO)', 2, 'purchasing/purchase-order', 36, 2, '', B'1', B'0', B'0', B'1', NULL);
INSERT INTO "tblCOM_Module" VALUES ('Cash Management', 110, '', 115, 3, '', B'1', B'0', B'1', B'1', NULL);
INSERT INTO "tblCOM_Module" VALUES ('Revolving Fund', 115, '', 116, 3, '', B'1', B'0', B'1', B'1', NULL);
INSERT INTO "tblCOM_Module" VALUES ('Transfer Order', 128, '', 131, 5, '', B'1', B'0', B'1', B'1', NULL);
INSERT INTO "tblCOM_Module" VALUES ('Inbound', 114, '', 127, 4, '', B'1', B'0', B'1', B'1', NULL);
INSERT INTO "tblCOM_Module" VALUES ('Outbound', 114, '', 128, 4, '', B'1', B'0', B'1', B'1', NULL);
INSERT INTO "tblCOM_Module" VALUES ('Budget and Expense', 82, '', 102, 3, '', B'1', B'0', B'1', B'1', NULL);
INSERT INTO "tblCOM_Module" VALUES ('Employee', 18, '', 29, 4, '', B'1', B'0', B'1', B'1', NULL);
INSERT INTO "tblCOM_Module" VALUES ('Receivables', 3, '', 39, 2, '', B'1', B'0', B'1', B'1', NULL);
INSERT INTO "tblCOM_Module" VALUES ('Payables', 3, '', 40, 2, '', B'1', B'0', B'1', B'1', NULL);
INSERT INTO "tblCOM_Module" VALUES ('Cash Management', 3, '', 43, 2, '', B'1', B'0', B'1', B'1', NULL);
INSERT INTO "tblCOM_Module" VALUES ('General', 3, '', 44, 2, '', B'1', B'0', B'1', B'1', NULL);
INSERT INTO "tblCOM_Module" VALUES ('Transfer Order - Local', 213, 'fixed-asset-management/transfer-order-local', 197, 4, '', B'1', B'1', B'0', B'1', NULL);
INSERT INTO "tblCOM_Module" VALUES ('Revolving Fund', 43, '', 58, 3, '', B'1', B'0', B'1', B'1', NULL);
INSERT INTO "tblCOM_Module" VALUES ('General Ledger', 3, '', 42, 2, '', B'1', B'0', B'1', B'1', NULL);
INSERT INTO "tblCOM_Module" VALUES ('Application Setup', 1, '', 10, 2, '', B'1', B'0', B'1', B'1', NULL);
INSERT INTO "tblCOM_Module" VALUES ('Outbound', 81, '', 91, 3, '', B'1', B'0', B'1', B'1', NULL);
INSERT INTO "tblCOM_Module" VALUES ('Inbound', 81, '', 90, 3, '', B'1', B'0', B'1', B'1', NULL);
INSERT INTO "tblCOM_Module" VALUES ('Warehouse Inventory Management', 6, '', 110, 2, '', B'1', B'0', B'1', B'1', NULL);
INSERT INTO "tblCOM_Module" VALUES ('Warehouse Logistics', 6, '', 111, 2, '', B'1', B'0', B'1', B'1', NULL);
INSERT INTO "tblCOM_Module" VALUES ('Category', 21, '', 142, 3, '', B'1', B'0', B'1', B'1', NULL);
INSERT INTO "tblCOM_Module" VALUES ('Approval Setup', 9, 'administration/approval-setup', 248, 3, '', B'1', NULL, NULL, B'1', NULL);
INSERT INTO "tblCOM_Module" VALUES ('Inventory', 10, '', 21, 4, '', B'1', B'0', B'1', B'1', NULL);
INSERT INTO "tblCOM_Module" VALUES ('Payment Terms', 255, 'administration/payment-terms', 240, 3, NULL, B'1', B'0', B'0', B'1', NULL);
INSERT INTO "tblCOM_Module" VALUES ('Tax', 255, 'administration/tax', 171, 3, '', B'1', B'0', B'0', B'1', NULL);
INSERT INTO "tblCOM_Module" VALUES ('Cash Management', 21, '', 82, 2, '', B'1', B'0', B'1', B'1', NULL);
INSERT INTO "tblCOM_Module" VALUES ('Branch Requisition', 21, '', 79, 2, '', B'1', B'0', B'1', B'1', NULL);
INSERT INTO "tblCOM_Module" VALUES ('Purchase Order', 21, '', 80, 2, '', B'1', B'0', B'1', B'1', NULL);
INSERT INTO "tblCOM_Module" VALUES ('Inventory', 21, '', 81, 2, '', B'1', B'0', B'1', B'1', NULL);
INSERT INTO "tblCOM_Module" VALUES ('Category', 21, 'administration/category', 174, 4, '', B'1', B'0', B'0', B'1', NULL);
INSERT INTO "tblCOM_Module" VALUES ('Identifier Setup', 21, 'administration/identifier-setup', 252, 3, '', B'1', NULL, NULL, B'1', NULL);
INSERT INTO "tblCOM_Module" VALUES ('Concerned Department Setup', 21, 'administration/department-setup', 253, 3, '', B'1', NULL, NULL, B'1', NULL);
INSERT INTO "tblCOM_Module" VALUES ('Location Type', 21, 'administration/attributes/144', 144, 3, '', B'1', B'0', B'0', B'1', NULL);
INSERT INTO "tblCOM_Module" VALUES ('Adjustment', 81, 'sales-operation/adjustment', 88, 3, '', B'1', B'1', B'0', B'1', NULL);
INSERT INTO "tblCOM_Module" VALUES ('ATD', 82, 'sales-operation/atd', 101, 3, '', B'1', B'1', B'0', B'1', NULL);
INSERT INTO "tblCOM_Module" VALUES ('Capital Expenditure', 65, 'financial-management/budget-expense/capital-expendeture', 66, 4, '', B'1', B'1', B'0', B'1', NULL);
INSERT INTO "tblCOM_Module" VALUES ('Cash Advance', 115, 'warehouse-management/cash-advance', 117, 3, '', B'1', B'1', B'0', B'1', NULL);
INSERT INTO "tblCOM_Module" VALUES ('Customer Type', 21, 'administration/attributes/153', 153, 3, '', B'1', B'1', B'0', B'1', NULL);
INSERT INTO "tblCOM_Module" VALUES ('Game and Ride Tickets', 176, 'sales-operation/ticket-rides', 183, 3, '', B'1', B'1', B'0', B'1', NULL);
INSERT INTO "tblCOM_Module" VALUES ('Purchase Receipt', 127, 'warehouse-management/purchase-receipt', 129, 5, '', B'1', B'1', B'0', B'1', NULL);
INSERT INTO "tblCOM_Module" VALUES ('Transfer Receipt', 229, 'repairs-maintenance/transfer-receipt', 234, 3, '', B'1', B'1', B'0', B'1', NULL);
INSERT INTO "tblCOM_Module" VALUES ('Region', 254, 'administration/attributes/260', 260, 5, '', B'1', B'0', B'0', B'1', NULL);
INSERT INTO "tblCOM_Module" VALUES ('Area', 254, 'administration/attributes/261', 261, 5, '', B'1', B'0', B'0', B'1', NULL);
INSERT INTO "tblCOM_Module" VALUES ('Maintenance Schedule', 186, 'repairs-maintenance/maintenance-schedule', 207, 3, '', B'1', B'0', B'0', B'1', NULL);
INSERT INTO "tblCOM_Module" VALUES ('Store/Department Profile', 18, 'administration/store-profile', 247, 3, '', B'1', B'0', B'0', B'1', NULL);
INSERT INTO "tblCOM_Module" VALUES ('Location Level', 254, 'administration/location-mask', 172, 4, '', B'1', B'0', B'0', B'1', NULL);
INSERT INTO "tblCOM_Module" VALUES ('Posting Setup', 3, '', 262, 2, '', B'1', NULL, B'1', B'1', NULL);
INSERT INTO "tblCOM_Module" VALUES ('Posting Group', 1, 'administration/posting-group', 11, 2, '', B'1', B'0', B'0', B'1', NULL);
INSERT INTO "tblCOM_Module" VALUES ('Book Setup', 262, 'financial-management/book-setup', 275, 3, '', B'1', NULL, NULL, B'1', NULL);
INSERT INTO "tblCOM_Module" VALUES ('Request Payment', 79, 'sales-operation/request-payment', 140, 3, '', B'1', B'1', B'0', B'1', NULL);
INSERT INTO "tblCOM_Module" VALUES ('Services', 18, 'administration/services', 276, 4, '', B'1', B'0', B'0', B'1', NULL);
INSERT INTO "tblCOM_Module" VALUES ('Fixed Asset', 262, 'financial-management/fixed-asset-posting-group', 266, 3, '', B'1', NULL, NULL, B'1', NULL);
INSERT INTO "tblCOM_Module" VALUES ('Bank', 262, 'financial-management/bank-posting-group', 267, 3, '', B'1', NULL, NULL, B'1', NULL);
INSERT INTO "tblCOM_Module" VALUES ('Customer', 262, 'financial-management/customer-posting-group', 264, 3, '', B'1', NULL, NULL, B'1', NULL);
INSERT INTO "tblCOM_Module" VALUES ('Inventory', 262, 'financial-management/inventory-posting-group', 265, 3, '', B'1', NULL, NULL, B'1', NULL);
INSERT INTO "tblCOM_Module" VALUES ('Supplier', 262, 'financial-management/supplier-posting-group', 263, 3, '', B'1', NULL, NULL, B'1', NULL);
INSERT INTO "tblCOM_Module" VALUES ('VAT', 262, '', 277, 3, '', B'1', NULL, B'1', B'1', NULL);
INSERT INTO "tblCOM_Module" VALUES ('WHT', 262, '', 278, 3, '', B'1', NULL, B'1', B'1', NULL);
INSERT INTO "tblCOM_Module" VALUES ('WHT Bus. Posting Group', 278, 'financial-management/wht-business-posting-group', 271, 3, '', B'1', NULL, NULL, B'1', NULL);
INSERT INTO "tblCOM_Module" VALUES ('WHT Prod. Posting Group', 278, 'financial-management/wht-product-posting-group', 272, 3, '', B'1', NULL, NULL, B'1', NULL);
INSERT INTO "tblCOM_Module" VALUES ('WHT Setup', 278, 'financial-management/wht-posting-setup', 273, 3, '', B'1', NULL, NULL, B'1', NULL);
INSERT INTO "tblCOM_Module" VALUES ('Request Payment (RP)', 44, 'financial-management/request-payment', 64, 3, '', B'1', B'0', B'0', B'1', NULL);
INSERT INTO "tblCOM_Module" VALUES ('Cash Receipt Journal (CRJ)', 39, 'financial-management/cash-receipt-journal', 46, 3, '', B'1', B'0', B'0', B'1', 2);
INSERT INTO "tblCOM_Module" VALUES ('Amortization - Prepaid Expense', 40, 'financial-management/amortization-prepaid-expense', 51, 3, '', B'1', B'0', B'0', B'1', 3);
INSERT INTO "tblCOM_Module" VALUES ('VAT Prod. Posting Group', 0, 'financial-management/vat-product-posting-group', 269, 3, '', B'1', NULL, NULL, B'1', NULL);
INSERT INTO "tblCOM_Module" VALUES ('VAT Setup', 0, 'financial-management/vat-posting-setup', 270, 3, '', B'1', NULL, NULL, B'1', NULL);
INSERT INTO "tblCOM_Module" VALUES ('Amortization - Loans', 40, 'financial-management/amortization-loan', 52, 3, '', B'1', B'0', B'0', B'1', 4);
INSERT INTO "tblCOM_Module" VALUES ('Supplier', 40, 'financial-management/supplier', 280, 3, NULL, NULL, NULL, NULL, NULL, NULL);
INSERT INTO "tblCOM_Module" VALUES ('Chart of Accounts', 42, 'financial-management/chart-of-accounts', 274, 3, '', B'1', NULL, NULL, B'1', 1);
INSERT INTO "tblCOM_Module" VALUES ('Credit/Debit Memo', 42, 'financial-management/debit-credit-memo', 47, 3, '', B'1', B'0', B'0', B'1', 4);
INSERT INTO "tblCOM_Module" VALUES ('VAT Posting Setup', 277, 'financial-management/vat-setup', 281, 3, '', B'1', NULL, NULL, B'1', NULL);
INSERT INTO "tblCOM_Module" VALUES ('VAT Bus. Posting Group', 0, 'financial-management/vat-business-posting-group', 268, 3, '', B'1', NULL, NULL, B'1', NULL);
INSERT INTO "tblCOM_Module" VALUES ('Customer', 39, 'financial-management/customer', 279, 3, '', NULL, NULL, NULL, NULL, NULL);
INSERT INTO "tblCOM_Module" VALUES ('VAT Posting Group', 277, 'financial-management/vat-posting-group', 282, 3, '', B'1', NULL, NULL, B'1', NULL);
INSERT INTO "tblCOM_Module" VALUES ('Purpose', 254, 'administration/reason', 148, 3, '', B'1', B'0', B'0', B'1', NULL);
INSERT INTO "tblCOM_Module" VALUES ('Revolving Fund Voucher', 58, 'financial-management/revolving-fund-voucher', 283, 2, '', B'1', B'0', B'0', B'1', NULL);
INSERT INTO "tblCOM_Module" VALUES ('Bank Reconciliation', 43, 'financial-management/bank-reconciliation', 60, 3, '', B'1', B'0', B'0', B'1', NULL);
INSERT INTO "tblCOM_Module" VALUES ('Revolving Fund Replenishment', 58, 'financial-management/revolving-fund-replenishment', 73, 4, '', B'1', B'0', B'0', B'1', NULL);
INSERT INTO "tblCOM_Module" VALUES ('Reimbursement', 43, 'financial-management/reimbursement', 61, 3, '', B'1', B'0', B'0', B'1', NULL);
INSERT INTO "tblCOM_Module" VALUES ('Requisition (Local)', 4, 'sales-operation/requisition-local', 284, 2, '', B'1', B'0', B'0', B'1', NULL);
INSERT INTO "tblCOM_Module" VALUES ('Purchase Order - Local', 4, 'sales-operation/purchase-order-local', 84, 3, '', B'1', B'0', B'0', B'1', NULL);
INSERT INTO "tblCOM_Module" VALUES ('Document Approval', 4, 'sales-operation/document-approval', 285, 2, '', B'1', B'0', B'0', B'1', NULL);
INSERT INTO "tblCOM_Module" VALUES ('Store Operations', 0, 'sales-operation', 4, 1, 'glyphicon-share-alt', B'1', B'0', B'1', B'1', NULL);
INSERT INTO "tblCOM_Module" VALUES ('Transfer Order', 4, 'sales-operation/transfer-order', 96, 5, '', B'1', B'0', B'0', B'1', NULL);
INSERT INTO "tblCOM_Module" VALUES ('Transfer Order - Local', 4, 'sales-operation/transfer-order-local', 97, 5, '', B'1', B'0', B'0', B'1', NULL);
INSERT INTO "tblCOM_Module" VALUES ('Transfer Order - Local', 131, 'warehouse-management/transfer-order-local', 134, 6, '', B'1', B'1', B'0', B'1', NULL);
INSERT INTO "tblCOM_Module" VALUES ('Item Re-Class/Adjustment Journal', 4, 'sales-operation/item-re-class-journal', 89, 3, '', B'1', B'0', B'0', B'1', NULL);
INSERT INTO "tblCOM_Module" VALUES ('Testing', 4, 'sales-operation/testing', 286, 3, '', B'1', B'0', B'0', B'1', NULL);
INSERT INTO "tblCOM_Module" VALUES ('Retrieval', 210, 'sales-operation/retrieval', 176, 3, '', B'1', B'1', B'0', B'1', NULL);
INSERT INTO "tblCOM_Module" VALUES ('Retrieval', 4, 'sales-operation/retrieval', 287, 3, '', B'1', B'0', B'0', B'1', NULL);


--
-- Name: tblCOM_Module_m_moduleid_seq; Type: SEQUENCE SET; Schema: public; Owner: postgres
--

SELECT pg_catalog.setval('"tblCOM_Module_m_moduleid_seq"', 287, true);


--
-- Data for Name: tblCOM_NSLocation; Type: TABLE DATA; Schema: public; Owner: postgres
--



--
-- Data for Name: tblCOM_NoSeries; Type: TABLE DATA; Schema: public; Owner: postgres
--

INSERT INTO "tblCOM_NoSeries" VALUES ('C', 'Customer', 27, 100000, 100100, NULL, 'testuser1', 'gregori', '2015-11-03 13:12:20', '2015-11-11 02:34:15', 999999, 'ACCTG');
INSERT INTO "tblCOM_NoSeries" VALUES ('S', 'Supplier', 28, 100000, 100100, NULL, 'gregori', 'gregori', '2015-11-03 14:23:57', '2015-11-11 02:41:01', 999999, 'ACCTG');
INSERT INTO "tblCOM_NoSeries" VALUES ('GJ-ADJ', 'GJ - Adjustment', 54, 100001, 100104, NULL, 'gregori', 'gregori', '2015-09-26 01:15:24', '2015-11-11 02:36:31', 999999, 'ACCTG');
INSERT INTO "tblCOM_NoSeries" VALUES ('GJ-FT', 'GJ - Fund Transfer', 54, 100001, 100103, NULL, 'gregori', 'gregori', '2015-09-26 01:16:56', '2015-11-11 02:36:56', 999999, 'ACCTG');
INSERT INTO "tblCOM_NoSeries" VALUES ('RMB', 'RMB', 100, 100000, 100005, NULL, 'gregori', 'gregori', '2015-12-08 14:53:32', '2015-12-08 14:53:32', 999999, 'ACCTG');
INSERT INTO "tblCOM_NoSeries" VALUES ('PO', 'PO', 36, 100000, 100086, NULL, 'gregori', 'gregori', '2015-12-28 13:44:47', '2015-12-28 13:44:47', 999999, 'ACCTG');
INSERT INTO "tblCOM_NoSeries" VALUES ('RFV', 'RFV', 283, 100001, 100134, NULL, 'gregori', 'gregori', '2015-11-26 17:26:13', '2015-11-26 17:32:30', 999999, 'ACCTG');
INSERT INTO "tblCOM_NoSeries" VALUES ('TOL', 'Transfer Order-Local', 97, 1000001, 1000009, NULL, 'gregori', 'gregori', '2016-01-26 06:29:05', '2016-01-26 06:29:05', 9999999, 'SMMM');
INSERT INTO "tblCOM_NoSeries" VALUES ('CV', 'CV', 53, 100000, 100117, NULL, 'gregori', 'gregori', '2015-10-13 16:36:11', '2015-11-11 02:36:18', 999999, 'ACCTG');
INSERT INTO "tblCOM_NoSeries" VALUES ('SI', 'SI', 45, 100000, 100159, NULL, 'gregori', 'gregori', '2015-10-19 15:34:04', '2015-11-11 04:26:29', 999999, 'ACCTG');
INSERT INTO "tblCOM_NoSeries" VALUES ('CRJ', 'CRJ', 46, 100000, 100108, NULL, 'gregori', 'gregori', '2015-10-19 15:37:01', '2015-11-11 02:37:28', 999999, 'ACCTG');
INSERT INTO "tblCOM_NoSeries" VALUES ('DCM', 'Debit / Credit Memo', 47, 100000, 100104, NULL, 'gregori', 'gregori', '2015-10-21 16:08:46', '2015-11-11 02:35:14', 999999, 'ACCTG');
INSERT INTO "tblCOM_NoSeries" VALUES ('CA', 'CA', 63, 10000, 10035, NULL, 'gregori', 'gregori', '2015-12-08 15:31:35', '2015-12-08 15:31:35', 99999, 'ACCTG');
INSERT INTO "tblCOM_NoSeries" VALUES ('BR', 'Bank Reconciliation', 60, 100001, 21, NULL, 'gregori', 'gregori', '2015-11-30 22:28:53', '2015-11-30 22:30:45', 999999, 'PLD');
INSERT INTO "tblCOM_NoSeries" VALUES ('POL', 'Purchase Order Local', 84, 1000001, 1000049, NULL, 'gregori', 'gregori', '2016-01-19 19:42:02', '2016-01-19 19:42:02', 9999999, 'SMMM');
INSERT INTO "tblCOM_NoSeries" VALUES ('SP', 'SP', 247, 100000, 100109, NULL, 'gregori', 'gregori', '2015-11-03 15:12:33', '2015-11-11 02:40:34', 999999, 'ACCTG');
INSERT INTO "tblCOM_NoSeries" VALUES ('RQL', 'RQL', 284, 100000, 100075, NULL, 'gregori', 'gregori', '2016-01-11 13:47:38', '2016-01-11 13:47:38', 999999, 'ACCTG');
INSERT INTO "tblCOM_NoSeries" VALUES ('PC', 'Physical Count', 108, 1000001, 1000532, NULL, 'gregori', 'gregori', '2016-02-01 19:36:21', '2016-02-10 00:40:23', 9999999, 'ACCTG');
INSERT INTO "tblCOM_NoSeries" VALUES ('IRJ', 'IRJ', 89, 100000, 100041, NULL, 'gregori', 'gregori', '2016-01-18 14:39:55', '2016-01-18 14:39:55', 999999, 'ACCTG');
INSERT INTO "tblCOM_NoSeries" VALUES ('AMP', 'Amortization Prepaid Expense', 51, 100001, 100115, NULL, 'gregori', 'gregori', '2015-10-13 02:49:51', '2015-11-11 02:34:39', 999999, 'ACCTG');
INSERT INTO "tblCOM_NoSeries" VALUES ('AML', 'Amortization Loans', 52, 100001, 100110, NULL, 'gregori', 'gregori', '2015-10-14 03:05:45', '2015-11-11 02:34:28', 999999, 'ACCTG');
INSERT INTO "tblCOM_NoSeries" VALUES ('RP', 'Request Payment', 64, 100001, 100152, NULL, 'gregori', 'gregori', '2015-09-25 04:35:03', '2015-11-11 03:35:51', 999999, 'ACCTG');
INSERT INTO "tblCOM_NoSeries" VALUES ('APV', 'Accounts Payable', 48, 100000, 100119, NULL, 'gregori', 'gregori', '2015-10-07 15:50:42', '2015-11-11 02:34:48', 999999, 'ACCTG');
INSERT INTO "tblCOM_NoSeries" VALUES ('RQ', 'RQ', 62, 100000, 100179, NULL, 'gregori', 'gregori', '2015-12-18 17:44:19', '2015-12-18 17:44:19', 999999, 'ACCTG');
INSERT INTO "tblCOM_NoSeries" VALUES ('IM', 'Item Master', 26, 100000, 100115, NULL, 'gregori', 'gregori', '2015-11-03 15:49:27', '2015-11-11 02:40:00', 999999, 'ACCTG');
INSERT INTO "tblCOM_NoSeries" VALUES ('REM', 'REM', 61, 100000, 100015, NULL, 'gregori', 'gregori', '2015-12-10 11:08:56', '2015-12-10 11:08:56', 999999, 'ACCTG');
INSERT INTO "tblCOM_NoSeries" VALUES ('RFR', 'RFR', 73, 100000, 100115, NULL, 'gregori', 'gregori', '2015-12-05 14:57:52', '2015-12-05 14:57:52', 999999, 'ACCTG');
INSERT INTO "tblCOM_NoSeries" VALUES ('TO', 'Transfer Order', 96, 1000001, 1000039, NULL, 'gregori', 'dinamapatac', '2016-01-24 21:44:07', '2016-01-25 18:58:24', 9999999, 'SMMM');


--
-- Data for Name: tblCOM_PO; Type: TABLE DATA; Schema: public; Owner: postgres
--

INSERT INTO "tblCOM_PO" VALUES ('PO-100084', '2016-01-07 00:00:00', 'Supplier A', 'S-100001', 'Address 1', 'asdad', '123456', '12344', 'sada', '10D', '2016-01-17 00:00:00', '2016-01-07 00:00:00', '2016-01-07 00:00:00', 'Approved', 'KC', 'AP-NONTRADE', 'VAT', 'CORP', 'gregori', 116, NULL, 'gregori', '2016-01-07 18:36:37', 'gregori', '2016-01-07 18:49:32', NULL, NULL);
INSERT INTO "tblCOM_PO" VALUES ('PO-100086', '2016-01-07 00:00:00', 'Supplier A', 'S-100001', 'Address 1', '2323', '123456', '12344', '2323', '10D', '2016-01-17 00:00:00', '2016-01-07 00:00:00', '2016-01-07 00:00:00', 'Open', 'KC', 'AP-NONTRADE', 'VAT', 'CORP', 'gregori', 116, NULL, 'gregori', '2016-01-07 18:54:24', 'gregori', '2016-01-07 18:55:44', NULL, NULL);
INSERT INTO "tblCOM_PO" VALUES ('PO-100080', '2016-01-07 00:00:00', 'Supplier A', 'S-100001', 'Address 1', 'sda', 'MT', 'test addr', 'sssadad', '10D', '2016-01-17 00:00:00', '2016-01-07 00:00:00', '2016-01-07 00:00:00', 'Open', 'KC', 'AP-NONTRADE', 'VAT', 'CORP', 'gregori', 116, NULL, 'gregori', '2016-01-07 14:31:54', 'gregori', '2016-01-07 14:31:54', NULL, NULL);
INSERT INTO "tblCOM_PO" VALUES ('PO-100082', '2016-01-07 00:00:00', 'Supplier B', 'S-100002', 'Address 2', 'sada', '', 'test addr', '32', '10D', '2016-01-17 00:00:00', '2016-01-07 00:00:00', '2016-01-07 00:00:00', 'Open', 'KC', 'AP-TRADE', 'NONVAT', 'INDI', 'gregori', 116, NULL, 'gregori', '2016-01-07 16:38:41', 'gregori', '2016-01-07 16:38:41', NULL, NULL);
INSERT INTO "tblCOM_PO" VALUES ('PO-100081', '2016-01-07 00:00:00', 'Supplier B', 'S-100002', 'Address 2', '2313', '', 'test addr', 'asda', '10D', '2016-01-17 00:00:00', '2016-01-07 00:00:00', '2016-01-14 00:00:00', 'Open', 'KC', 'AP-TRADE', 'NONVAT', 'INDI', 'gregori', 116, NULL, 'gregori', '2016-01-07 16:07:58', 'gregori', '2016-01-07 16:07:58', NULL, NULL);
INSERT INTO "tblCOM_PO" VALUES ('PO-100083', NULL, NULL, NULL, NULL, NULL, NULL, NULL, NULL, NULL, NULL, NULL, NULL, NULL, NULL, NULL, NULL, NULL, NULL, NULL, NULL, 'gregori', '2016-01-07 18:15:19', 'gregori', '2016-01-07 18:15:19', NULL, NULL);
INSERT INTO "tblCOM_PO" VALUES ('PO-100085', '2016-01-07 00:00:00', 'Supplier B', 'S-100002', 'Address 2', 'sdadsa', '123456', '12344', 'sdad', '10D', '2016-01-17 00:00:00', '2016-01-07 00:00:00', '2016-01-07 00:00:00', 'Open', 'KC', 'AP-TRADE', 'NONVAT', 'INDI', 'gregori', 116, NULL, 'gregori', '2016-01-07 18:39:01', 'gregori', '2016-01-07 18:39:01', NULL, NULL);


--
-- Data for Name: tblCOM_PODetail; Type: TABLE DATA; Schema: public; Owner: postgres
--

INSERT INTO "tblCOM_PODetail" VALUES ('PO-100080', 'RD', 'FD-SN-1000069', 'Snacks Piatos Barbeque Small', 'PLD', 23.0000, 'PC', 0.0000, 0.0000, NULL, 'ddsfs', 'RQ-100163', NULL, 0.0000, 'VAT', NULL, 23.0000, NULL, 'gregori', '2016-01-07 14:32:10', 'gregori', '2016-01-07 14:32:10', 29, 53);
INSERT INTO "tblCOM_PODetail" VALUES ('PO-100084', 'RD', 'FD-SN-1000069', 'Snacks Piatos Barbeque Small', 'ACCTG', 232.0000, 'PC', 0.0000, 0.0000, NULL, NULL, 'RQ-100164', NULL, 0.0000, 'VAT', NULL, 232.0000, NULL, 'gregori', '2016-01-07 18:36:48', 'gregori', '2016-01-07 18:36:48', 43, 55);
INSERT INTO "tblCOM_PODetail" VALUES ('PO-100084', 'RD', 'FD-SN-1000058', 'Snacks Piatos Barbeque Small', 'PLD', 43.0000, 'BX', 0.0000, 0.0000, NULL, NULL, 'RQ-100164', NULL, 0.0000, 'VAT', 'GOODS', 43.0000, NULL, 'gregori', '2016-01-07 18:36:48', 'gregori', '2016-01-07 18:36:48', 44, 54);
INSERT INTO "tblCOM_PODetail" VALUES ('PO-100085', 'RD', 'FD-SN-1000069', 'Snacks Piatos Barbeque Small', 'ACCTG', 32.0000, 'PC', 0.0000, 0.0000, NULL, NULL, 'RQ-100167', NULL, 0.0000, 'NONVAT', NULL, 32.0000, NULL, 'gregori', '2016-01-07 18:39:15', 'gregori', '2016-01-07 18:39:15', 45, 56);


--
-- Name: tblCOM_PODetail_POD_LineNo_seq; Type: SEQUENCE SET; Schema: public; Owner: postgres
--

SELECT pg_catalog.setval('"tblCOM_PODetail_POD_LineNo_seq"', 48, true);


--
-- Data for Name: tblCOM_POL; Type: TABLE DATA; Schema: public; Owner: postgres
--

INSERT INTO "tblCOM_POL" VALUES ('POL-1000027', '2016-01-28 21:49:56', 'Supplier C', 'S-100003', 'Address 3', '111-111-111-1113', '213', '10 Days', 'KC', 'SMMM', 'VAT', '23', 'Pending', 'AP-TRADE', 'NOWHT', 28336.0000, 'gregori', '2016-01-26 00:03:15', 'gregori', '2016-01-31 20:53:39');
INSERT INTO "tblCOM_POL" VALUES ('POL-1000030', NULL, NULL, NULL, NULL, NULL, NULL, NULL, NULL, NULL, NULL, NULL, NULL, NULL, NULL, NULL, 'gregori', '2016-02-01 16:55:50', 'gregori', '2016-02-01 16:55:50');
INSERT INTO "tblCOM_POL" VALUES ('POL-1000031', NULL, NULL, NULL, NULL, NULL, NULL, NULL, NULL, NULL, NULL, NULL, NULL, NULL, NULL, NULL, 'gregori', '2016-02-01 16:56:03', 'gregori', '2016-02-01 16:56:03');
INSERT INTO "tblCOM_POL" VALUES ('POL-1000028', NULL, NULL, NULL, NULL, NULL, NULL, NULL, NULL, NULL, NULL, NULL, NULL, NULL, NULL, NULL, 'gregori', '2016-01-26 00:03:59', 'gregori', '2016-01-26 00:03:59');
INSERT INTO "tblCOM_POL" VALUES ('POL-1000029', NULL, NULL, NULL, NULL, NULL, NULL, NULL, NULL, NULL, NULL, NULL, NULL, NULL, NULL, NULL, 'gregori', '2016-01-26 00:33:12', 'gregori', '2016-01-26 00:33:12');
INSERT INTO "tblCOM_POL" VALUES ('POL-1000024', '2016-01-25 01:39:38', 'Supplier B', 'S-100002', 'Address 2', '111-111-111-1112', 'test', '10 Days', 'KC', 'SMMM', 'NONVAT', 'test', 'Approved', 'AP-TRADE', 'INDI', 1936.0000, 'gregori', '2016-01-25 01:38:13', 'gregori', '2016-01-28 00:55:08');
INSERT INTO "tblCOM_POL" VALUES ('POL-1000026', '2016-01-27 23:56:39', 'Supplier A', 'S-100001', 'Address 1', '111-111-111-1111', '232', '10 Days', 'KC', 'SMMM', 'VAT', '23', 'Open', 'AP-NONTRADE', 'CORP', 46.0000, 'gregori', '2016-01-26 00:02:42', 'gregori', '2016-01-28 00:54:44');
INSERT INTO "tblCOM_POL" VALUES ('POL-1000032', NULL, NULL, NULL, NULL, NULL, NULL, NULL, NULL, NULL, NULL, NULL, NULL, NULL, NULL, NULL, 'gregori', '2016-02-03 11:30:56', 'gregori', '2016-02-03 11:30:56');
INSERT INTO "tblCOM_POL" VALUES ('POL-1000025', '2016-01-27 23:56:21', 'Supplier A', 'S-100001', 'Address 1', '111-111-111-1111', 'er', '10 Days', 'KC', 'SMMM', 'VAT', 'er', 'Open', 'AP-NONTRADE', 'CORP', 2829.0000, 'gregori', '2016-01-26 00:01:05', 'gregori', '2016-01-28 00:54:56');
INSERT INTO "tblCOM_POL" VALUES ('POL-1000033', NULL, NULL, NULL, NULL, NULL, NULL, NULL, NULL, NULL, NULL, NULL, NULL, NULL, NULL, NULL, 'gregori', '2016-02-16 01:45:46', 'gregori', '2016-02-16 01:45:46');
INSERT INTO "tblCOM_POL" VALUES ('POL-1000034', NULL, NULL, NULL, NULL, NULL, NULL, NULL, NULL, NULL, NULL, NULL, NULL, NULL, NULL, NULL, 'gregori', '2016-02-19 18:35:33', 'gregori', '2016-02-19 18:35:33');
INSERT INTO "tblCOM_POL" VALUES ('POL-1000035', NULL, NULL, NULL, NULL, NULL, NULL, NULL, NULL, NULL, NULL, NULL, NULL, NULL, NULL, NULL, 'gregori', '2016-02-19 18:36:20', 'gregori', '2016-02-19 18:36:20');
INSERT INTO "tblCOM_POL" VALUES ('POL-1000036', NULL, NULL, NULL, NULL, NULL, NULL, NULL, NULL, NULL, NULL, NULL, NULL, NULL, NULL, NULL, 'gregori', '2016-02-19 18:37:37', 'gregori', '2016-02-19 18:37:37');
INSERT INTO "tblCOM_POL" VALUES ('POL-1000037', NULL, NULL, NULL, NULL, NULL, NULL, NULL, NULL, NULL, NULL, NULL, NULL, NULL, NULL, NULL, 'gregori', '2016-02-19 18:39:21', 'gregori', '2016-02-19 18:39:21');
INSERT INTO "tblCOM_POL" VALUES ('POL-1000038', NULL, NULL, NULL, NULL, NULL, NULL, NULL, NULL, NULL, NULL, NULL, NULL, NULL, NULL, NULL, 'gregori', '2016-02-22 19:02:14', 'gregori', '2016-02-22 19:02:14');
INSERT INTO "tblCOM_POL" VALUES ('POL-1000039', '2016-02-23 00:39:50', 'Supplier B', 'S-100002', 'Address 2', '111-111-111-1112', 'tss', '10 Days', 'KC', 'SMMM', 'NONVAT', 'sss', 'Open', 'AP-TRADE', 'INDI', 529.0000, 'gregori', '2016-02-23 00:39:25', 'gregori', '2016-02-23 00:39:25');
INSERT INTO "tblCOM_POL" VALUES ('POL-1000040', '2016-02-23 05:11:06', 'Supplier B', 'S-100002', 'Address 2', '111-111-111-1112', 'resr', '10 Days', 'KC', 'SMMM', 'NONVAT', 'erse', 'Open', 'AP-TRADE', 'INDI', 529.0000, 'gregori', '2016-02-23 05:10:50', 'gregori', '2016-02-23 05:10:50');
INSERT INTO "tblCOM_POL" VALUES ('POL-1000041', NULL, NULL, NULL, NULL, NULL, NULL, NULL, NULL, NULL, NULL, NULL, NULL, NULL, NULL, NULL, 'gregori', '2016-02-23 05:27:12', 'gregori', '2016-02-23 05:27:12');
INSERT INTO "tblCOM_POL" VALUES ('POL-1000042', NULL, NULL, NULL, NULL, NULL, NULL, NULL, NULL, NULL, NULL, NULL, NULL, NULL, NULL, NULL, 'gregori', '2016-02-23 05:30:50', 'gregori', '2016-02-23 05:30:50');
INSERT INTO "tblCOM_POL" VALUES ('POL-1000043', NULL, NULL, NULL, NULL, NULL, NULL, NULL, NULL, NULL, NULL, NULL, NULL, NULL, NULL, NULL, 'gregori', '2016-02-23 05:32:25', 'gregori', '2016-02-23 05:32:25');
INSERT INTO "tblCOM_POL" VALUES ('POL-1000044', NULL, NULL, NULL, NULL, NULL, NULL, NULL, NULL, NULL, NULL, NULL, NULL, NULL, NULL, NULL, 'gregori', '2016-02-23 23:25:07', 'gregori', '2016-02-23 23:25:07');
INSERT INTO "tblCOM_POL" VALUES ('POL-1000045', NULL, NULL, NULL, NULL, NULL, NULL, NULL, NULL, NULL, NULL, NULL, NULL, NULL, NULL, NULL, 'gregori', '2016-02-23 23:39:05', 'gregori', '2016-02-23 23:39:05');
INSERT INTO "tblCOM_POL" VALUES ('POL-1000046', NULL, NULL, NULL, NULL, NULL, NULL, NULL, NULL, NULL, NULL, NULL, NULL, NULL, NULL, NULL, 'gregori', '2016-02-23 23:46:47', 'gregori', '2016-02-23 23:46:47');
INSERT INTO "tblCOM_POL" VALUES ('POL-1000047', NULL, NULL, NULL, NULL, NULL, NULL, NULL, NULL, NULL, NULL, NULL, NULL, NULL, NULL, NULL, 'gregori', '2016-03-07 23:52:07', 'gregori', '2016-03-07 23:52:07');
INSERT INTO "tblCOM_POL" VALUES ('POL-1000048', NULL, NULL, NULL, NULL, NULL, NULL, NULL, NULL, NULL, NULL, NULL, NULL, NULL, NULL, NULL, 'gregori', '2016-03-08 00:02:43', 'gregori', '2016-03-08 00:02:43');
INSERT INTO "tblCOM_POL" VALUES ('POL-1000049', NULL, NULL, NULL, NULL, NULL, NULL, NULL, NULL, NULL, NULL, NULL, NULL, NULL, NULL, NULL, 'gregori', '2016-03-08 00:15:48', 'gregori', '2016-03-08 00:15:48');


--
-- Data for Name: tblCOM_POLDetail; Type: TABLE DATA; Schema: public; Owner: postgres
--

INSERT INTO "tblCOM_POLDetail" VALUES ('POL-1000024', 'RD', 'FD-SN-1000069', 'Snacks Piatos Barbeque Small', 'SMMM', 222.0000, 'PC', 22.0000, 4884.0000, 'test', NULL, NULL, NULL, 2.2000, 'NONVAT', 'INDI', 222.0000, NULL, 'gregori', '2016-01-25 01:39:39', 'gregori', '2016-01-25 01:39:39', 14);
INSERT INTO "tblCOM_POLDetail" VALUES ('POL-1000024', 'Services', 'SV-PPI-1000067', 'Payment for Prepaid Insurance', 'SMMM', 33.0000, '', 33.0000, 1089.0000, 'test', NULL, NULL, NULL, 3.3000, 'NONVAT', 'INDI', 33.0000, NULL, 'gregori', '2016-01-25 01:39:39', 'gregori', '2016-01-25 01:39:39', 15);
INSERT INTO "tblCOM_POLDetail" VALUES ('POL-1000024', 'Services', 'SV-PPI-1000067', 'Payment for Prepaid Insurance', 'SMMM', 44.0000, '', 44.0000, 1936.0000, 'test', NULL, NULL, NULL, 4.4000, 'NONVAT', 'INDI', 44.0000, NULL, 'gregori', '2016-01-25 01:39:39', 'gregori', '2016-01-25 01:39:39', 16);
INSERT INTO "tblCOM_POLDetail" VALUES ('POL-1000025', 'Services', 'RP-0001-MB-1000063', 'Payment for Electricity Bills', 'SMMM', 123.0000, NULL, 23.0000, 2829.0000, NULL, NULL, NULL, NULL, 2.3000, 'VAT', 'CORP', 123.0000, NULL, 'gregori', '2016-01-27 23:56:21', 'gregori', '2016-01-27 23:56:21', 17);
INSERT INTO "tblCOM_POLDetail" VALUES ('POL-1000026', 'NRD', 'VIP-FGC-1000064', 'Funtastik Gift Card', 'SMMM', 2.0000, 'PC', 23.0000, 46.0000, NULL, NULL, NULL, NULL, 2.3000, 'VAT', 'CORP', 2.0000, NULL, 'gregori', '2016-01-27 23:56:39', 'gregori', '2016-01-27 23:56:39', 18);
INSERT INTO "tblCOM_POLDetail" VALUES ('POL-1000027', 'Services', 'RP-0001-MB-1000063', 'Payment for Electricity Bills', 'SMMM', 1232.0000, '', 23.0000, 28336.0000, '', NULL, NULL, NULL, 2.3000, 'VAT', 'NOWHT', 1232.0000, NULL, 'gregori', '2016-01-28 21:49:56', 'gregori', '2016-01-28 21:49:56', 20);
INSERT INTO "tblCOM_POLDetail" VALUES ('POL-1000039', 'Services', 'RP-0001-MB-1000063', 'Payment for Electricity Bills', 'SMMM', 23.0000, NULL, 23.0000, 529.0000, NULL, NULL, NULL, NULL, 2.3000, 'NONVAT', 'INDI', 23.0000, NULL, 'gregori', '2016-02-23 00:39:50', 'gregori', '2016-02-23 00:39:50', 22);
INSERT INTO "tblCOM_POLDetail" VALUES ('POL-1000040', 'Services', 'RP-0001-MB-1000063', 'Payment for Electricity Bills', 'SMMM', 23.0000, '', 23.0000, 529.0000, '2', NULL, NULL, NULL, 2.3000, 'NONVAT', 'INDI', 23.0000, NULL, 'gregori', '2016-02-23 05:11:06', 'gregori', '2016-02-23 05:11:06', 23);


--
-- Name: tblCOM_POLDetail_POLD_LineNo_seq; Type: SEQUENCE SET; Schema: public; Owner: postgres
--

SELECT pg_catalog.setval('"tblCOM_POLDetail_POLD_LineNo_seq"', 23, true);


--
-- Data for Name: tblCOM_Position; Type: TABLE DATA; Schema: public; Owner: postgres
--

INSERT INTO "tblCOM_Position" VALUES ('Rank & File', NULL, NULL, NULL, NULL, '1000', '', NULL);
INSERT INTO "tblCOM_Position" VALUES ('Superivisory', NULL, NULL, NULL, NULL, '2000', '', NULL);
INSERT INTO "tblCOM_Position" VALUES ('Managerial', NULL, NULL, NULL, NULL, '3000', '', NULL);
INSERT INTO "tblCOM_Position" VALUES ('Executive', NULL, NULL, NULL, NULL, '4000', '', NULL);
INSERT INTO "tblCOM_Position" VALUES ('Accountant 1', 'gregori', 'gregori', '2015-09-28 16:34:40', '2015-10-05 14:08:27', '1001', '2002', '1000');
INSERT INTO "tblCOM_Position" VALUES ('Head Accountant', 'gregori', 'gregori', '2015-09-28 16:55:27', '2015-10-05 14:09:47', '3001', '4001', '3000');
INSERT INTO "tblCOM_Position" VALUES ('Director', 'gregori', 'gregori', '2015-09-28 16:55:43', '2015-10-05 14:10:05', '4001', '', '4000');
INSERT INTO "tblCOM_Position" VALUES ('Supevisor Accountant 1', 'gregori', 'gregori', '2015-09-28 17:06:05', '2015-10-05 14:14:00', '2002', '3001', '2000');
INSERT INTO "tblCOM_Position" VALUES ('Supevisor Accountant 2', 'gregori', 'gregori', '2015-09-28 16:55:11', '2015-10-05 14:14:12', '2001', '3001', '2000');
INSERT INTO "tblCOM_Position" VALUES ('PLD Manager', 'gregori', 'gregori', '2015-11-11 03:21:07', '2015-11-11 03:21:07', '4002', '', '4000');
INSERT INTO "tblCOM_Position" VALUES ('PLD Supervisor', 'gregori', 'gregori', '2015-11-11 03:20:59', '2015-11-11 03:22:22', '3002', '4002', '3000');
INSERT INTO "tblCOM_Position" VALUES ('Buyer 2', 'gregori', 'gregori', '2015-11-11 03:23:09', '2015-11-11 03:23:09', '2004', '3002', '2000');
INSERT INTO "tblCOM_Position" VALUES ('Buyer 1', 'gregori', 'gregori', '2015-11-11 03:20:22', '2015-11-11 03:23:50', '1003', '2004', '1000');


--
-- Data for Name: tblCOM_Reason; Type: TABLE DATA; Schema: public; Owner: postgres
--

INSERT INTO "tblCOM_Reason" VALUES ('Purpose1', 'Purpose 1', B'1', 'gregori', '2015-11-11 03:32:05', 'gregori', '2016-01-05 21:30:27');
INSERT INTO "tblCOM_Reason" VALUES ('Purpose2', 'Purpose 2', B'1', 'gregori', '2015-11-11 03:32:22', 'gregori', '2016-01-05 21:30:35');
INSERT INTO "tblCOM_Reason" VALUES ('Purpose3', 'Purpose 3', B'1', 'gregori', '2015-11-11 03:32:44', 'gregori', '2016-01-05 21:30:43');
INSERT INTO "tblCOM_Reason" VALUES ('test', 'test', B'1', 'gregori', '2016-02-18 18:27:51', 'gregori', '2016-02-18 18:27:51');


--
-- Data for Name: tblCOM_ReasonModule; Type: TABLE DATA; Schema: public; Owner: postgres
--

INSERT INTO "tblCOM_ReasonModule" VALUES ('Purpose1', 64);
INSERT INTO "tblCOM_ReasonModule" VALUES ('Purpose2', 64);
INSERT INTO "tblCOM_ReasonModule" VALUES ('Purpose3', 64);
INSERT INTO "tblCOM_ReasonModule" VALUES ('Purpose1', 62);
INSERT INTO "tblCOM_ReasonModule" VALUES ('Purpose2', 62);
INSERT INTO "tblCOM_ReasonModule" VALUES ('Purpose3', 62);
INSERT INTO "tblCOM_ReasonModule" VALUES ('test', 125);
INSERT INTO "tblCOM_ReasonModule" VALUES ('test', 52);
INSERT INTO "tblCOM_ReasonModule" VALUES ('test', 261);
INSERT INTO "tblCOM_ReasonModule" VALUES ('test', 211);
INSERT INTO "tblCOM_ReasonModule" VALUES ('test', 119);
INSERT INTO "tblCOM_ReasonModule" VALUES ('test', 59);


--
-- Data for Name: tblCOM_Reimbursement; Type: TABLE DATA; Schema: public; Owner: postgres
--

INSERT INTO "tblCOM_Reimbursement" VALUES ('RMB-100001', NULL, NULL, NULL, NULL, NULL, NULL, NULL, NULL, NULL, NULL, NULL, NULL, 'gregori', '2015-12-08 14:53:49', 'gregori', '2015-12-08 14:53:49');
INSERT INTO "tblCOM_Reimbursement" VALUES ('RMB-100002', NULL, NULL, NULL, NULL, NULL, NULL, NULL, NULL, NULL, NULL, NULL, NULL, 'gregori', '2015-12-08 14:54:15', 'gregori', '2015-12-08 14:54:15');
INSERT INTO "tblCOM_Reimbursement" VALUES ('RMB-100003', NULL, NULL, NULL, NULL, NULL, NULL, NULL, NULL, NULL, NULL, NULL, NULL, 'gregori', '2015-12-08 14:55:16', 'gregori', '2015-12-08 14:55:16');
INSERT INTO "tblCOM_Reimbursement" VALUES ('REM-100001', NULL, NULL, NULL, NULL, NULL, NULL, NULL, NULL, NULL, NULL, NULL, NULL, 'gregori', '2015-12-10 11:09:25', 'gregori', '2015-12-10 11:09:25');
INSERT INTO "tblCOM_Reimbursement" VALUES ('REM-100002', NULL, NULL, NULL, NULL, NULL, NULL, NULL, NULL, NULL, NULL, NULL, NULL, 'gregori', '2015-12-10 11:10:12', 'gregori', '2015-12-10 11:10:12');
INSERT INTO "tblCOM_Reimbursement" VALUES ('REM-100003', '2015-12-10 00:00:00', '', NULL, '2323', NULL, NULL, NULL, NULL, 'KC', 'ACCTG', 'Open', 34.0000, 'gregori', '2015-12-10 11:11:45', 'gregori', '2015-12-10 00:00:00');
INSERT INTO "tblCOM_Reimbursement" VALUES ('REM-100004', NULL, NULL, NULL, NULL, NULL, NULL, NULL, NULL, NULL, NULL, NULL, NULL, 'gregori', '2015-12-10 11:21:03', 'gregori', '2015-12-10 11:21:03');
INSERT INTO "tblCOM_Reimbursement" VALUES ('REM-100006', NULL, NULL, NULL, NULL, NULL, NULL, NULL, NULL, NULL, NULL, NULL, NULL, 'gregori', '2015-12-10 11:24:00', 'gregori', '2015-12-10 11:24:00');
INSERT INTO "tblCOM_Reimbursement" VALUES ('REM-100007', NULL, NULL, NULL, NULL, NULL, NULL, NULL, NULL, NULL, NULL, NULL, NULL, 'gregori', '2015-12-10 11:39:42', 'gregori', '2015-12-10 11:39:42');
INSERT INTO "tblCOM_Reimbursement" VALUES ('REM-100008', NULL, NULL, NULL, NULL, NULL, NULL, NULL, NULL, NULL, NULL, NULL, NULL, 'gregori', '2015-12-10 11:39:59', 'gregori', '2015-12-10 11:39:59');
INSERT INTO "tblCOM_Reimbursement" VALUES ('REM-100009', '2015-12-10 00:00:00', 'gregori', NULL, 'asafada', NULL, NULL, NULL, NULL, 'KC', 'ACCTG', 'Pending', 23.0000, 'gregori', '2015-12-10 11:42:07', 'gregori', '2015-12-11 15:36:37');
INSERT INTO "tblCOM_Reimbursement" VALUES ('REM-100005', '2015-12-10 00:00:00', 'gregori', NULL, '', NULL, NULL, NULL, NULL, 'KC', 'ACCTG', 'Open', 34.0000, 'gregori', '2015-12-10 11:22:54', 'gregori', '2015-12-15 13:53:51');
INSERT INTO "tblCOM_Reimbursement" VALUES ('RMB-100004', '2015-12-15 00:00:00', NULL, NULL, NULL, B'1', 'CA-10012', 6425.0000, NULL, NULL, NULL, 'Open', -6425.0000, 'testuser1', '2015-12-15 14:29:20', 'testuser1', '2015-12-15 14:29:20');
INSERT INTO "tblCOM_Reimbursement" VALUES ('RMB-100005', '2015-12-15 00:00:00', NULL, NULL, NULL, B'1', 'CA-10012', 6425.0000, NULL, NULL, NULL, 'Open', -6425.0000, 'testuser1', '2015-12-15 14:29:56', 'testuser1', '2015-12-15 14:29:56');
INSERT INTO "tblCOM_Reimbursement" VALUES ('REM-100010', NULL, NULL, NULL, NULL, NULL, NULL, NULL, NULL, NULL, NULL, NULL, NULL, 'gregori', '2016-01-19 22:34:53', 'gregori', '2016-01-19 22:34:53');
INSERT INTO "tblCOM_Reimbursement" VALUES ('REM-100011', NULL, NULL, NULL, NULL, NULL, NULL, NULL, NULL, NULL, NULL, NULL, NULL, 'gregori', '2016-01-20 21:11:30', 'gregori', '2016-01-20 21:11:30');
INSERT INTO "tblCOM_Reimbursement" VALUES ('REM-100012', NULL, NULL, NULL, NULL, NULL, NULL, NULL, NULL, NULL, NULL, NULL, NULL, 'gregori', '2016-02-10 03:00:07', 'gregori', '2016-02-10 03:00:07');
INSERT INTO "tblCOM_Reimbursement" VALUES ('REM-100013', '2016-02-19 00:00:00', 'gregori', NULL, 'test', NULL, NULL, NULL, NULL, 'GWOF', 'PLD', 'Open', 1.0000, 'gregori', '2016-02-19 18:21:10', 'gregori', '2016-02-19 00:00:00');
INSERT INTO "tblCOM_Reimbursement" VALUES ('REM-100014', '2016-02-19 00:00:00', 'gregori', NULL, 'test', NULL, NULL, NULL, NULL, 'KC', 'SMMM', 'Open', 23.0000, 'gregori', '2016-02-19 18:22:32', 'gregori', '2016-02-19 00:00:00');
INSERT INTO "tblCOM_Reimbursement" VALUES ('REM-100015', NULL, NULL, NULL, NULL, NULL, NULL, NULL, NULL, NULL, NULL, NULL, NULL, 'gregori', '2016-02-19 18:22:59', 'gregori', '2016-02-19 18:22:59');


--
-- Data for Name: tblCOM_ReimbursementDetail; Type: TABLE DATA; Schema: public; Owner: postgres
--

INSERT INTO "tblCOM_ReimbursementDetail" VALUES ('REM-100003', 2, '2015-12-01 00:00:00', 'sda', 'asd', 'dadsf', 'dfsf', B'1', '34', 34.0000, 3.6429, 30.3571, 'ACCTG', 'gregori', '2015-12-10 11:13:54', 'gregori', '2015-12-10 11:13:54');
INSERT INTO "tblCOM_ReimbursementDetail" VALUES ('REM-100005', 3, '2015-12-01 00:00:00', 'asda', 'ad', 'asd', 'ads', B'1', 'dsdsfs', 34.0000, 3.6429, 30.3571, 'ACCTG', 'gregori', '2015-12-10 11:23:56', 'gregori', '2015-12-10 11:23:56');
INSERT INTO "tblCOM_ReimbursementDetail" VALUES ('REM-100009', 4, '2015-12-01 00:00:00', 'ada', 'asd', 'ada', 'asda', B'1', 'sda', 23.0000, 2.4643, 20.5357, 'ACCTG', 'gregori', '2015-12-10 11:42:31', 'gregori', '2015-12-10 11:42:31');
INSERT INTO "tblCOM_ReimbursementDetail" VALUES ('RMB-100004', 5, '2015-12-15 00:00:00', NULL, NULL, NULL, NULL, B'0', NULL, -6425.0000, NULL, NULL, NULL, 'testuser1', '2015-12-15 14:29:20', 'testuser1', '2015-12-15 14:29:20');
INSERT INTO "tblCOM_ReimbursementDetail" VALUES ('RMB-100005', 6, '2015-12-15 00:00:00', NULL, NULL, NULL, NULL, B'0', NULL, -6425.0000, NULL, NULL, NULL, 'testuser1', '2015-12-15 14:29:56', 'testuser1', '2015-12-15 14:29:56');
INSERT INTO "tblCOM_ReimbursementDetail" VALUES ('REM-100013', 7, '2016-02-15 00:00:00', 't', 't', 't', '1', B'1', '1', 1.0000, 0.1071, 0.8929, 'PLD', 'gregori', '2016-02-19 18:21:37', 'gregori', '2016-02-19 18:21:37');
INSERT INTO "tblCOM_ReimbursementDetail" VALUES ('REM-100014', 8, '2016-02-09 00:00:00', '23', '23', '23', '23', B'1', '23', 23.0000, 2.4643, 20.5357, 'SMMM', 'gregori', '2016-02-19 18:22:55', 'gregori', '2016-02-19 18:22:55');


--
-- Name: tblCOM_ReimbursementDetail_RED_LineNo_seq; Type: SEQUENCE SET; Schema: public; Owner: postgres
--

SELECT pg_catalog.setval('"tblCOM_ReimbursementDetail_RED_LineNo_seq"', 8, true);


--
-- Data for Name: tblCOM_Replenishment; Type: TABLE DATA; Schema: public; Owner: postgres
--

INSERT INTO "tblCOM_Replenishment" VALUES ('RFR-100053', '2015-12-05 00:00:00', '2', '2015-12-03 00:00:00', '2015-12-03 00:00:00', 'gregori', 'Open', 'KC', 'PLD', NULL, 'gregori', '2015-12-05 17:24:32', 'gregori', '2015-12-05 17:24:32');
INSERT INTO "tblCOM_Replenishment" VALUES ('RFR-100056', '2016-01-19 00:00:00', '2', '2015-12-08 00:00:00', '2015-12-08 00:00:00', 'gregori', 'Open', 'KB', 'SMMM', NULL, 'gregori', '2016-01-19 21:31:25', 'gregori', '2016-01-19 21:31:25');
INSERT INTO "tblCOM_Replenishment" VALUES ('RFR-100058', '2016-01-19 00:00:00', '2', '2015-12-08 00:00:00', '2015-12-08 00:00:00', 'gregori', 'Open', 'GWOF', 'PLD', NULL, 'gregori', '2016-01-19 21:36:34', 'gregori', '2016-01-19 21:36:34');
INSERT INTO "tblCOM_Replenishment" VALUES ('RFR-100112', NULL, NULL, NULL, NULL, NULL, NULL, NULL, NULL, NULL, 'gregori', '2016-01-27 22:22:15', 'gregori', '2016-01-27 22:22:15');
INSERT INTO "tblCOM_Replenishment" VALUES ('RFR-100113', NULL, NULL, NULL, NULL, NULL, NULL, NULL, NULL, NULL, 'gregori', '2016-02-10 18:49:09', 'gregori', '2016-02-10 18:49:09');
INSERT INTO "tblCOM_Replenishment" VALUES ('RFR-100114', NULL, NULL, NULL, NULL, NULL, NULL, NULL, NULL, NULL, 'gregori', '2016-02-12 00:57:22', 'gregori', '2016-02-12 00:57:22');
INSERT INTO "tblCOM_Replenishment" VALUES ('RFR-100115', NULL, NULL, NULL, NULL, NULL, NULL, NULL, NULL, NULL, 'gregori', '2016-03-04 04:14:07', 'gregori', '2016-03-04 04:14:07');


--
-- Data for Name: tblCOM_ReplenishmentDetail; Type: TABLE DATA; Schema: public; Owner: postgres
--

INSERT INTO "tblCOM_ReplenishmentDetail" VALUES ('RFR-100053', '2015-12-03 00:00:00', 'RFV-100113', 'gregori', '2213', 100.0000, 'gregori', '2015-12-05 17:44:38', 'gregori', '2015-12-05 17:44:38', 7);
INSERT INTO "tblCOM_ReplenishmentDetail" VALUES ('RFR-100056', '2015-12-08 00:00:00', 'RFV-100117', 'gregori', '23232', 23.0000, 'gregori', '2016-01-19 21:31:58', 'gregori', '2016-01-19 21:31:58', 8);
INSERT INTO "tblCOM_ReplenishmentDetail" VALUES ('RFR-100058', '2015-12-08 00:00:00', 'RFV-100117', 'gregori', 'test', 23.0000, 'gregori', '2016-01-20 00:12:11', 'gregori', '2016-01-20 00:12:11', 10);


--
-- Name: tblCOM_ReplenishmentDetail_RFRD_LineNo_seq; Type: SEQUENCE SET; Schema: public; Owner: postgres
--

SELECT pg_catalog.setval('"tblCOM_ReplenishmentDetail_RFRD_LineNo_seq"', 10, true);


--
-- Data for Name: tblCOM_Supplier; Type: TABLE DATA; Schema: public; Owner: postgres
--

INSERT INTO "tblCOM_Supplier" VALUES ('S-100001', 'Supplier A', NULL, 'Address 1', NULL, 'Country 1', 'Postal Code 1', NULL, 'Tel No. 1', 'Fax No. 1', 'Email1 1', 'Email2 1', 'Print Check As 1', 'Bank Account No 1', '10D', 0.0000, '111-111-111-1111', 'Contact 1', 'AP-NONTRADE', 'CORP', 'VAT', NULL, NULL, NULL, NULL, B'1', 'Bank Name 1', 'Bank Address 1', 'Swift Code 1', 116, 1000, NULL, 'Approved', '[]');
INSERT INTO "tblCOM_Supplier" VALUES ('S-100002', 'Supplier B', NULL, 'Address 2', NULL, 'Country 2', 'Postal Code 2', NULL, 'Tel No. 2', 'Fax No. 2', 'Email1 2', 'Email2 2', 'Print Check As 2', 'Bank Account No 2', '10D', 0.0000, '111-111-111-1112', 'Contact 2', 'AP-TRADE', 'INDI', 'NONVAT', NULL, NULL, NULL, NULL, B'1', 'Bank Name 2', 'Bank Address 2', 'Swift Code 2', 116, 2000, NULL, 'Approved', '[]');
INSERT INTO "tblCOM_Supplier" VALUES ('S-100003', 'Supplier C', NULL, 'Address 3', NULL, 'Country 3', 'Postal Code 3', NULL, 'Tel No. 3', 'Fax No. 3', 'Email1 3', 'Email2 3', 'Print Check As 3', 'Bank Account No 3', '10D', 0.0000, '111-111-111-1113', 'Contact 3', 'AP-TRADE', 'NOWHT', 'VAT', NULL, NULL, NULL, NULL, B'1', 'Bank Name 3', 'Bank Address 3', 'Swift Code 3', 117, 3000, NULL, 'Approved', '[]');


--
-- Data for Name: tblCOM_SupplierLedger; Type: TABLE DATA; Schema: public; Owner: postgres
--



--
-- Name: tblCOM_SupplierLedger_SL_EntryNo_seq; Type: SEQUENCE SET; Schema: public; Owner: postgres
--

SELECT pg_catalog.setval('"tblCOM_SupplierLedger_SL_EntryNo_seq"', 1, false);


--
-- Data for Name: tblCOM_TO; Type: TABLE DATA; Schema: public; Owner: postgres
--

INSERT INTO "tblCOM_TO" VALUES ('TO-1000027', '2016-01-25 00:00:00', 'SMMM', 'SMMM-1', 'tes', '2016-01-25 00:00:00', '', 'Open', 0.0000, 'gregori', '2016-01-25 22:04:33', 'dinamapatac', '2016-01-25 00:00:00');
INSERT INTO "tblCOM_TO" VALUES ('TO-1000029', '2016-01-25 00:00:00', 'SMMM', 'ACCTG', '', '2016-01-25 00:00:00', 'KC', 'Open', 0.0000, 'gregori', '2016-01-25 23:12:30', 'gregori', '2016-01-26 00:00:00');
INSERT INTO "tblCOM_TO" VALUES ('TO-1000028', '2016-01-25 00:00:00', 'SMMM', 'PLD', 'test', '2016-01-25 00:00:00', 'GWOF', 'Open', 0.0000, 'gregori', '2016-01-25 22:05:38', 'gregori', '2016-01-26 00:00:00');
INSERT INTO "tblCOM_TO" VALUES ('TO-1000031', '2016-01-26 00:00:00', 'PLD', 'SMMM', 'test', '2016-01-26 00:00:00', 'KC', 'Open', 0.0000, 'gregori', '2016-01-26 02:24:52', 'gregori', '2016-01-26 00:00:00');
INSERT INTO "tblCOM_TO" VALUES ('TO-1000030', '2016-01-26 00:00:00', 'SMMM', 'ACCTG', 'test', '2016-01-26 00:00:00', 'KC', 'Open', 0.0000, 'gregori', '2016-01-26 02:21:35', 'gregori', '2016-01-26 00:00:00');
INSERT INTO "tblCOM_TO" VALUES ('TO-1000032', '2016-01-27 00:00:00', 'PLD', 'ACCTG', 'test', '2016-01-27 00:00:00', 'KC', 'Open', 0.0000, 'gregori', '2016-01-27 21:51:06', 'gregori', '2016-01-27 00:00:00');
INSERT INTO "tblCOM_TO" VALUES ('TO-1000033', '2016-01-27 00:00:00', NULL, NULL, NULL, NULL, NULL, 'Open', NULL, 'gregori', '2016-01-27 21:55:37', 'gregori', '2016-01-27 21:55:37');
INSERT INTO "tblCOM_TO" VALUES ('TO-1000034', '2016-01-27 00:00:00', NULL, NULL, NULL, NULL, NULL, 'Open', NULL, 'gregori', '2016-01-27 22:01:33', 'gregori', '2016-01-27 22:01:33');
INSERT INTO "tblCOM_TO" VALUES ('TO-1000035', '2016-01-27 00:00:00', NULL, NULL, NULL, NULL, NULL, 'Open', NULL, 'gregori', '2016-01-27 22:02:26', 'gregori', '2016-01-27 22:02:26');
INSERT INTO "tblCOM_TO" VALUES ('TO-1000036', '2016-01-27 00:00:00', NULL, NULL, NULL, NULL, NULL, 'Open', NULL, 'gregori', '2016-01-27 22:03:08', 'gregori', '2016-01-27 22:03:08');
INSERT INTO "tblCOM_TO" VALUES ('TO-1000037', '2016-01-27 00:00:00', 'SMMM', 'ACCTG', '2323', '2016-01-27 00:00:00', 'KC', 'Open', 0.0000, 'gregori', '2016-01-27 22:04:33', 'gregori', '2016-01-27 00:00:00');
INSERT INTO "tblCOM_TO" VALUES ('TO-1000038', '2016-01-27 00:00:00', NULL, NULL, NULL, NULL, NULL, 'Open', NULL, 'gregori', '2016-01-27 22:42:15', 'gregori', '2016-01-27 22:42:15');
INSERT INTO "tblCOM_TO" VALUES ('TO-1000039', '2016-03-06 00:00:00', NULL, NULL, NULL, NULL, NULL, 'Open', NULL, 'gregori', '2016-03-06 21:37:56', 'gregori', '2016-03-06 21:37:56');


--
-- Data for Name: tblCOM_TODetail; Type: TABLE DATA; Schema: public; Owner: postgres
--

INSERT INTO "tblCOM_TODetail" VALUES ('TO-1000027', 'RD', 'FD-SN-1000069', 'Snacks Piatos Barbeque Small', NULL, NULL, 678.0000, 'PC', 0.0000, 0.0000, 'testing', NULL, 678.0000, NULL, 67890.0000, NULL, NULL, NULL, NULL, NULL, NULL, 'dinamapatac', '2016-01-25 22:16:46', 'dinamapatac', '2016-01-25 22:16:46', 20);
INSERT INTO "tblCOM_TODetail" VALUES ('TO-1000029', 'RD', 'FD-SN-1000069', 'Snacks Piatos Barbeque Small', NULL, NULL, 798.0000, 'PC', 0.0000, 0.0000, NULL, NULL, 798.0000, NULL, NULL, NULL, NULL, NULL, NULL, NULL, NULL, 'gregori', '2016-01-26 00:10:43', 'gregori', '2016-01-26 00:10:43', 22);
INSERT INTO "tblCOM_TODetail" VALUES ('TO-1000029', 'RD', 'FD-SN-1000069', 'Snacks Piatos Barbeque Small', NULL, NULL, 45.0000, 'PC', 0.0000, 0.0000, NULL, NULL, 45.0000, NULL, NULL, NULL, NULL, NULL, NULL, NULL, NULL, 'gregori', '2016-01-26 00:10:43', 'gregori', '2016-01-26 00:10:43', 23);
INSERT INTO "tblCOM_TODetail" VALUES ('TO-1000028', 'RD', 'FD-SN-1000069', 'Snacks Piatos Barbeque Small', NULL, NULL, 6789.0000, 'PC', 0.0000, 0.0000, '999', NULL, 6789.0000, NULL, NULL, NULL, NULL, NULL, NULL, NULL, NULL, 'gregori', '2016-01-26 00:13:46', 'gregori', '2016-01-26 00:13:46', 24);
INSERT INTO "tblCOM_TODetail" VALUES ('TO-1000031', 'RD', 'FD-SN-1000069', 'Snacks Piatos Barbeque Small', NULL, NULL, 12345.0000, 'PC', 0.0000, 0.0000, NULL, NULL, 12345.0000, NULL, NULL, NULL, NULL, NULL, NULL, NULL, NULL, 'gregori', '2016-01-26 02:26:20', 'gregori', '2016-01-26 02:26:20', 25);
INSERT INTO "tblCOM_TODetail" VALUES ('TO-1000030', 'RD', 'FD-DR-1000061', 'Drinks Coke', NULL, NULL, 789.0000, 'PC', 0.0000, 0.0000, NULL, NULL, 789.0000, NULL, NULL, NULL, NULL, NULL, NULL, NULL, NULL, 'gregori', '2016-01-26 07:36:55', 'gregori', '2016-01-26 07:36:55', 26);
INSERT INTO "tblCOM_TODetail" VALUES ('TO-1000032', 'RD', 'FD-SN-1000069', 'Snacks Piatos Barbeque Small', NULL, NULL, 4566.0000, 'PC', 0.0000, 0.0000, NULL, NULL, 4566.0000, NULL, NULL, NULL, NULL, NULL, NULL, NULL, NULL, 'gregori', '2016-01-27 21:51:23', 'gregori', '2016-01-27 21:51:23', 27);
INSERT INTO "tblCOM_TODetail" VALUES ('TO-1000037', 'RD', 'FD-SN-1000069', 'Snacks Piatos Barbeque Small', NULL, NULL, 2323.0000, 'PC', 0.0000, 0.0000, NULL, NULL, 2323.0000, NULL, NULL, NULL, NULL, NULL, NULL, NULL, NULL, 'gregori', '2016-01-27 22:04:53', 'gregori', '2016-01-27 22:04:53', 28);


--
-- Name: tblCOM_TODetail_TOD_LineNo_seq; Type: SEQUENCE SET; Schema: public; Owner: postgres
--

SELECT pg_catalog.setval('"tblCOM_TODetail_TOD_LineNo_seq"', 28, true);


--
-- Data for Name: tblCOM_TOL; Type: TABLE DATA; Schema: public; Owner: postgres
--

INSERT INTO "tblCOM_TOL" VALUES ('TOL-1', '2016-01-26 00:00:00', NULL, NULL, NULL, NULL, NULL, 'Open', NULL, 'gregori', '2016-01-26 06:26:53', 'gregori', '2016-01-26 06:26:53');
INSERT INTO "tblCOM_TOL" VALUES ('TOL-1000002', '2016-01-26 00:00:00', NULL, NULL, NULL, NULL, NULL, 'Open', NULL, 'gregori', '2016-01-26 06:29:19', 'gregori', '2016-01-26 06:29:19');
INSERT INTO "tblCOM_TOL" VALUES ('TOL-1000003', '2016-01-26 00:00:00', 'SMMM', 'ROO', 'test', '2016-01-26 00:00:00', 'KC', 'Open', 0.0000, 'gregori', '2016-01-26 06:29:27', 'gregori', '2016-01-26 00:00:00');
INSERT INTO "tblCOM_TOL" VALUES ('TOL-1000005', '2016-01-26 00:00:00', '', '', '', '2016-01-26 00:00:00', '', 'Open', 0.0000, 'gregori', '2016-01-26 07:34:23', 'gregori', '2016-01-26 00:00:00');
INSERT INTO "tblCOM_TOL" VALUES ('TOL-1000006', '2016-01-26 00:00:00', 'PLD', 'ROO', '', '2016-01-26 00:00:00', 'GWOF', 'Open', 0.0000, 'gregori', '2016-01-26 16:56:10', 'gregori', '2016-01-26 00:00:00');
INSERT INTO "tblCOM_TOL" VALUES ('TOL-1000008', '2016-01-26 00:00:00', 'ACCTG', 'ROO', '', '2016-01-26 00:00:00', 'KC', 'Open', 0.0000, 'gregori', '2016-01-26 17:25:20', 'gregori', '2016-01-26 00:00:00');
INSERT INTO "tblCOM_TOL" VALUES ('TOL-1000009', '2016-01-28 00:00:00', NULL, NULL, NULL, NULL, NULL, 'Open', NULL, 'gregori', '2016-01-28 01:19:30', 'gregori', '2016-01-28 01:19:30');
INSERT INTO "tblCOM_TOL" VALUES ('TOL-1000007', '2016-01-26 00:00:00', 'PLD', '', 'tes', '2016-01-26 00:00:00', 'GWOF', 'Approved', 0.0000, 'gregori', '2016-01-26 17:13:52', 'gregori', '2016-01-26 17:37:21');
INSERT INTO "tblCOM_TOL" VALUES ('TOL-1000004', '2016-01-26 00:00:00', 'SMMM', '', 'test', '2016-01-26 00:00:00', 'KC', 'Approved', 0.0000, 'gregori', '2016-01-26 06:30:29', 'gregori', '2016-01-26 07:41:08');


--
-- Data for Name: tblCOM_TOLDetail; Type: TABLE DATA; Schema: public; Owner: postgres
--

INSERT INTO "tblCOM_TOLDetail" VALUES ('TOL-1000003', 'RD', 'FD-SN-1000069', 'Snacks Piatos Barbeque Small', NULL, NULL, 123.0000, 'PC', 0.0000, 0.0000, NULL, NULL, 123.0000, NULL, NULL, NULL, NULL, NULL, NULL, NULL, NULL, 'gregori', '2016-01-26 06:30:09', 'gregori', '2016-01-26 06:30:09', 2);
INSERT INTO "tblCOM_TOLDetail" VALUES ('TOL-1000004', 'RD', 'FD-SN-1000069', 'Snacks Piatos Barbeque Small', NULL, NULL, 1111.0000, 'PC', 0.0000, 0.0000, NULL, NULL, 1111.0000, NULL, NULL, NULL, NULL, NULL, NULL, NULL, NULL, 'gregori', '2016-01-26 06:41:39', 'gregori', '2016-01-26 06:41:39', 7);
INSERT INTO "tblCOM_TOLDetail" VALUES ('TOL-1000004', 'RD', 'FD-SN-1000069', 'Snacks Piatos Barbeque Small', NULL, NULL, 3456.0000, 'PC', 0.0000, 0.0000, NULL, NULL, 3456.0000, NULL, NULL, NULL, NULL, NULL, NULL, NULL, NULL, 'gregori', '2016-01-26 06:41:39', 'gregori', '2016-01-26 06:41:39', 8);
INSERT INTO "tblCOM_TOLDetail" VALUES ('TOL-1000005', 'RD', 'FD-SN-1000069', 'Snacks Piatos Barbeque Small', NULL, NULL, 34.0000, 'PC', 0.0000, 0.0000, NULL, NULL, 34.0000, NULL, NULL, NULL, NULL, NULL, NULL, NULL, NULL, 'gregori', '2016-01-26 07:34:45', 'gregori', '2016-01-26 07:34:45', 9);
INSERT INTO "tblCOM_TOLDetail" VALUES ('TOL-1000006', 'RD', 'FD-SN-1000069', 'Snacks Piatos Barbeque Small', NULL, NULL, 3423.0000, 'PC', 0.0000, 0.0000, NULL, NULL, 3423.0000, NULL, NULL, NULL, NULL, NULL, NULL, NULL, NULL, 'gregori', '2016-01-26 16:56:27', 'gregori', '2016-01-26 16:56:27', 10);
INSERT INTO "tblCOM_TOLDetail" VALUES ('TOL-1000007', 'RD', 'FD-SN-1000058', 'Snacks Piatos Barbeque Small', NULL, NULL, 1232.0000, 'BX', 0.0000, 0.0000, NULL, NULL, 1232.0000, NULL, NULL, NULL, NULL, NULL, NULL, NULL, NULL, 'gregori', '2016-01-26 17:14:49', 'gregori', '2016-01-26 17:14:49', 12);
INSERT INTO "tblCOM_TOLDetail" VALUES ('TOL-1000008', 'RD', 'FD-SN-1000058', 'Snacks Piatos Barbeque Small', NULL, NULL, 23.0000, 'BX', 0.0000, 0.0000, 'sada', NULL, 23.0000, NULL, NULL, NULL, NULL, NULL, NULL, NULL, NULL, 'gregori', '2016-01-26 17:25:35', 'gregori', '2016-01-26 17:25:35', 13);


--
-- Name: tblCOM_TOLDetail_TOLD_LineNo_seq; Type: SEQUENCE SET; Schema: public; Owner: postgres
--

SELECT pg_catalog.setval('"tblCOM_TOLDetail_TOLD_LineNo_seq"', 13, true);


--
-- Data for Name: tblCOM_User; Type: TABLE DATA; Schema: public; Owner: postgres
--

INSERT INTO "tblCOM_User" VALUES ('testuser4', 'testuser4', '609d5649427f17bf4fbc5cba078872b2', '4001', 'gregori', 'gregori', '2015-10-05 14:18:24', '2015-10-05 14:18:24', NULL, B'1');
INSERT INTO "tblCOM_User" VALUES ('asdadadas', 'asdada', '6c1c3ba67cef1af558af272f85843ebd', '1001', 'gregori', 'gregori', '2015-09-01 15:02:53', '2015-10-26 17:35:59', NULL, B'1');
INSERT INTO "tblCOM_User" VALUES ('testuser2', 'testuser2', '45c007ab2b1844b331d124043ab01c70', '2002', 'gregori', 'testuser1', '2015-10-05 14:16:45', '2015-11-08 17:25:51', NULL, B'1');
INSERT INTO "tblCOM_User" VALUES ('testuser3', 'testuser3', '71d21935a6cb99e54b550d5c65911993', '2001', 'gregori', 'gregori', '2015-10-02 16:08:29', '2015-11-11 03:24:49', NULL, B'1');
INSERT INTO "tblCOM_User" VALUES ('testuser1', 'testuser1', 'e602e67f5df3e637908eedb4651a305e', '2002', 'gregori', 'gregori', '2015-10-05 14:16:21', '2016-01-18 15:31:07', NULL, B'1');
INSERT INTO "tblCOM_User" VALUES ('gregori', 'gregori', 'c58fabca56b8a60dcac7484409ee5ba5', '1001', '1', 'gregori', '2015-10-10 00:00:00', '2016-01-25 18:58:51', '1', B'1');
INSERT INTO "tblCOM_User" VALUES ('dinamapatac', 'dinamapatac', 'c7348f5fcc616085624b969b3cf236af', '1001', '000001', 'dinamapatac', '2015-08-17 17:21:10', '2016-01-25 19:10:23', NULL, B'1');


--
-- Data for Name: tblCOM_UserAccess; Type: TABLE DATA; Schema: public; Owner: postgres
--

INSERT INTO "tblCOM_UserAccess" VALUES (1, 'View', NULL, NULL, 1, NULL, NULL, NULL, NULL, NULL, NULL, NULL);
INSERT INTO "tblCOM_UserAccess" VALUES (2, 'View', NULL, NULL, 2, NULL, NULL, NULL, NULL, NULL, NULL, NULL);
INSERT INTO "tblCOM_UserAccess" VALUES (4, 'View', NULL, NULL, 3, NULL, NULL, NULL, NULL, NULL, NULL, NULL);
INSERT INTO "tblCOM_UserAccess" VALUES (5, 'View', NULL, NULL, 4, NULL, NULL, NULL, NULL, NULL, NULL, NULL);
INSERT INTO "tblCOM_UserAccess" VALUES (6, 'View', NULL, NULL, 5, NULL, NULL, NULL, NULL, NULL, NULL, NULL);
INSERT INTO "tblCOM_UserAccess" VALUES (7, 'View', NULL, NULL, 6, NULL, NULL, NULL, NULL, NULL, NULL, NULL);
INSERT INTO "tblCOM_UserAccess" VALUES (8, 'View', NULL, NULL, 7, NULL, NULL, NULL, NULL, NULL, NULL, NULL);
INSERT INTO "tblCOM_UserAccess" VALUES (3, 'View', NULL, NULL, 8, NULL, NULL, NULL, NULL, NULL, NULL, NULL);
INSERT INTO "tblCOM_UserAccess" VALUES (9, 'View', NULL, NULL, 9, NULL, NULL, NULL, NULL, NULL, NULL, NULL);
INSERT INTO "tblCOM_UserAccess" VALUES (10, 'View', NULL, NULL, 10, NULL, NULL, NULL, NULL, NULL, NULL, NULL);
INSERT INTO "tblCOM_UserAccess" VALUES (11, 'View', NULL, NULL, 11, NULL, NULL, NULL, NULL, NULL, NULL, NULL);
INSERT INTO "tblCOM_UserAccess" VALUES (12, 'View', NULL, NULL, 12, NULL, NULL, NULL, NULL, NULL, NULL, NULL);
INSERT INTO "tblCOM_UserAccess" VALUES (13, 'View', NULL, NULL, 13, NULL, NULL, NULL, NULL, NULL, NULL, NULL);
INSERT INTO "tblCOM_UserAccess" VALUES (14, 'View', NULL, NULL, 14, NULL, NULL, NULL, NULL, NULL, NULL, NULL);
INSERT INTO "tblCOM_UserAccess" VALUES (15, 'View', NULL, NULL, 15, NULL, NULL, NULL, NULL, NULL, NULL, NULL);
INSERT INTO "tblCOM_UserAccess" VALUES (16, 'View', NULL, NULL, 16, NULL, NULL, NULL, NULL, NULL, NULL, NULL);
INSERT INTO "tblCOM_UserAccess" VALUES (17, 'View', NULL, NULL, 17, NULL, NULL, NULL, NULL, NULL, NULL, NULL);
INSERT INTO "tblCOM_UserAccess" VALUES (18, 'View', NULL, NULL, 18, NULL, NULL, NULL, NULL, NULL, NULL, NULL);
INSERT INTO "tblCOM_UserAccess" VALUES (19, 'View', NULL, NULL, 20, NULL, NULL, NULL, NULL, NULL, NULL, NULL);
INSERT INTO "tblCOM_UserAccess" VALUES (58, 'View', NULL, NULL, 21, NULL, NULL, NULL, NULL, NULL, NULL, NULL);
INSERT INTO "tblCOM_UserAccess" VALUES (20, 'View', NULL, NULL, 22, NULL, NULL, NULL, NULL, NULL, NULL, NULL);
INSERT INTO "tblCOM_UserAccess" VALUES (21, 'View', NULL, NULL, 23, NULL, NULL, NULL, NULL, NULL, NULL, NULL);
INSERT INTO "tblCOM_UserAccess" VALUES (22, 'View', NULL, NULL, 24, NULL, NULL, NULL, NULL, NULL, NULL, NULL);
INSERT INTO "tblCOM_UserAccess" VALUES (23, 'View', NULL, NULL, 25, NULL, NULL, NULL, NULL, NULL, NULL, NULL);
INSERT INTO "tblCOM_UserAccess" VALUES (24, 'View', NULL, NULL, 26, NULL, NULL, NULL, NULL, NULL, NULL, NULL);
INSERT INTO "tblCOM_UserAccess" VALUES (26, 'View', NULL, NULL, 28, NULL, NULL, NULL, NULL, NULL, NULL, NULL);
INSERT INTO "tblCOM_UserAccess" VALUES (27, 'View', NULL, NULL, 29, NULL, NULL, NULL, NULL, NULL, NULL, NULL);
INSERT INTO "tblCOM_UserAccess" VALUES (28, 'View', NULL, NULL, 30, NULL, NULL, NULL, NULL, NULL, NULL, NULL);
INSERT INTO "tblCOM_UserAccess" VALUES (29, 'View', NULL, NULL, 31, NULL, NULL, NULL, NULL, NULL, NULL, NULL);
INSERT INTO "tblCOM_UserAccess" VALUES (30, 'View', NULL, NULL, 32, NULL, NULL, NULL, NULL, NULL, NULL, NULL);
INSERT INTO "tblCOM_UserAccess" VALUES (31, 'View', NULL, NULL, 33, NULL, NULL, NULL, NULL, NULL, NULL, NULL);
INSERT INTO "tblCOM_UserAccess" VALUES (32, 'View', NULL, NULL, 34, NULL, NULL, NULL, NULL, NULL, NULL, NULL);
INSERT INTO "tblCOM_UserAccess" VALUES (33, 'View', NULL, NULL, 35, NULL, NULL, NULL, NULL, NULL, NULL, NULL);
INSERT INTO "tblCOM_UserAccess" VALUES (34, 'View', NULL, NULL, 36, NULL, NULL, NULL, NULL, NULL, NULL, NULL);
INSERT INTO "tblCOM_UserAccess" VALUES (35, 'View', NULL, NULL, 37, NULL, NULL, NULL, NULL, NULL, NULL, NULL);
INSERT INTO "tblCOM_UserAccess" VALUES (37, 'View', NULL, NULL, 38, NULL, NULL, NULL, NULL, NULL, NULL, NULL);
INSERT INTO "tblCOM_UserAccess" VALUES (38, 'View', NULL, NULL, 39, NULL, NULL, NULL, NULL, NULL, NULL, NULL);
INSERT INTO "tblCOM_UserAccess" VALUES (39, 'View', NULL, NULL, 41, NULL, NULL, NULL, NULL, NULL, NULL, NULL);
INSERT INTO "tblCOM_UserAccess" VALUES (40, 'View', NULL, NULL, 42, NULL, NULL, NULL, NULL, NULL, NULL, NULL);
INSERT INTO "tblCOM_UserAccess" VALUES (139, 'View', '', '', 139, NULL, NULL, NULL, NULL, NULL, NULL, NULL);
INSERT INTO "tblCOM_UserAccess" VALUES (42, 'View', NULL, NULL, 44, NULL, NULL, NULL, NULL, NULL, NULL, NULL);
INSERT INTO "tblCOM_UserAccess" VALUES (43, 'View', NULL, NULL, 45, NULL, NULL, NULL, NULL, NULL, NULL, NULL);
INSERT INTO "tblCOM_UserAccess" VALUES (44, 'View', NULL, NULL, 46, NULL, NULL, NULL, NULL, NULL, NULL, NULL);
INSERT INTO "tblCOM_UserAccess" VALUES (140, 'View', '', '', 140, NULL, NULL, NULL, NULL, NULL, NULL, NULL);
INSERT INTO "tblCOM_UserAccess" VALUES (141, 'View', '', '', 141, NULL, NULL, NULL, NULL, NULL, NULL, NULL);
INSERT INTO "tblCOM_UserAccess" VALUES (57, 'View', NULL, NULL, 55, NULL, NULL, NULL, NULL, NULL, NULL, NULL);
INSERT INTO "tblCOM_UserAccess" VALUES (59, 'View', NULL, NULL, 56, NULL, NULL, NULL, NULL, NULL, NULL, NULL);
INSERT INTO "tblCOM_UserAccess" VALUES (65, 'View', NULL, NULL, 59, NULL, NULL, NULL, NULL, NULL, NULL, NULL);
INSERT INTO "tblCOM_UserAccess" VALUES (51, 'View', NULL, NULL, 61, NULL, NULL, NULL, NULL, NULL, NULL, NULL);
INSERT INTO "tblCOM_UserAccess" VALUES (52, 'View', NULL, NULL, 62, NULL, NULL, NULL, NULL, NULL, NULL, NULL);
INSERT INTO "tblCOM_UserAccess" VALUES (60, 'View', NULL, NULL, 64, NULL, NULL, NULL, NULL, NULL, NULL, NULL);
INSERT INTO "tblCOM_UserAccess" VALUES (67, 'View', NULL, NULL, 66, NULL, NULL, NULL, NULL, NULL, NULL, NULL);
INSERT INTO "tblCOM_UserAccess" VALUES (66, 'View', NULL, NULL, 67, NULL, NULL, NULL, NULL, NULL, NULL, NULL);
INSERT INTO "tblCOM_UserAccess" VALUES (68, 'View', '', '', 68, NULL, NULL, NULL, NULL, NULL, NULL, NULL);
INSERT INTO "tblCOM_UserAccess" VALUES (70, 'View', '', '', 70, NULL, NULL, NULL, NULL, NULL, NULL, NULL);
INSERT INTO "tblCOM_UserAccess" VALUES (77, 'View', '', '', 77, NULL, NULL, NULL, NULL, NULL, NULL, NULL);
INSERT INTO "tblCOM_UserAccess" VALUES (78, 'View', NULL, NULL, 78, NULL, NULL, NULL, NULL, NULL, NULL, NULL);
INSERT INTO "tblCOM_UserAccess" VALUES (79, 'View', NULL, NULL, 79, NULL, NULL, NULL, NULL, NULL, NULL, NULL);
INSERT INTO "tblCOM_UserAccess" VALUES (80, 'View', NULL, NULL, 80, NULL, NULL, NULL, NULL, NULL, NULL, NULL);
INSERT INTO "tblCOM_UserAccess" VALUES (81, 'View', NULL, NULL, 81, NULL, NULL, NULL, NULL, NULL, NULL, NULL);
INSERT INTO "tblCOM_UserAccess" VALUES (82, 'View', NULL, NULL, 82, NULL, NULL, NULL, NULL, NULL, NULL, NULL);
INSERT INTO "tblCOM_UserAccess" VALUES (83, 'View', NULL, NULL, 83, NULL, NULL, NULL, NULL, NULL, NULL, NULL);
INSERT INTO "tblCOM_UserAccess" VALUES (84, 'View', NULL, NULL, 84, NULL, NULL, NULL, NULL, NULL, NULL, NULL);
INSERT INTO "tblCOM_UserAccess" VALUES (85, 'View', NULL, NULL, 85, NULL, NULL, NULL, NULL, NULL, NULL, NULL);
INSERT INTO "tblCOM_UserAccess" VALUES (86, 'View', NULL, NULL, 86, NULL, NULL, NULL, NULL, NULL, NULL, NULL);
INSERT INTO "tblCOM_UserAccess" VALUES (87, 'View', NULL, NULL, 87, NULL, NULL, NULL, NULL, NULL, NULL, NULL);
INSERT INTO "tblCOM_UserAccess" VALUES (88, 'View', NULL, NULL, 88, NULL, NULL, NULL, NULL, NULL, NULL, NULL);
INSERT INTO "tblCOM_UserAccess" VALUES (90, 'View', NULL, NULL, 90, NULL, NULL, NULL, NULL, NULL, NULL, NULL);
INSERT INTO "tblCOM_UserAccess" VALUES (91, 'View', NULL, NULL, 91, NULL, NULL, NULL, NULL, NULL, NULL, NULL);
INSERT INTO "tblCOM_UserAccess" VALUES (92, 'View', NULL, NULL, 92, NULL, NULL, NULL, NULL, NULL, NULL, NULL);
INSERT INTO "tblCOM_UserAccess" VALUES (93, 'View', NULL, NULL, 93, NULL, NULL, NULL, NULL, NULL, NULL, NULL);
INSERT INTO "tblCOM_UserAccess" VALUES (94, 'View', NULL, NULL, 94, NULL, NULL, NULL, NULL, NULL, NULL, NULL);
INSERT INTO "tblCOM_UserAccess" VALUES (95, 'View', NULL, NULL, 95, NULL, NULL, NULL, NULL, NULL, NULL, NULL);
INSERT INTO "tblCOM_UserAccess" VALUES (96, 'View', NULL, NULL, 96, NULL, NULL, NULL, NULL, NULL, NULL, NULL);
INSERT INTO "tblCOM_UserAccess" VALUES (98, 'View', NULL, NULL, 98, NULL, NULL, NULL, NULL, NULL, NULL, NULL);
INSERT INTO "tblCOM_UserAccess" VALUES (99, 'View', NULL, NULL, 99, NULL, NULL, NULL, NULL, NULL, NULL, NULL);
INSERT INTO "tblCOM_UserAccess" VALUES (100, 'View', NULL, NULL, 100, NULL, NULL, NULL, NULL, NULL, NULL, NULL);
INSERT INTO "tblCOM_UserAccess" VALUES (101, 'View', NULL, NULL, 101, NULL, NULL, NULL, NULL, NULL, NULL, NULL);
INSERT INTO "tblCOM_UserAccess" VALUES (102, 'View', NULL, NULL, 102, NULL, NULL, NULL, NULL, NULL, NULL, NULL);
INSERT INTO "tblCOM_UserAccess" VALUES (103, 'View', NULL, NULL, 103, NULL, NULL, NULL, NULL, NULL, NULL, NULL);
INSERT INTO "tblCOM_UserAccess" VALUES (104, 'View', NULL, NULL, 104, NULL, NULL, NULL, NULL, NULL, NULL, NULL);
INSERT INTO "tblCOM_UserAccess" VALUES (105, 'View', NULL, NULL, 105, NULL, NULL, NULL, NULL, NULL, NULL, NULL);
INSERT INTO "tblCOM_UserAccess" VALUES (106, 'View', NULL, NULL, 106, NULL, NULL, NULL, NULL, NULL, NULL, NULL);
INSERT INTO "tblCOM_UserAccess" VALUES (107, 'View', '', '', 107, NULL, NULL, NULL, NULL, NULL, NULL, NULL);
INSERT INTO "tblCOM_UserAccess" VALUES (109, 'View', '', '', 109, NULL, NULL, NULL, NULL, NULL, NULL, NULL);
INSERT INTO "tblCOM_UserAccess" VALUES (110, 'View', '', '', 110, NULL, NULL, NULL, NULL, NULL, NULL, NULL);
INSERT INTO "tblCOM_UserAccess" VALUES (111, 'View', '', '', 111, NULL, NULL, NULL, NULL, NULL, NULL, NULL);
INSERT INTO "tblCOM_UserAccess" VALUES (112, 'View', '', '', 112, NULL, NULL, NULL, NULL, NULL, NULL, NULL);
INSERT INTO "tblCOM_UserAccess" VALUES (113, 'View', '', '', 113, NULL, NULL, NULL, NULL, NULL, NULL, NULL);
INSERT INTO "tblCOM_UserAccess" VALUES (114, 'View', '', '', 114, NULL, NULL, NULL, NULL, NULL, NULL, NULL);
INSERT INTO "tblCOM_UserAccess" VALUES (115, 'View', '', '', 115, NULL, NULL, NULL, NULL, NULL, NULL, NULL);
INSERT INTO "tblCOM_UserAccess" VALUES (116, 'View', NULL, NULL, 116, NULL, NULL, NULL, NULL, NULL, NULL, NULL);
INSERT INTO "tblCOM_UserAccess" VALUES (117, 'View', NULL, NULL, 117, NULL, NULL, NULL, NULL, NULL, NULL, NULL);
INSERT INTO "tblCOM_UserAccess" VALUES (118, 'View', NULL, NULL, 118, NULL, NULL, NULL, NULL, NULL, NULL, NULL);
INSERT INTO "tblCOM_UserAccess" VALUES (119, 'View', NULL, NULL, 119, NULL, NULL, NULL, NULL, NULL, NULL, NULL);
INSERT INTO "tblCOM_UserAccess" VALUES (120, 'View', NULL, NULL, 120, NULL, NULL, NULL, NULL, NULL, NULL, NULL);
INSERT INTO "tblCOM_UserAccess" VALUES (121, 'View', NULL, NULL, 121, NULL, NULL, NULL, NULL, NULL, NULL, NULL);
INSERT INTO "tblCOM_UserAccess" VALUES (122, 'View', NULL, NULL, 122, NULL, NULL, NULL, NULL, NULL, NULL, NULL);
INSERT INTO "tblCOM_UserAccess" VALUES (123, 'View', NULL, NULL, 123, NULL, NULL, NULL, NULL, NULL, NULL, NULL);
INSERT INTO "tblCOM_UserAccess" VALUES (124, 'View', NULL, NULL, 124, NULL, NULL, NULL, NULL, NULL, NULL, NULL);
INSERT INTO "tblCOM_UserAccess" VALUES (125, 'View', NULL, NULL, 125, NULL, NULL, NULL, NULL, NULL, NULL, NULL);
INSERT INTO "tblCOM_UserAccess" VALUES (127, 'View', NULL, NULL, 126, NULL, NULL, NULL, NULL, NULL, NULL, NULL);
INSERT INTO "tblCOM_UserAccess" VALUES (128, 'View', NULL, NULL, 127, NULL, NULL, NULL, NULL, NULL, NULL, NULL);
INSERT INTO "tblCOM_UserAccess" VALUES (129, 'View', NULL, NULL, 128, NULL, NULL, NULL, NULL, NULL, NULL, NULL);
INSERT INTO "tblCOM_UserAccess" VALUES (130, 'View', NULL, NULL, 129, NULL, NULL, NULL, NULL, NULL, NULL, NULL);
INSERT INTO "tblCOM_UserAccess" VALUES (131, 'View', NULL, NULL, 130, NULL, NULL, NULL, NULL, NULL, NULL, NULL);
INSERT INTO "tblCOM_UserAccess" VALUES (132, 'View', NULL, NULL, 131, NULL, NULL, NULL, NULL, NULL, NULL, NULL);
INSERT INTO "tblCOM_UserAccess" VALUES (133, 'View', NULL, NULL, 132, NULL, NULL, NULL, NULL, NULL, NULL, NULL);
INSERT INTO "tblCOM_UserAccess" VALUES (134, 'View', NULL, NULL, 133, NULL, NULL, NULL, NULL, NULL, NULL, NULL);
INSERT INTO "tblCOM_UserAccess" VALUES (126, 'View', NULL, NULL, 134, NULL, NULL, NULL, NULL, NULL, NULL, NULL);
INSERT INTO "tblCOM_UserAccess" VALUES (135, 'View', NULL, NULL, 135, NULL, NULL, NULL, NULL, NULL, NULL, NULL);
INSERT INTO "tblCOM_UserAccess" VALUES (136, 'View', NULL, NULL, 136, NULL, NULL, NULL, NULL, NULL, NULL, NULL);
INSERT INTO "tblCOM_UserAccess" VALUES (137, 'View', NULL, NULL, 137, NULL, NULL, NULL, NULL, NULL, NULL, NULL);
INSERT INTO "tblCOM_UserAccess" VALUES (138, 'View', NULL, NULL, 138, NULL, NULL, NULL, NULL, NULL, NULL, NULL);
INSERT INTO "tblCOM_UserAccess" VALUES (143, 'View', NULL, NULL, 142, NULL, NULL, NULL, NULL, NULL, NULL, NULL);
INSERT INTO "tblCOM_UserAccess" VALUES (144, 'View', NULL, NULL, 143, NULL, NULL, NULL, NULL, NULL, NULL, NULL);
INSERT INTO "tblCOM_UserAccess" VALUES (145, 'View', NULL, NULL, 144, NULL, NULL, NULL, NULL, NULL, NULL, NULL);
INSERT INTO "tblCOM_UserAccess" VALUES (146, 'View', NULL, NULL, 145, NULL, NULL, NULL, NULL, NULL, NULL, NULL);
INSERT INTO "tblCOM_UserAccess" VALUES (147, 'View', NULL, NULL, 146, NULL, NULL, NULL, NULL, NULL, NULL, NULL);
INSERT INTO "tblCOM_UserAccess" VALUES (53, 'View', 'financial-management/check-voucher/view', 'glyphicon-search', 52, NULL, B'1', NULL, B'1', B'1', NULL, NULL);
INSERT INTO "tblCOM_UserAccess" VALUES (148, 'View', NULL, NULL, 147, NULL, NULL, NULL, NULL, NULL, NULL, NULL);
INSERT INTO "tblCOM_UserAccess" VALUES (149, 'View', NULL, NULL, 148, NULL, NULL, NULL, NULL, NULL, NULL, NULL);
INSERT INTO "tblCOM_UserAccess" VALUES (150, 'View', NULL, NULL, 149, NULL, NULL, NULL, NULL, NULL, NULL, NULL);
INSERT INTO "tblCOM_UserAccess" VALUES (152, 'View', NULL, NULL, 151, NULL, NULL, NULL, NULL, NULL, NULL, NULL);
INSERT INTO "tblCOM_UserAccess" VALUES (153, 'View', NULL, NULL, 152, NULL, NULL, NULL, NULL, NULL, NULL, NULL);
INSERT INTO "tblCOM_UserAccess" VALUES (61, 'View', 'financial-management/reimbursement/view', 'glyphicon-search', 19, NULL, B'1', NULL, B'1', B'1', NULL, NULL);
INSERT INTO "tblCOM_UserAccess" VALUES (62, 'View', 'financial-management/requisition/view', 'glyphicon-search', 57, NULL, B'1', NULL, B'1', B'1', NULL, NULL);
INSERT INTO "tblCOM_UserAccess" VALUES (154, 'View', NULL, NULL, 153, NULL, NULL, NULL, NULL, NULL, NULL, NULL);
INSERT INTO "tblCOM_UserAccess" VALUES (156, 'View', NULL, NULL, 155, NULL, NULL, NULL, NULL, NULL, NULL, NULL);
INSERT INTO "tblCOM_UserAccess" VALUES (157, 'View', NULL, NULL, 156, NULL, NULL, NULL, NULL, NULL, NULL, NULL);
INSERT INTO "tblCOM_UserAccess" VALUES (158, 'View', NULL, NULL, 157, NULL, NULL, NULL, NULL, NULL, NULL, NULL);
INSERT INTO "tblCOM_UserAccess" VALUES (159, 'View', NULL, NULL, 158, NULL, NULL, NULL, NULL, NULL, NULL, NULL);
INSERT INTO "tblCOM_UserAccess" VALUES (160, 'View', NULL, NULL, 159, NULL, NULL, NULL, NULL, NULL, NULL, NULL);
INSERT INTO "tblCOM_UserAccess" VALUES (161, 'View', NULL, NULL, 160, NULL, NULL, NULL, NULL, NULL, NULL, NULL);
INSERT INTO "tblCOM_UserAccess" VALUES (162, 'View', NULL, NULL, 161, NULL, NULL, NULL, NULL, NULL, NULL, NULL);
INSERT INTO "tblCOM_UserAccess" VALUES (163, 'View', NULL, NULL, 162, NULL, NULL, NULL, NULL, NULL, NULL, NULL);
INSERT INTO "tblCOM_UserAccess" VALUES (164, 'View', NULL, NULL, 163, NULL, NULL, NULL, NULL, NULL, NULL, NULL);
INSERT INTO "tblCOM_UserAccess" VALUES (165, 'View', NULL, NULL, 164, NULL, NULL, NULL, NULL, NULL, NULL, NULL);
INSERT INTO "tblCOM_UserAccess" VALUES (166, 'View', NULL, NULL, 165, NULL, NULL, NULL, NULL, NULL, NULL, NULL);
INSERT INTO "tblCOM_UserAccess" VALUES (167, 'View', NULL, NULL, 166, NULL, NULL, NULL, NULL, NULL, NULL, NULL);
INSERT INTO "tblCOM_UserAccess" VALUES (168, 'View', NULL, NULL, 167, NULL, NULL, NULL, NULL, NULL, NULL, NULL);
INSERT INTO "tblCOM_UserAccess" VALUES (169, 'View', NULL, NULL, 168, NULL, NULL, NULL, NULL, NULL, NULL, NULL);
INSERT INTO "tblCOM_UserAccess" VALUES (170, 'View', NULL, NULL, 169, NULL, NULL, NULL, NULL, NULL, NULL, NULL);
INSERT INTO "tblCOM_UserAccess" VALUES (142, 'View', '', '', 170, NULL, NULL, NULL, NULL, NULL, NULL, NULL);
INSERT INTO "tblCOM_UserAccess" VALUES (171, 'View', '', '', 171, NULL, NULL, NULL, NULL, NULL, NULL, NULL);
INSERT INTO "tblCOM_UserAccess" VALUES (172, 'View', '', '', 172, NULL, NULL, NULL, NULL, NULL, NULL, NULL);
INSERT INTO "tblCOM_UserAccess" VALUES (173, 'View', '', '', 173, NULL, NULL, NULL, NULL, NULL, NULL, NULL);
INSERT INTO "tblCOM_UserAccess" VALUES (174, 'View', '', '', 174, NULL, NULL, NULL, NULL, NULL, NULL, NULL);
INSERT INTO "tblCOM_UserAccess" VALUES (176, 'View', '', '', 176, NULL, NULL, NULL, NULL, NULL, NULL, NULL);
INSERT INTO "tblCOM_UserAccess" VALUES (177, 'View', '', '', 177, NULL, NULL, NULL, NULL, NULL, NULL, NULL);
INSERT INTO "tblCOM_UserAccess" VALUES (178, 'View', '', '', 178, NULL, NULL, NULL, NULL, NULL, NULL, NULL);
INSERT INTO "tblCOM_UserAccess" VALUES (179, 'View', '', '', 179, NULL, NULL, NULL, NULL, NULL, NULL, NULL);
INSERT INTO "tblCOM_UserAccess" VALUES (180, 'View', '', '', 180, NULL, NULL, NULL, NULL, NULL, NULL, NULL);
INSERT INTO "tblCOM_UserAccess" VALUES (181, 'View', '', '', 181, NULL, NULL, NULL, NULL, NULL, NULL, NULL);
INSERT INTO "tblCOM_UserAccess" VALUES (182, 'View', '', '', 182, NULL, NULL, NULL, NULL, NULL, NULL, NULL);
INSERT INTO "tblCOM_UserAccess" VALUES (183, 'View', '', '', 183, NULL, NULL, NULL, NULL, NULL, NULL, NULL);
INSERT INTO "tblCOM_UserAccess" VALUES (184, 'View', '', '', 184, NULL, NULL, NULL, NULL, NULL, NULL, NULL);
INSERT INTO "tblCOM_UserAccess" VALUES (185, 'View', '', '', 185, NULL, NULL, NULL, NULL, NULL, NULL, NULL);
INSERT INTO "tblCOM_UserAccess" VALUES (186, 'View', '', '', 186, NULL, NULL, NULL, NULL, NULL, NULL, NULL);
INSERT INTO "tblCOM_UserAccess" VALUES (187, 'View', '', '', 187, NULL, NULL, NULL, NULL, NULL, NULL, NULL);
INSERT INTO "tblCOM_UserAccess" VALUES (188, 'View', NULL, NULL, 189, NULL, NULL, NULL, NULL, NULL, NULL, NULL);
INSERT INTO "tblCOM_UserAccess" VALUES (190, 'View', NULL, NULL, 191, NULL, NULL, NULL, NULL, NULL, NULL, NULL);
INSERT INTO "tblCOM_UserAccess" VALUES (191, 'View', NULL, NULL, 192, NULL, NULL, NULL, NULL, NULL, NULL, NULL);
INSERT INTO "tblCOM_UserAccess" VALUES (192, 'View', NULL, NULL, 193, NULL, NULL, NULL, NULL, NULL, NULL, NULL);
INSERT INTO "tblCOM_UserAccess" VALUES (193, 'View', NULL, NULL, 194, NULL, NULL, NULL, NULL, NULL, NULL, NULL);
INSERT INTO "tblCOM_UserAccess" VALUES (194, 'View', NULL, NULL, 195, NULL, NULL, NULL, NULL, NULL, NULL, NULL);
INSERT INTO "tblCOM_UserAccess" VALUES (195, 'View', NULL, NULL, 196, NULL, NULL, NULL, NULL, NULL, NULL, NULL);
INSERT INTO "tblCOM_UserAccess" VALUES (196, 'View', NULL, NULL, 197, NULL, NULL, NULL, NULL, NULL, NULL, NULL);
INSERT INTO "tblCOM_UserAccess" VALUES (197, 'View', NULL, NULL, 198, NULL, NULL, NULL, NULL, NULL, NULL, NULL);
INSERT INTO "tblCOM_UserAccess" VALUES (198, 'View', NULL, NULL, 199, NULL, NULL, NULL, NULL, NULL, NULL, NULL);
INSERT INTO "tblCOM_UserAccess" VALUES (201, 'View', NULL, NULL, 202, NULL, NULL, NULL, NULL, NULL, NULL, NULL);
INSERT INTO "tblCOM_UserAccess" VALUES (202, 'View', NULL, NULL, 203, NULL, NULL, NULL, NULL, NULL, NULL, NULL);
INSERT INTO "tblCOM_UserAccess" VALUES (203, 'View', NULL, NULL, 204, NULL, NULL, NULL, NULL, NULL, NULL, NULL);
INSERT INTO "tblCOM_UserAccess" VALUES (204, 'View', NULL, NULL, 205, NULL, NULL, NULL, NULL, NULL, NULL, NULL);
INSERT INTO "tblCOM_UserAccess" VALUES (205, 'View', NULL, NULL, 206, NULL, NULL, NULL, NULL, NULL, NULL, NULL);
INSERT INTO "tblCOM_UserAccess" VALUES (206, 'View', NULL, NULL, 207, NULL, NULL, NULL, NULL, NULL, NULL, NULL);
INSERT INTO "tblCOM_UserAccess" VALUES (207, 'View', NULL, NULL, 208, NULL, NULL, NULL, NULL, NULL, NULL, NULL);
INSERT INTO "tblCOM_UserAccess" VALUES (208, 'View', NULL, NULL, 209, NULL, NULL, NULL, NULL, NULL, NULL, NULL);
INSERT INTO "tblCOM_UserAccess" VALUES (209, 'View', NULL, NULL, 210, NULL, NULL, NULL, NULL, NULL, NULL, NULL);
INSERT INTO "tblCOM_UserAccess" VALUES (211, 'View', NULL, NULL, 212, NULL, NULL, NULL, NULL, NULL, NULL, NULL);
INSERT INTO "tblCOM_UserAccess" VALUES (212, 'View', NULL, NULL, 213, NULL, NULL, NULL, NULL, NULL, NULL, NULL);
INSERT INTO "tblCOM_UserAccess" VALUES (213, 'View', NULL, NULL, 214, NULL, NULL, NULL, NULL, NULL, NULL, NULL);
INSERT INTO "tblCOM_UserAccess" VALUES (214, 'View', NULL, NULL, 215, NULL, NULL, NULL, NULL, NULL, NULL, NULL);
INSERT INTO "tblCOM_UserAccess" VALUES (215, 'View', NULL, NULL, 216, NULL, NULL, NULL, NULL, NULL, NULL, NULL);
INSERT INTO "tblCOM_UserAccess" VALUES (216, 'View', NULL, NULL, 217, NULL, NULL, NULL, NULL, NULL, NULL, NULL);
INSERT INTO "tblCOM_UserAccess" VALUES (217, 'View', NULL, NULL, 218, NULL, NULL, NULL, NULL, NULL, NULL, NULL);
INSERT INTO "tblCOM_UserAccess" VALUES (219, 'View', NULL, NULL, 219, NULL, NULL, NULL, NULL, NULL, NULL, NULL);
INSERT INTO "tblCOM_UserAccess" VALUES (218, 'View', NULL, NULL, 220, NULL, NULL, NULL, NULL, NULL, NULL, NULL);
INSERT INTO "tblCOM_UserAccess" VALUES (220, 'View', NULL, NULL, 221, NULL, NULL, NULL, NULL, NULL, NULL, NULL);
INSERT INTO "tblCOM_UserAccess" VALUES (221, 'View', '', '', 222, NULL, NULL, NULL, NULL, NULL, NULL, NULL);
INSERT INTO "tblCOM_UserAccess" VALUES (222, 'View', '', '', 223, NULL, NULL, NULL, NULL, NULL, NULL, NULL);
INSERT INTO "tblCOM_UserAccess" VALUES (223, 'View', '', '', 224, NULL, NULL, NULL, NULL, NULL, NULL, NULL);
INSERT INTO "tblCOM_UserAccess" VALUES (224, 'View', '', '', 225, NULL, NULL, NULL, NULL, NULL, NULL, NULL);
INSERT INTO "tblCOM_UserAccess" VALUES (225, 'View', '', '', 226, NULL, NULL, NULL, NULL, NULL, NULL, NULL);
INSERT INTO "tblCOM_UserAccess" VALUES (226, 'View', '', '', 227, NULL, NULL, NULL, NULL, NULL, NULL, NULL);
INSERT INTO "tblCOM_UserAccess" VALUES (227, 'View', '', '', 228, NULL, NULL, NULL, NULL, NULL, NULL, NULL);
INSERT INTO "tblCOM_UserAccess" VALUES (228, 'View', '', '', 229, NULL, NULL, NULL, NULL, NULL, NULL, NULL);
INSERT INTO "tblCOM_UserAccess" VALUES (229, 'View', '', '', 230, NULL, NULL, NULL, NULL, NULL, NULL, NULL);
INSERT INTO "tblCOM_UserAccess" VALUES (230, 'View', '', '', 231, NULL, NULL, NULL, NULL, NULL, NULL, NULL);
INSERT INTO "tblCOM_UserAccess" VALUES (231, 'View', '', '', 232, NULL, NULL, NULL, NULL, NULL, NULL, NULL);
INSERT INTO "tblCOM_UserAccess" VALUES (232, 'View', '', '', 233, NULL, NULL, NULL, NULL, NULL, NULL, NULL);
INSERT INTO "tblCOM_UserAccess" VALUES (233, 'View', '', '', 234, NULL, NULL, NULL, NULL, NULL, NULL, NULL);
INSERT INTO "tblCOM_UserAccess" VALUES (234, 'View', '', '', 235, NULL, NULL, NULL, NULL, NULL, NULL, NULL);
INSERT INTO "tblCOM_UserAccess" VALUES (236, 'View', '', '', 236, NULL, NULL, NULL, NULL, NULL, NULL, NULL);
INSERT INTO "tblCOM_UserAccess" VALUES (237, 'View', '', '', 237, NULL, NULL, NULL, NULL, NULL, NULL, NULL);
INSERT INTO "tblCOM_UserAccess" VALUES (235, 'View', '', '', 238, NULL, NULL, NULL, NULL, NULL, NULL, NULL);
INSERT INTO "tblCOM_UserAccess" VALUES (238, 'View', '', '', 239, NULL, NULL, NULL, NULL, NULL, NULL, NULL);
INSERT INTO "tblCOM_UserAccess" VALUES (239, 'View', '', '', 240, NULL, NULL, NULL, NULL, NULL, NULL, NULL);
INSERT INTO "tblCOM_UserAccess" VALUES (240, 'View', '', '', 241, NULL, NULL, NULL, NULL, NULL, NULL, NULL);
INSERT INTO "tblCOM_UserAccess" VALUES (160, 'Add', 'administration/attributes/add/160', 'glyphicon-plus', 264, NULL, B'1', B'1', NULL, NULL, NULL, NULL);
INSERT INTO "tblCOM_UserAccess" VALUES (168, 'Add', 'administration/attributes/add/168', 'glyphicon-plus', 265, NULL, B'1', B'1', NULL, NULL, NULL, NULL);
INSERT INTO "tblCOM_UserAccess" VALUES (14, 'Add', 'administration/position/add', 'glyphicon-plus', 245, NULL, B'1', B'1', NULL, NULL, NULL, NULL);
INSERT INTO "tblCOM_UserAccess" VALUES (16, 'Add', 'administration/no-series/add', 'glyphicon-plus', 248, NULL, B'1', B'1', NULL, NULL, NULL, NULL);
INSERT INTO "tblCOM_UserAccess" VALUES (17, 'Add', 'administration/company/add', 'glyphicon-plus', 250, NULL, B'1', B'1', NULL, NULL, NULL, NULL);
INSERT INTO "tblCOM_UserAccess" VALUES (22, 'Add', 'administration/size-grouping/add', 'glyphicon-plus', 252, NULL, B'1', B'1', NULL, NULL, NULL, NULL);
INSERT INTO "tblCOM_UserAccess" VALUES (143, 'Add', 'administration/attributes/add/143', 'glyphicon-plus', 266, NULL, B'1', B'1', NULL, NULL, NULL, NULL);
INSERT INTO "tblCOM_UserAccess" VALUES (144, 'Add', 'administration/attributes/add/144', 'glyphicon-plus', 267, NULL, B'1', B'1', NULL, NULL, NULL, NULL);
INSERT INTO "tblCOM_UserAccess" VALUES (145, 'Add', 'administration/attributes/add/145', 'glyphicon-plus', 268, NULL, B'1', B'1', NULL, NULL, NULL, NULL);
INSERT INTO "tblCOM_UserAccess" VALUES (164, 'Add', 'administration/attributes/add/164', 'glyphicon-plus', 269, NULL, B'1', B'1', NULL, NULL, NULL, NULL);
INSERT INTO "tblCOM_UserAccess" VALUES (165, 'Add', 'administration/attributes/add/165', 'glyphicon-plus', 270, NULL, B'1', B'1', NULL, NULL, NULL, NULL);
INSERT INTO "tblCOM_UserAccess" VALUES (166, 'Add', 'administration/attributes/add/166', 'glyphicon-plus', 271, NULL, B'1', B'1', NULL, NULL, NULL, NULL);
INSERT INTO "tblCOM_UserAccess" VALUES (167, 'Add', 'administration/attributes/add/167', 'glyphicon-plus', 272, NULL, B'1', B'1', NULL, NULL, NULL, NULL);
INSERT INTO "tblCOM_UserAccess" VALUES (169, 'Add', 'administration/attributes/add/169', 'glyphicon-plus', 273, NULL, B'1', B'1', NULL, NULL, NULL, NULL);
INSERT INTO "tblCOM_UserAccess" VALUES (170, 'Add', 'administration/attributes/add/170', 'glyphicon-plus', 274, NULL, B'1', B'1', NULL, NULL, NULL, NULL);
INSERT INTO "tblCOM_UserAccess" VALUES (30, 'Add', 'administration/attributes/add/30', 'glyphicon-plus', 275, NULL, B'1', B'1', NULL, NULL, NULL, NULL);
INSERT INTO "tblCOM_UserAccess" VALUES (32, 'Add', 'administration/attributes/add/32', 'glyphicon-plus', 276, NULL, B'1', B'1', NULL, NULL, NULL, NULL);
INSERT INTO "tblCOM_UserAccess" VALUES (31, 'Add', 'administration/attributes/add/31', 'glyphicon-plus', 277, NULL, B'1', B'1', NULL, NULL, NULL, NULL);
INSERT INTO "tblCOM_UserAccess" VALUES (33, 'Add', 'administration/attributes/add/33', 'glyphicon-plus', 278, NULL, B'1', B'1', NULL, NULL, NULL, NULL);
INSERT INTO "tblCOM_UserAccess" VALUES (146, 'Add', 'administration/attributes/add/146', 'glyphicon-plus', 279, NULL, B'1', B'1', NULL, NULL, NULL, NULL);
INSERT INTO "tblCOM_UserAccess" VALUES (13, 'Settings', 'administration/users/settings', 'glyphicon-cog', 247, NULL, B'1', NULL, B'1', B'1', NULL, NULL);
INSERT INTO "tblCOM_UserAccess" VALUES (149, 'Add', 'administration/attributes/add/149', 'glyphicon-plus', 282, NULL, B'1', B'1', NULL, NULL, NULL, NULL);
INSERT INTO "tblCOM_UserAccess" VALUES (150, 'Add', 'administration/attributes/add/150', 'glyphicon-plus', 283, NULL, B'1', B'1', NULL, NULL, NULL, NULL);
INSERT INTO "tblCOM_UserAccess" VALUES (34, 'Add', 'administration/attributes/add/34', 'glyphicon-plus', 284, NULL, B'1', B'1', NULL, NULL, NULL, NULL);
INSERT INTO "tblCOM_UserAccess" VALUES (152, 'Add', 'administration/attributes/add/152', 'glyphicon-plus', 285, NULL, B'1', B'1', NULL, NULL, NULL, NULL);
INSERT INTO "tblCOM_UserAccess" VALUES (153, 'Add', 'administration/attributes/add/153', 'glyphicon-plus', 286, NULL, B'1', B'1', NULL, NULL, NULL, NULL);
INSERT INTO "tblCOM_UserAccess" VALUES (154, 'Add', 'administration/attributes/add/154', 'glyphicon-plus', 287, NULL, B'1', B'1', NULL, NULL, NULL, NULL);
INSERT INTO "tblCOM_UserAccess" VALUES (156, 'Add', 'administration/attributes/add/156', 'glyphicon-plus', 289, NULL, B'1', B'1', NULL, NULL, NULL, NULL);
INSERT INTO "tblCOM_UserAccess" VALUES (210, 'View', NULL, NULL, 211, NULL, NULL, NULL, NULL, NULL, NULL, NULL);
INSERT INTO "tblCOM_UserAccess" VALUES (157, 'Add', 'administration/attributes/add/157', 'glyphicon-plus', 290, NULL, B'1', B'1', NULL, NULL, NULL, NULL);
INSERT INTO "tblCOM_UserAccess" VALUES (158, 'Add', 'administration/attributes/add/158', 'glyphicon-plus', 291, NULL, B'1', B'1', NULL, NULL, NULL, NULL);
INSERT INTO "tblCOM_UserAccess" VALUES (159, 'Add', 'administration/attributes/add/159', 'glyphicon-plus', 292, NULL, B'1', B'1', NULL, NULL, NULL, NULL);
INSERT INTO "tblCOM_UserAccess" VALUES (161, 'Add', 'administration/attributes/add/161', 'glyphicon-plus', 293, NULL, B'1', B'1', NULL, NULL, NULL, NULL);
INSERT INTO "tblCOM_UserAccess" VALUES (13, 'Add', 'administration/users/add', 'glyphicon-plus', 243, NULL, B'1', B'1', NULL, NULL, NULL, NULL);
INSERT INTO "tblCOM_UserAccess" VALUES (162, 'Add', 'administration/attributes/add/162', 'glyphicon-plus', 294, NULL, B'1', B'1', NULL, NULL, NULL, NULL);
INSERT INTO "tblCOM_UserAccess" VALUES (163, 'Add', 'administration/attributes/add/163', 'glyphicon-plus', 295, NULL, B'1', B'1', NULL, NULL, NULL, NULL);
INSERT INTO "tblCOM_UserAccess" VALUES (23, 'Add', 'administration/cost-profit-center/add', 'glyphicon-plus', 329, NULL, B'1', B'1', NULL, NULL, NULL, NULL);
INSERT INTO "tblCOM_UserAccess" VALUES (174, 'Add', 'administration/category/add', 'glyphicon-plus', 330, NULL, B'1', B'1', NULL, NULL, NULL, NULL);
INSERT INTO "tblCOM_UserAccess" VALUES (27, 'Add', 'administration/customer/add', 'glyphicon-plus', 331, NULL, B'1', B'1', NULL, NULL, NULL, NULL);
INSERT INTO "tblCOM_UserAccess" VALUES (19, 'Add', 'administration/exchange-rate/add', 'glyphicon-plus', 332, NULL, B'1', B'1', NULL, NULL, NULL, NULL);
INSERT INTO "tblCOM_UserAccess" VALUES (24, 'Add', 'administration/location/add', 'glyphicon-plus', 333, NULL, B'1', B'1', NULL, NULL, NULL, NULL);
INSERT INTO "tblCOM_UserAccess" VALUES (172, 'Add', 'administration/location-mask/add', 'glyphicon-plus', 334, NULL, B'1', B'1', NULL, NULL, NULL, NULL);
INSERT INTO "tblCOM_UserAccess" VALUES (173, 'Add', 'administration/mask-category/add', 'glyphicon-plus', 335, NULL, B'1', B'1', NULL, NULL, NULL, NULL);
INSERT INTO "tblCOM_UserAccess" VALUES (28, 'Add', 'administration/supplier/add', 'glyphicon-plus', 336, NULL, B'1', B'1', NULL, NULL, NULL, NULL);
INSERT INTO "tblCOM_UserAccess" VALUES (171, 'Add', 'administration/tax/add', 'glyphicon-plus', 337, NULL, B'1', B'1', NULL, NULL, NULL, NULL);
INSERT INTO "tblCOM_UserAccess" VALUES (240, 'Add', 'administration/payment-terms/add', 'glyphicon-plus', 338, NULL, B'1', B'1', NULL, NULL, NULL, NULL);
INSERT INTO "tblCOM_UserAccess" VALUES (20, 'Add', 'administration/unit-conversion/add', 'glyphicon-plus', 339, NULL, B'1', B'1', NULL, NULL, NULL, NULL);
INSERT INTO "tblCOM_UserAccess" VALUES (242, 'View', '', '', 352, NULL, NULL, NULL, NULL, NULL, NULL, NULL);
INSERT INTO "tblCOM_UserAccess" VALUES (242, 'Add', 'administration/attributes/add/242', 'glyphicon-plus', 353, NULL, B'1', B'1', NULL, NULL, NULL, NULL);
INSERT INTO "tblCOM_UserAccess" VALUES (26, 'Add', 'administration/item-master/add', 'glyphicon-plus', 355, NULL, B'1', B'1', NULL, NULL, NULL, NULL);
INSERT INTO "tblCOM_UserAccess" VALUES (243, 'View', '', '', 357, NULL, NULL, NULL, NULL, NULL, NULL, NULL);
INSERT INTO "tblCOM_UserAccess" VALUES (243, 'Add', 'administration/chart-of-accounts/add', 'glyphicon-plus', 358, NULL, B'1', B'1', NULL, NULL, NULL, NULL);
INSERT INTO "tblCOM_UserAccess" VALUES (11, 'Add', 'administration/posting-group/add', 'glyphicon-plus', 360, NULL, B'1', B'1', NULL, NULL, NULL, NULL);
INSERT INTO "tblCOM_UserAccess" VALUES (244, 'View', '', '', 362, NULL, NULL, NULL, NULL, NULL, NULL, NULL);
INSERT INTO "tblCOM_UserAccess" VALUES (244, 'Add', 'administration/account-posting-setup/add', 'glyphicon-plus', 363, NULL, B'1', B'1', NULL, NULL, NULL, NULL);
INSERT INTO "tblCOM_UserAccess" VALUES (13, 'Edit', 'administration/users/update', 'glyphicon-edit', 244, NULL, B'1', NULL, B'1', B'1', NULL, NULL);
INSERT INTO "tblCOM_UserAccess" VALUES (14, 'Edit', 'administration/position/update', 'glyphicon-edit', 246, NULL, B'1', NULL, B'1', B'1', NULL, NULL);
INSERT INTO "tblCOM_UserAccess" VALUES (16, 'Edit', 'administration/no-series/update', 'glyphicon-edit', 249, NULL, B'1', NULL, B'1', B'1', NULL, NULL);
INSERT INTO "tblCOM_UserAccess" VALUES (17, 'Edit', 'administration/company/update', 'glyphicon-edit', 251, NULL, B'1', NULL, B'1', B'1', NULL, NULL);
INSERT INTO "tblCOM_UserAccess" VALUES (22, 'Edit', 'administration/size-grouping/update', 'glyphicon-edit', 253, NULL, B'1', NULL, B'1', B'1', NULL, NULL);
INSERT INTO "tblCOM_UserAccess" VALUES (160, 'Edit', 'administration/attributes/update/160', 'glyphicon-edit', 296, NULL, B'1', NULL, B'1', B'1', NULL, NULL);
INSERT INTO "tblCOM_UserAccess" VALUES (168, 'Edit', 'administration/attributes/update/168', 'glyphicon-edit', 297, NULL, B'1', NULL, B'1', B'1', NULL, NULL);
INSERT INTO "tblCOM_UserAccess" VALUES (143, 'Edit', 'administration/attributes/update/143', 'glyphicon-edit', 298, NULL, B'1', NULL, B'1', B'1', NULL, NULL);
INSERT INTO "tblCOM_UserAccess" VALUES (144, 'Edit', 'administration/attributes/update/144', 'glyphicon-edit', 299, NULL, B'1', NULL, B'1', B'1', NULL, NULL);
INSERT INTO "tblCOM_UserAccess" VALUES (145, 'Edit', 'administration/attributes/update/145', 'glyphicon-edit', 300, NULL, B'1', NULL, B'1', B'1', NULL, NULL);
INSERT INTO "tblCOM_UserAccess" VALUES (164, 'Edit', 'administration/attributes/update/164', 'glyphicon-edit', 301, NULL, B'1', NULL, B'1', B'1', NULL, NULL);
INSERT INTO "tblCOM_UserAccess" VALUES (165, 'Edit', 'administration/attributes/update/165', 'glyphicon-edit', 302, NULL, B'1', NULL, B'1', B'1', NULL, NULL);
INSERT INTO "tblCOM_UserAccess" VALUES (166, 'Edit', 'administration/attributes/update/166', 'glyphicon-edit', 303, NULL, B'1', NULL, B'1', B'1', NULL, NULL);
INSERT INTO "tblCOM_UserAccess" VALUES (167, 'Edit', 'administration/attributes/update/167', 'glyphicon-edit', 304, NULL, B'1', NULL, B'1', B'1', NULL, NULL);
INSERT INTO "tblCOM_UserAccess" VALUES (169, 'Edit', 'administration/attributes/update/169', 'glyphicon-edit', 305, NULL, B'1', NULL, B'1', B'1', NULL, NULL);
INSERT INTO "tblCOM_UserAccess" VALUES (170, 'Edit', 'administration/attributes/update/170', 'glyphicon-edit', 306, NULL, B'1', NULL, B'1', B'1', NULL, NULL);
INSERT INTO "tblCOM_UserAccess" VALUES (30, 'Edit', 'administration/attributes/update/30', 'glyphicon-edit', 307, NULL, B'1', NULL, B'1', B'1', NULL, NULL);
INSERT INTO "tblCOM_UserAccess" VALUES (32, 'Edit', 'administration/attributes/update/32', 'glyphicon-edit', 308, NULL, B'1', NULL, B'1', B'1', NULL, NULL);
INSERT INTO "tblCOM_UserAccess" VALUES (31, 'Edit', 'administration/attributes/update/31', 'glyphicon-edit', 309, NULL, B'1', NULL, B'1', B'1', NULL, NULL);
INSERT INTO "tblCOM_UserAccess" VALUES (33, 'Edit', 'administration/attributes/update/33', 'glyphicon-edit', 310, NULL, B'1', NULL, B'1', B'1', NULL, NULL);
INSERT INTO "tblCOM_UserAccess" VALUES (146, 'Edit', 'administration/attributes/update/146', 'glyphicon-edit', 311, NULL, B'1', NULL, B'1', B'1', NULL, NULL);
INSERT INTO "tblCOM_UserAccess" VALUES (149, 'Edit', 'administration/attributes/update/149', 'glyphicon-edit', 314, NULL, B'1', NULL, B'1', B'1', NULL, NULL);
INSERT INTO "tblCOM_UserAccess" VALUES (150, 'Edit', 'administration/attributes/update/150', 'glyphicon-edit', 315, NULL, B'1', NULL, B'1', B'1', NULL, NULL);
INSERT INTO "tblCOM_UserAccess" VALUES (34, 'Edit', 'administration/attributes/update/34', 'glyphicon-edit', 316, NULL, B'1', NULL, B'1', B'1', NULL, NULL);
INSERT INTO "tblCOM_UserAccess" VALUES (152, 'Edit', 'administration/attributes/update/152', 'glyphicon-edit', 317, NULL, B'1', NULL, B'1', B'1', NULL, NULL);
INSERT INTO "tblCOM_UserAccess" VALUES (153, 'Edit', 'administration/attributes/update/153', 'glyphicon-edit', 318, NULL, B'1', NULL, B'1', B'1', NULL, NULL);
INSERT INTO "tblCOM_UserAccess" VALUES (154, 'Edit', 'administration/attributes/update/154', 'glyphicon-edit', 319, NULL, B'1', NULL, B'1', B'1', NULL, NULL);
INSERT INTO "tblCOM_UserAccess" VALUES (156, 'Edit', 'administration/attributes/update/156', 'glyphicon-edit', 321, NULL, B'1', NULL, B'1', B'1', NULL, NULL);
INSERT INTO "tblCOM_UserAccess" VALUES (157, 'Edit', 'administration/attributes/update/157', 'glyphicon-edit', 322, NULL, B'1', NULL, B'1', B'1', NULL, NULL);
INSERT INTO "tblCOM_UserAccess" VALUES (158, 'Edit', 'administration/attributes/update/158', 'glyphicon-edit', 323, NULL, B'1', NULL, B'1', B'1', NULL, NULL);
INSERT INTO "tblCOM_UserAccess" VALUES (159, 'Edit', 'administration/attributes/update/159', 'glyphicon-edit', 324, NULL, B'1', NULL, B'1', B'1', NULL, NULL);
INSERT INTO "tblCOM_UserAccess" VALUES (161, 'Edit', 'administration/attributes/update/161', 'glyphicon-edit', 325, NULL, B'1', NULL, B'1', B'1', NULL, NULL);
INSERT INTO "tblCOM_UserAccess" VALUES (162, 'Edit', 'administration/attributes/update/162', 'glyphicon-edit', 326, NULL, B'1', NULL, B'1', B'1', NULL, NULL);
INSERT INTO "tblCOM_UserAccess" VALUES (163, 'Edit', 'administration/attributes/update/163', 'glyphicon-edit', 327, NULL, B'1', NULL, B'1', B'1', NULL, NULL);
INSERT INTO "tblCOM_UserAccess" VALUES (23, 'Edit', 'administration/cost-profit-center/update', 'glyphicon-edit', 341, NULL, B'1', NULL, B'1', B'1', NULL, NULL);
INSERT INTO "tblCOM_UserAccess" VALUES (174, 'Edit', 'administration/category/update', 'glyphicon-edit', 342, NULL, B'1', NULL, B'1', B'1', NULL, NULL);
INSERT INTO "tblCOM_UserAccess" VALUES (27, 'Edit', 'administration/customer/update', 'glyphicon-edit', 343, NULL, B'1', NULL, B'1', B'1', NULL, NULL);
INSERT INTO "tblCOM_UserAccess" VALUES (19, 'Edit', 'administration/exchange-rate/update', 'glyphicon-edit', 344, NULL, B'1', NULL, B'1', B'1', NULL, NULL);
INSERT INTO "tblCOM_UserAccess" VALUES (24, 'Edit', 'administration/location/update', 'glyphicon-edit', 345, NULL, B'1', NULL, B'1', B'1', NULL, NULL);
INSERT INTO "tblCOM_UserAccess" VALUES (172, 'Edit', 'administration/location-mask/update', 'glyphicon-edit', 346, NULL, B'1', NULL, B'1', B'1', NULL, NULL);
INSERT INTO "tblCOM_UserAccess" VALUES (173, 'Edit', 'administration/mask-category/update', 'glyphicon-edit', 347, NULL, B'1', NULL, B'1', B'1', NULL, NULL);
INSERT INTO "tblCOM_UserAccess" VALUES (28, 'Edit', 'administration/supplier/update', 'glyphicon-edit', 348, NULL, B'1', NULL, B'1', B'1', NULL, NULL);
INSERT INTO "tblCOM_UserAccess" VALUES (171, 'Edit', 'administration/tax/update', 'glyphicon-edit', 349, NULL, B'1', NULL, B'1', B'1', NULL, NULL);
INSERT INTO "tblCOM_UserAccess" VALUES (240, 'Edit', 'administration/payment-terms/update', 'glyphicon-edit', 350, NULL, B'1', NULL, B'1', B'1', NULL, NULL);
INSERT INTO "tblCOM_UserAccess" VALUES (20, 'Edit', 'administration/unit-conversion/update', 'glyphicon-edit', 351, NULL, B'1', NULL, B'1', B'1', NULL, NULL);
INSERT INTO "tblCOM_UserAccess" VALUES (242, 'Edit', 'administration/attributes/update/242', 'glyphicon-edit', 354, NULL, B'1', NULL, B'1', B'1', NULL, NULL);
INSERT INTO "tblCOM_UserAccess" VALUES (26, 'Edit', 'administration/item-master/update', 'glyphicon-edit', 356, NULL, B'1', NULL, B'1', B'1', NULL, NULL);
INSERT INTO "tblCOM_UserAccess" VALUES (243, 'Edit', 'administration/chart-of-accounts/update', 'glyphicon-edit', 359, NULL, B'1', NULL, B'1', B'1', NULL, NULL);
INSERT INTO "tblCOM_UserAccess" VALUES (11, 'Edit', 'administration/posting-group/update', 'glyphicon-edit', 361, NULL, B'1', NULL, B'1', B'1', NULL, NULL);
INSERT INTO "tblCOM_UserAccess" VALUES (244, 'Edit', 'administration/account-posting-setup/update', 'glyphicon-edit', 364, NULL, B'1', NULL, B'1', B'1', NULL, NULL);
INSERT INTO "tblCOM_UserAccess" VALUES (32, 'Delete', 'l-del', 'glyphicon-remove', 366, NULL, B'1', NULL, B'1', NULL, NULL, NULL);
INSERT INTO "tblCOM_UserAccess" VALUES (13, 'Delete', 'l-del', 'glyphicon-remove', 376, NULL, B'1', NULL, B'1', NULL, NULL, NULL);
INSERT INTO "tblCOM_UserAccess" VALUES (14, 'Delete', 'l-del', 'glyphicon-remove', 377, NULL, B'1', NULL, B'1', NULL, NULL, NULL);
INSERT INTO "tblCOM_UserAccess" VALUES (16, 'Delete', 'l-del', 'glyphicon-remove', 379, NULL, B'1', NULL, B'1', NULL, NULL, NULL);
INSERT INTO "tblCOM_UserAccess" VALUES (19, 'Delete', 'l-del', 'glyphicon-remove', 381, NULL, B'1', NULL, B'1', NULL, NULL, NULL);
INSERT INTO "tblCOM_UserAccess" VALUES (20, 'Delete', 'l-del', 'glyphicon-remove', 383, NULL, B'1', NULL, B'1', NULL, NULL, NULL);
INSERT INTO "tblCOM_UserAccess" VALUES (22, 'Delete', 'l-del', 'glyphicon-remove', 385, NULL, B'1', NULL, B'1', NULL, NULL, NULL);
INSERT INTO "tblCOM_UserAccess" VALUES (33, 'Delete', 'l-del', 'glyphicon-remove', 413, NULL, B'1', NULL, B'1', NULL, NULL, NULL);
INSERT INTO "tblCOM_UserAccess" VALUES (31, 'Delete', 'l-del', 'glyphicon-remove', 414, NULL, B'1', NULL, B'1', NULL, NULL, NULL);
INSERT INTO "tblCOM_UserAccess" VALUES (30, 'Delete', 'l-del', 'glyphicon-remove', 422, NULL, B'1', NULL, B'1', NULL, NULL, NULL);
INSERT INTO "tblCOM_UserAccess" VALUES (17, 'Delete', 'l-del', 'glyphicon-remove', 423, NULL, B'1', NULL, B'1', NULL, NULL, NULL);
INSERT INTO "tblCOM_UserAccess" VALUES (34, 'Delete', 'l-del', 'glyphicon-remove', 424, NULL, B'1', NULL, B'1', NULL, NULL, NULL);
INSERT INTO "tblCOM_UserAccess" VALUES (23, 'Delete', 'l-del', 'glyphicon-remove', 425, NULL, B'1', NULL, B'1', NULL, NULL, NULL);
INSERT INTO "tblCOM_UserAccess" VALUES (28, 'Delete', 'l-del', 'glyphicon-remove', 426, NULL, B'1', NULL, B'1', NULL, NULL, NULL);
INSERT INTO "tblCOM_UserAccess" VALUES (27, 'Delete', 'l-del', 'glyphicon-remove', 427, NULL, B'1', NULL, B'1', NULL, NULL, NULL);
INSERT INTO "tblCOM_UserAccess" VALUES (24, 'Delete', 'l-del', 'glyphicon-remove', 428, NULL, B'1', NULL, B'1', NULL, NULL, NULL);
INSERT INTO "tblCOM_UserAccess" VALUES (26, 'Delete', 'l-del', 'glyphicon-remove', 429, NULL, B'1', NULL, B'1', NULL, NULL, NULL);
INSERT INTO "tblCOM_UserAccess" VALUES (11, 'Delete', 'l-del', 'glyphicon-remove', 431, NULL, B'1', NULL, B'1', NULL, NULL, NULL);
INSERT INTO "tblCOM_UserAccess" VALUES (144, 'Delete', 'l-del', 'glyphicon-remove', 462, NULL, B'1', NULL, B'1', NULL, NULL, NULL);
INSERT INTO "tblCOM_UserAccess" VALUES (145, 'Delete', 'l-del', 'glyphicon-remove', 498, NULL, B'1', NULL, B'1', NULL, NULL, NULL);
INSERT INTO "tblCOM_UserAccess" VALUES (147, 'Delete', 'l-del', 'glyphicon-remove', 499, NULL, B'1', NULL, B'1', NULL, NULL, NULL);
INSERT INTO "tblCOM_UserAccess" VALUES (149, 'Delete', 'l-del', 'glyphicon-remove', 502, NULL, B'1', NULL, B'1', NULL, NULL, NULL);
INSERT INTO "tblCOM_UserAccess" VALUES (162, 'Delete', 'l-del', 'glyphicon-remove', 503, NULL, B'1', NULL, B'1', NULL, NULL, NULL);
INSERT INTO "tblCOM_UserAccess" VALUES (163, 'Delete', 'l-del', 'glyphicon-remove', 504, NULL, B'1', NULL, B'1', NULL, NULL, NULL);
INSERT INTO "tblCOM_UserAccess" VALUES (152, 'Delete', 'l-del', 'glyphicon-remove', 505, NULL, B'1', NULL, B'1', NULL, NULL, NULL);
INSERT INTO "tblCOM_UserAccess" VALUES (153, 'Delete', 'l-del', 'glyphicon-remove', 506, NULL, B'1', NULL, B'1', NULL, NULL, NULL);
INSERT INTO "tblCOM_UserAccess" VALUES (154, 'Delete', 'l-del', 'glyphicon-remove', 507, NULL, B'1', NULL, B'1', NULL, NULL, NULL);
INSERT INTO "tblCOM_UserAccess" VALUES (156, 'Delete', 'l-del', 'glyphicon-remove', 508, NULL, B'1', NULL, B'1', NULL, NULL, NULL);
INSERT INTO "tblCOM_UserAccess" VALUES (157, 'Delete', 'l-del', 'glyphicon-remove', 509, NULL, B'1', NULL, B'1', NULL, NULL, NULL);
INSERT INTO "tblCOM_UserAccess" VALUES (158, 'Delete', 'l-del', 'glyphicon-remove', 510, NULL, B'1', NULL, B'1', NULL, NULL, NULL);
INSERT INTO "tblCOM_UserAccess" VALUES (159, 'Delete', 'l-del', 'glyphicon-remove', 511, NULL, B'1', NULL, B'1', NULL, NULL, NULL);
INSERT INTO "tblCOM_UserAccess" VALUES (160, 'Delete', 'l-del', 'glyphicon-remove', 512, NULL, B'1', NULL, B'1', NULL, NULL, NULL);
INSERT INTO "tblCOM_UserAccess" VALUES (161, 'Delete', 'l-del', 'glyphicon-remove', 513, NULL, B'1', NULL, B'1', NULL, NULL, NULL);
INSERT INTO "tblCOM_UserAccess" VALUES (165, 'Delete', 'l-del', 'glyphicon-remove', 514, NULL, B'1', NULL, B'1', NULL, NULL, NULL);
INSERT INTO "tblCOM_UserAccess" VALUES (166, 'Delete', 'l-del', 'glyphicon-remove', 515, NULL, B'1', NULL, B'1', NULL, NULL, NULL);
INSERT INTO "tblCOM_UserAccess" VALUES (167, 'Delete', 'l-del', 'glyphicon-remove', 516, NULL, B'1', NULL, B'1', NULL, NULL, NULL);
INSERT INTO "tblCOM_UserAccess" VALUES (169, 'Delete', 'l-del', 'glyphicon-remove', 517, NULL, B'1', NULL, B'1', NULL, NULL, NULL);
INSERT INTO "tblCOM_UserAccess" VALUES (170, 'Delete', 'l-del', 'glyphicon-remove', 518, NULL, B'1', NULL, B'1', NULL, NULL, NULL);
INSERT INTO "tblCOM_UserAccess" VALUES (146, 'Delete', 'l-del', 'glyphicon-remove', 519, NULL, B'1', NULL, B'1', NULL, NULL, NULL);
INSERT INTO "tblCOM_UserAccess" VALUES (171, 'Delete', 'l-del', 'glyphicon-remove', 520, NULL, B'1', NULL, B'1', NULL, NULL, NULL);
INSERT INTO "tblCOM_UserAccess" VALUES (172, 'Delete', 'l-del', 'glyphicon-remove', 521, NULL, B'1', NULL, B'1', NULL, NULL, NULL);
INSERT INTO "tblCOM_UserAccess" VALUES (173, 'Delete', 'l-del', 'glyphicon-remove', 522, NULL, B'1', NULL, B'1', NULL, NULL, NULL);
INSERT INTO "tblCOM_UserAccess" VALUES (174, 'Delete', 'l-del', 'glyphicon-remove', 523, NULL, B'1', NULL, B'1', NULL, NULL, NULL);
INSERT INTO "tblCOM_UserAccess" VALUES (143, 'Delete', 'l-del', 'glyphicon-remove', 524, NULL, B'1', NULL, B'1', NULL, NULL, NULL);
INSERT INTO "tblCOM_UserAccess" VALUES (164, 'Delete', 'l-del', 'glyphicon-remove', 529, NULL, B'1', NULL, B'1', NULL, NULL, NULL);
INSERT INTO "tblCOM_UserAccess" VALUES (150, 'Delete', 'l-del', 'glyphicon-remove', 582, NULL, B'1', NULL, B'1', NULL, NULL, NULL);
INSERT INTO "tblCOM_UserAccess" VALUES (168, 'Delete', 'l-del', 'glyphicon-remove', 583, NULL, B'1', NULL, B'1', NULL, NULL, NULL);
INSERT INTO "tblCOM_UserAccess" VALUES (240, 'Delete', 'l-del', 'glyphicon-remove', 591, NULL, B'1', NULL, B'1', NULL, NULL, NULL);
INSERT INTO "tblCOM_UserAccess" VALUES (242, 'Delete', 'l-del', 'glyphicon-remove', 593, NULL, B'1', NULL, B'1', NULL, NULL, NULL);
INSERT INTO "tblCOM_UserAccess" VALUES (243, 'Delete', 'l-del', 'glyphicon-remove', 594, NULL, B'1', NULL, B'1', NULL, NULL, NULL);
INSERT INTO "tblCOM_UserAccess" VALUES (244, 'Delete', 'l-del', 'glyphicon-remove', 595, NULL, B'1', NULL, B'1', NULL, NULL, NULL);
INSERT INTO "tblCOM_UserAccess" VALUES (245, 'View', '', '', 596, NULL, NULL, NULL, NULL, NULL, NULL, NULL);
INSERT INTO "tblCOM_UserAccess" VALUES (245, 'Add', 'administration/attributes/add/245', 'glyphicon-plus', 597, NULL, B'1', B'1', NULL, NULL, NULL, NULL);
INSERT INTO "tblCOM_UserAccess" VALUES (245, 'Delete', 'l-del', 'glyphicon-remove', 599, NULL, B'1', NULL, B'1', NULL, NULL, NULL);
INSERT INTO "tblCOM_UserAccess" VALUES (245, 'Edit', 'administration/attributes/update/245', 'glyphicon-edit', 598, NULL, B'1', NULL, B'1', B'1', NULL, NULL);
INSERT INTO "tblCOM_UserAccess" VALUES (246, 'Add', 'administration/customer-type/add', 'glyphicon-plus', 600, NULL, B'1', B'1', NULL, NULL, NULL, NULL);
INSERT INTO "tblCOM_UserAccess" VALUES (246, 'Edit', 'administration/customer-type/update', 'glyphicon-edit', 601, NULL, B'1', NULL, B'1', B'1', NULL, NULL);
INSERT INTO "tblCOM_UserAccess" VALUES (246, 'View', '', '', 603, NULL, NULL, NULL, NULL, NULL, NULL, NULL);
INSERT INTO "tblCOM_UserAccess" VALUES (247, 'View', '', '', 604, NULL, NULL, NULL, NULL, NULL, NULL, NULL);
INSERT INTO "tblCOM_UserAccess" VALUES (247, 'Add', 'administration/store-profile/add', 'glyphicon-plus', 605, NULL, B'1', B'1', NULL, NULL, NULL, NULL);
INSERT INTO "tblCOM_UserAccess" VALUES (247, 'Edit', 'administration/store-profile/update', 'glyphicon-edit', 606, NULL, B'1', NULL, B'1', B'1', NULL, NULL);
INSERT INTO "tblCOM_UserAccess" VALUES (248, 'Edit', 'administration/approval-setup/update', 'glyphicon-edit', 608, NULL, B'1', NULL, B'1', B'1', NULL, NULL);
INSERT INTO "tblCOM_UserAccess" VALUES (248, 'View', '', '', 610, NULL, NULL, NULL, NULL, NULL, NULL, NULL);
INSERT INTO "tblCOM_UserAccess" VALUES (147, 'Add', 'administration/item-type/add', 'glyphicon-plus', 280, NULL, B'1', B'1', NULL, NULL, NULL, NULL);
INSERT INTO "tblCOM_UserAccess" VALUES (147, 'Edit', 'administration/item-type/update', 'glyphicon-edit', 312, NULL, B'1', NULL, B'1', B'1', NULL, NULL);
INSERT INTO "tblCOM_UserAccess" VALUES (249, 'View', '', '', 611, NULL, NULL, NULL, NULL, NULL, NULL, NULL);
INSERT INTO "tblCOM_UserAccess" VALUES (275, 'Delete', 'l-del', 'glyphicon-remove', 686, NULL, B'1', NULL, B'1', NULL, NULL, NULL);
INSERT INTO "tblCOM_UserAccess" VALUES (249, 'Add', 'administration/buyer-setup/add', 'glyphicon-plus', 612, NULL, B'1', B'1', NULL, NULL, NULL, NULL);
INSERT INTO "tblCOM_UserAccess" VALUES (249, 'Edit', 'administration/buyer-setup/update', 'glyphicon-edit', 613, NULL, B'1', NULL, B'1', B'1', NULL, NULL);
INSERT INTO "tblCOM_UserAccess" VALUES (249, 'Delete', 'l-del', 'glyphicon-remove', 614, NULL, B'1', NULL, B'1', NULL, NULL, NULL);
INSERT INTO "tblCOM_UserAccess" VALUES (250, 'View', '', '', 615, NULL, NULL, NULL, NULL, NULL, NULL, NULL);
INSERT INTO "tblCOM_UserAccess" VALUES (250, 'Add', 'administration/sub-category/add', 'glyphicon-plus', 616, NULL, B'1', B'1', NULL, NULL, NULL, NULL);
INSERT INTO "tblCOM_UserAccess" VALUES (250, 'Edit', 'administration/sub-category/update', 'glyphicon-edit', 617, NULL, B'1', NULL, B'1', B'1', NULL, NULL);
INSERT INTO "tblCOM_UserAccess" VALUES (250, 'Delete', 'l-del', 'glyphicon-remove', 618, NULL, B'1', NULL, B'1', NULL, NULL, NULL);
INSERT INTO "tblCOM_UserAccess" VALUES (251, 'Add', 'administration/identifier/add', 'glyphicon-plus', 620, B'1', B'1', B'1', NULL, NULL, 'det-add', NULL);
INSERT INTO "tblCOM_UserAccess" VALUES (252, 'View', '', '', 623, NULL, NULL, NULL, NULL, NULL, '', NULL);
INSERT INTO "tblCOM_UserAccess" VALUES (252, 'Edit', 'administration/identifier-setup/update', 'glyphicon-edit', 625, NULL, B'1', NULL, B'1', B'1', '', NULL);
INSERT INTO "tblCOM_UserAccess" VALUES (253, 'View', '', '', 627, NULL, NULL, NULL, NULL, NULL, '', NULL);
INSERT INTO "tblCOM_UserAccess" VALUES (253, 'Add', 'administration/department-setup/add', 'glyphicon-plus', 628, NULL, B'1', B'1', NULL, NULL, '', NULL);
INSERT INTO "tblCOM_UserAccess" VALUES (253, 'Edit', 'administration/department-setup/update', 'glyphicon-edit', 629, NULL, B'1', NULL, B'1', B'1', '', NULL);
INSERT INTO "tblCOM_UserAccess" VALUES (253, 'Delete', 'l-del', 'glyphicon-remove', 630, NULL, B'1', NULL, B'1', NULL, '', NULL);
INSERT INTO "tblCOM_UserAccess" VALUES (254, 'View', '', '', 631, NULL, NULL, NULL, NULL, NULL, '', NULL);
INSERT INTO "tblCOM_UserAccess" VALUES (255, 'View', '', '', 632, NULL, NULL, NULL, NULL, NULL, '', NULL);
INSERT INTO "tblCOM_UserAccess" VALUES (246, 'Delete', 'l-del', 'glyphicon-remove', 602, NULL, B'1', NULL, B'1', NULL, NULL, NULL);
INSERT INTO "tblCOM_UserAccess" VALUES (251, 'Edit', 'administration/identifier/update', 'glyphicon-edit', 621, B'1', B'1', NULL, B'1', B'1', 'det-update', NULL);
INSERT INTO "tblCOM_UserAccess" VALUES (251, 'View', 'administration/identifier/view', 'glyphicon-search', 619, NULL, B'1', NULL, B'1', B'1', NULL, NULL);
INSERT INTO "tblCOM_UserAccess" VALUES (251, 'Delete', 'l-del', 'glyphicon-remove', 622, B'1', B'1', NULL, B'1', NULL, 'det-delete', NULL);
INSERT INTO "tblCOM_UserAccess" VALUES (247, 'Delete', 'l-del', 'glyphicon-remove', 607, NULL, B'1', NULL, B'1', NULL, NULL, NULL);
INSERT INTO "tblCOM_UserAccess" VALUES (260, 'View', '', '', 380, NULL, NULL, NULL, NULL, NULL, NULL, NULL);
INSERT INTO "tblCOM_UserAccess" VALUES (261, 'View', '', '', 390, NULL, NULL, NULL, NULL, NULL, NULL, NULL);
INSERT INTO "tblCOM_UserAccess" VALUES (260, 'Add', 'administration/attributes/add/260', 'glyphicon-plus', 391, NULL, B'1', B'1', NULL, NULL, NULL, NULL);
INSERT INTO "tblCOM_UserAccess" VALUES (261, 'Add', 'administration/attributes/add/261', 'glyphicon-plus', 392, NULL, B'1', B'1', NULL, NULL, NULL, NULL);
INSERT INTO "tblCOM_UserAccess" VALUES (260, 'Edit', 'administration/attributes/update/260', 'glyphicon-edit', 393, NULL, B'1', NULL, B'1', B'1', NULL, NULL);
INSERT INTO "tblCOM_UserAccess" VALUES (261, 'Edit', 'administration/attributes/update/261', 'glyphicon-edit', 394, NULL, B'1', NULL, B'1', B'1', NULL, NULL);
INSERT INTO "tblCOM_UserAccess" VALUES (260, 'Delete', 'l-del', 'glyphicon-remove', 395, NULL, B'1', NULL, B'1', NULL, NULL, NULL);
INSERT INTO "tblCOM_UserAccess" VALUES (261, 'Delete', 'l-del', 'glyphicon-remove', 396, NULL, B'1', NULL, B'1', NULL, NULL, NULL);
INSERT INTO "tblCOM_UserAccess" VALUES (148, 'Edit', 'administration/reason/update', 'glyphicon-edit', 313, NULL, B'1', NULL, B'1', B'1', NULL, NULL);
INSERT INTO "tblCOM_UserAccess" VALUES (148, 'Add', 'administration/reason/add', 'glyphicon-plus', 281, NULL, B'1', B'1', NULL, NULL, NULL, NULL);
INSERT INTO "tblCOM_UserAccess" VALUES (148, 'Delete', 'l-del', 'glyphicon-remove', 500, NULL, B'1', NULL, B'1', NULL, NULL, NULL);
INSERT INTO "tblCOM_UserAccess" VALUES (263, 'View', '', '', 633, NULL, NULL, NULL, NULL, NULL, NULL, NULL);
INSERT INTO "tblCOM_UserAccess" VALUES (263, 'Delete', 'l-del', 'glyphicon-remove', 636, NULL, B'1', NULL, B'1', NULL, NULL, NULL);
INSERT INTO "tblCOM_UserAccess" VALUES (263, 'Edit', 'financial-management/supplier-posting-group/update', 'glyphicon-edit', 635, NULL, B'1', NULL, B'1', B'1', NULL, NULL);
INSERT INTO "tblCOM_UserAccess" VALUES (263, 'Add', 'financial-management/supplier-posting-group/add', 'glyphicon-plus', 634, NULL, B'1', B'1', NULL, NULL, NULL, NULL);
INSERT INTO "tblCOM_UserAccess" VALUES (264, 'View', '', '', 637, NULL, NULL, NULL, NULL, NULL, NULL, NULL);
INSERT INTO "tblCOM_UserAccess" VALUES (264, 'Add', 'financial-management/customer-posting-group/add', 'glyphicon-plus', 638, NULL, B'1', B'1', NULL, NULL, NULL, NULL);
INSERT INTO "tblCOM_UserAccess" VALUES (264, 'Edit', 'financial-management/customer-posting-group/update', 'glyphicon-edit', 639, NULL, B'1', NULL, B'1', B'1', NULL, NULL);
INSERT INTO "tblCOM_UserAccess" VALUES (264, 'Delete', 'l-del', 'glyphicon-remove', 640, NULL, B'1', NULL, B'1', NULL, NULL, NULL);
INSERT INTO "tblCOM_UserAccess" VALUES (265, 'View', '', '', 641, NULL, NULL, NULL, NULL, NULL, NULL, NULL);
INSERT INTO "tblCOM_UserAccess" VALUES (265, 'Add', 'financial-management/inventory-posting-group/add', 'glyphicon-plus', 642, NULL, B'1', B'1', NULL, NULL, NULL, NULL);
INSERT INTO "tblCOM_UserAccess" VALUES (265, 'Edit', 'financial-management/inventory-posting-group/update', 'glyphicon-edit', 643, NULL, B'1', NULL, B'1', B'1', NULL, NULL);
INSERT INTO "tblCOM_UserAccess" VALUES (265, 'Delete', 'l-del', 'glyphicon-remove', 644, NULL, B'1', NULL, B'1', NULL, NULL, NULL);
INSERT INTO "tblCOM_UserAccess" VALUES (266, 'View', '', '', 645, NULL, NULL, NULL, NULL, NULL, NULL, NULL);
INSERT INTO "tblCOM_UserAccess" VALUES (266, 'Add', 'financial-management/fixed-asset-posting-group/add', 'glyphicon-plus', 646, NULL, B'1', B'1', NULL, NULL, NULL, NULL);
INSERT INTO "tblCOM_UserAccess" VALUES (266, 'Edit', 'financial-management/fixed-asset-posting-group/update', 'glyphicon-edit', 647, NULL, B'1', NULL, B'1', B'1', NULL, NULL);
INSERT INTO "tblCOM_UserAccess" VALUES (266, 'Delete', 'l-del', 'glyphicon-remove', 648, NULL, B'1', NULL, B'1', NULL, NULL, NULL);
INSERT INTO "tblCOM_UserAccess" VALUES (267, 'View', '', '', 649, NULL, NULL, NULL, NULL, NULL, NULL, NULL);
INSERT INTO "tblCOM_UserAccess" VALUES (267, 'Add', 'financial-management/bank-posting-group/add', 'glyphicon-plus', 650, NULL, B'1', B'1', NULL, NULL, NULL, NULL);
INSERT INTO "tblCOM_UserAccess" VALUES (267, 'Edit', 'financial-management/bank-posting-group/update', 'glyphicon-edit', 651, NULL, B'1', NULL, B'1', B'1', NULL, NULL);
INSERT INTO "tblCOM_UserAccess" VALUES (267, 'Delete', 'l-del', 'glyphicon-remove', 652, NULL, B'1', NULL, B'1', NULL, NULL, NULL);
INSERT INTO "tblCOM_UserAccess" VALUES (262, 'View', NULL, NULL, 665, NULL, NULL, NULL, NULL, NULL, NULL, NULL);
INSERT INTO "tblCOM_UserAccess" VALUES (271, 'View', '', '', 667, NULL, NULL, NULL, NULL, NULL, '', NULL);
INSERT INTO "tblCOM_UserAccess" VALUES (271, 'Add', 'financial-management/wht-business-posting-group/add', 'glyphicon-plus', 672, NULL, B'1', B'1', NULL, NULL, NULL, NULL);
INSERT INTO "tblCOM_UserAccess" VALUES (271, 'Delete', 'l-del', 'glyphicon-remove', 675, NULL, B'1', NULL, B'1', NULL, NULL, NULL);
INSERT INTO "tblCOM_UserAccess" VALUES (272, 'View', '', '', 668, NULL, NULL, NULL, NULL, NULL, '', NULL);
INSERT INTO "tblCOM_UserAccess" VALUES (268, 'View', '', '', 657, NULL, NULL, NULL, NULL, NULL, NULL, NULL);
INSERT INTO "tblCOM_UserAccess" VALUES (268, 'Edit', 'financial-management/vat-business-posting-group/update', 'glyphicon-edit', 659, NULL, B'1', NULL, B'1', B'1', NULL, NULL);
INSERT INTO "tblCOM_UserAccess" VALUES (269, 'View', '', '', 661, NULL, NULL, NULL, NULL, NULL, NULL, NULL);
INSERT INTO "tblCOM_UserAccess" VALUES (269, 'Add', 'financial-management/vat-product-posting-group/add', 'glyphicon-plus', 662, NULL, B'1', B'1', NULL, NULL, NULL, NULL);
INSERT INTO "tblCOM_UserAccess" VALUES (269, 'Edit', 'financial-management/vat-product-posting-group/update', 'glyphicon-edit', 663, NULL, B'1', NULL, B'1', B'1', NULL, NULL);
INSERT INTO "tblCOM_UserAccess" VALUES (269, 'Delete', 'l-del', 'glyphicon-remove', 664, NULL, B'1', NULL, B'1', NULL, NULL, NULL);
INSERT INTO "tblCOM_UserAccess" VALUES (270, 'Edit', 'financial-management/vat-posting-setup/update', 'glyphicon-edit', 655, NULL, B'1', NULL, B'1', B'1', NULL, NULL);
INSERT INTO "tblCOM_UserAccess" VALUES (270, 'Add', 'financial-management/vat-posting-setup/add', 'glyphicon-plus', 654, NULL, B'1', B'1', NULL, NULL, NULL, NULL);
INSERT INTO "tblCOM_UserAccess" VALUES (270, 'Delete', 'l-del', 'glyphicon-remove', 656, NULL, B'1', NULL, B'1', NULL, NULL, NULL);
INSERT INTO "tblCOM_UserAccess" VALUES (270, 'View', '', '', 653, NULL, NULL, NULL, NULL, NULL, NULL, NULL);
INSERT INTO "tblCOM_UserAccess" VALUES (274, 'View', '', '', 679, NULL, NULL, NULL, NULL, NULL, NULL, NULL);
INSERT INTO "tblCOM_UserAccess" VALUES (274, 'Add', 'financial-management/chart-of-accounts/add', 'glyphicon-plus', 680, NULL, B'1', B'1', NULL, NULL, NULL, NULL);
INSERT INTO "tblCOM_UserAccess" VALUES (274, 'Edit', 'financial-management/chart-of-accounts/update', 'glyphicon-edit', 681, NULL, B'1', NULL, B'1', B'1', NULL, NULL);
INSERT INTO "tblCOM_UserAccess" VALUES (274, 'Delete', 'l-del', 'glyphicon-remove', 682, NULL, B'1', NULL, B'1', NULL, NULL, NULL);
INSERT INTO "tblCOM_UserAccess" VALUES (275, 'View', '', '', 683, NULL, NULL, NULL, NULL, NULL, NULL, NULL);
INSERT INTO "tblCOM_UserAccess" VALUES (275, 'Add', 'financial-management/book-setup/add', 'glyphicon-plus', 684, NULL, B'1', B'1', NULL, NULL, NULL, NULL);
INSERT INTO "tblCOM_UserAccess" VALUES (275, 'Edit', 'financial-management/book-setup/update', 'glyphicon-edit', 685, NULL, B'1', NULL, B'1', B'1', NULL, NULL);
INSERT INTO "tblCOM_UserAccess" VALUES (51, 'View', '', '', 687, NULL, NULL, NULL, NULL, NULL, NULL, NULL);
INSERT INTO "tblCOM_UserAccess" VALUES (51, 'View Detail', 'financial-management/amortization-prepaid-expense/view', 'glyphicon-search', 691, NULL, B'1', NULL, B'1', B'1', NULL, NULL);
INSERT INTO "tblCOM_UserAccess" VALUES (64, 'Edit', 'financial-management/request-payment/update', 'glyphicon-edit', 693, B'1', B'1', NULL, B'1', B'1', 'det-update', NULL);
INSERT INTO "tblCOM_UserAccess" VALUES (64, 'View', 'financial-management/request-payment/view', 'glyphicon-search', 58, NULL, B'1', NULL, B'1', B'1', NULL, NULL);
INSERT INTO "tblCOM_UserAccess" VALUES (64, 'Add', 'financial-management/request-payment/add', 'glyphicon-plus', 692, B'1', B'1', B'1', NULL, NULL, 'det-add', NULL);
INSERT INTO "tblCOM_UserAccess" VALUES (276, 'View', '', '', 695, NULL, NULL, NULL, NULL, NULL, NULL, NULL);
INSERT INTO "tblCOM_UserAccess" VALUES (276, 'Add', 'administration/services/add', 'glyphicon-plus', 696, NULL, B'1', B'1', NULL, NULL, NULL, NULL);
INSERT INTO "tblCOM_UserAccess" VALUES (276, 'Edit', 'administration/services/update', 'glyphicon-edit', 697, NULL, B'1', NULL, B'1', B'1', NULL, NULL);
INSERT INTO "tblCOM_UserAccess" VALUES (276, 'Delete', 'l-del', 'glyphicon-remove', 698, NULL, B'1', NULL, B'1', NULL, NULL, NULL);
INSERT INTO "tblCOM_UserAccess" VALUES (64, 'Delete', '', 'glyphicon-remove', 699, B'1', NULL, NULL, B'1', NULL, 'det-delete', NULL);
INSERT INTO "tblCOM_UserAccess" VALUES (49, 'View', 'view-doc', 'glyphicon-search', 50, NULL, B'1', NULL, B'1', NULL, NULL, NULL);
INSERT INTO "tblCOM_UserAccess" VALUES (48, 'View', 'financial-management/accounts-payable-voucher/view', 'glyphicon-search', 60, NULL, B'1', NULL, B'1', B'1', NULL, NULL);
INSERT INTO "tblCOM_UserAccess" VALUES (48, 'Add', 'financial-management/accounts-payable-voucher/add', 'glyphicon-plus', 700, B'1', B'1', B'1', NULL, NULL, 'det-add', NULL);
INSERT INTO "tblCOM_UserAccess" VALUES (48, 'Edit', 'financial-management/accounts-payable-voucher/update', 'glyphicon-edit', 701, B'1', B'1', NULL, B'1', B'1', 'det-update', NULL);
INSERT INTO "tblCOM_UserAccess" VALUES (48, 'Delete', '', 'glyphicon-remove', 702, B'1', NULL, NULL, B'1', NULL, 'det-delete', NULL);
INSERT INTO "tblCOM_UserAccess" VALUES (46, 'Add', 'financial-management/cash-receipt-journal/add', 'glyphicon-plus', 703, B'1', B'1', B'1', NULL, NULL, 'det-add', NULL);
INSERT INTO "tblCOM_UserAccess" VALUES (46, 'Edit', 'financial-management/cash-receipt-journal/edit', 'glyphicon-edit', 704, B'1', B'1', NULL, B'1', B'1', 'det-update', NULL);
INSERT INTO "tblCOM_UserAccess" VALUES (46, 'Delete', '', 'glyphicon-remove', 705, B'1', NULL, NULL, B'1', NULL, 'det-delete', NULL);
INSERT INTO "tblCOM_UserAccess" VALUES (46, 'View', 'financial-management/cash-receipt-journal/view', 'glyphicon-search', 48, NULL, B'1', NULL, B'1', B'1', NULL, NULL);
INSERT INTO "tblCOM_UserAccess" VALUES (53, 'Add', 'financial-management/check-voucher/add', 'glyphicon-plus', 706, B'1', B'1', B'1', NULL, NULL, 'det-add', NULL);
INSERT INTO "tblCOM_UserAccess" VALUES (53, 'Edit', 'financial-management/check-voucher/update', 'glyphicon-edit', 707, B'1', B'1', NULL, B'1', B'1', 'det-update', NULL);
INSERT INTO "tblCOM_UserAccess" VALUES (53, 'Delete', '', 'glyphicon-remove', 708, B'1', NULL, NULL, B'1', NULL, 'det-delete', NULL);
INSERT INTO "tblCOM_UserAccess" VALUES (59, 'Add', 'financial-management/bank-accounts/add', 'glyphicon-plus', 709, NULL, B'1', B'1', NULL, NULL, NULL, NULL);
INSERT INTO "tblCOM_UserAccess" VALUES (59, 'Edit', 'financial-management/bank-accounts/update', 'glyphicon-edit', 710, NULL, B'1', NULL, B'1', B'1', NULL, NULL);
INSERT INTO "tblCOM_UserAccess" VALUES (59, 'Delete', 'l-del', 'glyphicon-remove', 711, NULL, B'1', NULL, B'1', NULL, NULL, NULL);
INSERT INTO "tblCOM_UserAccess" VALUES (51, 'Delete', 'l-del', 'glyphicon-remove', 690, NULL, NULL, NULL, B'1', NULL, NULL, NULL);
INSERT INTO "tblCOM_UserAccess" VALUES (52, 'Add', 'financial-management/amortization-loan/add', 'glyphicon-plus', 712, NULL, B'1', B'1', NULL, NULL, NULL, NULL);
INSERT INTO "tblCOM_UserAccess" VALUES (52, 'View Detail', 'financial-management/amortization-loan/view', 'glyphicon-search', 714, NULL, B'1', NULL, B'1', B'1', NULL, NULL);
INSERT INTO "tblCOM_UserAccess" VALUES (52, 'Edit', 'financial-management/amortization-loan/update', 'glyphicon-edit', 713, NULL, B'1', NULL, B'1', B'1', NULL, NULL);
INSERT INTO "tblCOM_UserAccess" VALUES (277, 'View', NULL, NULL, 715, NULL, NULL, NULL, NULL, NULL, NULL, NULL);
INSERT INTO "tblCOM_UserAccess" VALUES (278, 'View', NULL, NULL, 716, NULL, NULL, NULL, NULL, NULL, NULL, NULL);
INSERT INTO "tblCOM_UserAccess" VALUES (51, 'Edit', 'financial-management/amortization-prepaid-expense/update', 'glyphicon-edit', 689, B'1', B'1', NULL, B'1', B'1', 'det-update', NULL);
INSERT INTO "tblCOM_UserAccess" VALUES (45, 'Add', 'financial-management/sales-invoice/add', 'glyphicon-plus', 717, B'1', B'1', B'1', NULL, NULL, 'det-add', NULL);
INSERT INTO "tblCOM_UserAccess" VALUES (45, 'Edit', 'financial-management/sales-invoice/edit', 'glyphicon-edit', 718, B'1', B'1', NULL, B'1', B'1', 'det-update', NULL);
INSERT INTO "tblCOM_UserAccess" VALUES (45, 'Delete', '', 'glyphicon-remove', 719, B'1', NULL, NULL, B'1', NULL, 'det-delete', NULL);
INSERT INTO "tblCOM_UserAccess" VALUES (45, 'View', 'financial-management/sales-invoice/view', 'glyphicon-search', 47, NULL, B'1', NULL, B'1', B'1', NULL, NULL);
INSERT INTO "tblCOM_UserAccess" VALUES (47, 'View', 'financial-management/debit-credit-memo/view', 'glyphicon-search', 49, NULL, B'1', NULL, B'1', B'1', NULL, NULL);
INSERT INTO "tblCOM_UserAccess" VALUES (47, 'Add', 'financial-management/debit-credit-memo/add', 'glyphicon-plus', 720, B'1', B'1', B'1', NULL, NULL, 'det-add', NULL);
INSERT INTO "tblCOM_UserAccess" VALUES (47, 'Edit', 'financial-management/debit-credit-memo/edit', 'glyphicon-edit', 721, B'1', B'1', NULL, B'1', B'1', 'det-update', NULL);
INSERT INTO "tblCOM_UserAccess" VALUES (47, 'Delete', '', 'glyphicon-remove', 722, B'1', NULL, NULL, B'1', NULL, 'det-delete', NULL);
INSERT INTO "tblCOM_UserAccess" VALUES (271, 'Edit', 'financial-management/wht-business-posting-group/update', 'glyphicon-edit', 673, NULL, B'1', NULL, B'1', B'1', NULL, NULL);
INSERT INTO "tblCOM_UserAccess" VALUES (272, 'Add', 'financial-management/wht-product-posting-group/add', 'glyphicon-plus', 676, NULL, B'1', B'1', NULL, NULL, NULL, NULL);
INSERT INTO "tblCOM_UserAccess" VALUES (272, 'Edit', 'financial-management/wht-product-posting-group/update', 'glyphicon-edit', 677, NULL, B'1', NULL, B'1', B'1', NULL, NULL);
INSERT INTO "tblCOM_UserAccess" VALUES (272, 'Delete', 'l-del', 'glyphicon-remove', 678, NULL, B'1', NULL, B'1', NULL, NULL, NULL);
INSERT INTO "tblCOM_UserAccess" VALUES (273, 'Delete', 'l-del', 'glyphicon-remove', 671, NULL, B'1', NULL, B'1', NULL, NULL, NULL);
INSERT INTO "tblCOM_UserAccess" VALUES (273, 'Edit', 'financial-management/wht-posting-setup/update', 'glyphicon-edit', 670, NULL, B'1', NULL, B'1', B'1', NULL, NULL);
INSERT INTO "tblCOM_UserAccess" VALUES (273, 'Add', 'financial-management/wht-posting-setup/add', 'glyphicon-plus', 669, NULL, B'1', B'1', NULL, NULL, NULL, NULL);
INSERT INTO "tblCOM_UserAccess" VALUES (273, 'View', '', '', 666, NULL, NULL, NULL, NULL, NULL, NULL, NULL);
INSERT INTO "tblCOM_UserAccess" VALUES (268, 'Delete', 'l-del', 'glyphicon-remove', 660, NULL, B'1', NULL, B'1', NULL, NULL, NULL);
INSERT INTO "tblCOM_UserAccess" VALUES (51, 'Add', 'financial-management/amortization-prepaid-expense/add', 'glyphicon-plus', 723, NULL, B'1', B'1', NULL, NULL, NULL, NULL);
INSERT INTO "tblCOM_UserAccess" VALUES (279, 'View', NULL, NULL, 724, NULL, NULL, NULL, NULL, NULL, NULL, NULL);
INSERT INTO "tblCOM_UserAccess" VALUES (280, 'View', NULL, NULL, 725, NULL, NULL, NULL, NULL, NULL, NULL, NULL);
INSERT INTO "tblCOM_UserAccess" VALUES (54, 'Add', 'financial-management/general-journal/add', 'glyphicon-plus', 726, B'1', B'1', B'1', NULL, NULL, 'det-add', NULL);
INSERT INTO "tblCOM_UserAccess" VALUES (54, 'View', 'financial-management/general-journal/view', 'glyphicon-search', 63, NULL, B'1', NULL, B'1', B'1', NULL, NULL);
INSERT INTO "tblCOM_UserAccess" VALUES (54, 'Edit', 'financial-management/general-journal/edit', 'glyphicon-edit', 727, B'1', B'1', NULL, B'1', B'1', 'det-update', NULL);
INSERT INTO "tblCOM_UserAccess" VALUES (54, 'Delete', '', 'glyphicon-remove', 728, B'1', NULL, NULL, B'1', NULL, 'det-delete', NULL);
INSERT INTO "tblCOM_UserAccess" VALUES (281, 'Add', 'financial-management/vat-setup/add', 'glyphicon-plus', 729, NULL, B'1', B'1', NULL, NULL, NULL, NULL);
INSERT INTO "tblCOM_UserAccess" VALUES (281, 'View', NULL, NULL, 730, NULL, NULL, NULL, NULL, NULL, NULL, NULL);
INSERT INTO "tblCOM_UserAccess" VALUES (281, 'Edit', 'financial-management/vat-setup/update', 'glyphicon-edit', 731, NULL, B'1', NULL, B'1', B'1', NULL, NULL);
INSERT INTO "tblCOM_UserAccess" VALUES (281, 'Delete', 'l-del', 'glyphicon-remove', 732, NULL, B'1', NULL, B'1', NULL, NULL, NULL);
INSERT INTO "tblCOM_UserAccess" VALUES (282, 'Delete', 'l-del', 'glyphicon-remove', 735, NULL, B'1', NULL, B'1', NULL, NULL, NULL);
INSERT INTO "tblCOM_UserAccess" VALUES (282, 'Edit', 'financial-management/vat-posting-group/update', 'glyphicon-edit', 734, NULL, B'1', NULL, B'1', B'1', NULL, NULL);
INSERT INTO "tblCOM_UserAccess" VALUES (268, 'Add', 'financial-management/vat-business-posting-group/add', 'glyphicon-plus', 658, NULL, B'1', B'1', NULL, NULL, NULL, NULL);
INSERT INTO "tblCOM_UserAccess" VALUES (282, 'Add', 'financial-management/vat-posting-group/add', 'glyphicon-plus', 733, NULL, B'1', B'1', NULL, NULL, NULL, NULL);
INSERT INTO "tblCOM_UserAccess" VALUES (283, 'View', 'financial-management/revolving-fund-voucher/view', 'glyphicon-search', 737, NULL, B'1', NULL, B'1', B'1', NULL, NULL);
INSERT INTO "tblCOM_UserAccess" VALUES (283, 'Add', 'financial-management/revolving-fund-voucher/add', 'glyphicon-plus', 738, NULL, B'1', B'1', NULL, NULL, NULL, NULL);
INSERT INTO "tblCOM_UserAccess" VALUES (283, 'Edit', 'financial-management/revolving-fund-voucher/update', 'glyphicon-edit', 739, NULL, B'1', NULL, B'1', B'1', NULL, NULL);
INSERT INTO "tblCOM_UserAccess" VALUES (60, 'Add', 'financial-management/bank-reconciliation/add', 'glyphicon-plus', 740, NULL, B'1', B'1', NULL, NULL, NULL, NULL);
INSERT INTO "tblCOM_UserAccess" VALUES (60, 'Edit', 'financial-management/bank-reconciliation/update', 'glyphicon-edit', 741, NULL, B'1', NULL, B'1', B'1', NULL, NULL);
INSERT INTO "tblCOM_UserAccess" VALUES (60, 'View Detail', 'financial-management/bank-reconciliation/view', 'glyphicon-search', 742, NULL, B'1', NULL, B'1', B'1', NULL, NULL);
INSERT INTO "tblCOM_UserAccess" VALUES (60, 'View', NULL, NULL, 743, NULL, NULL, NULL, NULL, NULL, NULL, NULL);
INSERT INTO "tblCOM_UserAccess" VALUES (73, 'Add', 'financial-management/revolving-fund-replenishment/add', 'glyphicon-plus', 744, NULL, B'1', B'1', NULL, NULL, NULL, NULL);
INSERT INTO "tblCOM_UserAccess" VALUES (73, 'Edit', 'financial-management/revolving-fund-replenishment/update', 'glyphicon-edit', 745, NULL, B'1', NULL, B'1', B'1', NULL, NULL);
INSERT INTO "tblCOM_UserAccess" VALUES (73, 'View', 'financial-management/revolving-fund-replenishment/view', 'glyphicon-search', 73, NULL, B'1', NULL, B'1', B'1', NULL, NULL);
INSERT INTO "tblCOM_UserAccess" VALUES (63, 'View', 'financial-management/cash-advance/view', 'glyphicon-search', 65, NULL, B'1', NULL, B'1', B'1', NULL, NULL);
INSERT INTO "tblCOM_UserAccess" VALUES (63, 'Edit', 'financial-management/cash-advance/update', 'glyphicon-edit', 746, NULL, B'1', NULL, B'1', B'1', NULL, NULL);
INSERT INTO "tblCOM_UserAccess" VALUES (63, 'Add', 'financial-management/cash-advance/add', 'glyphicon-plus', 747, NULL, B'1', B'1', NULL, NULL, NULL, NULL);
INSERT INTO "tblCOM_UserAccess" VALUES (61, 'Edit', 'financial-management/reimbursement/update', 'glyphicon-edit', 748, NULL, B'1', NULL, B'1', B'1', NULL, NULL);
INSERT INTO "tblCOM_UserAccess" VALUES (61, 'Add', 'financial-management/reimbursement/add', 'glyphicon-plus', 749, NULL, B'1', B'1', NULL, NULL, NULL, NULL);
INSERT INTO "tblCOM_UserAccess" VALUES (63, 'Liquidate', 'financial-management/cash-advance/liquidate', 'glyphicon-book', 750, NULL, B'1', NULL, B'1', B'1', NULL, NULL);
INSERT INTO "tblCOM_UserAccess" VALUES (62, 'Edit', 'financial-management/requisition/update', 'glyphicon-edit', 751, NULL, B'1', NULL, B'1', B'1', NULL, NULL);
INSERT INTO "tblCOM_UserAccess" VALUES (62, 'Add', 'financial-management/requisition/add', 'glyphicon-plus', 752, NULL, B'1', B'1', NULL, NULL, NULL, NULL);
INSERT INTO "tblCOM_UserAccess" VALUES (36, 'View', 'purchasing/purchase-order/view', 'glyphicon-search', 40, NULL, B'1', NULL, B'1', B'1', NULL, NULL);
INSERT INTO "tblCOM_UserAccess" VALUES (36, 'Edit', 'purchasing/purchase-order/update', 'glyphicon-edit', 754, NULL, B'1', NULL, B'1', B'1', NULL, NULL);
INSERT INTO "tblCOM_UserAccess" VALUES (36, 'Delete', '', 'glyphicon-remove', 755, B'1', NULL, NULL, B'1', NULL, 'po-details-delete', NULL);
INSERT INTO "tblCOM_UserAccess" VALUES (36, 'Add', '', 'glyphicon-plus', 756, B'1', NULL, B'1', NULL, NULL, 'po-details-add', NULL);
INSERT INTO "tblCOM_UserAccess" VALUES (284, 'View', 'sales-operation/requisition-local/view', 'glyphicon-search', 757, NULL, B'1', NULL, B'1', B'1', NULL, NULL);
INSERT INTO "tblCOM_UserAccess" VALUES (284, 'Add', 'sales-operation/requisition-local/add', 'glyphicon-plus', 758, NULL, B'1', B'1', NULL, NULL, NULL, NULL);
INSERT INTO "tblCOM_UserAccess" VALUES (284, 'Edit', 'sales-operation/requisition-local/update', 'glyphicon-edit', 759, NULL, B'1', NULL, B'1', B'1', NULL, NULL);
INSERT INTO "tblCOM_UserAccess" VALUES (84, 'Add', 'sales-operation/purchase-order-local/add', 'glyphicon-plus', 760, NULL, B'1', B'1', NULL, NULL, NULL, NULL);
INSERT INTO "tblCOM_UserAccess" VALUES (84, 'Edit', 'sales-operation/purchase-order-local/update', 'glyphicon-edit', 761, NULL, B'1', NULL, B'1', B'1', NULL, NULL);
INSERT INTO "tblCOM_UserAccess" VALUES (84, 'View Detail', 'sales-operation/purchase-order-local/view', 'glyphicon-search', 762, NULL, B'1', NULL, B'1', B'1', NULL, NULL);
INSERT INTO "tblCOM_UserAccess" VALUES (89, 'View', 'sales-operation/item-re-class-journal/view', 'glyphicon-search', 89, NULL, B'1', NULL, B'1', B'1', NULL, NULL);
INSERT INTO "tblCOM_UserAccess" VALUES (89, 'Edit', 'sales-operation/item-re-class-journal/update', 'glyphicon-edit', 763, NULL, B'1', NULL, B'1', B'1', NULL, NULL);
INSERT INTO "tblCOM_UserAccess" VALUES (89, 'Add', 'sales-operation/item-re-class-journal/add', ' glyphicon-plus', 764, NULL, B'1', B'1', NULL, NULL, NULL, NULL);
INSERT INTO "tblCOM_UserAccess" VALUES (285, 'View', NULL, NULL, 766, NULL, NULL, NULL, NULL, NULL, NULL, NULL);
INSERT INTO "tblCOM_UserAccess" VALUES (96, 'Add', 'sales-operation/transfer-order/add', 'glyphicon-plus', 767, NULL, B'1', B'1', NULL, NULL, NULL, NULL);
INSERT INTO "tblCOM_UserAccess" VALUES (96, 'Edit', 'sales-operation/transfer-order/edit', 'glyphicon-edit', 768, NULL, B'1', NULL, B'1', B'1', NULL, NULL);
INSERT INTO "tblCOM_UserAccess" VALUES (96, 'View Detail', 'sales-operation/transfer-order/view', 'glyphicon-search', 769, NULL, B'1', NULL, B'1', B'1', NULL, NULL);
INSERT INTO "tblCOM_UserAccess" VALUES (97, 'Add', 'sales-operation/transfer-order-local/add', 'glyphicon-plus', 770, NULL, B'1', B'1', NULL, NULL, NULL, NULL);
INSERT INTO "tblCOM_UserAccess" VALUES (97, 'Edit', 'sales-operation/transfer-order-local/edit', 'glyphicon-edit', 771, NULL, B'1', NULL, B'1', B'1', NULL, NULL);
INSERT INTO "tblCOM_UserAccess" VALUES (97, 'View', 'sales-operation/transfer-order-local/view', 'glyphicon-search', 772, NULL, B'1', NULL, B'1', B'1', NULL, NULL);
INSERT INTO "tblCOM_UserAccess" VALUES (286, '', NULL, NULL, 773, NULL, NULL, NULL, NULL, NULL, NULL, NULL);
INSERT INTO "tblCOM_UserAccess" VALUES (108, 'Add', 'sales-operation/physical-count/add', 'glyphicon-plus', 774, NULL, B'1', B'1', NULL, NULL, NULL, NULL);
INSERT INTO "tblCOM_UserAccess" VALUES (108, 'View', 'sales-operation/physical-count/view', 'glyphicon-search', 776, NULL, B'1', NULL, B'1', B'1', 'view-detail', NULL);
INSERT INTO "tblCOM_UserAccess" VALUES (108, 'Edit', 'sales-operation/physical-count/update', 'glyphicon-edit', 775, NULL, B'1', NULL, B'1', B'1', 'update-det', NULL);
INSERT INTO "tblCOM_UserAccess" VALUES (287, 'View', NULL, NULL, 777, NULL, NULL, NULL, NULL, NULL, NULL, NULL);
INSERT INTO "tblCOM_UserAccess" VALUES (287, 'Add', 'sales-operation/retrieval/add', 'glyphicon-plus', 778, NULL, B'1', B'1', NULL, NULL, NULL, NULL);


--
-- Name: tblCOM_UserAccess_ua_accessid_seq; Type: SEQUENCE SET; Schema: public; Owner: postgres
--

SELECT pg_catalog.setval('"tblCOM_UserAccess_ua_accessid_seq"', 778, true);


--
-- Data for Name: tblCOM_UserFunction; Type: TABLE DATA; Schema: public; Owner: postgres
--

INSERT INTO "tblCOM_UserFunction" VALUES ('dinamapatac', 1, 13, 'dinamapatac', 'dinamapatac', '2016-01-24 21:49:23', '2016-01-24 21:49:23');
INSERT INTO "tblCOM_UserFunction" VALUES ('dinamapatac', 2, 13, 'dinamapatac', 'dinamapatac', '2016-01-24 21:49:23', '2016-01-24 21:49:23');
INSERT INTO "tblCOM_UserFunction" VALUES ('dinamapatac', 5, 13, 'dinamapatac', 'dinamapatac', '2016-01-24 21:49:23', '2016-01-24 21:49:23');
INSERT INTO "tblCOM_UserFunction" VALUES ('dinamapatac', 24, 19, 'dinamapatac', 'dinamapatac', '2016-01-24 21:49:23', '2016-01-24 21:49:23');
INSERT INTO "tblCOM_UserFunction" VALUES ('dinamapatac', 35, 19, 'dinamapatac', 'dinamapatac', '2016-01-24 21:49:23', '2016-01-24 21:49:23');
INSERT INTO "tblCOM_UserFunction" VALUES ('dinamapatac', 43, 20, 'dinamapatac', 'dinamapatac', '2016-01-24 21:49:23', '2016-01-24 21:49:23');
INSERT INTO "tblCOM_UserFunction" VALUES ('dinamapatac', 45, 20, 'dinamapatac', 'dinamapatac', '2016-01-24 21:49:23', '2016-01-24 21:49:23');
INSERT INTO "tblCOM_UserFunction" VALUES ('dinamapatac', 8, 22, 'dinamapatac', 'dinamapatac', '2016-01-24 21:49:23', '2016-01-24 21:49:23');
INSERT INTO "tblCOM_UserFunction" VALUES ('dinamapatac', 9, 22, 'dinamapatac', 'dinamapatac', '2016-01-24 21:49:23', '2016-01-24 21:49:23');
INSERT INTO "tblCOM_UserFunction" VALUES ('dinamapatac', 10, 30, 'dinamapatac', 'dinamapatac', '2016-01-24 21:49:23', '2016-01-24 21:49:23');
INSERT INTO "tblCOM_UserFunction" VALUES ('dinamapatac', 15, 30, 'dinamapatac', 'dinamapatac', '2016-01-24 21:49:23', '2016-01-24 21:49:23');
INSERT INTO "tblCOM_UserFunction" VALUES ('dinamapatac', 11, 31, 'dinamapatac', 'dinamapatac', '2016-01-24 21:49:23', '2016-01-24 21:49:23');
INSERT INTO "tblCOM_UserFunction" VALUES ('dinamapatac', 16, 31, 'dinamapatac', 'dinamapatac', '2016-01-24 21:49:23', '2016-01-24 21:49:23');
INSERT INTO "tblCOM_UserFunction" VALUES ('dinamapatac', 12, 32, 'dinamapatac', 'dinamapatac', '2016-01-24 21:49:23', '2016-01-24 21:49:23');
INSERT INTO "tblCOM_UserFunction" VALUES ('dinamapatac', 17, 32, 'dinamapatac', 'dinamapatac', '2016-01-24 21:49:23', '2016-01-24 21:49:23');
INSERT INTO "tblCOM_UserFunction" VALUES ('dinamapatac', 13, 33, 'dinamapatac', 'dinamapatac', '2016-01-24 21:49:23', '2016-01-24 21:49:23');
INSERT INTO "tblCOM_UserFunction" VALUES ('dinamapatac', 18, 33, 'dinamapatac', 'dinamapatac', '2016-01-24 21:49:23', '2016-01-24 21:49:23');
INSERT INTO "tblCOM_UserFunction" VALUES ('dinamapatac', 51, 164, 'dinamapatac', 'dinamapatac', '2016-01-24 21:49:23', '2016-01-24 21:49:23');
INSERT INTO "tblCOM_UserFunction" VALUES ('dinamapatac', 77, 164, 'dinamapatac', 'dinamapatac', '2016-01-24 21:49:23', '2016-01-24 21:49:23');
INSERT INTO "tblCOM_UserFunction" VALUES ('dinamapatac', 52, 165, 'dinamapatac', 'dinamapatac', '2016-01-24 21:49:23', '2016-01-24 21:49:23');
INSERT INTO "tblCOM_UserFunction" VALUES ('dinamapatac', 78, 165, 'dinamapatac', 'dinamapatac', '2016-01-24 21:49:23', '2016-01-24 21:49:23');
INSERT INTO "tblCOM_UserFunction" VALUES ('dinamapatac', 53, 166, 'dinamapatac', 'dinamapatac', '2016-01-24 21:49:23', '2016-01-24 21:49:23');
INSERT INTO "tblCOM_UserFunction" VALUES ('dinamapatac', 79, 166, 'dinamapatac', 'dinamapatac', '2016-01-24 21:49:23', '2016-01-24 21:49:23');
INSERT INTO "tblCOM_UserFunction" VALUES ('dinamapatac', 54, 167, 'dinamapatac', 'dinamapatac', '2016-01-24 21:49:23', '2016-01-24 21:49:23');
INSERT INTO "tblCOM_UserFunction" VALUES ('dinamapatac', 80, 167, 'dinamapatac', 'dinamapatac', '2016-01-24 21:49:23', '2016-01-24 21:49:23');
INSERT INTO "tblCOM_UserFunction" VALUES ('dinamapatac', 47, 168, 'dinamapatac', 'dinamapatac', '2016-01-24 21:49:23', '2016-01-24 21:49:23');
INSERT INTO "tblCOM_UserFunction" VALUES ('dinamapatac', 73, 168, 'dinamapatac', 'dinamapatac', '2016-01-24 21:49:23', '2016-01-24 21:49:23');
INSERT INTO "tblCOM_UserFunction" VALUES ('dinamapatac', 55, 169, 'dinamapatac', 'dinamapatac', '2016-01-24 21:49:23', '2016-01-24 21:49:23');
INSERT INTO "tblCOM_UserFunction" VALUES ('dinamapatac', 81, 169, 'dinamapatac', 'dinamapatac', '2016-01-24 21:49:23', '2016-01-24 21:49:23');
INSERT INTO "tblCOM_UserFunction" VALUES ('dinamapatac', 56, 170, 'dinamapatac', 'dinamapatac', '2016-01-24 21:49:23', '2016-01-24 21:49:23');
INSERT INTO "tblCOM_UserFunction" VALUES ('dinamapatac', 82, 170, 'dinamapatac', 'dinamapatac', '2016-01-24 21:49:23', '2016-01-24 21:49:23');
INSERT INTO "tblCOM_UserFunction" VALUES ('dinamapatac', 48, 143, 'dinamapatac', 'dinamapatac', '2016-01-24 21:49:23', '2016-01-24 21:49:23');
INSERT INTO "tblCOM_UserFunction" VALUES ('dinamapatac', 74, 143, 'dinamapatac', 'dinamapatac', '2016-01-24 21:49:23', '2016-01-24 21:49:23');
INSERT INTO "tblCOM_UserFunction" VALUES ('dinamapatac', 49, 144, 'dinamapatac', 'dinamapatac', '2016-01-24 21:49:23', '2016-01-24 21:49:23');
INSERT INTO "tblCOM_UserFunction" VALUES ('dinamapatac', 75, 144, 'dinamapatac', 'dinamapatac', '2016-01-24 21:49:23', '2016-01-24 21:49:23');
INSERT INTO "tblCOM_UserFunction" VALUES ('dinamapatac', 50, 145, 'dinamapatac', 'dinamapatac', '2016-01-24 21:49:23', '2016-01-24 21:49:23');
INSERT INTO "tblCOM_UserFunction" VALUES ('dinamapatac', 76, 145, 'dinamapatac', 'dinamapatac', '2016-01-24 21:49:23', '2016-01-24 21:49:23');
INSERT INTO "tblCOM_UserFunction" VALUES ('dinamapatac', 58, 147, 'dinamapatac', 'dinamapatac', '2016-01-24 21:49:23', '2016-01-24 21:49:23');
INSERT INTO "tblCOM_UserFunction" VALUES ('dinamapatac', 84, 147, 'dinamapatac', 'dinamapatac', '2016-01-24 21:49:23', '2016-01-24 21:49:23');
INSERT INTO "tblCOM_UserFunction" VALUES ('dinamapatac', 61, 150, 'dinamapatac', 'dinamapatac', '2016-01-24 21:49:23', '2016-01-24 21:49:23');
INSERT INTO "tblCOM_UserFunction" VALUES ('dinamapatac', 87, 150, 'dinamapatac', 'dinamapatac', '2016-01-24 21:49:23', '2016-01-24 21:49:23');
INSERT INTO "tblCOM_UserFunction" VALUES ('dinamapatac', 63, 153, 'dinamapatac', 'dinamapatac', '2016-01-24 21:49:23', '2016-01-24 21:49:23');
INSERT INTO "tblCOM_UserFunction" VALUES ('dinamapatac', 89, 153, 'dinamapatac', 'dinamapatac', '2016-01-24 21:49:23', '2016-01-24 21:49:23');
INSERT INTO "tblCOM_UserFunction" VALUES ('dinamapatac', 64, 154, 'dinamapatac', 'dinamapatac', '2016-01-24 21:49:23', '2016-01-24 21:49:23');
INSERT INTO "tblCOM_UserFunction" VALUES ('dinamapatac', 90, 154, 'dinamapatac', 'dinamapatac', '2016-01-24 21:49:23', '2016-01-24 21:49:23');
INSERT INTO "tblCOM_UserFunction" VALUES ('dinamapatac', 66, 157, 'dinamapatac', 'dinamapatac', '2016-01-24 21:49:23', '2016-01-24 21:49:23');
INSERT INTO "tblCOM_UserFunction" VALUES ('dinamapatac', 92, 157, 'dinamapatac', 'dinamapatac', '2016-01-24 21:49:23', '2016-01-24 21:49:23');
INSERT INTO "tblCOM_UserFunction" VALUES ('dinamapatac', 67, 158, 'dinamapatac', 'dinamapatac', '2016-01-24 21:49:23', '2016-01-24 21:49:23');
INSERT INTO "tblCOM_UserFunction" VALUES ('dinamapatac', 93, 158, 'dinamapatac', 'dinamapatac', '2016-01-24 21:49:23', '2016-01-24 21:49:23');
INSERT INTO "tblCOM_UserFunction" VALUES ('dinamapatac', 68, 159, 'dinamapatac', 'dinamapatac', '2016-01-24 21:49:23', '2016-01-24 21:49:23');
INSERT INTO "tblCOM_UserFunction" VALUES ('dinamapatac', 94, 159, 'dinamapatac', 'dinamapatac', '2016-01-24 21:49:23', '2016-01-24 21:49:23');
INSERT INTO "tblCOM_UserFunction" VALUES ('dinamapatac', 46, 160, 'dinamapatac', 'dinamapatac', '2016-01-24 21:49:23', '2016-01-24 21:49:23');
INSERT INTO "tblCOM_UserFunction" VALUES ('dinamapatac', 72, 160, 'dinamapatac', 'dinamapatac', '2016-01-24 21:49:23', '2016-01-24 21:49:23');
INSERT INTO "tblCOM_UserFunction" VALUES ('dinamapatac', 69, 161, 'dinamapatac', 'dinamapatac', '2016-01-24 21:49:23', '2016-01-24 21:49:23');
INSERT INTO "tblCOM_UserFunction" VALUES ('dinamapatac', 95, 161, 'dinamapatac', 'dinamapatac', '2016-01-24 21:49:23', '2016-01-24 21:49:23');
INSERT INTO "tblCOM_UserFunction" VALUES ('dinamapatac', 70, 162, 'dinamapatac', 'dinamapatac', '2016-01-24 21:49:23', '2016-01-24 21:49:23');
INSERT INTO "tblCOM_UserFunction" VALUES ('dinamapatac', 96, 162, 'dinamapatac', 'dinamapatac', '2016-01-24 21:49:23', '2016-01-24 21:49:23');
INSERT INTO "tblCOM_UserFunction" VALUES ('dinamapatac', 71, 163, 'dinamapatac', 'dinamapatac', '2016-01-24 21:49:23', '2016-01-24 21:49:23');
INSERT INTO "tblCOM_UserFunction" VALUES ('dinamapatac', 97, 163, 'dinamapatac', 'dinamapatac', '2016-01-24 21:49:23', '2016-01-24 21:49:23');
INSERT INTO "tblCOM_UserFunction" VALUES ('dinamapatac', 22, 174, 'dinamapatac', 'dinamapatac', '2016-01-24 21:49:23', '2016-01-24 21:49:23');
INSERT INTO "tblCOM_UserFunction" VALUES ('dinamapatac', 33, 174, 'dinamapatac', 'dinamapatac', '2016-01-24 21:49:23', '2016-01-24 21:49:23');
INSERT INTO "tblCOM_UserFunction" VALUES ('dinamapatac', 98, 242, 'dinamapatac', 'dinamapatac', '2016-01-24 21:49:24', '2016-01-24 21:49:24');
INSERT INTO "tblCOM_UserFunction" VALUES ('dinamapatac', 99, 242, 'dinamapatac', 'dinamapatac', '2016-01-24 21:49:24', '2016-01-24 21:49:24');
INSERT INTO "tblCOM_UserFunction" VALUES ('dinamapatac', 108, 245, 'dinamapatac', 'dinamapatac', '2016-01-24 21:49:24', '2016-01-24 21:49:24');
INSERT INTO "tblCOM_UserFunction" VALUES ('dinamapatac', 109, 245, 'dinamapatac', 'dinamapatac', '2016-01-24 21:49:24', '2016-01-24 21:49:24');
INSERT INTO "tblCOM_UserFunction" VALUES ('dinamapatac', 114, 249, 'dinamapatac', 'dinamapatac', '2016-01-24 21:49:24', '2016-01-24 21:49:24');
INSERT INTO "tblCOM_UserFunction" VALUES ('dinamapatac', 115, 249, 'dinamapatac', 'dinamapatac', '2016-01-24 21:49:24', '2016-01-24 21:49:24');
INSERT INTO "tblCOM_UserFunction" VALUES ('dinamapatac', 116, 250, 'dinamapatac', 'dinamapatac', '2016-01-24 21:49:24', '2016-01-24 21:49:24');
INSERT INTO "tblCOM_UserFunction" VALUES ('dinamapatac', 117, 250, 'dinamapatac', 'dinamapatac', '2016-01-24 21:49:24', '2016-01-24 21:49:24');
INSERT INTO "tblCOM_UserFunction" VALUES ('dinamapatac', 118, 251, 'dinamapatac', 'dinamapatac', '2016-01-24 21:49:24', '2016-01-24 21:49:24');
INSERT INTO "tblCOM_UserFunction" VALUES ('dinamapatac', 119, 251, 'dinamapatac', 'dinamapatac', '2016-01-24 21:49:24', '2016-01-24 21:49:24');
INSERT INTO "tblCOM_UserFunction" VALUES ('dinamapatac', 122, 253, 'dinamapatac', 'dinamapatac', '2016-01-24 21:49:24', '2016-01-24 21:49:24');
INSERT INTO "tblCOM_UserFunction" VALUES ('dinamapatac', 123, 253, 'dinamapatac', 'dinamapatac', '2016-01-24 21:49:24', '2016-01-24 21:49:24');
INSERT INTO "tblCOM_UserFunction" VALUES ('dinamapatac', 27, 173, 'dinamapatac', 'dinamapatac', '2016-01-24 21:49:24', '2016-01-24 21:49:24');
INSERT INTO "tblCOM_UserFunction" VALUES ('dinamapatac', 38, 173, 'dinamapatac', 'dinamapatac', '2016-01-24 21:49:24', '2016-01-24 21:49:24');
INSERT INTO "tblCOM_UserFunction" VALUES ('dinamapatac', 59, 148, 'dinamapatac', 'dinamapatac', '2016-01-24 21:49:24', '2016-01-24 21:49:24');
INSERT INTO "tblCOM_UserFunction" VALUES ('dinamapatac', 85, 148, 'dinamapatac', 'dinamapatac', '2016-01-24 21:49:24', '2016-01-24 21:49:24');
INSERT INTO "tblCOM_UserFunction" VALUES ('dinamapatac', 26, 172, 'dinamapatac', 'dinamapatac', '2016-01-24 21:49:24', '2016-01-24 21:49:24');
INSERT INTO "tblCOM_UserFunction" VALUES ('dinamapatac', 37, 172, 'dinamapatac', 'dinamapatac', '2016-01-24 21:49:24', '2016-01-24 21:49:24');
INSERT INTO "tblCOM_UserFunction" VALUES ('dinamapatac', 124, 260, 'dinamapatac', 'dinamapatac', '2016-01-24 21:49:24', '2016-01-24 21:49:24');
INSERT INTO "tblCOM_UserFunction" VALUES ('dinamapatac', 126, 260, 'dinamapatac', 'dinamapatac', '2016-01-24 21:49:24', '2016-01-24 21:49:24');
INSERT INTO "tblCOM_UserFunction" VALUES ('dinamapatac', 125, 261, 'dinamapatac', 'dinamapatac', '2016-01-24 21:49:24', '2016-01-24 21:49:24');
INSERT INTO "tblCOM_UserFunction" VALUES ('dinamapatac', 127, 261, 'dinamapatac', 'dinamapatac', '2016-01-24 21:49:24', '2016-01-24 21:49:24');
INSERT INTO "tblCOM_UserFunction" VALUES ('dinamapatac', 14, 34, 'dinamapatac', 'dinamapatac', '2016-01-24 21:49:24', '2016-01-24 21:49:24');
INSERT INTO "tblCOM_UserFunction" VALUES ('dinamapatac', 19, 34, 'dinamapatac', 'dinamapatac', '2016-01-24 21:49:24', '2016-01-24 21:49:24');
INSERT INTO "tblCOM_UserFunction" VALUES ('dinamapatac', 57, 146, 'dinamapatac', 'dinamapatac', '2016-01-24 21:49:24', '2016-01-24 21:49:24');
INSERT INTO "tblCOM_UserFunction" VALUES ('dinamapatac', 83, 146, 'dinamapatac', 'dinamapatac', '2016-01-24 21:49:24', '2016-01-24 21:49:24');
INSERT INTO "tblCOM_UserFunction" VALUES ('dinamapatac', 60, 149, 'dinamapatac', 'dinamapatac', '2016-01-24 21:49:24', '2016-01-24 21:49:24');
INSERT INTO "tblCOM_UserFunction" VALUES ('dinamapatac', 86, 149, 'dinamapatac', 'dinamapatac', '2016-01-24 21:49:24', '2016-01-24 21:49:24');
INSERT INTO "tblCOM_UserFunction" VALUES ('dinamapatac', 62, 152, 'dinamapatac', 'dinamapatac', '2016-01-24 21:49:24', '2016-01-24 21:49:24');
INSERT INTO "tblCOM_UserFunction" VALUES ('dinamapatac', 88, 152, 'dinamapatac', 'dinamapatac', '2016-01-24 21:49:24', '2016-01-24 21:49:24');
INSERT INTO "tblCOM_UserFunction" VALUES ('dinamapatac', 65, 156, 'dinamapatac', 'dinamapatac', '2016-01-24 21:49:24', '2016-01-24 21:49:24');
INSERT INTO "tblCOM_UserFunction" VALUES ('dinamapatac', 91, 156, 'dinamapatac', 'dinamapatac', '2016-01-24 21:49:24', '2016-01-24 21:49:24');
INSERT INTO "tblCOM_UserFunction" VALUES ('dinamapatac', 30, 171, 'dinamapatac', 'dinamapatac', '2016-01-24 21:49:24', '2016-01-24 21:49:24');
INSERT INTO "tblCOM_UserFunction" VALUES ('dinamapatac', 41, 171, 'dinamapatac', 'dinamapatac', '2016-01-24 21:49:24', '2016-01-24 21:49:24');
INSERT INTO "tblCOM_UserFunction" VALUES ('dinamapatac', 42, 240, 'dinamapatac', 'dinamapatac', '2016-01-24 21:49:24', '2016-01-24 21:49:24');
INSERT INTO "tblCOM_UserFunction" VALUES ('dinamapatac', 44, 240, 'dinamapatac', 'dinamapatac', '2016-01-24 21:49:24', '2016-01-24 21:49:24');
INSERT INTO "tblCOM_UserFunction" VALUES ('dinamapatac', 110, 246, 'dinamapatac', 'dinamapatac', '2016-01-24 21:49:24', '2016-01-24 21:49:24');
INSERT INTO "tblCOM_UserFunction" VALUES ('dinamapatac', 111, 246, 'dinamapatac', 'dinamapatac', '2016-01-24 21:49:24', '2016-01-24 21:49:24');
INSERT INTO "tblCOM_UserFunction" VALUES ('dinamapatac', 104, 11, 'dinamapatac', 'dinamapatac', '2016-01-24 21:49:24', '2016-01-24 21:49:24');
INSERT INTO "tblCOM_UserFunction" VALUES ('dinamapatac', 105, 11, 'dinamapatac', 'dinamapatac', '2016-01-24 21:49:24', '2016-01-24 21:49:24');
INSERT INTO "tblCOM_UserFunction" VALUES ('dinamapatac', 6, 17, 'dinamapatac', 'dinamapatac', '2016-01-24 21:49:24', '2016-01-24 21:49:24');
INSERT INTO "tblCOM_UserFunction" VALUES ('dinamapatac', 7, 17, 'dinamapatac', 'dinamapatac', '2016-01-24 21:49:24', '2016-01-24 21:49:24');
INSERT INTO "tblCOM_UserFunction" VALUES ('dinamapatac', 21, 23, 'dinamapatac', 'dinamapatac', '2016-01-24 21:49:24', '2016-01-24 21:49:24');
INSERT INTO "tblCOM_UserFunction" VALUES ('dinamapatac', 32, 23, 'dinamapatac', 'dinamapatac', '2016-01-24 21:49:24', '2016-01-24 21:49:24');
INSERT INTO "tblCOM_UserFunction" VALUES ('dinamapatac', 25, 24, 'dinamapatac', 'dinamapatac', '2016-01-24 21:49:24', '2016-01-24 21:49:24');
INSERT INTO "tblCOM_UserFunction" VALUES ('dinamapatac', 36, 24, 'dinamapatac', 'dinamapatac', '2016-01-24 21:49:24', '2016-01-24 21:49:24');
INSERT INTO "tblCOM_UserFunction" VALUES ('dinamapatac', 100, 26, 'dinamapatac', 'dinamapatac', '2016-01-24 21:49:24', '2016-01-24 21:49:24');
INSERT INTO "tblCOM_UserFunction" VALUES ('dinamapatac', 101, 26, 'dinamapatac', 'dinamapatac', '2016-01-24 21:49:24', '2016-01-24 21:49:24');
INSERT INTO "tblCOM_UserFunction" VALUES ('dinamapatac', 23, 27, 'dinamapatac', 'dinamapatac', '2016-01-24 21:49:24', '2016-01-24 21:49:24');
INSERT INTO "tblCOM_UserFunction" VALUES ('dinamapatac', 34, 27, 'dinamapatac', 'dinamapatac', '2016-01-24 21:49:24', '2016-01-24 21:49:24');
INSERT INTO "tblCOM_UserFunction" VALUES ('dinamapatac', 29, 28, 'dinamapatac', 'dinamapatac', '2016-01-24 21:49:24', '2016-01-24 21:49:24');
INSERT INTO "tblCOM_UserFunction" VALUES ('dinamapatac', 40, 28, 'dinamapatac', 'dinamapatac', '2016-01-24 21:49:24', '2016-01-24 21:49:24');
INSERT INTO "tblCOM_UserFunction" VALUES ('dinamapatac', 102, 243, 'dinamapatac', 'dinamapatac', '2016-01-24 21:49:24', '2016-01-24 21:49:24');
INSERT INTO "tblCOM_UserFunction" VALUES ('dinamapatac', 103, 243, 'dinamapatac', 'dinamapatac', '2016-01-24 21:49:24', '2016-01-24 21:49:24');
INSERT INTO "tblCOM_UserFunction" VALUES ('dinamapatac', 106, 244, 'dinamapatac', 'dinamapatac', '2016-01-24 21:49:24', '2016-01-24 21:49:24');
INSERT INTO "tblCOM_UserFunction" VALUES ('dinamapatac', 107, 244, 'dinamapatac', 'dinamapatac', '2016-01-24 21:49:24', '2016-01-24 21:49:24');
INSERT INTO "tblCOM_UserFunction" VALUES ('dinamapatac', 112, 247, 'dinamapatac', 'dinamapatac', '2016-01-24 21:49:24', '2016-01-24 21:49:24');
INSERT INTO "tblCOM_UserFunction" VALUES ('dinamapatac', 113, 247, 'dinamapatac', 'dinamapatac', '2016-01-24 21:49:24', '2016-01-24 21:49:24');
INSERT INTO "tblCOM_UserFunction" VALUES ('dinamapatac', 170, 276, 'dinamapatac', 'dinamapatac', '2016-01-24 21:49:24', '2016-01-24 21:49:24');
INSERT INTO "tblCOM_UserFunction" VALUES ('dinamapatac', 171, 276, 'dinamapatac', 'dinamapatac', '2016-01-24 21:49:24', '2016-01-24 21:49:24');
INSERT INTO "tblCOM_UserFunction" VALUES ('dinamapatac', 177, 36, 'dinamapatac', 'dinamapatac', '2016-01-24 21:49:24', '2016-01-24 21:49:24');
INSERT INTO "tblCOM_UserFunction" VALUES ('dinamapatac', 156, 51, 'dinamapatac', 'dinamapatac', '2016-01-24 21:49:24', '2016-01-24 21:49:24');
INSERT INTO "tblCOM_UserFunction" VALUES ('dinamapatac', 157, 51, 'dinamapatac', 'dinamapatac', '2016-01-24 21:49:24', '2016-01-24 21:49:24');
INSERT INTO "tblCOM_UserFunction" VALUES ('dinamapatac', 159, 51, 'dinamapatac', 'dinamapatac', '2016-01-24 21:49:24', '2016-01-24 21:49:24');
INSERT INTO "tblCOM_UserFunction" VALUES ('dinamapatac', 160, 51, 'dinamapatac', 'dinamapatac', '2016-01-24 21:49:24', '2016-01-24 21:49:24');
INSERT INTO "tblCOM_UserFunction" VALUES ('dinamapatac', 161, 51, 'dinamapatac', 'dinamapatac', '2016-01-24 21:49:24', '2016-01-24 21:49:24');
INSERT INTO "tblCOM_UserFunction" VALUES ('dinamapatac', 162, 51, 'dinamapatac', 'dinamapatac', '2016-01-24 21:49:24', '2016-01-24 21:49:24');
INSERT INTO "tblCOM_UserFunction" VALUES ('dinamapatac', 163, 51, 'dinamapatac', 'dinamapatac', '2016-01-24 21:49:24', '2016-01-24 21:49:24');
INSERT INTO "tblCOM_UserFunction" VALUES ('dinamapatac', 165, 51, 'dinamapatac', 'dinamapatac', '2016-01-24 21:49:24', '2016-01-24 21:49:24');
INSERT INTO "tblCOM_UserFunction" VALUES ('dinamapatac', 166, 51, 'dinamapatac', 'dinamapatac', '2016-01-24 21:49:24', '2016-01-24 21:49:24');
INSERT INTO "tblCOM_UserFunction" VALUES ('dinamapatac', 167, 51, 'dinamapatac', 'dinamapatac', '2016-01-24 21:49:24', '2016-01-24 21:49:24');
INSERT INTO "tblCOM_UserFunction" VALUES ('dinamapatac', 168, 51, 'dinamapatac', 'dinamapatac', '2016-01-24 21:49:24', '2016-01-24 21:49:24');
INSERT INTO "tblCOM_UserFunction" VALUES ('testuser2', 40, 28, 'testuser2', 'testuser2', '2015-10-10 15:16:33', '2015-10-10 15:16:33');
INSERT INTO "tblCOM_UserFunction" VALUES ('testuser2', 102, 243, 'testuser2', 'testuser2', '2015-10-10 15:16:33', '2015-10-10 15:16:33');
INSERT INTO "tblCOM_UserFunction" VALUES ('testuser2', 103, 243, 'testuser2', 'testuser2', '2015-10-10 15:16:33', '2015-10-10 15:16:33');
INSERT INTO "tblCOM_UserFunction" VALUES ('testuser2', 106, 244, 'testuser2', 'testuser2', '2015-10-10 15:16:33', '2015-10-10 15:16:33');
INSERT INTO "tblCOM_UserFunction" VALUES ('testuser2', 107, 244, 'testuser2', 'testuser2', '2015-10-10 15:16:33', '2015-10-10 15:16:33');
INSERT INTO "tblCOM_UserFunction" VALUES ('testuser2', 112, 247, 'testuser2', 'testuser2', '2015-10-10 15:16:33', '2015-10-10 15:16:33');
INSERT INTO "tblCOM_UserFunction" VALUES ('testuser2', 113, 247, 'testuser2', 'testuser2', '2015-10-10 15:16:33', '2015-10-10 15:16:33');
INSERT INTO "tblCOM_UserFunction" VALUES ('testuser2', 170, 276, 'testuser2', 'testuser2', '2015-10-10 15:16:33', '2015-10-10 15:16:33');
INSERT INTO "tblCOM_UserFunction" VALUES ('testuser2', 171, 276, 'testuser2', 'testuser2', '2015-10-10 15:16:33', '2015-10-10 15:16:33');
INSERT INTO "tblCOM_UserFunction" VALUES ('testuser2', 156, 51, 'testuser2', 'testuser2', '2015-10-10 15:16:33', '2015-10-10 15:16:33');
INSERT INTO "tblCOM_UserFunction" VALUES ('testuser2', 157, 51, 'testuser2', 'testuser2', '2015-10-10 15:16:33', '2015-10-10 15:16:33');
INSERT INTO "tblCOM_UserFunction" VALUES ('testuser2', 159, 51, 'testuser2', 'testuser2', '2015-10-10 15:16:33', '2015-10-10 15:16:33');
INSERT INTO "tblCOM_UserFunction" VALUES ('testuser2', 160, 51, 'testuser2', 'testuser2', '2015-10-10 15:16:33', '2015-10-10 15:16:33');
INSERT INTO "tblCOM_UserFunction" VALUES ('testuser2', 161, 51, 'testuser2', 'testuser2', '2015-10-10 15:16:33', '2015-10-10 15:16:33');
INSERT INTO "tblCOM_UserFunction" VALUES ('testuser2', 162, 51, 'testuser2', 'testuser2', '2015-10-10 15:16:33', '2015-10-10 15:16:33');
INSERT INTO "tblCOM_UserFunction" VALUES ('testuser2', 163, 51, 'testuser2', 'testuser2', '2015-10-10 15:16:33', '2015-10-10 15:16:33');
INSERT INTO "tblCOM_UserFunction" VALUES ('testuser2', 165, 51, 'testuser2', 'testuser2', '2015-10-10 15:16:33', '2015-10-10 15:16:33');
INSERT INTO "tblCOM_UserFunction" VALUES ('testuser2', 166, 51, 'testuser2', 'testuser2', '2015-10-10 15:16:33', '2015-10-10 15:16:33');
INSERT INTO "tblCOM_UserFunction" VALUES ('testuser2', 167, 51, 'testuser2', 'testuser2', '2015-10-10 15:16:33', '2015-10-10 15:16:33');
INSERT INTO "tblCOM_UserFunction" VALUES ('testuser2', 168, 51, 'testuser2', 'testuser2', '2015-10-10 15:16:33', '2015-10-10 15:16:33');
INSERT INTO "tblCOM_UserFunction" VALUES ('testuser2', 169, 51, 'testuser2', 'testuser2', '2015-10-10 15:16:33', '2015-10-10 15:16:33');
INSERT INTO "tblCOM_UserFunction" VALUES ('testuser2', 130, 263, 'testuser2', 'testuser2', '2015-10-10 15:16:33', '2015-10-10 15:16:33');
INSERT INTO "tblCOM_UserFunction" VALUES ('testuser2', 131, 263, 'testuser2', 'testuser2', '2015-10-10 15:16:33', '2015-10-10 15:16:33');
INSERT INTO "tblCOM_UserFunction" VALUES ('testuser2', 132, 264, 'testuser2', 'testuser2', '2015-10-10 15:16:33', '2015-10-10 15:16:33');
INSERT INTO "tblCOM_UserFunction" VALUES ('testuser2', 133, 264, 'testuser2', 'testuser2', '2015-10-10 15:16:33', '2015-10-10 15:16:33');
INSERT INTO "tblCOM_UserFunction" VALUES ('testuser2', 134, 265, 'testuser2', 'testuser2', '2015-10-10 15:16:33', '2015-10-10 15:16:33');
INSERT INTO "tblCOM_UserFunction" VALUES ('testuser2', 135, 265, 'testuser2', 'testuser2', '2015-10-10 15:16:33', '2015-10-10 15:16:33');
INSERT INTO "tblCOM_UserFunction" VALUES ('testuser2', 136, 266, 'testuser2', 'testuser2', '2015-10-10 15:16:33', '2015-10-10 15:16:33');
INSERT INTO "tblCOM_UserFunction" VALUES ('testuser2', 137, 266, 'testuser2', 'testuser2', '2015-10-10 15:16:33', '2015-10-10 15:16:33');
INSERT INTO "tblCOM_UserFunction" VALUES ('testuser2', 138, 267, 'testuser2', 'testuser2', '2015-10-10 15:16:33', '2015-10-10 15:16:33');
INSERT INTO "tblCOM_UserFunction" VALUES ('testuser2', 139, 267, 'testuser2', 'testuser2', '2015-10-10 15:16:33', '2015-10-10 15:16:33');
INSERT INTO "tblCOM_UserFunction" VALUES ('testuser2', 152, 274, 'testuser2', 'testuser2', '2015-10-10 15:16:33', '2015-10-10 15:16:33');
INSERT INTO "tblCOM_UserFunction" VALUES ('testuser2', 153, 274, 'testuser2', 'testuser2', '2015-10-10 15:16:33', '2015-10-10 15:16:33');
INSERT INTO "tblCOM_UserFunction" VALUES ('testuser2', 154, 275, 'testuser2', 'testuser2', '2015-10-10 15:16:33', '2015-10-10 15:16:33');
INSERT INTO "tblCOM_UserFunction" VALUES ('testuser2', 155, 275, 'testuser2', 'testuser2', '2015-10-10 15:16:33', '2015-10-10 15:16:33');
INSERT INTO "tblCOM_UserFunction" VALUES ('testuser2', 1, 13, 'testuser2', 'testuser2', '2015-10-10 15:16:32', '2015-10-10 15:16:32');
INSERT INTO "tblCOM_UserFunction" VALUES ('testuser2', 2, 13, 'testuser2', 'testuser2', '2015-10-10 15:16:32', '2015-10-10 15:16:32');
INSERT INTO "tblCOM_UserFunction" VALUES ('testuser2', 5, 13, 'testuser2', 'testuser2', '2015-10-10 15:16:32', '2015-10-10 15:16:32');
INSERT INTO "tblCOM_UserFunction" VALUES ('testuser2', 24, 19, 'testuser2', 'testuser2', '2015-10-10 15:16:32', '2015-10-10 15:16:32');
INSERT INTO "tblCOM_UserFunction" VALUES ('testuser2', 35, 19, 'testuser2', 'testuser2', '2015-10-10 15:16:32', '2015-10-10 15:16:32');
INSERT INTO "tblCOM_UserFunction" VALUES ('testuser2', 43, 20, 'testuser2', 'testuser2', '2015-10-10 15:16:32', '2015-10-10 15:16:32');
INSERT INTO "tblCOM_UserFunction" VALUES ('testuser2', 45, 20, 'testuser2', 'testuser2', '2015-10-10 15:16:32', '2015-10-10 15:16:32');
INSERT INTO "tblCOM_UserFunction" VALUES ('testuser2', 8, 22, 'testuser2', 'testuser2', '2015-10-10 15:16:32', '2015-10-10 15:16:32');
INSERT INTO "tblCOM_UserFunction" VALUES ('testuser2', 9, 22, 'testuser2', 'testuser2', '2015-10-10 15:16:32', '2015-10-10 15:16:32');
INSERT INTO "tblCOM_UserFunction" VALUES ('testuser2', 10, 30, 'testuser2', 'testuser2', '2015-10-10 15:16:32', '2015-10-10 15:16:32');
INSERT INTO "tblCOM_UserFunction" VALUES ('testuser2', 15, 30, 'testuser2', 'testuser2', '2015-10-10 15:16:32', '2015-10-10 15:16:32');
INSERT INTO "tblCOM_UserFunction" VALUES ('testuser2', 11, 31, 'testuser2', 'testuser2', '2015-10-10 15:16:32', '2015-10-10 15:16:32');
INSERT INTO "tblCOM_UserFunction" VALUES ('testuser2', 16, 31, 'testuser2', 'testuser2', '2015-10-10 15:16:32', '2015-10-10 15:16:32');
INSERT INTO "tblCOM_UserFunction" VALUES ('testuser2', 12, 32, 'testuser2', 'testuser2', '2015-10-10 15:16:32', '2015-10-10 15:16:32');
INSERT INTO "tblCOM_UserFunction" VALUES ('testuser2', 17, 32, 'testuser2', 'testuser2', '2015-10-10 15:16:32', '2015-10-10 15:16:32');
INSERT INTO "tblCOM_UserFunction" VALUES ('testuser2', 13, 33, 'testuser2', 'testuser2', '2015-10-10 15:16:32', '2015-10-10 15:16:32');
INSERT INTO "tblCOM_UserFunction" VALUES ('testuser2', 18, 33, 'testuser2', 'testuser2', '2015-10-10 15:16:32', '2015-10-10 15:16:32');
INSERT INTO "tblCOM_UserFunction" VALUES ('testuser2', 51, 164, 'testuser2', 'testuser2', '2015-10-10 15:16:32', '2015-10-10 15:16:32');
INSERT INTO "tblCOM_UserFunction" VALUES ('testuser2', 77, 164, 'testuser2', 'testuser2', '2015-10-10 15:16:32', '2015-10-10 15:16:32');
INSERT INTO "tblCOM_UserFunction" VALUES ('testuser2', 52, 165, 'testuser2', 'testuser2', '2015-10-10 15:16:32', '2015-10-10 15:16:32');
INSERT INTO "tblCOM_UserFunction" VALUES ('testuser2', 78, 165, 'testuser2', 'testuser2', '2015-10-10 15:16:32', '2015-10-10 15:16:32');
INSERT INTO "tblCOM_UserFunction" VALUES ('testuser2', 53, 166, 'testuser2', 'testuser2', '2015-10-10 15:16:32', '2015-10-10 15:16:32');
INSERT INTO "tblCOM_UserFunction" VALUES ('testuser2', 79, 166, 'testuser2', 'testuser2', '2015-10-10 15:16:32', '2015-10-10 15:16:32');
INSERT INTO "tblCOM_UserFunction" VALUES ('dinamapatac', 169, 51, 'dinamapatac', 'dinamapatac', '2016-01-24 21:49:24', '2016-01-24 21:49:24');
INSERT INTO "tblCOM_UserFunction" VALUES ('dinamapatac', 152, 274, 'dinamapatac', 'dinamapatac', '2016-01-24 21:49:24', '2016-01-24 21:49:24');
INSERT INTO "tblCOM_UserFunction" VALUES ('testuser2', 148, 271, 'testuser2', 'testuser2', '2015-10-10 15:16:33', '2015-10-10 15:16:33');
INSERT INTO "tblCOM_UserFunction" VALUES ('testuser2', 149, 271, 'testuser2', 'testuser2', '2015-10-10 15:16:33', '2015-10-10 15:16:33');
INSERT INTO "tblCOM_UserFunction" VALUES ('dinamapatac', 153, 274, 'dinamapatac', 'dinamapatac', '2016-01-24 21:49:24', '2016-01-24 21:49:24');
INSERT INTO "tblCOM_UserFunction" VALUES ('dinamapatac', 130, 263, 'dinamapatac', 'dinamapatac', '2016-01-24 21:49:24', '2016-01-24 21:49:24');
INSERT INTO "tblCOM_UserFunction" VALUES ('testuser2', 150, 272, 'testuser2', 'testuser2', '2015-10-10 15:16:33', '2015-10-10 15:16:33');
INSERT INTO "tblCOM_UserFunction" VALUES ('dinamapatac', 131, 263, 'dinamapatac', 'dinamapatac', '2016-01-24 21:49:24', '2016-01-24 21:49:24');
INSERT INTO "tblCOM_UserFunction" VALUES ('dinamapatac', 132, 264, 'dinamapatac', 'dinamapatac', '2016-01-24 21:49:24', '2016-01-24 21:49:24');
INSERT INTO "tblCOM_UserFunction" VALUES ('testuser2', 142, 268, 'testuser2', 'testuser2', '2015-10-10 15:16:33', '2015-10-10 15:16:33');
INSERT INTO "tblCOM_UserFunction" VALUES ('testuser2', 143, 268, 'testuser2', 'testuser2', '2015-10-10 15:16:33', '2015-10-10 15:16:33');
INSERT INTO "tblCOM_UserFunction" VALUES ('dinamapatac', 133, 264, 'dinamapatac', 'dinamapatac', '2016-01-24 21:49:24', '2016-01-24 21:49:24');
INSERT INTO "tblCOM_UserFunction" VALUES ('dinamapatac', 134, 265, 'dinamapatac', 'dinamapatac', '2016-01-24 21:49:24', '2016-01-24 21:49:24');
INSERT INTO "tblCOM_UserFunction" VALUES ('testuser2', 144, 269, 'testuser2', 'testuser2', '2015-10-10 15:16:33', '2015-10-10 15:16:33');
INSERT INTO "tblCOM_UserFunction" VALUES ('testuser2', 145, 269, 'testuser2', 'testuser2', '2015-10-10 15:16:33', '2015-10-10 15:16:33');
INSERT INTO "tblCOM_UserFunction" VALUES ('dinamapatac', 135, 265, 'dinamapatac', 'dinamapatac', '2016-01-24 21:49:24', '2016-01-24 21:49:24');
INSERT INTO "tblCOM_UserFunction" VALUES ('testuser2', 140, 270, 'testuser2', 'testuser2', '2015-10-10 15:16:33', '2015-10-10 15:16:33');
INSERT INTO "tblCOM_UserFunction" VALUES ('testuser2', 141, 270, 'testuser2', 'testuser2', '2015-10-10 15:16:33', '2015-10-10 15:16:33');
INSERT INTO "tblCOM_UserFunction" VALUES ('testuser2', 54, 167, 'testuser2', 'testuser2', '2015-10-10 15:16:32', '2015-10-10 15:16:32');
INSERT INTO "tblCOM_UserFunction" VALUES ('testuser2', 80, 167, 'testuser2', 'testuser2', '2015-10-10 15:16:32', '2015-10-10 15:16:32');
INSERT INTO "tblCOM_UserFunction" VALUES ('testuser2', 47, 168, 'testuser2', 'testuser2', '2015-10-10 15:16:32', '2015-10-10 15:16:32');
INSERT INTO "tblCOM_UserFunction" VALUES ('testuser2', 73, 168, 'testuser2', 'testuser2', '2015-10-10 15:16:32', '2015-10-10 15:16:32');
INSERT INTO "tblCOM_UserFunction" VALUES ('testuser2', 55, 169, 'testuser2', 'testuser2', '2015-10-10 15:16:32', '2015-10-10 15:16:32');
INSERT INTO "tblCOM_UserFunction" VALUES ('testuser2', 81, 169, 'testuser2', 'testuser2', '2015-10-10 15:16:32', '2015-10-10 15:16:32');
INSERT INTO "tblCOM_UserFunction" VALUES ('testuser2', 56, 170, 'testuser2', 'testuser2', '2015-10-10 15:16:32', '2015-10-10 15:16:32');
INSERT INTO "tblCOM_UserFunction" VALUES ('testuser2', 82, 170, 'testuser2', 'testuser2', '2015-10-10 15:16:32', '2015-10-10 15:16:32');
INSERT INTO "tblCOM_UserFunction" VALUES ('testuser2', 48, 143, 'testuser2', 'testuser2', '2015-10-10 15:16:32', '2015-10-10 15:16:32');
INSERT INTO "tblCOM_UserFunction" VALUES ('testuser2', 74, 143, 'testuser2', 'testuser2', '2015-10-10 15:16:32', '2015-10-10 15:16:32');
INSERT INTO "tblCOM_UserFunction" VALUES ('testuser2', 49, 144, 'testuser2', 'testuser2', '2015-10-10 15:16:32', '2015-10-10 15:16:32');
INSERT INTO "tblCOM_UserFunction" VALUES ('testuser2', 75, 144, 'testuser2', 'testuser2', '2015-10-10 15:16:32', '2015-10-10 15:16:32');
INSERT INTO "tblCOM_UserFunction" VALUES ('testuser2', 50, 145, 'testuser2', 'testuser2', '2015-10-10 15:16:32', '2015-10-10 15:16:32');
INSERT INTO "tblCOM_UserFunction" VALUES ('testuser2', 76, 145, 'testuser2', 'testuser2', '2015-10-10 15:16:32', '2015-10-10 15:16:32');
INSERT INTO "tblCOM_UserFunction" VALUES ('testuser2', 58, 147, 'testuser2', 'testuser2', '2015-10-10 15:16:32', '2015-10-10 15:16:32');
INSERT INTO "tblCOM_UserFunction" VALUES ('testuser2', 84, 147, 'testuser2', 'testuser2', '2015-10-10 15:16:32', '2015-10-10 15:16:32');
INSERT INTO "tblCOM_UserFunction" VALUES ('testuser2', 61, 150, 'testuser2', 'testuser2', '2015-10-10 15:16:32', '2015-10-10 15:16:32');
INSERT INTO "tblCOM_UserFunction" VALUES ('testuser2', 87, 150, 'testuser2', 'testuser2', '2015-10-10 15:16:32', '2015-10-10 15:16:32');
INSERT INTO "tblCOM_UserFunction" VALUES ('testuser2', 63, 153, 'testuser2', 'testuser2', '2015-10-10 15:16:32', '2015-10-10 15:16:32');
INSERT INTO "tblCOM_UserFunction" VALUES ('testuser2', 89, 153, 'testuser2', 'testuser2', '2015-10-10 15:16:32', '2015-10-10 15:16:32');
INSERT INTO "tblCOM_UserFunction" VALUES ('testuser2', 64, 154, 'testuser2', 'testuser2', '2015-10-10 15:16:32', '2015-10-10 15:16:32');
INSERT INTO "tblCOM_UserFunction" VALUES ('testuser2', 90, 154, 'testuser2', 'testuser2', '2015-10-10 15:16:32', '2015-10-10 15:16:32');
INSERT INTO "tblCOM_UserFunction" VALUES ('testuser2', 66, 157, 'testuser2', 'testuser2', '2015-10-10 15:16:32', '2015-10-10 15:16:32');
INSERT INTO "tblCOM_UserFunction" VALUES ('testuser2', 92, 157, 'testuser2', 'testuser2', '2015-10-10 15:16:32', '2015-10-10 15:16:32');
INSERT INTO "tblCOM_UserFunction" VALUES ('testuser2', 67, 158, 'testuser2', 'testuser2', '2015-10-10 15:16:32', '2015-10-10 15:16:32');
INSERT INTO "tblCOM_UserFunction" VALUES ('testuser2', 93, 158, 'testuser2', 'testuser2', '2015-10-10 15:16:32', '2015-10-10 15:16:32');
INSERT INTO "tblCOM_UserFunction" VALUES ('testuser2', 68, 159, 'testuser2', 'testuser2', '2015-10-10 15:16:32', '2015-10-10 15:16:32');
INSERT INTO "tblCOM_UserFunction" VALUES ('testuser2', 94, 159, 'testuser2', 'testuser2', '2015-10-10 15:16:32', '2015-10-10 15:16:32');
INSERT INTO "tblCOM_UserFunction" VALUES ('testuser2', 46, 160, 'testuser2', 'testuser2', '2015-10-10 15:16:32', '2015-10-10 15:16:32');
INSERT INTO "tblCOM_UserFunction" VALUES ('testuser2', 72, 160, 'testuser2', 'testuser2', '2015-10-10 15:16:32', '2015-10-10 15:16:32');
INSERT INTO "tblCOM_UserFunction" VALUES ('testuser2', 69, 161, 'testuser2', 'testuser2', '2015-10-10 15:16:32', '2015-10-10 15:16:32');
INSERT INTO "tblCOM_UserFunction" VALUES ('testuser2', 95, 161, 'testuser2', 'testuser2', '2015-10-10 15:16:32', '2015-10-10 15:16:32');
INSERT INTO "tblCOM_UserFunction" VALUES ('testuser2', 70, 162, 'testuser2', 'testuser2', '2015-10-10 15:16:32', '2015-10-10 15:16:32');
INSERT INTO "tblCOM_UserFunction" VALUES ('testuser2', 96, 162, 'testuser2', 'testuser2', '2015-10-10 15:16:32', '2015-10-10 15:16:32');
INSERT INTO "tblCOM_UserFunction" VALUES ('testuser2', 71, 163, 'testuser2', 'testuser2', '2015-10-10 15:16:32', '2015-10-10 15:16:32');
INSERT INTO "tblCOM_UserFunction" VALUES ('testuser2', 97, 163, 'testuser2', 'testuser2', '2015-10-10 15:16:32', '2015-10-10 15:16:32');
INSERT INTO "tblCOM_UserFunction" VALUES ('testuser2', 22, 174, 'testuser2', 'testuser2', '2015-10-10 15:16:32', '2015-10-10 15:16:32');
INSERT INTO "tblCOM_UserFunction" VALUES ('testuser2', 33, 174, 'testuser2', 'testuser2', '2015-10-10 15:16:32', '2015-10-10 15:16:32');
INSERT INTO "tblCOM_UserFunction" VALUES ('testuser2', 98, 242, 'testuser2', 'testuser2', '2015-10-10 15:16:32', '2015-10-10 15:16:32');
INSERT INTO "tblCOM_UserFunction" VALUES ('testuser2', 99, 242, 'testuser2', 'testuser2', '2015-10-10 15:16:32', '2015-10-10 15:16:32');
INSERT INTO "tblCOM_UserFunction" VALUES ('testuser2', 108, 245, 'testuser2', 'testuser2', '2015-10-10 15:16:32', '2015-10-10 15:16:32');
INSERT INTO "tblCOM_UserFunction" VALUES ('testuser2', 109, 245, 'testuser2', 'testuser2', '2015-10-10 15:16:32', '2015-10-10 15:16:32');
INSERT INTO "tblCOM_UserFunction" VALUES ('testuser2', 114, 249, 'testuser2', 'testuser2', '2015-10-10 15:16:32', '2015-10-10 15:16:32');
INSERT INTO "tblCOM_UserFunction" VALUES ('testuser2', 115, 249, 'testuser2', 'testuser2', '2015-10-10 15:16:32', '2015-10-10 15:16:32');
INSERT INTO "tblCOM_UserFunction" VALUES ('testuser2', 116, 250, 'testuser2', 'testuser2', '2015-10-10 15:16:32', '2015-10-10 15:16:32');
INSERT INTO "tblCOM_UserFunction" VALUES ('testuser2', 117, 250, 'testuser2', 'testuser2', '2015-10-10 15:16:32', '2015-10-10 15:16:32');
INSERT INTO "tblCOM_UserFunction" VALUES ('testuser2', 118, 251, 'testuser2', 'testuser2', '2015-10-10 15:16:32', '2015-10-10 15:16:32');
INSERT INTO "tblCOM_UserFunction" VALUES ('testuser2', 119, 251, 'testuser2', 'testuser2', '2015-10-10 15:16:32', '2015-10-10 15:16:32');
INSERT INTO "tblCOM_UserFunction" VALUES ('testuser2', 122, 253, 'testuser2', 'testuser2', '2015-10-10 15:16:32', '2015-10-10 15:16:32');
INSERT INTO "tblCOM_UserFunction" VALUES ('testuser2', 123, 253, 'testuser2', 'testuser2', '2015-10-10 15:16:32', '2015-10-10 15:16:32');
INSERT INTO "tblCOM_UserFunction" VALUES ('testuser2', 27, 173, 'testuser2', 'testuser2', '2015-10-10 15:16:32', '2015-10-10 15:16:32');
INSERT INTO "tblCOM_UserFunction" VALUES ('testuser2', 38, 173, 'testuser2', 'testuser2', '2015-10-10 15:16:32', '2015-10-10 15:16:32');
INSERT INTO "tblCOM_UserFunction" VALUES ('testuser2', 59, 148, 'testuser2', 'testuser2', '2015-10-10 15:16:32', '2015-10-10 15:16:32');
INSERT INTO "tblCOM_UserFunction" VALUES ('testuser2', 85, 148, 'testuser2', 'testuser2', '2015-10-10 15:16:32', '2015-10-10 15:16:32');
INSERT INTO "tblCOM_UserFunction" VALUES ('testuser2', 26, 172, 'testuser2', 'testuser2', '2015-10-10 15:16:32', '2015-10-10 15:16:32');
INSERT INTO "tblCOM_UserFunction" VALUES ('testuser2', 37, 172, 'testuser2', 'testuser2', '2015-10-10 15:16:32', '2015-10-10 15:16:32');
INSERT INTO "tblCOM_UserFunction" VALUES ('testuser2', 124, 260, 'testuser2', 'testuser2', '2015-10-10 15:16:33', '2015-10-10 15:16:33');
INSERT INTO "tblCOM_UserFunction" VALUES ('testuser2', 126, 260, 'testuser2', 'testuser2', '2015-10-10 15:16:33', '2015-10-10 15:16:33');
INSERT INTO "tblCOM_UserFunction" VALUES ('testuser2', 125, 261, 'testuser2', 'testuser2', '2015-10-10 15:16:33', '2015-10-10 15:16:33');
INSERT INTO "tblCOM_UserFunction" VALUES ('testuser2', 127, 261, 'testuser2', 'testuser2', '2015-10-10 15:16:33', '2015-10-10 15:16:33');
INSERT INTO "tblCOM_UserFunction" VALUES ('testuser3', 1, 13, 'gregori', 'gregori', '2015-10-05 14:19:29', '2015-10-05 14:19:29');
INSERT INTO "tblCOM_UserFunction" VALUES ('testuser3', 2, 13, 'gregori', 'gregori', '2015-10-05 14:19:29', '2015-10-05 14:19:29');
INSERT INTO "tblCOM_UserFunction" VALUES ('testuser3', 5, 13, 'gregori', 'gregori', '2015-10-05 14:19:29', '2015-10-05 14:19:29');
INSERT INTO "tblCOM_UserFunction" VALUES ('testuser3', 24, 19, 'gregori', 'gregori', '2015-10-05 14:19:30', '2015-10-05 14:19:30');
INSERT INTO "tblCOM_UserFunction" VALUES ('testuser3', 35, 19, 'gregori', 'gregori', '2015-10-05 14:19:30', '2015-10-05 14:19:30');
INSERT INTO "tblCOM_UserFunction" VALUES ('testuser3', 43, 20, 'gregori', 'gregori', '2015-10-05 14:19:30', '2015-10-05 14:19:30');
INSERT INTO "tblCOM_UserFunction" VALUES ('testuser3', 45, 20, 'gregori', 'gregori', '2015-10-05 14:19:30', '2015-10-05 14:19:30');
INSERT INTO "tblCOM_UserFunction" VALUES ('testuser3', 8, 22, 'gregori', 'gregori', '2015-10-05 14:19:30', '2015-10-05 14:19:30');
INSERT INTO "tblCOM_UserFunction" VALUES ('testuser3', 9, 22, 'gregori', 'gregori', '2015-10-05 14:19:30', '2015-10-05 14:19:30');
INSERT INTO "tblCOM_UserFunction" VALUES ('testuser3', 10, 30, 'gregori', 'gregori', '2015-10-05 14:19:30', '2015-10-05 14:19:30');
INSERT INTO "tblCOM_UserFunction" VALUES ('testuser3', 15, 30, 'gregori', 'gregori', '2015-10-05 14:19:30', '2015-10-05 14:19:30');
INSERT INTO "tblCOM_UserFunction" VALUES ('testuser3', 11, 31, 'gregori', 'gregori', '2015-10-05 14:19:30', '2015-10-05 14:19:30');
INSERT INTO "tblCOM_UserFunction" VALUES ('testuser3', 16, 31, 'gregori', 'gregori', '2015-10-05 14:19:30', '2015-10-05 14:19:30');
INSERT INTO "tblCOM_UserFunction" VALUES ('testuser3', 12, 32, 'gregori', 'gregori', '2015-10-05 14:19:30', '2015-10-05 14:19:30');
INSERT INTO "tblCOM_UserFunction" VALUES ('testuser3', 17, 32, 'gregori', 'gregori', '2015-10-05 14:19:30', '2015-10-05 14:19:30');
INSERT INTO "tblCOM_UserFunction" VALUES ('testuser3', 13, 33, 'gregori', 'gregori', '2015-10-05 14:19:30', '2015-10-05 14:19:30');
INSERT INTO "tblCOM_UserFunction" VALUES ('testuser3', 18, 33, 'gregori', 'gregori', '2015-10-05 14:19:30', '2015-10-05 14:19:30');
INSERT INTO "tblCOM_UserFunction" VALUES ('testuser3', 51, 164, 'gregori', 'gregori', '2015-10-05 14:19:30', '2015-10-05 14:19:30');
INSERT INTO "tblCOM_UserFunction" VALUES ('testuser3', 77, 164, 'gregori', 'gregori', '2015-10-05 14:19:30', '2015-10-05 14:19:30');
INSERT INTO "tblCOM_UserFunction" VALUES ('testuser3', 52, 165, 'gregori', 'gregori', '2015-10-05 14:19:30', '2015-10-05 14:19:30');
INSERT INTO "tblCOM_UserFunction" VALUES ('testuser3', 78, 165, 'gregori', 'gregori', '2015-10-05 14:19:30', '2015-10-05 14:19:30');
INSERT INTO "tblCOM_UserFunction" VALUES ('testuser3', 53, 166, 'gregori', 'gregori', '2015-10-05 14:19:30', '2015-10-05 14:19:30');
INSERT INTO "tblCOM_UserFunction" VALUES ('testuser3', 79, 166, 'gregori', 'gregori', '2015-10-05 14:19:30', '2015-10-05 14:19:30');
INSERT INTO "tblCOM_UserFunction" VALUES ('testuser3', 54, 167, 'gregori', 'gregori', '2015-10-05 14:19:30', '2015-10-05 14:19:30');
INSERT INTO "tblCOM_UserFunction" VALUES ('testuser3', 80, 167, 'gregori', 'gregori', '2015-10-05 14:19:30', '2015-10-05 14:19:30');
INSERT INTO "tblCOM_UserFunction" VALUES ('testuser3', 47, 168, 'gregori', 'gregori', '2015-10-05 14:19:30', '2015-10-05 14:19:30');
INSERT INTO "tblCOM_UserFunction" VALUES ('testuser3', 73, 168, 'gregori', 'gregori', '2015-10-05 14:19:30', '2015-10-05 14:19:30');
INSERT INTO "tblCOM_UserFunction" VALUES ('testuser3', 55, 169, 'gregori', 'gregori', '2015-10-05 14:19:30', '2015-10-05 14:19:30');
INSERT INTO "tblCOM_UserFunction" VALUES ('testuser3', 81, 169, 'gregori', 'gregori', '2015-10-05 14:19:30', '2015-10-05 14:19:30');
INSERT INTO "tblCOM_UserFunction" VALUES ('testuser3', 56, 170, 'gregori', 'gregori', '2015-10-05 14:19:30', '2015-10-05 14:19:30');
INSERT INTO "tblCOM_UserFunction" VALUES ('testuser3', 82, 170, 'gregori', 'gregori', '2015-10-05 14:19:30', '2015-10-05 14:19:30');
INSERT INTO "tblCOM_UserFunction" VALUES ('testuser3', 48, 143, 'gregori', 'gregori', '2015-10-05 14:19:30', '2015-10-05 14:19:30');
INSERT INTO "tblCOM_UserFunction" VALUES ('testuser3', 74, 143, 'gregori', 'gregori', '2015-10-05 14:19:30', '2015-10-05 14:19:30');
INSERT INTO "tblCOM_UserFunction" VALUES ('testuser3', 49, 144, 'gregori', 'gregori', '2015-10-05 14:19:30', '2015-10-05 14:19:30');
INSERT INTO "tblCOM_UserFunction" VALUES ('testuser3', 75, 144, 'gregori', 'gregori', '2015-10-05 14:19:30', '2015-10-05 14:19:30');
INSERT INTO "tblCOM_UserFunction" VALUES ('testuser3', 50, 145, 'gregori', 'gregori', '2015-10-05 14:19:30', '2015-10-05 14:19:30');
INSERT INTO "tblCOM_UserFunction" VALUES ('testuser3', 76, 145, 'gregori', 'gregori', '2015-10-05 14:19:30', '2015-10-05 14:19:30');
INSERT INTO "tblCOM_UserFunction" VALUES ('testuser3', 58, 147, 'gregori', 'gregori', '2015-10-05 14:19:30', '2015-10-05 14:19:30');
INSERT INTO "tblCOM_UserFunction" VALUES ('testuser3', 84, 147, 'gregori', 'gregori', '2015-10-05 14:19:30', '2015-10-05 14:19:30');
INSERT INTO "tblCOM_UserFunction" VALUES ('testuser3', 61, 150, 'gregori', 'gregori', '2015-10-05 14:19:30', '2015-10-05 14:19:30');
INSERT INTO "tblCOM_UserFunction" VALUES ('testuser3', 87, 150, 'gregori', 'gregori', '2015-10-05 14:19:30', '2015-10-05 14:19:30');
INSERT INTO "tblCOM_UserFunction" VALUES ('testuser3', 63, 153, 'gregori', 'gregori', '2015-10-05 14:19:30', '2015-10-05 14:19:30');
INSERT INTO "tblCOM_UserFunction" VALUES ('testuser3', 89, 153, 'gregori', 'gregori', '2015-10-05 14:19:30', '2015-10-05 14:19:30');
INSERT INTO "tblCOM_UserFunction" VALUES ('testuser3', 64, 154, 'gregori', 'gregori', '2015-10-05 14:19:30', '2015-10-05 14:19:30');
INSERT INTO "tblCOM_UserFunction" VALUES ('testuser3', 90, 154, 'gregori', 'gregori', '2015-10-05 14:19:30', '2015-10-05 14:19:30');
INSERT INTO "tblCOM_UserFunction" VALUES ('testuser3', 66, 157, 'gregori', 'gregori', '2015-10-05 14:19:30', '2015-10-05 14:19:30');
INSERT INTO "tblCOM_UserFunction" VALUES ('testuser3', 92, 157, 'gregori', 'gregori', '2015-10-05 14:19:30', '2015-10-05 14:19:30');
INSERT INTO "tblCOM_UserFunction" VALUES ('testuser3', 67, 158, 'gregori', 'gregori', '2015-10-05 14:19:30', '2015-10-05 14:19:30');
INSERT INTO "tblCOM_UserFunction" VALUES ('testuser3', 93, 158, 'gregori', 'gregori', '2015-10-05 14:19:30', '2015-10-05 14:19:30');
INSERT INTO "tblCOM_UserFunction" VALUES ('testuser3', 68, 159, 'gregori', 'gregori', '2015-10-05 14:19:30', '2015-10-05 14:19:30');
INSERT INTO "tblCOM_UserFunction" VALUES ('testuser3', 94, 159, 'gregori', 'gregori', '2015-10-05 14:19:30', '2015-10-05 14:19:30');
INSERT INTO "tblCOM_UserFunction" VALUES ('testuser3', 46, 160, 'gregori', 'gregori', '2015-10-05 14:19:30', '2015-10-05 14:19:30');
INSERT INTO "tblCOM_UserFunction" VALUES ('testuser3', 72, 160, 'gregori', 'gregori', '2015-10-05 14:19:30', '2015-10-05 14:19:30');
INSERT INTO "tblCOM_UserFunction" VALUES ('testuser3', 69, 161, 'gregori', 'gregori', '2015-10-05 14:19:30', '2015-10-05 14:19:30');
INSERT INTO "tblCOM_UserFunction" VALUES ('testuser3', 95, 161, 'gregori', 'gregori', '2015-10-05 14:19:30', '2015-10-05 14:19:30');
INSERT INTO "tblCOM_UserFunction" VALUES ('testuser3', 70, 162, 'gregori', 'gregori', '2015-10-05 14:19:30', '2015-10-05 14:19:30');
INSERT INTO "tblCOM_UserFunction" VALUES ('testuser3', 96, 162, 'gregori', 'gregori', '2015-10-05 14:19:30', '2015-10-05 14:19:30');
INSERT INTO "tblCOM_UserFunction" VALUES ('testuser3', 71, 163, 'gregori', 'gregori', '2015-10-05 14:19:30', '2015-10-05 14:19:30');
INSERT INTO "tblCOM_UserFunction" VALUES ('testuser3', 97, 163, 'gregori', 'gregori', '2015-10-05 14:19:30', '2015-10-05 14:19:30');
INSERT INTO "tblCOM_UserFunction" VALUES ('testuser3', 22, 174, 'gregori', 'gregori', '2015-10-05 14:19:30', '2015-10-05 14:19:30');
INSERT INTO "tblCOM_UserFunction" VALUES ('testuser3', 33, 174, 'gregori', 'gregori', '2015-10-05 14:19:30', '2015-10-05 14:19:30');
INSERT INTO "tblCOM_UserFunction" VALUES ('testuser3', 98, 242, 'gregori', 'gregori', '2015-10-05 14:19:30', '2015-10-05 14:19:30');
INSERT INTO "tblCOM_UserFunction" VALUES ('testuser3', 99, 242, 'gregori', 'gregori', '2015-10-05 14:19:30', '2015-10-05 14:19:30');
INSERT INTO "tblCOM_UserFunction" VALUES ('testuser3', 108, 245, 'gregori', 'gregori', '2015-10-05 14:19:30', '2015-10-05 14:19:30');
INSERT INTO "tblCOM_UserFunction" VALUES ('testuser3', 109, 245, 'gregori', 'gregori', '2015-10-05 14:19:30', '2015-10-05 14:19:30');
INSERT INTO "tblCOM_UserFunction" VALUES ('testuser3', 114, 249, 'gregori', 'gregori', '2015-10-05 14:19:30', '2015-10-05 14:19:30');
INSERT INTO "tblCOM_UserFunction" VALUES ('testuser3', 115, 249, 'gregori', 'gregori', '2015-10-05 14:19:30', '2015-10-05 14:19:30');
INSERT INTO "tblCOM_UserFunction" VALUES ('testuser3', 116, 250, 'gregori', 'gregori', '2015-10-05 14:19:30', '2015-10-05 14:19:30');
INSERT INTO "tblCOM_UserFunction" VALUES ('testuser3', 117, 250, 'gregori', 'gregori', '2015-10-05 14:19:30', '2015-10-05 14:19:30');
INSERT INTO "tblCOM_UserFunction" VALUES ('testuser3', 118, 251, 'gregori', 'gregori', '2015-10-05 14:19:30', '2015-10-05 14:19:30');
INSERT INTO "tblCOM_UserFunction" VALUES ('testuser3', 119, 251, 'gregori', 'gregori', '2015-10-05 14:19:30', '2015-10-05 14:19:30');
INSERT INTO "tblCOM_UserFunction" VALUES ('testuser3', 122, 253, 'gregori', 'gregori', '2015-10-05 14:19:30', '2015-10-05 14:19:30');
INSERT INTO "tblCOM_UserFunction" VALUES ('testuser3', 123, 253, 'gregori', 'gregori', '2015-10-05 14:19:30', '2015-10-05 14:19:30');
INSERT INTO "tblCOM_UserFunction" VALUES ('testuser3', 27, 173, 'gregori', 'gregori', '2015-10-05 14:19:30', '2015-10-05 14:19:30');
INSERT INTO "tblCOM_UserFunction" VALUES ('testuser3', 38, 173, 'gregori', 'gregori', '2015-10-05 14:19:30', '2015-10-05 14:19:30');
INSERT INTO "tblCOM_UserFunction" VALUES ('testuser3', 59, 148, 'gregori', 'gregori', '2015-10-05 14:19:30', '2015-10-05 14:19:30');
INSERT INTO "tblCOM_UserFunction" VALUES ('testuser3', 85, 148, 'gregori', 'gregori', '2015-10-05 14:19:30', '2015-10-05 14:19:30');
INSERT INTO "tblCOM_UserFunction" VALUES ('testuser3', 26, 172, 'gregori', 'gregori', '2015-10-05 14:19:30', '2015-10-05 14:19:30');
INSERT INTO "tblCOM_UserFunction" VALUES ('testuser3', 37, 172, 'gregori', 'gregori', '2015-10-05 14:19:30', '2015-10-05 14:19:30');
INSERT INTO "tblCOM_UserFunction" VALUES ('testuser3', 124, 260, 'gregori', 'gregori', '2015-10-05 14:19:30', '2015-10-05 14:19:30');
INSERT INTO "tblCOM_UserFunction" VALUES ('testuser3', 126, 260, 'gregori', 'gregori', '2015-10-05 14:19:30', '2015-10-05 14:19:30');
INSERT INTO "tblCOM_UserFunction" VALUES ('testuser3', 125, 261, 'gregori', 'gregori', '2015-10-05 14:19:30', '2015-10-05 14:19:30');
INSERT INTO "tblCOM_UserFunction" VALUES ('testuser3', 127, 261, 'gregori', 'gregori', '2015-10-05 14:19:30', '2015-10-05 14:19:30');
INSERT INTO "tblCOM_UserFunction" VALUES ('testuser3', 14, 34, 'gregori', 'gregori', '2015-10-05 14:19:30', '2015-10-05 14:19:30');
INSERT INTO "tblCOM_UserFunction" VALUES ('testuser3', 19, 34, 'gregori', 'gregori', '2015-10-05 14:19:30', '2015-10-05 14:19:30');
INSERT INTO "tblCOM_UserFunction" VALUES ('testuser3', 57, 146, 'gregori', 'gregori', '2015-10-05 14:19:30', '2015-10-05 14:19:30');
INSERT INTO "tblCOM_UserFunction" VALUES ('testuser3', 83, 146, 'gregori', 'gregori', '2015-10-05 14:19:30', '2015-10-05 14:19:30');
INSERT INTO "tblCOM_UserFunction" VALUES ('testuser3', 60, 149, 'gregori', 'gregori', '2015-10-05 14:19:30', '2015-10-05 14:19:30');
INSERT INTO "tblCOM_UserFunction" VALUES ('testuser3', 86, 149, 'gregori', 'gregori', '2015-10-05 14:19:30', '2015-10-05 14:19:30');
INSERT INTO "tblCOM_UserFunction" VALUES ('testuser3', 62, 152, 'gregori', 'gregori', '2015-10-05 14:19:30', '2015-10-05 14:19:30');
INSERT INTO "tblCOM_UserFunction" VALUES ('testuser3', 88, 152, 'gregori', 'gregori', '2015-10-05 14:19:30', '2015-10-05 14:19:30');
INSERT INTO "tblCOM_UserFunction" VALUES ('testuser3', 65, 156, 'gregori', 'gregori', '2015-10-05 14:19:30', '2015-10-05 14:19:30');
INSERT INTO "tblCOM_UserFunction" VALUES ('testuser3', 91, 156, 'gregori', 'gregori', '2015-10-05 14:19:30', '2015-10-05 14:19:30');
INSERT INTO "tblCOM_UserFunction" VALUES ('testuser3', 30, 171, 'gregori', 'gregori', '2015-10-05 14:19:30', '2015-10-05 14:19:30');
INSERT INTO "tblCOM_UserFunction" VALUES ('testuser3', 41, 171, 'gregori', 'gregori', '2015-10-05 14:19:30', '2015-10-05 14:19:30');
INSERT INTO "tblCOM_UserFunction" VALUES ('testuser3', 42, 240, 'gregori', 'gregori', '2015-10-05 14:19:30', '2015-10-05 14:19:30');
INSERT INTO "tblCOM_UserFunction" VALUES ('testuser3', 44, 240, 'gregori', 'gregori', '2015-10-05 14:19:30', '2015-10-05 14:19:30');
INSERT INTO "tblCOM_UserFunction" VALUES ('testuser3', 110, 246, 'gregori', 'gregori', '2015-10-05 14:19:30', '2015-10-05 14:19:30');
INSERT INTO "tblCOM_UserFunction" VALUES ('testuser3', 111, 246, 'gregori', 'gregori', '2015-10-05 14:19:30', '2015-10-05 14:19:30');
INSERT INTO "tblCOM_UserFunction" VALUES ('testuser3', 104, 11, 'gregori', 'gregori', '2015-10-05 14:19:30', '2015-10-05 14:19:30');
INSERT INTO "tblCOM_UserFunction" VALUES ('testuser3', 105, 11, 'gregori', 'gregori', '2015-10-05 14:19:30', '2015-10-05 14:19:30');
INSERT INTO "tblCOM_UserFunction" VALUES ('testuser3', 6, 17, 'gregori', 'gregori', '2015-10-05 14:19:30', '2015-10-05 14:19:30');
INSERT INTO "tblCOM_UserFunction" VALUES ('testuser3', 7, 17, 'gregori', 'gregori', '2015-10-05 14:19:30', '2015-10-05 14:19:30');
INSERT INTO "tblCOM_UserFunction" VALUES ('testuser3', 21, 23, 'gregori', 'gregori', '2015-10-05 14:19:30', '2015-10-05 14:19:30');
INSERT INTO "tblCOM_UserFunction" VALUES ('testuser3', 32, 23, 'gregori', 'gregori', '2015-10-05 14:19:30', '2015-10-05 14:19:30');
INSERT INTO "tblCOM_UserFunction" VALUES ('testuser3', 25, 24, 'gregori', 'gregori', '2015-10-05 14:19:30', '2015-10-05 14:19:30');
INSERT INTO "tblCOM_UserFunction" VALUES ('testuser3', 36, 24, 'gregori', 'gregori', '2015-10-05 14:19:30', '2015-10-05 14:19:30');
INSERT INTO "tblCOM_UserFunction" VALUES ('testuser3', 100, 26, 'gregori', 'gregori', '2015-10-05 14:19:30', '2015-10-05 14:19:30');
INSERT INTO "tblCOM_UserFunction" VALUES ('testuser3', 101, 26, 'gregori', 'gregori', '2015-10-05 14:19:30', '2015-10-05 14:19:30');
INSERT INTO "tblCOM_UserFunction" VALUES ('testuser3', 23, 27, 'gregori', 'gregori', '2015-10-05 14:19:30', '2015-10-05 14:19:30');
INSERT INTO "tblCOM_UserFunction" VALUES ('testuser3', 34, 27, 'gregori', 'gregori', '2015-10-05 14:19:30', '2015-10-05 14:19:30');
INSERT INTO "tblCOM_UserFunction" VALUES ('testuser3', 29, 28, 'gregori', 'gregori', '2015-10-05 14:19:30', '2015-10-05 14:19:30');
INSERT INTO "tblCOM_UserFunction" VALUES ('testuser3', 40, 28, 'gregori', 'gregori', '2015-10-05 14:19:30', '2015-10-05 14:19:30');
INSERT INTO "tblCOM_UserFunction" VALUES ('testuser3', 102, 243, 'gregori', 'gregori', '2015-10-05 14:19:30', '2015-10-05 14:19:30');
INSERT INTO "tblCOM_UserFunction" VALUES ('testuser3', 103, 243, 'gregori', 'gregori', '2015-10-05 14:19:30', '2015-10-05 14:19:30');
INSERT INTO "tblCOM_UserFunction" VALUES ('testuser3', 106, 244, 'gregori', 'gregori', '2015-10-05 14:19:30', '2015-10-05 14:19:30');
INSERT INTO "tblCOM_UserFunction" VALUES ('testuser3', 107, 244, 'gregori', 'gregori', '2015-10-05 14:19:30', '2015-10-05 14:19:30');
INSERT INTO "tblCOM_UserFunction" VALUES ('testuser3', 112, 247, 'gregori', 'gregori', '2015-10-05 14:19:30', '2015-10-05 14:19:30');
INSERT INTO "tblCOM_UserFunction" VALUES ('testuser3', 113, 247, 'gregori', 'gregori', '2015-10-05 14:19:30', '2015-10-05 14:19:30');
INSERT INTO "tblCOM_UserFunction" VALUES ('testuser3', 170, 276, 'gregori', 'gregori', '2015-10-05 14:19:30', '2015-10-05 14:19:30');
INSERT INTO "tblCOM_UserFunction" VALUES ('testuser3', 171, 276, 'gregori', 'gregori', '2015-10-05 14:19:30', '2015-10-05 14:19:30');
INSERT INTO "tblCOM_UserFunction" VALUES ('testuser3', 156, 51, 'gregori', 'gregori', '2015-10-05 14:19:30', '2015-10-05 14:19:30');
INSERT INTO "tblCOM_UserFunction" VALUES ('testuser3', 157, 51, 'gregori', 'gregori', '2015-10-05 14:19:30', '2015-10-05 14:19:30');
INSERT INTO "tblCOM_UserFunction" VALUES ('testuser3', 159, 51, 'gregori', 'gregori', '2015-10-05 14:19:30', '2015-10-05 14:19:30');
INSERT INTO "tblCOM_UserFunction" VALUES ('testuser3', 160, 51, 'gregori', 'gregori', '2015-10-05 14:19:30', '2015-10-05 14:19:30');
INSERT INTO "tblCOM_UserFunction" VALUES ('testuser3', 161, 51, 'gregori', 'gregori', '2015-10-05 14:19:30', '2015-10-05 14:19:30');
INSERT INTO "tblCOM_UserFunction" VALUES ('testuser3', 162, 51, 'gregori', 'gregori', '2015-10-05 14:19:30', '2015-10-05 14:19:30');
INSERT INTO "tblCOM_UserFunction" VALUES ('testuser3', 163, 51, 'gregori', 'gregori', '2015-10-05 14:19:30', '2015-10-05 14:19:30');
INSERT INTO "tblCOM_UserFunction" VALUES ('testuser3', 165, 51, 'gregori', 'gregori', '2015-10-05 14:19:30', '2015-10-05 14:19:30');
INSERT INTO "tblCOM_UserFunction" VALUES ('testuser3', 166, 51, 'gregori', 'gregori', '2015-10-05 14:19:30', '2015-10-05 14:19:30');
INSERT INTO "tblCOM_UserFunction" VALUES ('testuser3', 167, 51, 'gregori', 'gregori', '2015-10-05 14:19:30', '2015-10-05 14:19:30');
INSERT INTO "tblCOM_UserFunction" VALUES ('testuser3', 168, 51, 'gregori', 'gregori', '2015-10-05 14:19:30', '2015-10-05 14:19:30');
INSERT INTO "tblCOM_UserFunction" VALUES ('testuser3', 169, 51, 'gregori', 'gregori', '2015-10-05 14:19:30', '2015-10-05 14:19:30');
INSERT INTO "tblCOM_UserFunction" VALUES ('testuser3', 130, 263, 'gregori', 'gregori', '2015-10-05 14:19:30', '2015-10-05 14:19:30');
INSERT INTO "tblCOM_UserFunction" VALUES ('testuser3', 131, 263, 'gregori', 'gregori', '2015-10-05 14:19:30', '2015-10-05 14:19:30');
INSERT INTO "tblCOM_UserFunction" VALUES ('testuser3', 132, 264, 'gregori', 'gregori', '2015-10-05 14:19:30', '2015-10-05 14:19:30');
INSERT INTO "tblCOM_UserFunction" VALUES ('testuser3', 133, 264, 'gregori', 'gregori', '2015-10-05 14:19:30', '2015-10-05 14:19:30');
INSERT INTO "tblCOM_UserFunction" VALUES ('testuser3', 134, 265, 'gregori', 'gregori', '2015-10-05 14:19:30', '2015-10-05 14:19:30');
INSERT INTO "tblCOM_UserFunction" VALUES ('testuser3', 135, 265, 'gregori', 'gregori', '2015-10-05 14:19:30', '2015-10-05 14:19:30');
INSERT INTO "tblCOM_UserFunction" VALUES ('testuser3', 136, 266, 'gregori', 'gregori', '2015-10-05 14:19:30', '2015-10-05 14:19:30');
INSERT INTO "tblCOM_UserFunction" VALUES ('testuser3', 137, 266, 'gregori', 'gregori', '2015-10-05 14:19:30', '2015-10-05 14:19:30');
INSERT INTO "tblCOM_UserFunction" VALUES ('testuser3', 138, 267, 'gregori', 'gregori', '2015-10-05 14:19:30', '2015-10-05 14:19:30');
INSERT INTO "tblCOM_UserFunction" VALUES ('testuser3', 139, 267, 'gregori', 'gregori', '2015-10-05 14:19:30', '2015-10-05 14:19:30');
INSERT INTO "tblCOM_UserFunction" VALUES ('testuser3', 152, 274, 'gregori', 'gregori', '2015-10-05 14:19:31', '2015-10-05 14:19:31');
INSERT INTO "tblCOM_UserFunction" VALUES ('testuser3', 153, 274, 'gregori', 'gregori', '2015-10-05 14:19:31', '2015-10-05 14:19:31');
INSERT INTO "tblCOM_UserFunction" VALUES ('testuser3', 154, 275, 'gregori', 'gregori', '2015-10-05 14:19:31', '2015-10-05 14:19:31');
INSERT INTO "tblCOM_UserFunction" VALUES ('testuser3', 155, 275, 'gregori', 'gregori', '2015-10-05 14:19:31', '2015-10-05 14:19:31');
INSERT INTO "tblCOM_UserFunction" VALUES ('testuser4', 1, 13, 'gregori', 'gregori', '2015-10-05 14:19:51', '2015-10-05 14:19:51');
INSERT INTO "tblCOM_UserFunction" VALUES ('testuser4', 2, 13, 'gregori', 'gregori', '2015-10-05 14:19:51', '2015-10-05 14:19:51');
INSERT INTO "tblCOM_UserFunction" VALUES ('testuser4', 5, 13, 'gregori', 'gregori', '2015-10-05 14:19:51', '2015-10-05 14:19:51');
INSERT INTO "tblCOM_UserFunction" VALUES ('testuser4', 24, 19, 'gregori', 'gregori', '2015-10-05 14:19:51', '2015-10-05 14:19:51');
INSERT INTO "tblCOM_UserFunction" VALUES ('testuser4', 35, 19, 'gregori', 'gregori', '2015-10-05 14:19:51', '2015-10-05 14:19:51');
INSERT INTO "tblCOM_UserFunction" VALUES ('testuser4', 43, 20, 'gregori', 'gregori', '2015-10-05 14:19:51', '2015-10-05 14:19:51');
INSERT INTO "tblCOM_UserFunction" VALUES ('testuser4', 45, 20, 'gregori', 'gregori', '2015-10-05 14:19:51', '2015-10-05 14:19:51');
INSERT INTO "tblCOM_UserFunction" VALUES ('testuser4', 8, 22, 'gregori', 'gregori', '2015-10-05 14:19:51', '2015-10-05 14:19:51');
INSERT INTO "tblCOM_UserFunction" VALUES ('testuser4', 9, 22, 'gregori', 'gregori', '2015-10-05 14:19:51', '2015-10-05 14:19:51');
INSERT INTO "tblCOM_UserFunction" VALUES ('testuser4', 10, 30, 'gregori', 'gregori', '2015-10-05 14:19:51', '2015-10-05 14:19:51');
INSERT INTO "tblCOM_UserFunction" VALUES ('testuser4', 15, 30, 'gregori', 'gregori', '2015-10-05 14:19:51', '2015-10-05 14:19:51');
INSERT INTO "tblCOM_UserFunction" VALUES ('testuser4', 11, 31, 'gregori', 'gregori', '2015-10-05 14:19:51', '2015-10-05 14:19:51');
INSERT INTO "tblCOM_UserFunction" VALUES ('testuser4', 16, 31, 'gregori', 'gregori', '2015-10-05 14:19:51', '2015-10-05 14:19:51');
INSERT INTO "tblCOM_UserFunction" VALUES ('testuser4', 12, 32, 'gregori', 'gregori', '2015-10-05 14:19:51', '2015-10-05 14:19:51');
INSERT INTO "tblCOM_UserFunction" VALUES ('testuser4', 17, 32, 'gregori', 'gregori', '2015-10-05 14:19:51', '2015-10-05 14:19:51');
INSERT INTO "tblCOM_UserFunction" VALUES ('testuser4', 13, 33, 'gregori', 'gregori', '2015-10-05 14:19:51', '2015-10-05 14:19:51');
INSERT INTO "tblCOM_UserFunction" VALUES ('testuser4', 18, 33, 'gregori', 'gregori', '2015-10-05 14:19:51', '2015-10-05 14:19:51');
INSERT INTO "tblCOM_UserFunction" VALUES ('testuser4', 51, 164, 'gregori', 'gregori', '2015-10-05 14:19:51', '2015-10-05 14:19:51');
INSERT INTO "tblCOM_UserFunction" VALUES ('testuser4', 77, 164, 'gregori', 'gregori', '2015-10-05 14:19:51', '2015-10-05 14:19:51');
INSERT INTO "tblCOM_UserFunction" VALUES ('testuser4', 52, 165, 'gregori', 'gregori', '2015-10-05 14:19:51', '2015-10-05 14:19:51');
INSERT INTO "tblCOM_UserFunction" VALUES ('testuser4', 78, 165, 'gregori', 'gregori', '2015-10-05 14:19:51', '2015-10-05 14:19:51');
INSERT INTO "tblCOM_UserFunction" VALUES ('testuser4', 53, 166, 'gregori', 'gregori', '2015-10-05 14:19:51', '2015-10-05 14:19:51');
INSERT INTO "tblCOM_UserFunction" VALUES ('testuser4', 79, 166, 'gregori', 'gregori', '2015-10-05 14:19:51', '2015-10-05 14:19:51');
INSERT INTO "tblCOM_UserFunction" VALUES ('testuser4', 54, 167, 'gregori', 'gregori', '2015-10-05 14:19:51', '2015-10-05 14:19:51');
INSERT INTO "tblCOM_UserFunction" VALUES ('testuser4', 80, 167, 'gregori', 'gregori', '2015-10-05 14:19:51', '2015-10-05 14:19:51');
INSERT INTO "tblCOM_UserFunction" VALUES ('testuser4', 47, 168, 'gregori', 'gregori', '2015-10-05 14:19:51', '2015-10-05 14:19:51');
INSERT INTO "tblCOM_UserFunction" VALUES ('testuser4', 73, 168, 'gregori', 'gregori', '2015-10-05 14:19:51', '2015-10-05 14:19:51');
INSERT INTO "tblCOM_UserFunction" VALUES ('testuser4', 55, 169, 'gregori', 'gregori', '2015-10-05 14:19:51', '2015-10-05 14:19:51');
INSERT INTO "tblCOM_UserFunction" VALUES ('testuser4', 81, 169, 'gregori', 'gregori', '2015-10-05 14:19:51', '2015-10-05 14:19:51');
INSERT INTO "tblCOM_UserFunction" VALUES ('testuser4', 56, 170, 'gregori', 'gregori', '2015-10-05 14:19:51', '2015-10-05 14:19:51');
INSERT INTO "tblCOM_UserFunction" VALUES ('testuser4', 82, 170, 'gregori', 'gregori', '2015-10-05 14:19:51', '2015-10-05 14:19:51');
INSERT INTO "tblCOM_UserFunction" VALUES ('testuser4', 48, 143, 'gregori', 'gregori', '2015-10-05 14:19:51', '2015-10-05 14:19:51');
INSERT INTO "tblCOM_UserFunction" VALUES ('testuser4', 74, 143, 'gregori', 'gregori', '2015-10-05 14:19:51', '2015-10-05 14:19:51');
INSERT INTO "tblCOM_UserFunction" VALUES ('testuser4', 49, 144, 'gregori', 'gregori', '2015-10-05 14:19:51', '2015-10-05 14:19:51');
INSERT INTO "tblCOM_UserFunction" VALUES ('testuser4', 75, 144, 'gregori', 'gregori', '2015-10-05 14:19:51', '2015-10-05 14:19:51');
INSERT INTO "tblCOM_UserFunction" VALUES ('testuser4', 50, 145, 'gregori', 'gregori', '2015-10-05 14:19:51', '2015-10-05 14:19:51');
INSERT INTO "tblCOM_UserFunction" VALUES ('testuser4', 76, 145, 'gregori', 'gregori', '2015-10-05 14:19:51', '2015-10-05 14:19:51');
INSERT INTO "tblCOM_UserFunction" VALUES ('testuser4', 58, 147, 'gregori', 'gregori', '2015-10-05 14:19:51', '2015-10-05 14:19:51');
INSERT INTO "tblCOM_UserFunction" VALUES ('testuser4', 84, 147, 'gregori', 'gregori', '2015-10-05 14:19:51', '2015-10-05 14:19:51');
INSERT INTO "tblCOM_UserFunction" VALUES ('testuser4', 61, 150, 'gregori', 'gregori', '2015-10-05 14:19:51', '2015-10-05 14:19:51');
INSERT INTO "tblCOM_UserFunction" VALUES ('testuser4', 87, 150, 'gregori', 'gregori', '2015-10-05 14:19:51', '2015-10-05 14:19:51');
INSERT INTO "tblCOM_UserFunction" VALUES ('testuser4', 63, 153, 'gregori', 'gregori', '2015-10-05 14:19:51', '2015-10-05 14:19:51');
INSERT INTO "tblCOM_UserFunction" VALUES ('testuser4', 89, 153, 'gregori', 'gregori', '2015-10-05 14:19:51', '2015-10-05 14:19:51');
INSERT INTO "tblCOM_UserFunction" VALUES ('testuser4', 64, 154, 'gregori', 'gregori', '2015-10-05 14:19:51', '2015-10-05 14:19:51');
INSERT INTO "tblCOM_UserFunction" VALUES ('testuser4', 90, 154, 'gregori', 'gregori', '2015-10-05 14:19:51', '2015-10-05 14:19:51');
INSERT INTO "tblCOM_UserFunction" VALUES ('testuser4', 66, 157, 'gregori', 'gregori', '2015-10-05 14:19:51', '2015-10-05 14:19:51');
INSERT INTO "tblCOM_UserFunction" VALUES ('testuser4', 92, 157, 'gregori', 'gregori', '2015-10-05 14:19:51', '2015-10-05 14:19:51');
INSERT INTO "tblCOM_UserFunction" VALUES ('testuser4', 67, 158, 'gregori', 'gregori', '2015-10-05 14:19:51', '2015-10-05 14:19:51');
INSERT INTO "tblCOM_UserFunction" VALUES ('testuser4', 93, 158, 'gregori', 'gregori', '2015-10-05 14:19:51', '2015-10-05 14:19:51');
INSERT INTO "tblCOM_UserFunction" VALUES ('testuser4', 68, 159, 'gregori', 'gregori', '2015-10-05 14:19:51', '2015-10-05 14:19:51');
INSERT INTO "tblCOM_UserFunction" VALUES ('testuser4', 94, 159, 'gregori', 'gregori', '2015-10-05 14:19:51', '2015-10-05 14:19:51');
INSERT INTO "tblCOM_UserFunction" VALUES ('testuser4', 46, 160, 'gregori', 'gregori', '2015-10-05 14:19:51', '2015-10-05 14:19:51');
INSERT INTO "tblCOM_UserFunction" VALUES ('testuser4', 72, 160, 'gregori', 'gregori', '2015-10-05 14:19:51', '2015-10-05 14:19:51');
INSERT INTO "tblCOM_UserFunction" VALUES ('testuser4', 69, 161, 'gregori', 'gregori', '2015-10-05 14:19:51', '2015-10-05 14:19:51');
INSERT INTO "tblCOM_UserFunction" VALUES ('testuser4', 95, 161, 'gregori', 'gregori', '2015-10-05 14:19:51', '2015-10-05 14:19:51');
INSERT INTO "tblCOM_UserFunction" VALUES ('testuser4', 70, 162, 'gregori', 'gregori', '2015-10-05 14:19:51', '2015-10-05 14:19:51');
INSERT INTO "tblCOM_UserFunction" VALUES ('testuser4', 96, 162, 'gregori', 'gregori', '2015-10-05 14:19:51', '2015-10-05 14:19:51');
INSERT INTO "tblCOM_UserFunction" VALUES ('testuser4', 71, 163, 'gregori', 'gregori', '2015-10-05 14:19:51', '2015-10-05 14:19:51');
INSERT INTO "tblCOM_UserFunction" VALUES ('testuser4', 97, 163, 'gregori', 'gregori', '2015-10-05 14:19:51', '2015-10-05 14:19:51');
INSERT INTO "tblCOM_UserFunction" VALUES ('testuser4', 22, 174, 'gregori', 'gregori', '2015-10-05 14:19:51', '2015-10-05 14:19:51');
INSERT INTO "tblCOM_UserFunction" VALUES ('testuser4', 33, 174, 'gregori', 'gregori', '2015-10-05 14:19:51', '2015-10-05 14:19:51');
INSERT INTO "tblCOM_UserFunction" VALUES ('testuser4', 98, 242, 'gregori', 'gregori', '2015-10-05 14:19:51', '2015-10-05 14:19:51');
INSERT INTO "tblCOM_UserFunction" VALUES ('testuser4', 99, 242, 'gregori', 'gregori', '2015-10-05 14:19:51', '2015-10-05 14:19:51');
INSERT INTO "tblCOM_UserFunction" VALUES ('testuser4', 108, 245, 'gregori', 'gregori', '2015-10-05 14:19:51', '2015-10-05 14:19:51');
INSERT INTO "tblCOM_UserFunction" VALUES ('testuser4', 109, 245, 'gregori', 'gregori', '2015-10-05 14:19:51', '2015-10-05 14:19:51');
INSERT INTO "tblCOM_UserFunction" VALUES ('testuser4', 114, 249, 'gregori', 'gregori', '2015-10-05 14:19:51', '2015-10-05 14:19:51');
INSERT INTO "tblCOM_UserFunction" VALUES ('testuser4', 115, 249, 'gregori', 'gregori', '2015-10-05 14:19:51', '2015-10-05 14:19:51');
INSERT INTO "tblCOM_UserFunction" VALUES ('testuser4', 116, 250, 'gregori', 'gregori', '2015-10-05 14:19:51', '2015-10-05 14:19:51');
INSERT INTO "tblCOM_UserFunction" VALUES ('testuser4', 117, 250, 'gregori', 'gregori', '2015-10-05 14:19:51', '2015-10-05 14:19:51');
INSERT INTO "tblCOM_UserFunction" VALUES ('testuser4', 118, 251, 'gregori', 'gregori', '2015-10-05 14:19:51', '2015-10-05 14:19:51');
INSERT INTO "tblCOM_UserFunction" VALUES ('testuser4', 119, 251, 'gregori', 'gregori', '2015-10-05 14:19:51', '2015-10-05 14:19:51');
INSERT INTO "tblCOM_UserFunction" VALUES ('testuser4', 122, 253, 'gregori', 'gregori', '2015-10-05 14:19:51', '2015-10-05 14:19:51');
INSERT INTO "tblCOM_UserFunction" VALUES ('testuser3', 148, 271, 'gregori', 'gregori', '2015-10-05 14:19:30', '2015-10-05 14:19:30');
INSERT INTO "tblCOM_UserFunction" VALUES ('testuser3', 149, 271, 'gregori', 'gregori', '2015-10-05 14:19:30', '2015-10-05 14:19:30');
INSERT INTO "tblCOM_UserFunction" VALUES ('testuser3', 150, 272, 'gregori', 'gregori', '2015-10-05 14:19:30', '2015-10-05 14:19:30');
INSERT INTO "tblCOM_UserFunction" VALUES ('testuser3', 151, 272, 'gregori', 'gregori', '2015-10-05 14:19:31', '2015-10-05 14:19:31');
INSERT INTO "tblCOM_UserFunction" VALUES ('testuser3', 142, 268, 'gregori', 'gregori', '2015-10-05 14:19:30', '2015-10-05 14:19:30');
INSERT INTO "tblCOM_UserFunction" VALUES ('testuser3', 143, 268, 'gregori', 'gregori', '2015-10-05 14:19:30', '2015-10-05 14:19:30');
INSERT INTO "tblCOM_UserFunction" VALUES ('testuser3', 144, 269, 'gregori', 'gregori', '2015-10-05 14:19:30', '2015-10-05 14:19:30');
INSERT INTO "tblCOM_UserFunction" VALUES ('testuser3', 145, 269, 'gregori', 'gregori', '2015-10-05 14:19:30', '2015-10-05 14:19:30');
INSERT INTO "tblCOM_UserFunction" VALUES ('testuser3', 140, 270, 'gregori', 'gregori', '2015-10-05 14:19:30', '2015-10-05 14:19:30');
INSERT INTO "tblCOM_UserFunction" VALUES ('testuser4', 123, 253, 'gregori', 'gregori', '2015-10-05 14:19:51', '2015-10-05 14:19:51');
INSERT INTO "tblCOM_UserFunction" VALUES ('testuser4', 27, 173, 'gregori', 'gregori', '2015-10-05 14:19:51', '2015-10-05 14:19:51');
INSERT INTO "tblCOM_UserFunction" VALUES ('testuser4', 38, 173, 'gregori', 'gregori', '2015-10-05 14:19:51', '2015-10-05 14:19:51');
INSERT INTO "tblCOM_UserFunction" VALUES ('testuser4', 59, 148, 'gregori', 'gregori', '2015-10-05 14:19:51', '2015-10-05 14:19:51');
INSERT INTO "tblCOM_UserFunction" VALUES ('testuser4', 85, 148, 'gregori', 'gregori', '2015-10-05 14:19:51', '2015-10-05 14:19:51');
INSERT INTO "tblCOM_UserFunction" VALUES ('testuser4', 26, 172, 'gregori', 'gregori', '2015-10-05 14:19:51', '2015-10-05 14:19:51');
INSERT INTO "tblCOM_UserFunction" VALUES ('testuser4', 37, 172, 'gregori', 'gregori', '2015-10-05 14:19:51', '2015-10-05 14:19:51');
INSERT INTO "tblCOM_UserFunction" VALUES ('testuser4', 124, 260, 'gregori', 'gregori', '2015-10-05 14:19:51', '2015-10-05 14:19:51');
INSERT INTO "tblCOM_UserFunction" VALUES ('testuser4', 126, 260, 'gregori', 'gregori', '2015-10-05 14:19:51', '2015-10-05 14:19:51');
INSERT INTO "tblCOM_UserFunction" VALUES ('testuser4', 125, 261, 'gregori', 'gregori', '2015-10-05 14:19:51', '2015-10-05 14:19:51');
INSERT INTO "tblCOM_UserFunction" VALUES ('testuser4', 127, 261, 'gregori', 'gregori', '2015-10-05 14:19:51', '2015-10-05 14:19:51');
INSERT INTO "tblCOM_UserFunction" VALUES ('testuser4', 14, 34, 'gregori', 'gregori', '2015-10-05 14:19:51', '2015-10-05 14:19:51');
INSERT INTO "tblCOM_UserFunction" VALUES ('testuser4', 19, 34, 'gregori', 'gregori', '2015-10-05 14:19:51', '2015-10-05 14:19:51');
INSERT INTO "tblCOM_UserFunction" VALUES ('testuser4', 57, 146, 'gregori', 'gregori', '2015-10-05 14:19:51', '2015-10-05 14:19:51');
INSERT INTO "tblCOM_UserFunction" VALUES ('testuser4', 83, 146, 'gregori', 'gregori', '2015-10-05 14:19:51', '2015-10-05 14:19:51');
INSERT INTO "tblCOM_UserFunction" VALUES ('testuser4', 60, 149, 'gregori', 'gregori', '2015-10-05 14:19:51', '2015-10-05 14:19:51');
INSERT INTO "tblCOM_UserFunction" VALUES ('testuser4', 86, 149, 'gregori', 'gregori', '2015-10-05 14:19:51', '2015-10-05 14:19:51');
INSERT INTO "tblCOM_UserFunction" VALUES ('testuser4', 62, 152, 'gregori', 'gregori', '2015-10-05 14:19:51', '2015-10-05 14:19:51');
INSERT INTO "tblCOM_UserFunction" VALUES ('testuser4', 88, 152, 'gregori', 'gregori', '2015-10-05 14:19:51', '2015-10-05 14:19:51');
INSERT INTO "tblCOM_UserFunction" VALUES ('testuser4', 65, 156, 'gregori', 'gregori', '2015-10-05 14:19:52', '2015-10-05 14:19:52');
INSERT INTO "tblCOM_UserFunction" VALUES ('testuser4', 91, 156, 'gregori', 'gregori', '2015-10-05 14:19:52', '2015-10-05 14:19:52');
INSERT INTO "tblCOM_UserFunction" VALUES ('testuser4', 30, 171, 'gregori', 'gregori', '2015-10-05 14:19:52', '2015-10-05 14:19:52');
INSERT INTO "tblCOM_UserFunction" VALUES ('testuser4', 41, 171, 'gregori', 'gregori', '2015-10-05 14:19:52', '2015-10-05 14:19:52');
INSERT INTO "tblCOM_UserFunction" VALUES ('testuser4', 42, 240, 'gregori', 'gregori', '2015-10-05 14:19:52', '2015-10-05 14:19:52');
INSERT INTO "tblCOM_UserFunction" VALUES ('testuser4', 44, 240, 'gregori', 'gregori', '2015-10-05 14:19:52', '2015-10-05 14:19:52');
INSERT INTO "tblCOM_UserFunction" VALUES ('testuser4', 110, 246, 'gregori', 'gregori', '2015-10-05 14:19:52', '2015-10-05 14:19:52');
INSERT INTO "tblCOM_UserFunction" VALUES ('testuser4', 111, 246, 'gregori', 'gregori', '2015-10-05 14:19:52', '2015-10-05 14:19:52');
INSERT INTO "tblCOM_UserFunction" VALUES ('testuser4', 104, 11, 'gregori', 'gregori', '2015-10-05 14:19:52', '2015-10-05 14:19:52');
INSERT INTO "tblCOM_UserFunction" VALUES ('testuser4', 105, 11, 'gregori', 'gregori', '2015-10-05 14:19:52', '2015-10-05 14:19:52');
INSERT INTO "tblCOM_UserFunction" VALUES ('testuser4', 6, 17, 'gregori', 'gregori', '2015-10-05 14:19:52', '2015-10-05 14:19:52');
INSERT INTO "tblCOM_UserFunction" VALUES ('testuser4', 7, 17, 'gregori', 'gregori', '2015-10-05 14:19:52', '2015-10-05 14:19:52');
INSERT INTO "tblCOM_UserFunction" VALUES ('testuser4', 21, 23, 'gregori', 'gregori', '2015-10-05 14:19:52', '2015-10-05 14:19:52');
INSERT INTO "tblCOM_UserFunction" VALUES ('testuser4', 32, 23, 'gregori', 'gregori', '2015-10-05 14:19:52', '2015-10-05 14:19:52');
INSERT INTO "tblCOM_UserFunction" VALUES ('testuser4', 25, 24, 'gregori', 'gregori', '2015-10-05 14:19:52', '2015-10-05 14:19:52');
INSERT INTO "tblCOM_UserFunction" VALUES ('testuser4', 36, 24, 'gregori', 'gregori', '2015-10-05 14:19:52', '2015-10-05 14:19:52');
INSERT INTO "tblCOM_UserFunction" VALUES ('testuser4', 100, 26, 'gregori', 'gregori', '2015-10-05 14:19:52', '2015-10-05 14:19:52');
INSERT INTO "tblCOM_UserFunction" VALUES ('testuser4', 101, 26, 'gregori', 'gregori', '2015-10-05 14:19:52', '2015-10-05 14:19:52');
INSERT INTO "tblCOM_UserFunction" VALUES ('testuser4', 23, 27, 'gregori', 'gregori', '2015-10-05 14:19:52', '2015-10-05 14:19:52');
INSERT INTO "tblCOM_UserFunction" VALUES ('testuser4', 34, 27, 'gregori', 'gregori', '2015-10-05 14:19:52', '2015-10-05 14:19:52');
INSERT INTO "tblCOM_UserFunction" VALUES ('testuser4', 29, 28, 'gregori', 'gregori', '2015-10-05 14:19:52', '2015-10-05 14:19:52');
INSERT INTO "tblCOM_UserFunction" VALUES ('testuser4', 40, 28, 'gregori', 'gregori', '2015-10-05 14:19:52', '2015-10-05 14:19:52');
INSERT INTO "tblCOM_UserFunction" VALUES ('testuser4', 102, 243, 'gregori', 'gregori', '2015-10-05 14:19:52', '2015-10-05 14:19:52');
INSERT INTO "tblCOM_UserFunction" VALUES ('testuser4', 103, 243, 'gregori', 'gregori', '2015-10-05 14:19:52', '2015-10-05 14:19:52');
INSERT INTO "tblCOM_UserFunction" VALUES ('testuser4', 106, 244, 'gregori', 'gregori', '2015-10-05 14:19:52', '2015-10-05 14:19:52');
INSERT INTO "tblCOM_UserFunction" VALUES ('testuser4', 107, 244, 'gregori', 'gregori', '2015-10-05 14:19:52', '2015-10-05 14:19:52');
INSERT INTO "tblCOM_UserFunction" VALUES ('testuser4', 112, 247, 'gregori', 'gregori', '2015-10-05 14:19:52', '2015-10-05 14:19:52');
INSERT INTO "tblCOM_UserFunction" VALUES ('testuser4', 113, 247, 'gregori', 'gregori', '2015-10-05 14:19:52', '2015-10-05 14:19:52');
INSERT INTO "tblCOM_UserFunction" VALUES ('testuser4', 170, 276, 'gregori', 'gregori', '2015-10-05 14:19:52', '2015-10-05 14:19:52');
INSERT INTO "tblCOM_UserFunction" VALUES ('testuser4', 171, 276, 'gregori', 'gregori', '2015-10-05 14:19:52', '2015-10-05 14:19:52');
INSERT INTO "tblCOM_UserFunction" VALUES ('testuser4', 156, 51, 'gregori', 'gregori', '2015-10-05 14:19:52', '2015-10-05 14:19:52');
INSERT INTO "tblCOM_UserFunction" VALUES ('testuser4', 157, 51, 'gregori', 'gregori', '2015-10-05 14:19:52', '2015-10-05 14:19:52');
INSERT INTO "tblCOM_UserFunction" VALUES ('testuser4', 159, 51, 'gregori', 'gregori', '2015-10-05 14:19:52', '2015-10-05 14:19:52');
INSERT INTO "tblCOM_UserFunction" VALUES ('testuser4', 160, 51, 'gregori', 'gregori', '2015-10-05 14:19:52', '2015-10-05 14:19:52');
INSERT INTO "tblCOM_UserFunction" VALUES ('testuser4', 161, 51, 'gregori', 'gregori', '2015-10-05 14:19:52', '2015-10-05 14:19:52');
INSERT INTO "tblCOM_UserFunction" VALUES ('testuser4', 162, 51, 'gregori', 'gregori', '2015-10-05 14:19:52', '2015-10-05 14:19:52');
INSERT INTO "tblCOM_UserFunction" VALUES ('testuser4', 163, 51, 'gregori', 'gregori', '2015-10-05 14:19:52', '2015-10-05 14:19:52');
INSERT INTO "tblCOM_UserFunction" VALUES ('testuser4', 165, 51, 'gregori', 'gregori', '2015-10-05 14:19:52', '2015-10-05 14:19:52');
INSERT INTO "tblCOM_UserFunction" VALUES ('testuser4', 166, 51, 'gregori', 'gregori', '2015-10-05 14:19:52', '2015-10-05 14:19:52');
INSERT INTO "tblCOM_UserFunction" VALUES ('testuser4', 167, 51, 'gregori', 'gregori', '2015-10-05 14:19:52', '2015-10-05 14:19:52');
INSERT INTO "tblCOM_UserFunction" VALUES ('testuser4', 168, 51, 'gregori', 'gregori', '2015-10-05 14:19:52', '2015-10-05 14:19:52');
INSERT INTO "tblCOM_UserFunction" VALUES ('testuser4', 169, 51, 'gregori', 'gregori', '2015-10-05 14:19:52', '2015-10-05 14:19:52');
INSERT INTO "tblCOM_UserFunction" VALUES ('testuser4', 130, 263, 'gregori', 'gregori', '2015-10-05 14:19:52', '2015-10-05 14:19:52');
INSERT INTO "tblCOM_UserFunction" VALUES ('testuser4', 131, 263, 'gregori', 'gregori', '2015-10-05 14:19:52', '2015-10-05 14:19:52');
INSERT INTO "tblCOM_UserFunction" VALUES ('testuser4', 132, 264, 'gregori', 'gregori', '2015-10-05 14:19:52', '2015-10-05 14:19:52');
INSERT INTO "tblCOM_UserFunction" VALUES ('testuser4', 133, 264, 'gregori', 'gregori', '2015-10-05 14:19:52', '2015-10-05 14:19:52');
INSERT INTO "tblCOM_UserFunction" VALUES ('testuser4', 134, 265, 'gregori', 'gregori', '2015-10-05 14:19:52', '2015-10-05 14:19:52');
INSERT INTO "tblCOM_UserFunction" VALUES ('testuser4', 135, 265, 'gregori', 'gregori', '2015-10-05 14:19:52', '2015-10-05 14:19:52');
INSERT INTO "tblCOM_UserFunction" VALUES ('testuser4', 136, 266, 'gregori', 'gregori', '2015-10-05 14:19:52', '2015-10-05 14:19:52');
INSERT INTO "tblCOM_UserFunction" VALUES ('testuser4', 137, 266, 'gregori', 'gregori', '2015-10-05 14:19:52', '2015-10-05 14:19:52');
INSERT INTO "tblCOM_UserFunction" VALUES ('testuser4', 138, 267, 'gregori', 'gregori', '2015-10-05 14:19:52', '2015-10-05 14:19:52');
INSERT INTO "tblCOM_UserFunction" VALUES ('testuser4', 139, 267, 'gregori', 'gregori', '2015-10-05 14:19:52', '2015-10-05 14:19:52');
INSERT INTO "tblCOM_UserFunction" VALUES ('testuser4', 152, 274, 'gregori', 'gregori', '2015-10-05 14:19:52', '2015-10-05 14:19:52');
INSERT INTO "tblCOM_UserFunction" VALUES ('testuser4', 153, 274, 'gregori', 'gregori', '2015-10-05 14:19:52', '2015-10-05 14:19:52');
INSERT INTO "tblCOM_UserFunction" VALUES ('testuser4', 154, 275, 'gregori', 'gregori', '2015-10-05 14:19:52', '2015-10-05 14:19:52');
INSERT INTO "tblCOM_UserFunction" VALUES ('testuser4', 155, 275, 'gregori', 'gregori', '2015-10-05 14:19:52', '2015-10-05 14:19:52');
INSERT INTO "tblCOM_UserFunction" VALUES ('testuser2', 14, 34, 'testuser2', 'testuser2', '2015-10-10 15:16:33', '2015-10-10 15:16:33');
INSERT INTO "tblCOM_UserFunction" VALUES ('testuser2', 19, 34, 'testuser2', 'testuser2', '2015-10-10 15:16:33', '2015-10-10 15:16:33');
INSERT INTO "tblCOM_UserFunction" VALUES ('testuser2', 57, 146, 'testuser2', 'testuser2', '2015-10-10 15:16:33', '2015-10-10 15:16:33');
INSERT INTO "tblCOM_UserFunction" VALUES ('testuser2', 83, 146, 'testuser2', 'testuser2', '2015-10-10 15:16:33', '2015-10-10 15:16:33');
INSERT INTO "tblCOM_UserFunction" VALUES ('testuser2', 60, 149, 'testuser2', 'testuser2', '2015-10-10 15:16:33', '2015-10-10 15:16:33');
INSERT INTO "tblCOM_UserFunction" VALUES ('testuser2', 86, 149, 'testuser2', 'testuser2', '2015-10-10 15:16:33', '2015-10-10 15:16:33');
INSERT INTO "tblCOM_UserFunction" VALUES ('testuser2', 62, 152, 'testuser2', 'testuser2', '2015-10-10 15:16:33', '2015-10-10 15:16:33');
INSERT INTO "tblCOM_UserFunction" VALUES ('testuser2', 88, 152, 'testuser2', 'testuser2', '2015-10-10 15:16:33', '2015-10-10 15:16:33');
INSERT INTO "tblCOM_UserFunction" VALUES ('testuser2', 65, 156, 'testuser2', 'testuser2', '2015-10-10 15:16:33', '2015-10-10 15:16:33');
INSERT INTO "tblCOM_UserFunction" VALUES ('testuser2', 91, 156, 'testuser2', 'testuser2', '2015-10-10 15:16:33', '2015-10-10 15:16:33');
INSERT INTO "tblCOM_UserFunction" VALUES ('testuser4', 148, 271, 'gregori', 'gregori', '2015-10-05 14:19:52', '2015-10-05 14:19:52');
INSERT INTO "tblCOM_UserFunction" VALUES ('testuser4', 149, 271, 'gregori', 'gregori', '2015-10-05 14:19:52', '2015-10-05 14:19:52');
INSERT INTO "tblCOM_UserFunction" VALUES ('testuser4', 150, 272, 'gregori', 'gregori', '2015-10-05 14:19:52', '2015-10-05 14:19:52');
INSERT INTO "tblCOM_UserFunction" VALUES ('testuser4', 151, 272, 'gregori', 'gregori', '2015-10-05 14:19:52', '2015-10-05 14:19:52');
INSERT INTO "tblCOM_UserFunction" VALUES ('testuser4', 142, 268, 'gregori', 'gregori', '2015-10-05 14:19:52', '2015-10-05 14:19:52');
INSERT INTO "tblCOM_UserFunction" VALUES ('testuser4', 143, 268, 'gregori', 'gregori', '2015-10-05 14:19:52', '2015-10-05 14:19:52');
INSERT INTO "tblCOM_UserFunction" VALUES ('testuser4', 144, 269, 'gregori', 'gregori', '2015-10-05 14:19:52', '2015-10-05 14:19:52');
INSERT INTO "tblCOM_UserFunction" VALUES ('testuser4', 145, 269, 'gregori', 'gregori', '2015-10-05 14:19:52', '2015-10-05 14:19:52');
INSERT INTO "tblCOM_UserFunction" VALUES ('testuser4', 140, 270, 'gregori', 'gregori', '2015-10-05 14:19:52', '2015-10-05 14:19:52');
INSERT INTO "tblCOM_UserFunction" VALUES ('testuser2', 30, 171, 'testuser2', 'testuser2', '2015-10-10 15:16:33', '2015-10-10 15:16:33');
INSERT INTO "tblCOM_UserFunction" VALUES ('testuser2', 41, 171, 'testuser2', 'testuser2', '2015-10-10 15:16:33', '2015-10-10 15:16:33');
INSERT INTO "tblCOM_UserFunction" VALUES ('testuser2', 42, 240, 'testuser2', 'testuser2', '2015-10-10 15:16:33', '2015-10-10 15:16:33');
INSERT INTO "tblCOM_UserFunction" VALUES ('testuser2', 44, 240, 'testuser2', 'testuser2', '2015-10-10 15:16:33', '2015-10-10 15:16:33');
INSERT INTO "tblCOM_UserFunction" VALUES ('testuser2', 110, 246, 'testuser2', 'testuser2', '2015-10-10 15:16:33', '2015-10-10 15:16:33');
INSERT INTO "tblCOM_UserFunction" VALUES ('testuser2', 111, 246, 'testuser2', 'testuser2', '2015-10-10 15:16:33', '2015-10-10 15:16:33');
INSERT INTO "tblCOM_UserFunction" VALUES ('testuser2', 104, 11, 'testuser2', 'testuser2', '2015-10-10 15:16:33', '2015-10-10 15:16:33');
INSERT INTO "tblCOM_UserFunction" VALUES ('testuser2', 105, 11, 'testuser2', 'testuser2', '2015-10-10 15:16:33', '2015-10-10 15:16:33');
INSERT INTO "tblCOM_UserFunction" VALUES ('testuser2', 6, 17, 'testuser2', 'testuser2', '2015-10-10 15:16:33', '2015-10-10 15:16:33');
INSERT INTO "tblCOM_UserFunction" VALUES ('testuser2', 7, 17, 'testuser2', 'testuser2', '2015-10-10 15:16:33', '2015-10-10 15:16:33');
INSERT INTO "tblCOM_UserFunction" VALUES ('testuser2', 21, 23, 'testuser2', 'testuser2', '2015-10-10 15:16:33', '2015-10-10 15:16:33');
INSERT INTO "tblCOM_UserFunction" VALUES ('testuser2', 32, 23, 'testuser2', 'testuser2', '2015-10-10 15:16:33', '2015-10-10 15:16:33');
INSERT INTO "tblCOM_UserFunction" VALUES ('testuser2', 25, 24, 'testuser2', 'testuser2', '2015-10-10 15:16:33', '2015-10-10 15:16:33');
INSERT INTO "tblCOM_UserFunction" VALUES ('testuser2', 36, 24, 'testuser2', 'testuser2', '2015-10-10 15:16:33', '2015-10-10 15:16:33');
INSERT INTO "tblCOM_UserFunction" VALUES ('testuser2', 100, 26, 'testuser2', 'testuser2', '2015-10-10 15:16:33', '2015-10-10 15:16:33');
INSERT INTO "tblCOM_UserFunction" VALUES ('testuser2', 101, 26, 'testuser2', 'testuser2', '2015-10-10 15:16:33', '2015-10-10 15:16:33');
INSERT INTO "tblCOM_UserFunction" VALUES ('testuser2', 23, 27, 'testuser2', 'testuser2', '2015-10-10 15:16:33', '2015-10-10 15:16:33');
INSERT INTO "tblCOM_UserFunction" VALUES ('testuser2', 34, 27, 'testuser2', 'testuser2', '2015-10-10 15:16:33', '2015-10-10 15:16:33');
INSERT INTO "tblCOM_UserFunction" VALUES ('testuser2', 29, 28, 'testuser2', 'testuser2', '2015-10-10 15:16:33', '2015-10-10 15:16:33');
INSERT INTO "tblCOM_UserFunction" VALUES ('testuser2', 151, 272, 'testuser2', 'testuser2', '2015-10-10 15:16:33', '2015-10-10 15:16:33');
INSERT INTO "tblCOM_UserFunction" VALUES ('dinamapatac', 136, 266, 'dinamapatac', 'dinamapatac', '2016-01-24 21:49:24', '2016-01-24 21:49:24');
INSERT INTO "tblCOM_UserFunction" VALUES ('dinamapatac', 137, 266, 'dinamapatac', 'dinamapatac', '2016-01-24 21:49:24', '2016-01-24 21:49:24');
INSERT INTO "tblCOM_UserFunction" VALUES ('testuser2', 146, 273, 'testuser2', 'testuser2', '2015-10-10 15:16:33', '2015-10-10 15:16:33');
INSERT INTO "tblCOM_UserFunction" VALUES ('testuser2', 147, 273, 'testuser2', 'testuser2', '2015-10-10 15:16:33', '2015-10-10 15:16:33');
INSERT INTO "tblCOM_UserFunction" VALUES ('testuser3', 146, 273, 'gregori', 'gregori', '2015-10-05 14:19:30', '2015-10-05 14:19:30');
INSERT INTO "tblCOM_UserFunction" VALUES ('testuser3', 147, 273, 'gregori', 'gregori', '2015-10-05 14:19:30', '2015-10-05 14:19:30');
INSERT INTO "tblCOM_UserFunction" VALUES ('testuser4', 146, 273, 'gregori', 'gregori', '2015-10-05 14:19:52', '2015-10-05 14:19:52');
INSERT INTO "tblCOM_UserFunction" VALUES ('testuser4', 147, 273, 'gregori', 'gregori', '2015-10-05 14:19:52', '2015-10-05 14:19:52');
INSERT INTO "tblCOM_UserFunction" VALUES ('testuser3', 141, 270, 'gregori', 'gregori', '2015-10-05 14:19:30', '2015-10-05 14:19:30');
INSERT INTO "tblCOM_UserFunction" VALUES ('testuser4', 141, 270, 'gregori', 'gregori', '2015-10-05 14:19:52', '2015-10-05 14:19:52');
INSERT INTO "tblCOM_UserFunction" VALUES ('dinamapatac', 138, 267, 'dinamapatac', 'dinamapatac', '2016-01-24 21:49:24', '2016-01-24 21:49:24');
INSERT INTO "tblCOM_UserFunction" VALUES ('dinamapatac', 139, 267, 'dinamapatac', 'dinamapatac', '2016-01-24 21:49:24', '2016-01-24 21:49:24');
INSERT INTO "tblCOM_UserFunction" VALUES ('dinamapatac', 154, 275, 'dinamapatac', 'dinamapatac', '2016-01-24 21:49:24', '2016-01-24 21:49:24');
INSERT INTO "tblCOM_UserFunction" VALUES ('dinamapatac', 155, 275, 'dinamapatac', 'dinamapatac', '2016-01-24 21:49:24', '2016-01-24 21:49:24');
INSERT INTO "tblCOM_UserFunction" VALUES ('dinamapatac', 148, 271, 'dinamapatac', 'dinamapatac', '2016-01-24 21:49:24', '2016-01-24 21:49:24');
INSERT INTO "tblCOM_UserFunction" VALUES ('dinamapatac', 149, 271, 'dinamapatac', 'dinamapatac', '2016-01-24 21:49:24', '2016-01-24 21:49:24');
INSERT INTO "tblCOM_UserFunction" VALUES ('dinamapatac', 150, 272, 'dinamapatac', 'dinamapatac', '2016-01-24 21:49:24', '2016-01-24 21:49:24');
INSERT INTO "tblCOM_UserFunction" VALUES ('dinamapatac', 151, 272, 'dinamapatac', 'dinamapatac', '2016-01-24 21:49:24', '2016-01-24 21:49:24');
INSERT INTO "tblCOM_UserFunction" VALUES ('testuser1', 1, 13, 'gregori', 'gregori', '2016-01-23 02:56:19', '2016-01-23 02:56:19');
INSERT INTO "tblCOM_UserFunction" VALUES ('testuser1', 2, 13, 'gregori', 'gregori', '2016-01-23 02:56:19', '2016-01-23 02:56:19');
INSERT INTO "tblCOM_UserFunction" VALUES ('testuser1', 5, 13, 'gregori', 'gregori', '2016-01-23 02:56:19', '2016-01-23 02:56:19');
INSERT INTO "tblCOM_UserFunction" VALUES ('testuser1', 24, 19, 'gregori', 'gregori', '2016-01-23 02:56:19', '2016-01-23 02:56:19');
INSERT INTO "tblCOM_UserFunction" VALUES ('testuser1', 35, 19, 'gregori', 'gregori', '2016-01-23 02:56:19', '2016-01-23 02:56:19');
INSERT INTO "tblCOM_UserFunction" VALUES ('testuser1', 43, 20, 'gregori', 'gregori', '2016-01-23 02:56:19', '2016-01-23 02:56:19');
INSERT INTO "tblCOM_UserFunction" VALUES ('testuser1', 45, 20, 'gregori', 'gregori', '2016-01-23 02:56:19', '2016-01-23 02:56:19');
INSERT INTO "tblCOM_UserFunction" VALUES ('testuser1', 8, 22, 'gregori', 'gregori', '2016-01-23 02:56:19', '2016-01-23 02:56:19');
INSERT INTO "tblCOM_UserFunction" VALUES ('testuser1', 9, 22, 'gregori', 'gregori', '2016-01-23 02:56:19', '2016-01-23 02:56:19');
INSERT INTO "tblCOM_UserFunction" VALUES ('testuser1', 10, 30, 'gregori', 'gregori', '2016-01-23 02:56:19', '2016-01-23 02:56:19');
INSERT INTO "tblCOM_UserFunction" VALUES ('testuser1', 15, 30, 'gregori', 'gregori', '2016-01-23 02:56:19', '2016-01-23 02:56:19');
INSERT INTO "tblCOM_UserFunction" VALUES ('testuser1', 11, 31, 'gregori', 'gregori', '2016-01-23 02:56:19', '2016-01-23 02:56:19');
INSERT INTO "tblCOM_UserFunction" VALUES ('testuser1', 16, 31, 'gregori', 'gregori', '2016-01-23 02:56:19', '2016-01-23 02:56:19');
INSERT INTO "tblCOM_UserFunction" VALUES ('testuser1', 12, 32, 'gregori', 'gregori', '2016-01-23 02:56:19', '2016-01-23 02:56:19');
INSERT INTO "tblCOM_UserFunction" VALUES ('testuser1', 17, 32, 'gregori', 'gregori', '2016-01-23 02:56:19', '2016-01-23 02:56:19');
INSERT INTO "tblCOM_UserFunction" VALUES ('testuser1', 13, 33, 'gregori', 'gregori', '2016-01-23 02:56:19', '2016-01-23 02:56:19');
INSERT INTO "tblCOM_UserFunction" VALUES ('testuser1', 18, 33, 'gregori', 'gregori', '2016-01-23 02:56:19', '2016-01-23 02:56:19');
INSERT INTO "tblCOM_UserFunction" VALUES ('testuser1', 51, 164, 'gregori', 'gregori', '2016-01-23 02:56:19', '2016-01-23 02:56:19');
INSERT INTO "tblCOM_UserFunction" VALUES ('testuser1', 77, 164, 'gregori', 'gregori', '2016-01-23 02:56:19', '2016-01-23 02:56:19');
INSERT INTO "tblCOM_UserFunction" VALUES ('testuser1', 52, 165, 'gregori', 'gregori', '2016-01-23 02:56:19', '2016-01-23 02:56:19');
INSERT INTO "tblCOM_UserFunction" VALUES ('testuser1', 78, 165, 'gregori', 'gregori', '2016-01-23 02:56:19', '2016-01-23 02:56:19');
INSERT INTO "tblCOM_UserFunction" VALUES ('testuser1', 53, 166, 'gregori', 'gregori', '2016-01-23 02:56:19', '2016-01-23 02:56:19');
INSERT INTO "tblCOM_UserFunction" VALUES ('testuser1', 79, 166, 'gregori', 'gregori', '2016-01-23 02:56:19', '2016-01-23 02:56:19');
INSERT INTO "tblCOM_UserFunction" VALUES ('testuser1', 54, 167, 'gregori', 'gregori', '2016-01-23 02:56:19', '2016-01-23 02:56:19');
INSERT INTO "tblCOM_UserFunction" VALUES ('testuser1', 80, 167, 'gregori', 'gregori', '2016-01-23 02:56:19', '2016-01-23 02:56:19');
INSERT INTO "tblCOM_UserFunction" VALUES ('testuser1', 47, 168, 'gregori', 'gregori', '2016-01-23 02:56:19', '2016-01-23 02:56:19');
INSERT INTO "tblCOM_UserFunction" VALUES ('testuser1', 73, 168, 'gregori', 'gregori', '2016-01-23 02:56:19', '2016-01-23 02:56:19');
INSERT INTO "tblCOM_UserFunction" VALUES ('testuser1', 55, 169, 'gregori', 'gregori', '2016-01-23 02:56:19', '2016-01-23 02:56:19');
INSERT INTO "tblCOM_UserFunction" VALUES ('testuser1', 81, 169, 'gregori', 'gregori', '2016-01-23 02:56:19', '2016-01-23 02:56:19');
INSERT INTO "tblCOM_UserFunction" VALUES ('testuser1', 56, 170, 'gregori', 'gregori', '2016-01-23 02:56:19', '2016-01-23 02:56:19');
INSERT INTO "tblCOM_UserFunction" VALUES ('testuser1', 82, 170, 'gregori', 'gregori', '2016-01-23 02:56:19', '2016-01-23 02:56:19');
INSERT INTO "tblCOM_UserFunction" VALUES ('testuser1', 48, 143, 'gregori', 'gregori', '2016-01-23 02:56:19', '2016-01-23 02:56:19');
INSERT INTO "tblCOM_UserFunction" VALUES ('testuser1', 74, 143, 'gregori', 'gregori', '2016-01-23 02:56:19', '2016-01-23 02:56:19');
INSERT INTO "tblCOM_UserFunction" VALUES ('testuser1', 49, 144, 'gregori', 'gregori', '2016-01-23 02:56:19', '2016-01-23 02:56:19');
INSERT INTO "tblCOM_UserFunction" VALUES ('testuser1', 75, 144, 'gregori', 'gregori', '2016-01-23 02:56:19', '2016-01-23 02:56:19');
INSERT INTO "tblCOM_UserFunction" VALUES ('testuser1', 50, 145, 'gregori', 'gregori', '2016-01-23 02:56:19', '2016-01-23 02:56:19');
INSERT INTO "tblCOM_UserFunction" VALUES ('testuser1', 76, 145, 'gregori', 'gregori', '2016-01-23 02:56:19', '2016-01-23 02:56:19');
INSERT INTO "tblCOM_UserFunction" VALUES ('testuser1', 58, 147, 'gregori', 'gregori', '2016-01-23 02:56:19', '2016-01-23 02:56:19');
INSERT INTO "tblCOM_UserFunction" VALUES ('testuser1', 84, 147, 'gregori', 'gregori', '2016-01-23 02:56:19', '2016-01-23 02:56:19');
INSERT INTO "tblCOM_UserFunction" VALUES ('dinamapatac', 146, 273, 'dinamapatac', 'dinamapatac', '2016-01-24 21:49:24', '2016-01-24 21:49:24');
INSERT INTO "tblCOM_UserFunction" VALUES ('dinamapatac', 147, 273, 'dinamapatac', 'dinamapatac', '2016-01-24 21:49:24', '2016-01-24 21:49:24');
INSERT INTO "tblCOM_UserFunction" VALUES ('testuser1', 61, 150, 'gregori', 'gregori', '2016-01-23 02:56:19', '2016-01-23 02:56:19');
INSERT INTO "tblCOM_UserFunction" VALUES ('testuser1', 87, 150, 'gregori', 'gregori', '2016-01-23 02:56:19', '2016-01-23 02:56:19');
INSERT INTO "tblCOM_UserFunction" VALUES ('testuser1', 63, 153, 'gregori', 'gregori', '2016-01-23 02:56:19', '2016-01-23 02:56:19');
INSERT INTO "tblCOM_UserFunction" VALUES ('testuser1', 89, 153, 'gregori', 'gregori', '2016-01-23 02:56:19', '2016-01-23 02:56:19');
INSERT INTO "tblCOM_UserFunction" VALUES ('testuser1', 64, 154, 'gregori', 'gregori', '2016-01-23 02:56:19', '2016-01-23 02:56:19');
INSERT INTO "tblCOM_UserFunction" VALUES ('testuser1', 90, 154, 'gregori', 'gregori', '2016-01-23 02:56:19', '2016-01-23 02:56:19');
INSERT INTO "tblCOM_UserFunction" VALUES ('testuser1', 66, 157, 'gregori', 'gregori', '2016-01-23 02:56:19', '2016-01-23 02:56:19');
INSERT INTO "tblCOM_UserFunction" VALUES ('testuser1', 92, 157, 'gregori', 'gregori', '2016-01-23 02:56:19', '2016-01-23 02:56:19');
INSERT INTO "tblCOM_UserFunction" VALUES ('testuser1', 67, 158, 'gregori', 'gregori', '2016-01-23 02:56:19', '2016-01-23 02:56:19');
INSERT INTO "tblCOM_UserFunction" VALUES ('testuser1', 93, 158, 'gregori', 'gregori', '2016-01-23 02:56:19', '2016-01-23 02:56:19');
INSERT INTO "tblCOM_UserFunction" VALUES ('testuser1', 68, 159, 'gregori', 'gregori', '2016-01-23 02:56:19', '2016-01-23 02:56:19');
INSERT INTO "tblCOM_UserFunction" VALUES ('testuser1', 94, 159, 'gregori', 'gregori', '2016-01-23 02:56:19', '2016-01-23 02:56:19');
INSERT INTO "tblCOM_UserFunction" VALUES ('testuser1', 46, 160, 'gregori', 'gregori', '2016-01-23 02:56:19', '2016-01-23 02:56:19');
INSERT INTO "tblCOM_UserFunction" VALUES ('testuser1', 72, 160, 'gregori', 'gregori', '2016-01-23 02:56:19', '2016-01-23 02:56:19');
INSERT INTO "tblCOM_UserFunction" VALUES ('testuser1', 69, 161, 'gregori', 'gregori', '2016-01-23 02:56:19', '2016-01-23 02:56:19');
INSERT INTO "tblCOM_UserFunction" VALUES ('testuser1', 95, 161, 'gregori', 'gregori', '2016-01-23 02:56:19', '2016-01-23 02:56:19');
INSERT INTO "tblCOM_UserFunction" VALUES ('testuser1', 70, 162, 'gregori', 'gregori', '2016-01-23 02:56:19', '2016-01-23 02:56:19');
INSERT INTO "tblCOM_UserFunction" VALUES ('testuser1', 96, 162, 'gregori', 'gregori', '2016-01-23 02:56:19', '2016-01-23 02:56:19');
INSERT INTO "tblCOM_UserFunction" VALUES ('testuser1', 71, 163, 'gregori', 'gregori', '2016-01-23 02:56:19', '2016-01-23 02:56:19');
INSERT INTO "tblCOM_UserFunction" VALUES ('testuser1', 97, 163, 'gregori', 'gregori', '2016-01-23 02:56:19', '2016-01-23 02:56:19');
INSERT INTO "tblCOM_UserFunction" VALUES ('testuser1', 22, 174, 'gregori', 'gregori', '2016-01-23 02:56:19', '2016-01-23 02:56:19');
INSERT INTO "tblCOM_UserFunction" VALUES ('testuser1', 33, 174, 'gregori', 'gregori', '2016-01-23 02:56:19', '2016-01-23 02:56:19');
INSERT INTO "tblCOM_UserFunction" VALUES ('testuser1', 98, 242, 'gregori', 'gregori', '2016-01-23 02:56:19', '2016-01-23 02:56:19');
INSERT INTO "tblCOM_UserFunction" VALUES ('testuser1', 99, 242, 'gregori', 'gregori', '2016-01-23 02:56:19', '2016-01-23 02:56:19');
INSERT INTO "tblCOM_UserFunction" VALUES ('testuser1', 108, 245, 'gregori', 'gregori', '2016-01-23 02:56:19', '2016-01-23 02:56:19');
INSERT INTO "tblCOM_UserFunction" VALUES ('testuser1', 109, 245, 'gregori', 'gregori', '2016-01-23 02:56:19', '2016-01-23 02:56:19');
INSERT INTO "tblCOM_UserFunction" VALUES ('testuser1', 114, 249, 'gregori', 'gregori', '2016-01-23 02:56:19', '2016-01-23 02:56:19');
INSERT INTO "tblCOM_UserFunction" VALUES ('testuser1', 115, 249, 'gregori', 'gregori', '2016-01-23 02:56:19', '2016-01-23 02:56:19');
INSERT INTO "tblCOM_UserFunction" VALUES ('testuser1', 116, 250, 'gregori', 'gregori', '2016-01-23 02:56:19', '2016-01-23 02:56:19');
INSERT INTO "tblCOM_UserFunction" VALUES ('testuser1', 117, 250, 'gregori', 'gregori', '2016-01-23 02:56:19', '2016-01-23 02:56:19');
INSERT INTO "tblCOM_UserFunction" VALUES ('testuser1', 118, 251, 'gregori', 'gregori', '2016-01-23 02:56:19', '2016-01-23 02:56:19');
INSERT INTO "tblCOM_UserFunction" VALUES ('testuser1', 119, 251, 'gregori', 'gregori', '2016-01-23 02:56:19', '2016-01-23 02:56:19');
INSERT INTO "tblCOM_UserFunction" VALUES ('testuser1', 122, 253, 'gregori', 'gregori', '2016-01-23 02:56:19', '2016-01-23 02:56:19');
INSERT INTO "tblCOM_UserFunction" VALUES ('testuser1', 123, 253, 'gregori', 'gregori', '2016-01-23 02:56:19', '2016-01-23 02:56:19');
INSERT INTO "tblCOM_UserFunction" VALUES ('testuser1', 27, 173, 'gregori', 'gregori', '2016-01-23 02:56:19', '2016-01-23 02:56:19');
INSERT INTO "tblCOM_UserFunction" VALUES ('testuser1', 38, 173, 'gregori', 'gregori', '2016-01-23 02:56:19', '2016-01-23 02:56:19');
INSERT INTO "tblCOM_UserFunction" VALUES ('testuser1', 59, 148, 'gregori', 'gregori', '2016-01-23 02:56:19', '2016-01-23 02:56:19');
INSERT INTO "tblCOM_UserFunction" VALUES ('testuser1', 85, 148, 'gregori', 'gregori', '2016-01-23 02:56:19', '2016-01-23 02:56:19');
INSERT INTO "tblCOM_UserFunction" VALUES ('testuser1', 26, 172, 'gregori', 'gregori', '2016-01-23 02:56:19', '2016-01-23 02:56:19');
INSERT INTO "tblCOM_UserFunction" VALUES ('testuser1', 37, 172, 'gregori', 'gregori', '2016-01-23 02:56:19', '2016-01-23 02:56:19');
INSERT INTO "tblCOM_UserFunction" VALUES ('testuser1', 124, 260, 'gregori', 'gregori', '2016-01-23 02:56:19', '2016-01-23 02:56:19');
INSERT INTO "tblCOM_UserFunction" VALUES ('testuser1', 126, 260, 'gregori', 'gregori', '2016-01-23 02:56:19', '2016-01-23 02:56:19');
INSERT INTO "tblCOM_UserFunction" VALUES ('testuser1', 125, 261, 'gregori', 'gregori', '2016-01-23 02:56:19', '2016-01-23 02:56:19');
INSERT INTO "tblCOM_UserFunction" VALUES ('testuser1', 127, 261, 'gregori', 'gregori', '2016-01-23 02:56:19', '2016-01-23 02:56:19');
INSERT INTO "tblCOM_UserFunction" VALUES ('testuser1', 14, 34, 'gregori', 'gregori', '2016-01-23 02:56:19', '2016-01-23 02:56:19');
INSERT INTO "tblCOM_UserFunction" VALUES ('testuser1', 19, 34, 'gregori', 'gregori', '2016-01-23 02:56:19', '2016-01-23 02:56:19');
INSERT INTO "tblCOM_UserFunction" VALUES ('testuser1', 57, 146, 'gregori', 'gregori', '2016-01-23 02:56:19', '2016-01-23 02:56:19');
INSERT INTO "tblCOM_UserFunction" VALUES ('testuser1', 83, 146, 'gregori', 'gregori', '2016-01-23 02:56:19', '2016-01-23 02:56:19');
INSERT INTO "tblCOM_UserFunction" VALUES ('testuser1', 60, 149, 'gregori', 'gregori', '2016-01-23 02:56:19', '2016-01-23 02:56:19');
INSERT INTO "tblCOM_UserFunction" VALUES ('testuser1', 86, 149, 'gregori', 'gregori', '2016-01-23 02:56:19', '2016-01-23 02:56:19');
INSERT INTO "tblCOM_UserFunction" VALUES ('testuser1', 62, 152, 'gregori', 'gregori', '2016-01-23 02:56:19', '2016-01-23 02:56:19');
INSERT INTO "tblCOM_UserFunction" VALUES ('testuser1', 88, 152, 'gregori', 'gregori', '2016-01-23 02:56:19', '2016-01-23 02:56:19');
INSERT INTO "tblCOM_UserFunction" VALUES ('testuser1', 65, 156, 'gregori', 'gregori', '2016-01-23 02:56:19', '2016-01-23 02:56:19');
INSERT INTO "tblCOM_UserFunction" VALUES ('testuser1', 91, 156, 'gregori', 'gregori', '2016-01-23 02:56:19', '2016-01-23 02:56:19');
INSERT INTO "tblCOM_UserFunction" VALUES ('testuser1', 30, 171, 'gregori', 'gregori', '2016-01-23 02:56:19', '2016-01-23 02:56:19');
INSERT INTO "tblCOM_UserFunction" VALUES ('testuser1', 41, 171, 'gregori', 'gregori', '2016-01-23 02:56:19', '2016-01-23 02:56:19');
INSERT INTO "tblCOM_UserFunction" VALUES ('testuser1', 42, 240, 'gregori', 'gregori', '2016-01-23 02:56:19', '2016-01-23 02:56:19');
INSERT INTO "tblCOM_UserFunction" VALUES ('testuser1', 44, 240, 'gregori', 'gregori', '2016-01-23 02:56:19', '2016-01-23 02:56:19');
INSERT INTO "tblCOM_UserFunction" VALUES ('testuser1', 110, 246, 'gregori', 'gregori', '2016-01-23 02:56:19', '2016-01-23 02:56:19');
INSERT INTO "tblCOM_UserFunction" VALUES ('testuser1', 111, 246, 'gregori', 'gregori', '2016-01-23 02:56:19', '2016-01-23 02:56:19');
INSERT INTO "tblCOM_UserFunction" VALUES ('testuser1', 104, 11, 'gregori', 'gregori', '2016-01-23 02:56:19', '2016-01-23 02:56:19');
INSERT INTO "tblCOM_UserFunction" VALUES ('testuser1', 105, 11, 'gregori', 'gregori', '2016-01-23 02:56:19', '2016-01-23 02:56:19');
INSERT INTO "tblCOM_UserFunction" VALUES ('testuser1', 6, 17, 'gregori', 'gregori', '2016-01-23 02:56:19', '2016-01-23 02:56:19');
INSERT INTO "tblCOM_UserFunction" VALUES ('testuser1', 7, 17, 'gregori', 'gregori', '2016-01-23 02:56:19', '2016-01-23 02:56:19');
INSERT INTO "tblCOM_UserFunction" VALUES ('testuser1', 21, 23, 'gregori', 'gregori', '2016-01-23 02:56:19', '2016-01-23 02:56:19');
INSERT INTO "tblCOM_UserFunction" VALUES ('testuser1', 32, 23, 'gregori', 'gregori', '2016-01-23 02:56:19', '2016-01-23 02:56:19');
INSERT INTO "tblCOM_UserFunction" VALUES ('testuser1', 25, 24, 'gregori', 'gregori', '2016-01-23 02:56:19', '2016-01-23 02:56:19');
INSERT INTO "tblCOM_UserFunction" VALUES ('testuser1', 36, 24, 'gregori', 'gregori', '2016-01-23 02:56:19', '2016-01-23 02:56:19');
INSERT INTO "tblCOM_UserFunction" VALUES ('testuser1', 100, 26, 'gregori', 'gregori', '2016-01-23 02:56:19', '2016-01-23 02:56:19');
INSERT INTO "tblCOM_UserFunction" VALUES ('testuser1', 101, 26, 'gregori', 'gregori', '2016-01-23 02:56:19', '2016-01-23 02:56:19');
INSERT INTO "tblCOM_UserFunction" VALUES ('testuser1', 23, 27, 'gregori', 'gregori', '2016-01-23 02:56:19', '2016-01-23 02:56:19');
INSERT INTO "tblCOM_UserFunction" VALUES ('testuser1', 34, 27, 'gregori', 'gregori', '2016-01-23 02:56:19', '2016-01-23 02:56:19');
INSERT INTO "tblCOM_UserFunction" VALUES ('testuser1', 29, 28, 'gregori', 'gregori', '2016-01-23 02:56:19', '2016-01-23 02:56:19');
INSERT INTO "tblCOM_UserFunction" VALUES ('testuser1', 40, 28, 'gregori', 'gregori', '2016-01-23 02:56:19', '2016-01-23 02:56:19');
INSERT INTO "tblCOM_UserFunction" VALUES ('testuser1', 102, 243, 'gregori', 'gregori', '2016-01-23 02:56:19', '2016-01-23 02:56:19');
INSERT INTO "tblCOM_UserFunction" VALUES ('testuser1', 103, 243, 'gregori', 'gregori', '2016-01-23 02:56:19', '2016-01-23 02:56:19');
INSERT INTO "tblCOM_UserFunction" VALUES ('testuser1', 106, 244, 'gregori', 'gregori', '2016-01-23 02:56:19', '2016-01-23 02:56:19');
INSERT INTO "tblCOM_UserFunction" VALUES ('testuser1', 107, 244, 'gregori', 'gregori', '2016-01-23 02:56:19', '2016-01-23 02:56:19');
INSERT INTO "tblCOM_UserFunction" VALUES ('testuser1', 112, 247, 'gregori', 'gregori', '2016-01-23 02:56:19', '2016-01-23 02:56:19');
INSERT INTO "tblCOM_UserFunction" VALUES ('testuser1', 113, 247, 'gregori', 'gregori', '2016-01-23 02:56:19', '2016-01-23 02:56:19');
INSERT INTO "tblCOM_UserFunction" VALUES ('testuser1', 170, 276, 'gregori', 'gregori', '2016-01-23 02:56:19', '2016-01-23 02:56:19');
INSERT INTO "tblCOM_UserFunction" VALUES ('testuser1', 171, 276, 'gregori', 'gregori', '2016-01-23 02:56:19', '2016-01-23 02:56:19');
INSERT INTO "tblCOM_UserFunction" VALUES ('testuser1', 177, 36, 'gregori', 'gregori', '2016-01-23 02:56:19', '2016-01-23 02:56:19');
INSERT INTO "tblCOM_UserFunction" VALUES ('testuser1', 156, 51, 'gregori', 'gregori', '2016-01-23 02:56:19', '2016-01-23 02:56:19');
INSERT INTO "tblCOM_UserFunction" VALUES ('testuser1', 157, 51, 'gregori', 'gregori', '2016-01-23 02:56:19', '2016-01-23 02:56:19');
INSERT INTO "tblCOM_UserFunction" VALUES ('testuser1', 159, 51, 'gregori', 'gregori', '2016-01-23 02:56:19', '2016-01-23 02:56:19');
INSERT INTO "tblCOM_UserFunction" VALUES ('testuser1', 160, 51, 'gregori', 'gregori', '2016-01-23 02:56:19', '2016-01-23 02:56:19');
INSERT INTO "tblCOM_UserFunction" VALUES ('testuser1', 161, 51, 'gregori', 'gregori', '2016-01-23 02:56:19', '2016-01-23 02:56:19');
INSERT INTO "tblCOM_UserFunction" VALUES ('testuser1', 162, 51, 'gregori', 'gregori', '2016-01-23 02:56:19', '2016-01-23 02:56:19');
INSERT INTO "tblCOM_UserFunction" VALUES ('testuser1', 163, 51, 'gregori', 'gregori', '2016-01-23 02:56:19', '2016-01-23 02:56:19');
INSERT INTO "tblCOM_UserFunction" VALUES ('testuser1', 165, 51, 'gregori', 'gregori', '2016-01-23 02:56:19', '2016-01-23 02:56:19');
INSERT INTO "tblCOM_UserFunction" VALUES ('testuser1', 166, 51, 'gregori', 'gregori', '2016-01-23 02:56:19', '2016-01-23 02:56:19');
INSERT INTO "tblCOM_UserFunction" VALUES ('testuser1', 167, 51, 'gregori', 'gregori', '2016-01-23 02:56:19', '2016-01-23 02:56:19');
INSERT INTO "tblCOM_UserFunction" VALUES ('testuser1', 168, 51, 'gregori', 'gregori', '2016-01-23 02:56:19', '2016-01-23 02:56:19');
INSERT INTO "tblCOM_UserFunction" VALUES ('testuser1', 169, 51, 'gregori', 'gregori', '2016-01-23 02:56:19', '2016-01-23 02:56:19');
INSERT INTO "tblCOM_UserFunction" VALUES ('testuser1', 152, 274, 'gregori', 'gregori', '2016-01-23 02:56:19', '2016-01-23 02:56:19');
INSERT INTO "tblCOM_UserFunction" VALUES ('testuser1', 153, 274, 'gregori', 'gregori', '2016-01-23 02:56:19', '2016-01-23 02:56:19');
INSERT INTO "tblCOM_UserFunction" VALUES ('testuser1', 130, 263, 'gregori', 'gregori', '2016-01-23 02:56:19', '2016-01-23 02:56:19');
INSERT INTO "tblCOM_UserFunction" VALUES ('testuser1', 131, 263, 'gregori', 'gregori', '2016-01-23 02:56:19', '2016-01-23 02:56:19');
INSERT INTO "tblCOM_UserFunction" VALUES ('testuser1', 132, 264, 'gregori', 'gregori', '2016-01-23 02:56:19', '2016-01-23 02:56:19');
INSERT INTO "tblCOM_UserFunction" VALUES ('testuser1', 133, 264, 'gregori', 'gregori', '2016-01-23 02:56:19', '2016-01-23 02:56:19');
INSERT INTO "tblCOM_UserFunction" VALUES ('testuser1', 134, 265, 'gregori', 'gregori', '2016-01-23 02:56:19', '2016-01-23 02:56:19');
INSERT INTO "tblCOM_UserFunction" VALUES ('testuser1', 135, 265, 'gregori', 'gregori', '2016-01-23 02:56:19', '2016-01-23 02:56:19');
INSERT INTO "tblCOM_UserFunction" VALUES ('testuser1', 136, 266, 'gregori', 'gregori', '2016-01-23 02:56:19', '2016-01-23 02:56:19');
INSERT INTO "tblCOM_UserFunction" VALUES ('testuser1', 137, 266, 'gregori', 'gregori', '2016-01-23 02:56:19', '2016-01-23 02:56:19');
INSERT INTO "tblCOM_UserFunction" VALUES ('testuser1', 138, 267, 'gregori', 'gregori', '2016-01-23 02:56:19', '2016-01-23 02:56:19');
INSERT INTO "tblCOM_UserFunction" VALUES ('testuser1', 139, 267, 'gregori', 'gregori', '2016-01-23 02:56:19', '2016-01-23 02:56:19');
INSERT INTO "tblCOM_UserFunction" VALUES ('testuser1', 154, 275, 'gregori', 'gregori', '2016-01-23 02:56:19', '2016-01-23 02:56:19');
INSERT INTO "tblCOM_UserFunction" VALUES ('testuser1', 155, 275, 'gregori', 'gregori', '2016-01-23 02:56:19', '2016-01-23 02:56:19');
INSERT INTO "tblCOM_UserFunction" VALUES ('testuser1', 148, 271, 'gregori', 'gregori', '2016-01-23 02:56:19', '2016-01-23 02:56:19');
INSERT INTO "tblCOM_UserFunction" VALUES ('testuser1', 149, 271, 'gregori', 'gregori', '2016-01-23 02:56:19', '2016-01-23 02:56:19');
INSERT INTO "tblCOM_UserFunction" VALUES ('testuser1', 150, 272, 'gregori', 'gregori', '2016-01-23 02:56:19', '2016-01-23 02:56:19');
INSERT INTO "tblCOM_UserFunction" VALUES ('testuser1', 151, 272, 'gregori', 'gregori', '2016-01-23 02:56:19', '2016-01-23 02:56:19');
INSERT INTO "tblCOM_UserFunction" VALUES ('testuser1', 146, 273, 'gregori', 'gregori', '2016-01-23 02:56:19', '2016-01-23 02:56:19');
INSERT INTO "tblCOM_UserFunction" VALUES ('testuser1', 147, 273, 'gregori', 'gregori', '2016-01-23 02:56:19', '2016-01-23 02:56:19');
INSERT INTO "tblCOM_UserFunction" VALUES ('gregori', 1, 13, 'gregori', 'gregori', '2016-02-26 23:06:29', '2016-02-26 23:06:29');
INSERT INTO "tblCOM_UserFunction" VALUES ('gregori', 2, 13, 'gregori', 'gregori', '2016-02-26 23:06:29', '2016-02-26 23:06:29');
INSERT INTO "tblCOM_UserFunction" VALUES ('gregori', 5, 13, 'gregori', 'gregori', '2016-02-26 23:06:29', '2016-02-26 23:06:29');
INSERT INTO "tblCOM_UserFunction" VALUES ('gregori', 24, 19, 'gregori', 'gregori', '2016-02-26 23:06:29', '2016-02-26 23:06:29');
INSERT INTO "tblCOM_UserFunction" VALUES ('gregori', 35, 19, 'gregori', 'gregori', '2016-02-26 23:06:29', '2016-02-26 23:06:29');
INSERT INTO "tblCOM_UserFunction" VALUES ('gregori', 13, 33, 'gregori', 'gregori', '2016-02-26 23:06:29', '2016-02-26 23:06:29');
INSERT INTO "tblCOM_UserFunction" VALUES ('gregori', 18, 33, 'gregori', 'gregori', '2016-02-26 23:06:29', '2016-02-26 23:06:29');
INSERT INTO "tblCOM_UserFunction" VALUES ('gregori', 49, 144, 'gregori', 'gregori', '2016-02-26 23:06:29', '2016-02-26 23:06:29');
INSERT INTO "tblCOM_UserFunction" VALUES ('gregori', 75, 144, 'gregori', 'gregori', '2016-02-26 23:06:29', '2016-02-26 23:06:29');
INSERT INTO "tblCOM_UserFunction" VALUES ('gregori', 58, 147, 'gregori', 'gregori', '2016-02-26 23:06:29', '2016-02-26 23:06:29');
INSERT INTO "tblCOM_UserFunction" VALUES ('gregori', 84, 147, 'gregori', 'gregori', '2016-02-26 23:06:29', '2016-02-26 23:06:29');
INSERT INTO "tblCOM_UserFunction" VALUES ('gregori', 22, 174, 'gregori', 'gregori', '2016-02-26 23:06:29', '2016-02-26 23:06:29');
INSERT INTO "tblCOM_UserFunction" VALUES ('gregori', 33, 174, 'gregori', 'gregori', '2016-02-26 23:06:29', '2016-02-26 23:06:29');
INSERT INTO "tblCOM_UserFunction" VALUES ('gregori', 114, 249, 'gregori', 'gregori', '2016-02-26 23:06:29', '2016-02-26 23:06:29');
INSERT INTO "tblCOM_UserFunction" VALUES ('gregori', 115, 249, 'gregori', 'gregori', '2016-02-26 23:06:29', '2016-02-26 23:06:29');
INSERT INTO "tblCOM_UserFunction" VALUES ('gregori', 116, 250, 'gregori', 'gregori', '2016-02-26 23:06:29', '2016-02-26 23:06:29');
INSERT INTO "tblCOM_UserFunction" VALUES ('gregori', 117, 250, 'gregori', 'gregori', '2016-02-26 23:06:29', '2016-02-26 23:06:29');
INSERT INTO "tblCOM_UserFunction" VALUES ('gregori', 118, 251, 'gregori', 'gregori', '2016-02-26 23:06:29', '2016-02-26 23:06:29');
INSERT INTO "tblCOM_UserFunction" VALUES ('gregori', 119, 251, 'gregori', 'gregori', '2016-02-26 23:06:29', '2016-02-26 23:06:29');
INSERT INTO "tblCOM_UserFunction" VALUES ('gregori', 122, 253, 'gregori', 'gregori', '2016-02-26 23:06:29', '2016-02-26 23:06:29');
INSERT INTO "tblCOM_UserFunction" VALUES ('gregori', 123, 253, 'gregori', 'gregori', '2016-02-26 23:06:29', '2016-02-26 23:06:29');
INSERT INTO "tblCOM_UserFunction" VALUES ('gregori', 59, 148, 'gregori', 'gregori', '2016-02-26 23:06:29', '2016-02-26 23:06:29');
INSERT INTO "tblCOM_UserFunction" VALUES ('gregori', 85, 148, 'gregori', 'gregori', '2016-02-26 23:06:29', '2016-02-26 23:06:29');
INSERT INTO "tblCOM_UserFunction" VALUES ('gregori', 26, 172, 'gregori', 'gregori', '2016-02-26 23:06:29', '2016-02-26 23:06:29');
INSERT INTO "tblCOM_UserFunction" VALUES ('gregori', 37, 172, 'gregori', 'gregori', '2016-02-26 23:06:29', '2016-02-26 23:06:29');
INSERT INTO "tblCOM_UserFunction" VALUES ('gregori', 124, 260, 'gregori', 'gregori', '2016-02-26 23:06:29', '2016-02-26 23:06:29');
INSERT INTO "tblCOM_UserFunction" VALUES ('gregori', 126, 260, 'gregori', 'gregori', '2016-02-26 23:06:29', '2016-02-26 23:06:29');
INSERT INTO "tblCOM_UserFunction" VALUES ('gregori', 125, 261, 'gregori', 'gregori', '2016-02-26 23:06:29', '2016-02-26 23:06:29');
INSERT INTO "tblCOM_UserFunction" VALUES ('gregori', 127, 261, 'gregori', 'gregori', '2016-02-26 23:06:29', '2016-02-26 23:06:29');
INSERT INTO "tblCOM_UserFunction" VALUES ('gregori', 14, 34, 'gregori', 'gregori', '2016-02-26 23:06:29', '2016-02-26 23:06:29');
INSERT INTO "tblCOM_UserFunction" VALUES ('gregori', 19, 34, 'gregori', 'gregori', '2016-02-26 23:06:29', '2016-02-26 23:06:29');
INSERT INTO "tblCOM_UserFunction" VALUES ('gregori', 57, 146, 'gregori', 'gregori', '2016-02-26 23:06:29', '2016-02-26 23:06:29');
INSERT INTO "tblCOM_UserFunction" VALUES ('gregori', 83, 146, 'gregori', 'gregori', '2016-02-26 23:06:29', '2016-02-26 23:06:29');
INSERT INTO "tblCOM_UserFunction" VALUES ('gregori', 60, 149, 'gregori', 'gregori', '2016-02-26 23:06:29', '2016-02-26 23:06:29');
INSERT INTO "tblCOM_UserFunction" VALUES ('gregori', 86, 149, 'gregori', 'gregori', '2016-02-26 23:06:29', '2016-02-26 23:06:29');
INSERT INTO "tblCOM_UserFunction" VALUES ('gregori', 62, 152, 'gregori', 'gregori', '2016-02-26 23:06:29', '2016-02-26 23:06:29');
INSERT INTO "tblCOM_UserFunction" VALUES ('gregori', 88, 152, 'gregori', 'gregori', '2016-02-26 23:06:29', '2016-02-26 23:06:29');
INSERT INTO "tblCOM_UserFunction" VALUES ('gregori', 65, 156, 'gregori', 'gregori', '2016-02-26 23:06:29', '2016-02-26 23:06:29');
INSERT INTO "tblCOM_UserFunction" VALUES ('gregori', 91, 156, 'gregori', 'gregori', '2016-02-26 23:06:29', '2016-02-26 23:06:29');
INSERT INTO "tblCOM_UserFunction" VALUES ('gregori', 30, 171, 'gregori', 'gregori', '2016-02-26 23:06:29', '2016-02-26 23:06:29');
INSERT INTO "tblCOM_UserFunction" VALUES ('gregori', 41, 171, 'gregori', 'gregori', '2016-02-26 23:06:29', '2016-02-26 23:06:29');
INSERT INTO "tblCOM_UserFunction" VALUES ('gregori', 42, 240, 'gregori', 'gregori', '2016-02-26 23:06:29', '2016-02-26 23:06:29');
INSERT INTO "tblCOM_UserFunction" VALUES ('gregori', 44, 240, 'gregori', 'gregori', '2016-02-26 23:06:29', '2016-02-26 23:06:29');
INSERT INTO "tblCOM_UserFunction" VALUES ('gregori', 110, 246, 'gregori', 'gregori', '2016-02-26 23:06:30', '2016-02-26 23:06:30');
INSERT INTO "tblCOM_UserFunction" VALUES ('gregori', 111, 246, 'gregori', 'gregori', '2016-02-26 23:06:30', '2016-02-26 23:06:30');
INSERT INTO "tblCOM_UserFunction" VALUES ('gregori', 6, 17, 'gregori', 'gregori', '2016-02-26 23:06:30', '2016-02-26 23:06:30');
INSERT INTO "tblCOM_UserFunction" VALUES ('gregori', 7, 17, 'gregori', 'gregori', '2016-02-26 23:06:30', '2016-02-26 23:06:30');
INSERT INTO "tblCOM_UserFunction" VALUES ('gregori', 21, 23, 'gregori', 'gregori', '2016-02-26 23:06:30', '2016-02-26 23:06:30');
INSERT INTO "tblCOM_UserFunction" VALUES ('gregori', 32, 23, 'gregori', 'gregori', '2016-02-26 23:06:30', '2016-02-26 23:06:30');
INSERT INTO "tblCOM_UserFunction" VALUES ('gregori', 25, 24, 'gregori', 'gregori', '2016-02-26 23:06:30', '2016-02-26 23:06:30');
INSERT INTO "tblCOM_UserFunction" VALUES ('gregori', 36, 24, 'gregori', 'gregori', '2016-02-26 23:06:30', '2016-02-26 23:06:30');
INSERT INTO "tblCOM_UserFunction" VALUES ('gregori', 100, 26, 'gregori', 'gregori', '2016-02-26 23:06:30', '2016-02-26 23:06:30');
INSERT INTO "tblCOM_UserFunction" VALUES ('gregori', 101, 26, 'gregori', 'gregori', '2016-02-26 23:06:30', '2016-02-26 23:06:30');
INSERT INTO "tblCOM_UserFunction" VALUES ('gregori', 23, 27, 'gregori', 'gregori', '2016-02-26 23:06:30', '2016-02-26 23:06:30');
INSERT INTO "tblCOM_UserFunction" VALUES ('gregori', 34, 27, 'gregori', 'gregori', '2016-02-26 23:06:30', '2016-02-26 23:06:30');
INSERT INTO "tblCOM_UserFunction" VALUES ('gregori', 29, 28, 'gregori', 'gregori', '2016-02-26 23:06:30', '2016-02-26 23:06:30');
INSERT INTO "tblCOM_UserFunction" VALUES ('gregori', 40, 28, 'gregori', 'gregori', '2016-02-26 23:06:30', '2016-02-26 23:06:30');
INSERT INTO "tblCOM_UserFunction" VALUES ('gregori', 112, 247, 'gregori', 'gregori', '2016-02-26 23:06:30', '2016-02-26 23:06:30');
INSERT INTO "tblCOM_UserFunction" VALUES ('gregori', 113, 247, 'gregori', 'gregori', '2016-02-26 23:06:30', '2016-02-26 23:06:30');
INSERT INTO "tblCOM_UserFunction" VALUES ('gregori', 170, 276, 'gregori', 'gregori', '2016-02-26 23:06:30', '2016-02-26 23:06:30');
INSERT INTO "tblCOM_UserFunction" VALUES ('gregori', 171, 276, 'gregori', 'gregori', '2016-02-26 23:06:30', '2016-02-26 23:06:30');
INSERT INTO "tblCOM_UserFunction" VALUES ('gregori', 177, 36, 'gregori', 'gregori', '2016-02-26 23:06:30', '2016-02-26 23:06:30');
INSERT INTO "tblCOM_UserFunction" VALUES ('gregori', 176, 45, 'gregori', 'gregori', '2016-02-26 23:06:30', '2016-02-26 23:06:30');
INSERT INTO "tblCOM_UserFunction" VALUES ('gregori', 156, 51, 'gregori', 'gregori', '2016-02-26 23:06:30', '2016-02-26 23:06:30');
INSERT INTO "tblCOM_UserFunction" VALUES ('gregori', 157, 51, 'gregori', 'gregori', '2016-02-26 23:06:30', '2016-02-26 23:06:30');
INSERT INTO "tblCOM_UserFunction" VALUES ('gregori', 159, 51, 'gregori', 'gregori', '2016-02-26 23:06:30', '2016-02-26 23:06:30');
INSERT INTO "tblCOM_UserFunction" VALUES ('gregori', 160, 51, 'gregori', 'gregori', '2016-02-26 23:06:30', '2016-02-26 23:06:30');
INSERT INTO "tblCOM_UserFunction" VALUES ('gregori', 161, 51, 'gregori', 'gregori', '2016-02-26 23:06:30', '2016-02-26 23:06:30');
INSERT INTO "tblCOM_UserFunction" VALUES ('gregori', 162, 51, 'gregori', 'gregori', '2016-02-26 23:06:30', '2016-02-26 23:06:30');
INSERT INTO "tblCOM_UserFunction" VALUES ('gregori', 163, 51, 'gregori', 'gregori', '2016-02-26 23:06:30', '2016-02-26 23:06:30');
INSERT INTO "tblCOM_UserFunction" VALUES ('gregori', 165, 51, 'gregori', 'gregori', '2016-02-26 23:06:30', '2016-02-26 23:06:30');
INSERT INTO "tblCOM_UserFunction" VALUES ('gregori', 166, 51, 'gregori', 'gregori', '2016-02-26 23:06:30', '2016-02-26 23:06:30');
INSERT INTO "tblCOM_UserFunction" VALUES ('gregori', 167, 51, 'gregori', 'gregori', '2016-02-26 23:06:30', '2016-02-26 23:06:30');
INSERT INTO "tblCOM_UserFunction" VALUES ('gregori', 168, 51, 'gregori', 'gregori', '2016-02-26 23:06:30', '2016-02-26 23:06:30');
INSERT INTO "tblCOM_UserFunction" VALUES ('gregori', 169, 51, 'gregori', 'gregori', '2016-02-26 23:06:30', '2016-02-26 23:06:30');
INSERT INTO "tblCOM_UserFunction" VALUES ('gregori', 152, 274, 'gregori', 'gregori', '2016-02-26 23:06:30', '2016-02-26 23:06:30');
INSERT INTO "tblCOM_UserFunction" VALUES ('gregori', 153, 274, 'gregori', 'gregori', '2016-02-26 23:06:30', '2016-02-26 23:06:30');
INSERT INTO "tblCOM_UserFunction" VALUES ('gregori', 130, 263, 'gregori', 'gregori', '2016-02-26 23:06:30', '2016-02-26 23:06:30');
INSERT INTO "tblCOM_UserFunction" VALUES ('gregori', 131, 263, 'gregori', 'gregori', '2016-02-26 23:06:30', '2016-02-26 23:06:30');
INSERT INTO "tblCOM_UserFunction" VALUES ('gregori', 132, 264, 'gregori', 'gregori', '2016-02-26 23:06:30', '2016-02-26 23:06:30');
INSERT INTO "tblCOM_UserFunction" VALUES ('gregori', 133, 264, 'gregori', 'gregori', '2016-02-26 23:06:30', '2016-02-26 23:06:30');
INSERT INTO "tblCOM_UserFunction" VALUES ('gregori', 134, 265, 'gregori', 'gregori', '2016-02-26 23:06:30', '2016-02-26 23:06:30');
INSERT INTO "tblCOM_UserFunction" VALUES ('gregori', 135, 265, 'gregori', 'gregori', '2016-02-26 23:06:30', '2016-02-26 23:06:30');
INSERT INTO "tblCOM_UserFunction" VALUES ('gregori', 136, 266, 'gregori', 'gregori', '2016-02-26 23:06:30', '2016-02-26 23:06:30');
INSERT INTO "tblCOM_UserFunction" VALUES ('gregori', 137, 266, 'gregori', 'gregori', '2016-02-26 23:06:30', '2016-02-26 23:06:30');
INSERT INTO "tblCOM_UserFunction" VALUES ('gregori', 138, 267, 'gregori', 'gregori', '2016-02-26 23:06:30', '2016-02-26 23:06:30');
INSERT INTO "tblCOM_UserFunction" VALUES ('gregori', 139, 267, 'gregori', 'gregori', '2016-02-26 23:06:30', '2016-02-26 23:06:30');
INSERT INTO "tblCOM_UserFunction" VALUES ('gregori', 154, 275, 'gregori', 'gregori', '2016-02-26 23:06:30', '2016-02-26 23:06:30');
INSERT INTO "tblCOM_UserFunction" VALUES ('gregori', 155, 275, 'gregori', 'gregori', '2016-02-26 23:06:30', '2016-02-26 23:06:30');
INSERT INTO "tblCOM_UserFunction" VALUES ('gregori', 172, 281, 'gregori', 'gregori', '2016-02-26 23:06:30', '2016-02-26 23:06:30');
INSERT INTO "tblCOM_UserFunction" VALUES ('gregori', 173, 281, 'gregori', 'gregori', '2016-02-26 23:06:30', '2016-02-26 23:06:30');
INSERT INTO "tblCOM_UserFunction" VALUES ('gregori', 148, 271, 'gregori', 'gregori', '2016-02-26 23:06:30', '2016-02-26 23:06:30');
INSERT INTO "tblCOM_UserFunction" VALUES ('gregori', 149, 271, 'gregori', 'gregori', '2016-02-26 23:06:30', '2016-02-26 23:06:30');
INSERT INTO "tblCOM_UserFunction" VALUES ('gregori', 150, 272, 'gregori', 'gregori', '2016-02-26 23:06:30', '2016-02-26 23:06:30');
INSERT INTO "tblCOM_UserFunction" VALUES ('gregori', 151, 272, 'gregori', 'gregori', '2016-02-26 23:06:30', '2016-02-26 23:06:30');
INSERT INTO "tblCOM_UserFunction" VALUES ('gregori', 146, 273, 'gregori', 'gregori', '2016-02-26 23:06:30', '2016-02-26 23:06:30');
INSERT INTO "tblCOM_UserFunction" VALUES ('gregori', 147, 273, 'gregori', 'gregori', '2016-02-26 23:06:30', '2016-02-26 23:06:30');
INSERT INTO "tblCOM_UserFunction" VALUES ('gregori', 178, 108, 'gregori', 'gregori', '2016-02-26 23:06:30', '2016-02-26 23:06:30');
INSERT INTO "tblCOM_UserFunction" VALUES ('gregori', 179, 108, 'gregori', 'gregori', '2016-02-26 23:06:30', '2016-02-26 23:06:30');


--
-- Data for Name: tblCOM_UserProfile; Type: TABLE DATA; Schema: public; Owner: postgres
--

INSERT INTO "tblCOM_UserProfile" VALUES (1, 'dinamapatac', 1, 'dinamapatac', 'dinamapatac', '2016-01-24 21:49:23', '2016-01-24 21:49:23');
INSERT INTO "tblCOM_UserProfile" VALUES (9, 'dinamapatac', 9, 'dinamapatac', 'dinamapatac', '2016-01-24 21:49:23', '2016-01-24 21:49:23');
INSERT INTO "tblCOM_UserProfile" VALUES (13, 'dinamapatac', 243, 'dinamapatac', 'dinamapatac', '2016-01-24 21:49:23', '2016-01-24 21:49:23');
INSERT INTO "tblCOM_UserProfile" VALUES (13, 'dinamapatac', 244, 'dinamapatac', 'dinamapatac', '2016-01-24 21:49:23', '2016-01-24 21:49:23');
INSERT INTO "tblCOM_UserProfile" VALUES (13, 'dinamapatac', 247, 'dinamapatac', 'dinamapatac', '2016-01-24 21:49:23', '2016-01-24 21:49:23');
INSERT INTO "tblCOM_UserProfile" VALUES (13, 'dinamapatac', 376, 'dinamapatac', 'dinamapatac', '2016-01-24 21:49:23', '2016-01-24 21:49:23');
INSERT INTO "tblCOM_UserProfile" VALUES (13, 'dinamapatac', 13, 'dinamapatac', 'dinamapatac', '2016-01-24 21:49:23', '2016-01-24 21:49:23');
INSERT INTO "tblCOM_UserProfile" VALUES (14, 'dinamapatac', 245, 'dinamapatac', 'dinamapatac', '2016-01-24 21:49:23', '2016-01-24 21:49:23');
INSERT INTO "tblCOM_UserProfile" VALUES (14, 'dinamapatac', 246, 'dinamapatac', 'dinamapatac', '2016-01-24 21:49:23', '2016-01-24 21:49:23');
INSERT INTO "tblCOM_UserProfile" VALUES (14, 'dinamapatac', 377, 'dinamapatac', 'dinamapatac', '2016-01-24 21:49:23', '2016-01-24 21:49:23');
INSERT INTO "tblCOM_UserProfile" VALUES (14, 'dinamapatac', 14, 'dinamapatac', 'dinamapatac', '2016-01-24 21:49:23', '2016-01-24 21:49:23');
INSERT INTO "tblCOM_UserProfile" VALUES (248, 'dinamapatac', 608, 'dinamapatac', 'dinamapatac', '2016-01-24 21:49:23', '2016-01-24 21:49:23');
INSERT INTO "tblCOM_UserProfile" VALUES (248, 'dinamapatac', 610, 'dinamapatac', 'dinamapatac', '2016-01-24 21:49:23', '2016-01-24 21:49:23');
INSERT INTO "tblCOM_UserProfile" VALUES (10, 'dinamapatac', 10, 'dinamapatac', 'dinamapatac', '2016-01-24 21:49:23', '2016-01-24 21:49:23');
INSERT INTO "tblCOM_UserProfile" VALUES (19, 'dinamapatac', 332, 'dinamapatac', 'dinamapatac', '2016-01-24 21:49:23', '2016-01-24 21:49:23');
INSERT INTO "tblCOM_UserProfile" VALUES (19, 'dinamapatac', 344, 'dinamapatac', 'dinamapatac', '2016-01-24 21:49:23', '2016-01-24 21:49:23');
INSERT INTO "tblCOM_UserProfile" VALUES (19, 'dinamapatac', 381, 'dinamapatac', 'dinamapatac', '2016-01-24 21:49:23', '2016-01-24 21:49:23');
INSERT INTO "tblCOM_UserProfile" VALUES (19, 'dinamapatac', 20, 'dinamapatac', 'dinamapatac', '2016-01-24 21:49:23', '2016-01-24 21:49:23');
INSERT INTO "tblCOM_UserProfile" VALUES (20, 'dinamapatac', 339, 'dinamapatac', 'dinamapatac', '2016-01-24 21:49:23', '2016-01-24 21:49:23');
INSERT INTO "tblCOM_UserProfile" VALUES (20, 'dinamapatac', 351, 'dinamapatac', 'dinamapatac', '2016-01-24 21:49:23', '2016-01-24 21:49:23');
INSERT INTO "tblCOM_UserProfile" VALUES (20, 'dinamapatac', 383, 'dinamapatac', 'dinamapatac', '2016-01-24 21:49:23', '2016-01-24 21:49:23');
INSERT INTO "tblCOM_UserProfile" VALUES (20, 'dinamapatac', 22, 'dinamapatac', 'dinamapatac', '2016-01-24 21:49:23', '2016-01-24 21:49:23');
INSERT INTO "tblCOM_UserProfile" VALUES (21, 'dinamapatac', 23, 'dinamapatac', 'dinamapatac', '2016-01-24 21:49:23', '2016-01-24 21:49:23');
INSERT INTO "tblCOM_UserProfile" VALUES (22, 'dinamapatac', 252, 'dinamapatac', 'dinamapatac', '2016-01-24 21:49:23', '2016-01-24 21:49:23');
INSERT INTO "tblCOM_UserProfile" VALUES (22, 'dinamapatac', 253, 'dinamapatac', 'dinamapatac', '2016-01-24 21:49:23', '2016-01-24 21:49:23');
INSERT INTO "tblCOM_UserProfile" VALUES (22, 'dinamapatac', 385, 'dinamapatac', 'dinamapatac', '2016-01-24 21:49:23', '2016-01-24 21:49:23');
INSERT INTO "tblCOM_UserProfile" VALUES (22, 'dinamapatac', 24, 'dinamapatac', 'dinamapatac', '2016-01-24 21:49:23', '2016-01-24 21:49:23');
INSERT INTO "tblCOM_UserProfile" VALUES (30, 'dinamapatac', 275, 'dinamapatac', 'dinamapatac', '2016-01-24 21:49:23', '2016-01-24 21:49:23');
INSERT INTO "tblCOM_UserProfile" VALUES (30, 'dinamapatac', 307, 'dinamapatac', 'dinamapatac', '2016-01-24 21:49:23', '2016-01-24 21:49:23');
INSERT INTO "tblCOM_UserProfile" VALUES (30, 'dinamapatac', 422, 'dinamapatac', 'dinamapatac', '2016-01-24 21:49:23', '2016-01-24 21:49:23');
INSERT INTO "tblCOM_UserProfile" VALUES (30, 'dinamapatac', 32, 'dinamapatac', 'dinamapatac', '2016-01-24 21:49:23', '2016-01-24 21:49:23');
INSERT INTO "tblCOM_UserProfile" VALUES (31, 'dinamapatac', 277, 'dinamapatac', 'dinamapatac', '2016-01-24 21:49:23', '2016-01-24 21:49:23');
INSERT INTO "tblCOM_UserProfile" VALUES (31, 'dinamapatac', 309, 'dinamapatac', 'dinamapatac', '2016-01-24 21:49:23', '2016-01-24 21:49:23');
INSERT INTO "tblCOM_UserProfile" VALUES (31, 'dinamapatac', 414, 'dinamapatac', 'dinamapatac', '2016-01-24 21:49:23', '2016-01-24 21:49:23');
INSERT INTO "tblCOM_UserProfile" VALUES (31, 'dinamapatac', 33, 'dinamapatac', 'dinamapatac', '2016-01-24 21:49:23', '2016-01-24 21:49:23');
INSERT INTO "tblCOM_UserProfile" VALUES (32, 'dinamapatac', 276, 'dinamapatac', 'dinamapatac', '2016-01-24 21:49:23', '2016-01-24 21:49:23');
INSERT INTO "tblCOM_UserProfile" VALUES (32, 'dinamapatac', 308, 'dinamapatac', 'dinamapatac', '2016-01-24 21:49:23', '2016-01-24 21:49:23');
INSERT INTO "tblCOM_UserProfile" VALUES (32, 'dinamapatac', 366, 'dinamapatac', 'dinamapatac', '2016-01-24 21:49:23', '2016-01-24 21:49:23');
INSERT INTO "tblCOM_UserProfile" VALUES (32, 'dinamapatac', 34, 'dinamapatac', 'dinamapatac', '2016-01-24 21:49:23', '2016-01-24 21:49:23');
INSERT INTO "tblCOM_UserProfile" VALUES (33, 'dinamapatac', 278, 'dinamapatac', 'dinamapatac', '2016-01-24 21:49:23', '2016-01-24 21:49:23');
INSERT INTO "tblCOM_UserProfile" VALUES (33, 'dinamapatac', 310, 'dinamapatac', 'dinamapatac', '2016-01-24 21:49:23', '2016-01-24 21:49:23');
INSERT INTO "tblCOM_UserProfile" VALUES (33, 'dinamapatac', 413, 'dinamapatac', 'dinamapatac', '2016-01-24 21:49:23', '2016-01-24 21:49:23');
INSERT INTO "tblCOM_UserProfile" VALUES (33, 'dinamapatac', 35, 'dinamapatac', 'dinamapatac', '2016-01-24 21:49:23', '2016-01-24 21:49:23');
INSERT INTO "tblCOM_UserProfile" VALUES (77, 'dinamapatac', 77, 'dinamapatac', 'dinamapatac', '2016-01-24 21:49:23', '2016-01-24 21:49:23');
INSERT INTO "tblCOM_UserProfile" VALUES (79, 'dinamapatac', 79, 'dinamapatac', 'dinamapatac', '2016-01-24 21:49:23', '2016-01-24 21:49:23');
INSERT INTO "tblCOM_UserProfile" VALUES (68, 'dinamapatac', 68, 'dinamapatac', 'dinamapatac', '2016-01-24 21:49:23', '2016-01-24 21:49:23');
INSERT INTO "tblCOM_UserProfile" VALUES (83, 'dinamapatac', 83, 'dinamapatac', 'dinamapatac', '2016-01-24 21:49:23', '2016-01-24 21:49:23');
INSERT INTO "tblCOM_UserProfile" VALUES (109, 'dinamapatac', 109, 'dinamapatac', 'dinamapatac', '2016-01-24 21:49:23', '2016-01-24 21:49:23');
INSERT INTO "tblCOM_UserProfile" VALUES (140, 'dinamapatac', 140, 'dinamapatac', 'dinamapatac', '2016-01-24 21:49:23', '2016-01-24 21:49:23');
INSERT INTO "tblCOM_UserProfile" VALUES (178, 'dinamapatac', 178, 'dinamapatac', 'dinamapatac', '2016-01-24 21:49:23', '2016-01-24 21:49:23');
INSERT INTO "tblCOM_UserProfile" VALUES (184, 'dinamapatac', 184, 'dinamapatac', 'dinamapatac', '2016-01-24 21:49:23', '2016-01-24 21:49:23');
INSERT INTO "tblCOM_UserProfile" VALUES (80, 'dinamapatac', 80, 'dinamapatac', 'dinamapatac', '2016-01-24 21:49:23', '2016-01-24 21:49:23');
INSERT INTO "tblCOM_UserProfile" VALUES (85, 'dinamapatac', 85, 'dinamapatac', 'dinamapatac', '2016-01-24 21:49:23', '2016-01-24 21:49:23');
INSERT INTO "tblCOM_UserProfile" VALUES (81, 'dinamapatac', 81, 'dinamapatac', 'dinamapatac', '2016-01-24 21:49:23', '2016-01-24 21:49:23');
INSERT INTO "tblCOM_UserProfile" VALUES (70, 'dinamapatac', 70, 'dinamapatac', 'dinamapatac', '2016-01-24 21:49:23', '2016-01-24 21:49:23');
INSERT INTO "tblCOM_UserProfile" VALUES (86, 'dinamapatac', 86, 'dinamapatac', 'dinamapatac', '2016-01-24 21:49:23', '2016-01-24 21:49:23');
INSERT INTO "tblCOM_UserProfile" VALUES (87, 'dinamapatac', 87, 'dinamapatac', 'dinamapatac', '2016-01-24 21:49:23', '2016-01-24 21:49:23');
INSERT INTO "tblCOM_UserProfile" VALUES (88, 'dinamapatac', 88, 'dinamapatac', 'dinamapatac', '2016-01-24 21:49:23', '2016-01-24 21:49:23');
INSERT INTO "tblCOM_UserProfile" VALUES (90, 'dinamapatac', 90, 'dinamapatac', 'dinamapatac', '2016-01-24 21:49:23', '2016-01-24 21:49:23');
INSERT INTO "tblCOM_UserProfile" VALUES (92, 'dinamapatac', 92, 'dinamapatac', 'dinamapatac', '2016-01-24 21:49:23', '2016-01-24 21:49:23');
INSERT INTO "tblCOM_UserProfile" VALUES (93, 'dinamapatac', 93, 'dinamapatac', 'dinamapatac', '2016-01-24 21:49:23', '2016-01-24 21:49:23');
INSERT INTO "tblCOM_UserProfile" VALUES (91, 'dinamapatac', 91, 'dinamapatac', 'dinamapatac', '2016-01-24 21:49:23', '2016-01-24 21:49:23');
INSERT INTO "tblCOM_UserProfile" VALUES (94, 'dinamapatac', 94, 'dinamapatac', 'dinamapatac', '2016-01-24 21:49:23', '2016-01-24 21:49:23');
INSERT INTO "tblCOM_UserProfile" VALUES (95, 'dinamapatac', 95, 'dinamapatac', 'dinamapatac', '2016-01-24 21:49:23', '2016-01-24 21:49:23');
INSERT INTO "tblCOM_UserProfile" VALUES (139, 'dinamapatac', 139, 'dinamapatac', 'dinamapatac', '2016-01-24 21:49:23', '2016-01-24 21:49:23');
INSERT INTO "tblCOM_UserProfile" VALUES (82, 'dinamapatac', 82, 'dinamapatac', 'dinamapatac', '2016-01-24 21:49:23', '2016-01-24 21:49:23');
INSERT INTO "tblCOM_UserProfile" VALUES (98, 'dinamapatac', 98, 'dinamapatac', 'dinamapatac', '2016-01-24 21:49:23', '2016-01-24 21:49:23');
INSERT INTO "tblCOM_UserProfile" VALUES (103, 'dinamapatac', 103, 'dinamapatac', 'dinamapatac', '2016-01-24 21:49:23', '2016-01-24 21:49:23');
INSERT INTO "tblCOM_UserProfile" VALUES (104, 'dinamapatac', 104, 'dinamapatac', 'dinamapatac', '2016-01-24 21:49:23', '2016-01-24 21:49:23');
INSERT INTO "tblCOM_UserProfile" VALUES (99, 'dinamapatac', 99, 'dinamapatac', 'dinamapatac', '2016-01-24 21:49:23', '2016-01-24 21:49:23');
INSERT INTO "tblCOM_UserProfile" VALUES (100, 'dinamapatac', 100, 'dinamapatac', 'dinamapatac', '2016-01-24 21:49:23', '2016-01-24 21:49:23');
INSERT INTO "tblCOM_UserProfile" VALUES (101, 'dinamapatac', 101, 'dinamapatac', 'dinamapatac', '2016-01-24 21:49:23', '2016-01-24 21:49:23');
INSERT INTO "tblCOM_UserProfile" VALUES (102, 'dinamapatac', 102, 'dinamapatac', 'dinamapatac', '2016-01-24 21:49:23', '2016-01-24 21:49:23');
INSERT INTO "tblCOM_UserProfile" VALUES (105, 'dinamapatac', 105, 'dinamapatac', 'dinamapatac', '2016-01-24 21:49:23', '2016-01-24 21:49:23');
INSERT INTO "tblCOM_UserProfile" VALUES (106, 'dinamapatac', 106, 'dinamapatac', 'dinamapatac', '2016-01-24 21:49:23', '2016-01-24 21:49:23');
INSERT INTO "tblCOM_UserProfile" VALUES (107, 'dinamapatac', 107, 'dinamapatac', 'dinamapatac', '2016-01-24 21:49:23', '2016-01-24 21:49:23');
INSERT INTO "tblCOM_UserProfile" VALUES (142, 'dinamapatac', 170, 'dinamapatac', 'dinamapatac', '2016-01-24 21:49:23', '2016-01-24 21:49:23');
INSERT INTO "tblCOM_UserProfile" VALUES (164, 'dinamapatac', 269, 'dinamapatac', 'dinamapatac', '2016-01-24 21:49:23', '2016-01-24 21:49:23');
INSERT INTO "tblCOM_UserProfile" VALUES (164, 'dinamapatac', 301, 'dinamapatac', 'dinamapatac', '2016-01-24 21:49:23', '2016-01-24 21:49:23');
INSERT INTO "tblCOM_UserProfile" VALUES (164, 'dinamapatac', 529, 'dinamapatac', 'dinamapatac', '2016-01-24 21:49:23', '2016-01-24 21:49:23');
INSERT INTO "tblCOM_UserProfile" VALUES (164, 'dinamapatac', 163, 'dinamapatac', 'dinamapatac', '2016-01-24 21:49:23', '2016-01-24 21:49:23');
INSERT INTO "tblCOM_UserProfile" VALUES (165, 'dinamapatac', 270, 'dinamapatac', 'dinamapatac', '2016-01-24 21:49:23', '2016-01-24 21:49:23');
INSERT INTO "tblCOM_UserProfile" VALUES (165, 'dinamapatac', 302, 'dinamapatac', 'dinamapatac', '2016-01-24 21:49:23', '2016-01-24 21:49:23');
INSERT INTO "tblCOM_UserProfile" VALUES (165, 'dinamapatac', 514, 'dinamapatac', 'dinamapatac', '2016-01-24 21:49:23', '2016-01-24 21:49:23');
INSERT INTO "tblCOM_UserProfile" VALUES (165, 'dinamapatac', 164, 'dinamapatac', 'dinamapatac', '2016-01-24 21:49:23', '2016-01-24 21:49:23');
INSERT INTO "tblCOM_UserProfile" VALUES (166, 'dinamapatac', 271, 'dinamapatac', 'dinamapatac', '2016-01-24 21:49:23', '2016-01-24 21:49:23');
INSERT INTO "tblCOM_UserProfile" VALUES (166, 'dinamapatac', 303, 'dinamapatac', 'dinamapatac', '2016-01-24 21:49:23', '2016-01-24 21:49:23');
INSERT INTO "tblCOM_UserProfile" VALUES (166, 'dinamapatac', 515, 'dinamapatac', 'dinamapatac', '2016-01-24 21:49:23', '2016-01-24 21:49:23');
INSERT INTO "tblCOM_UserProfile" VALUES (166, 'dinamapatac', 165, 'dinamapatac', 'dinamapatac', '2016-01-24 21:49:23', '2016-01-24 21:49:23');
INSERT INTO "tblCOM_UserProfile" VALUES (167, 'dinamapatac', 272, 'dinamapatac', 'dinamapatac', '2016-01-24 21:49:23', '2016-01-24 21:49:23');
INSERT INTO "tblCOM_UserProfile" VALUES (167, 'dinamapatac', 304, 'dinamapatac', 'dinamapatac', '2016-01-24 21:49:23', '2016-01-24 21:49:23');
INSERT INTO "tblCOM_UserProfile" VALUES (167, 'dinamapatac', 516, 'dinamapatac', 'dinamapatac', '2016-01-24 21:49:23', '2016-01-24 21:49:23');
INSERT INTO "tblCOM_UserProfile" VALUES (167, 'dinamapatac', 166, 'dinamapatac', 'dinamapatac', '2016-01-24 21:49:23', '2016-01-24 21:49:23');
INSERT INTO "tblCOM_UserProfile" VALUES (168, 'dinamapatac', 265, 'dinamapatac', 'dinamapatac', '2016-01-24 21:49:23', '2016-01-24 21:49:23');
INSERT INTO "tblCOM_UserProfile" VALUES (168, 'dinamapatac', 297, 'dinamapatac', 'dinamapatac', '2016-01-24 21:49:23', '2016-01-24 21:49:23');
INSERT INTO "tblCOM_UserProfile" VALUES (168, 'dinamapatac', 583, 'dinamapatac', 'dinamapatac', '2016-01-24 21:49:23', '2016-01-24 21:49:23');
INSERT INTO "tblCOM_UserProfile" VALUES (168, 'dinamapatac', 167, 'dinamapatac', 'dinamapatac', '2016-01-24 21:49:23', '2016-01-24 21:49:23');
INSERT INTO "tblCOM_UserProfile" VALUES (169, 'dinamapatac', 273, 'dinamapatac', 'dinamapatac', '2016-01-24 21:49:23', '2016-01-24 21:49:23');
INSERT INTO "tblCOM_UserProfile" VALUES (169, 'dinamapatac', 305, 'dinamapatac', 'dinamapatac', '2016-01-24 21:49:23', '2016-01-24 21:49:23');
INSERT INTO "tblCOM_UserProfile" VALUES (169, 'dinamapatac', 517, 'dinamapatac', 'dinamapatac', '2016-01-24 21:49:23', '2016-01-24 21:49:23');
INSERT INTO "tblCOM_UserProfile" VALUES (169, 'dinamapatac', 168, 'dinamapatac', 'dinamapatac', '2016-01-24 21:49:23', '2016-01-24 21:49:23');
INSERT INTO "tblCOM_UserProfile" VALUES (170, 'dinamapatac', 274, 'dinamapatac', 'dinamapatac', '2016-01-24 21:49:23', '2016-01-24 21:49:23');
INSERT INTO "tblCOM_UserProfile" VALUES (170, 'dinamapatac', 306, 'dinamapatac', 'dinamapatac', '2016-01-24 21:49:23', '2016-01-24 21:49:23');
INSERT INTO "tblCOM_UserProfile" VALUES (170, 'dinamapatac', 518, 'dinamapatac', 'dinamapatac', '2016-01-24 21:49:23', '2016-01-24 21:49:23');
INSERT INTO "tblCOM_UserProfile" VALUES (170, 'dinamapatac', 169, 'dinamapatac', 'dinamapatac', '2016-01-24 21:49:23', '2016-01-24 21:49:23');
INSERT INTO "tblCOM_UserProfile" VALUES (143, 'dinamapatac', 266, 'dinamapatac', 'dinamapatac', '2016-01-24 21:49:23', '2016-01-24 21:49:23');
INSERT INTO "tblCOM_UserProfile" VALUES (143, 'dinamapatac', 298, 'dinamapatac', 'dinamapatac', '2016-01-24 21:49:23', '2016-01-24 21:49:23');
INSERT INTO "tblCOM_UserProfile" VALUES (143, 'dinamapatac', 524, 'dinamapatac', 'dinamapatac', '2016-01-24 21:49:23', '2016-01-24 21:49:23');
INSERT INTO "tblCOM_UserProfile" VALUES (143, 'dinamapatac', 142, 'dinamapatac', 'dinamapatac', '2016-01-24 21:49:23', '2016-01-24 21:49:23');
INSERT INTO "tblCOM_UserProfile" VALUES (144, 'dinamapatac', 267, 'dinamapatac', 'dinamapatac', '2016-01-24 21:49:23', '2016-01-24 21:49:23');
INSERT INTO "tblCOM_UserProfile" VALUES (144, 'dinamapatac', 299, 'dinamapatac', 'dinamapatac', '2016-01-24 21:49:23', '2016-01-24 21:49:23');
INSERT INTO "tblCOM_UserProfile" VALUES (144, 'dinamapatac', 462, 'dinamapatac', 'dinamapatac', '2016-01-24 21:49:23', '2016-01-24 21:49:23');
INSERT INTO "tblCOM_UserProfile" VALUES (144, 'dinamapatac', 143, 'dinamapatac', 'dinamapatac', '2016-01-24 21:49:23', '2016-01-24 21:49:23');
INSERT INTO "tblCOM_UserProfile" VALUES (145, 'dinamapatac', 268, 'dinamapatac', 'dinamapatac', '2016-01-24 21:49:23', '2016-01-24 21:49:23');
INSERT INTO "tblCOM_UserProfile" VALUES (145, 'dinamapatac', 300, 'dinamapatac', 'dinamapatac', '2016-01-24 21:49:23', '2016-01-24 21:49:23');
INSERT INTO "tblCOM_UserProfile" VALUES (145, 'dinamapatac', 498, 'dinamapatac', 'dinamapatac', '2016-01-24 21:49:23', '2016-01-24 21:49:23');
INSERT INTO "tblCOM_UserProfile" VALUES (145, 'dinamapatac', 144, 'dinamapatac', 'dinamapatac', '2016-01-24 21:49:23', '2016-01-24 21:49:23');
INSERT INTO "tblCOM_UserProfile" VALUES (147, 'dinamapatac', 280, 'dinamapatac', 'dinamapatac', '2016-01-24 21:49:23', '2016-01-24 21:49:23');
INSERT INTO "tblCOM_UserProfile" VALUES (147, 'dinamapatac', 312, 'dinamapatac', 'dinamapatac', '2016-01-24 21:49:23', '2016-01-24 21:49:23');
INSERT INTO "tblCOM_UserProfile" VALUES (147, 'dinamapatac', 499, 'dinamapatac', 'dinamapatac', '2016-01-24 21:49:23', '2016-01-24 21:49:23');
INSERT INTO "tblCOM_UserProfile" VALUES (147, 'dinamapatac', 146, 'dinamapatac', 'dinamapatac', '2016-01-24 21:49:23', '2016-01-24 21:49:23');
INSERT INTO "tblCOM_UserProfile" VALUES (150, 'dinamapatac', 283, 'dinamapatac', 'dinamapatac', '2016-01-24 21:49:23', '2016-01-24 21:49:23');
INSERT INTO "tblCOM_UserProfile" VALUES (150, 'dinamapatac', 315, 'dinamapatac', 'dinamapatac', '2016-01-24 21:49:23', '2016-01-24 21:49:23');
INSERT INTO "tblCOM_UserProfile" VALUES (150, 'dinamapatac', 582, 'dinamapatac', 'dinamapatac', '2016-01-24 21:49:23', '2016-01-24 21:49:23');
INSERT INTO "tblCOM_UserProfile" VALUES (150, 'dinamapatac', 149, 'dinamapatac', 'dinamapatac', '2016-01-24 21:49:23', '2016-01-24 21:49:23');
INSERT INTO "tblCOM_UserProfile" VALUES (153, 'dinamapatac', 286, 'dinamapatac', 'dinamapatac', '2016-01-24 21:49:23', '2016-01-24 21:49:23');
INSERT INTO "tblCOM_UserProfile" VALUES (153, 'dinamapatac', 318, 'dinamapatac', 'dinamapatac', '2016-01-24 21:49:23', '2016-01-24 21:49:23');
INSERT INTO "tblCOM_UserProfile" VALUES (153, 'dinamapatac', 506, 'dinamapatac', 'dinamapatac', '2016-01-24 21:49:23', '2016-01-24 21:49:23');
INSERT INTO "tblCOM_UserProfile" VALUES (153, 'dinamapatac', 152, 'dinamapatac', 'dinamapatac', '2016-01-24 21:49:23', '2016-01-24 21:49:23');
INSERT INTO "tblCOM_UserProfile" VALUES (154, 'dinamapatac', 287, 'dinamapatac', 'dinamapatac', '2016-01-24 21:49:23', '2016-01-24 21:49:23');
INSERT INTO "tblCOM_UserProfile" VALUES (154, 'dinamapatac', 319, 'dinamapatac', 'dinamapatac', '2016-01-24 21:49:23', '2016-01-24 21:49:23');
INSERT INTO "tblCOM_UserProfile" VALUES (154, 'dinamapatac', 507, 'dinamapatac', 'dinamapatac', '2016-01-24 21:49:23', '2016-01-24 21:49:23');
INSERT INTO "tblCOM_UserProfile" VALUES (154, 'dinamapatac', 153, 'dinamapatac', 'dinamapatac', '2016-01-24 21:49:23', '2016-01-24 21:49:23');
INSERT INTO "tblCOM_UserProfile" VALUES (157, 'dinamapatac', 290, 'dinamapatac', 'dinamapatac', '2016-01-24 21:49:23', '2016-01-24 21:49:23');
INSERT INTO "tblCOM_UserProfile" VALUES (157, 'dinamapatac', 322, 'dinamapatac', 'dinamapatac', '2016-01-24 21:49:23', '2016-01-24 21:49:23');
INSERT INTO "tblCOM_UserProfile" VALUES (157, 'dinamapatac', 509, 'dinamapatac', 'dinamapatac', '2016-01-24 21:49:23', '2016-01-24 21:49:23');
INSERT INTO "tblCOM_UserProfile" VALUES (157, 'dinamapatac', 156, 'dinamapatac', 'dinamapatac', '2016-01-24 21:49:23', '2016-01-24 21:49:23');
INSERT INTO "tblCOM_UserProfile" VALUES (158, 'dinamapatac', 291, 'dinamapatac', 'dinamapatac', '2016-01-24 21:49:23', '2016-01-24 21:49:23');
INSERT INTO "tblCOM_UserProfile" VALUES (158, 'dinamapatac', 323, 'dinamapatac', 'dinamapatac', '2016-01-24 21:49:23', '2016-01-24 21:49:23');
INSERT INTO "tblCOM_UserProfile" VALUES (158, 'dinamapatac', 510, 'dinamapatac', 'dinamapatac', '2016-01-24 21:49:23', '2016-01-24 21:49:23');
INSERT INTO "tblCOM_UserProfile" VALUES (158, 'dinamapatac', 157, 'dinamapatac', 'dinamapatac', '2016-01-24 21:49:23', '2016-01-24 21:49:23');
INSERT INTO "tblCOM_UserProfile" VALUES (159, 'dinamapatac', 292, 'dinamapatac', 'dinamapatac', '2016-01-24 21:49:23', '2016-01-24 21:49:23');
INSERT INTO "tblCOM_UserProfile" VALUES (159, 'dinamapatac', 324, 'dinamapatac', 'dinamapatac', '2016-01-24 21:49:23', '2016-01-24 21:49:23');
INSERT INTO "tblCOM_UserProfile" VALUES (159, 'dinamapatac', 511, 'dinamapatac', 'dinamapatac', '2016-01-24 21:49:23', '2016-01-24 21:49:23');
INSERT INTO "tblCOM_UserProfile" VALUES (159, 'dinamapatac', 158, 'dinamapatac', 'dinamapatac', '2016-01-24 21:49:23', '2016-01-24 21:49:23');
INSERT INTO "tblCOM_UserProfile" VALUES (160, 'dinamapatac', 264, 'dinamapatac', 'dinamapatac', '2016-01-24 21:49:23', '2016-01-24 21:49:23');
INSERT INTO "tblCOM_UserProfile" VALUES (160, 'dinamapatac', 296, 'dinamapatac', 'dinamapatac', '2016-01-24 21:49:23', '2016-01-24 21:49:23');
INSERT INTO "tblCOM_UserProfile" VALUES (160, 'dinamapatac', 512, 'dinamapatac', 'dinamapatac', '2016-01-24 21:49:23', '2016-01-24 21:49:23');
INSERT INTO "tblCOM_UserProfile" VALUES (160, 'dinamapatac', 159, 'dinamapatac', 'dinamapatac', '2016-01-24 21:49:23', '2016-01-24 21:49:23');
INSERT INTO "tblCOM_UserProfile" VALUES (161, 'dinamapatac', 293, 'dinamapatac', 'dinamapatac', '2016-01-24 21:49:23', '2016-01-24 21:49:23');
INSERT INTO "tblCOM_UserProfile" VALUES (161, 'dinamapatac', 325, 'dinamapatac', 'dinamapatac', '2016-01-24 21:49:23', '2016-01-24 21:49:23');
INSERT INTO "tblCOM_UserProfile" VALUES (161, 'dinamapatac', 513, 'dinamapatac', 'dinamapatac', '2016-01-24 21:49:23', '2016-01-24 21:49:23');
INSERT INTO "tblCOM_UserProfile" VALUES (161, 'dinamapatac', 160, 'dinamapatac', 'dinamapatac', '2016-01-24 21:49:23', '2016-01-24 21:49:23');
INSERT INTO "tblCOM_UserProfile" VALUES (162, 'dinamapatac', 294, 'dinamapatac', 'dinamapatac', '2016-01-24 21:49:23', '2016-01-24 21:49:23');
INSERT INTO "tblCOM_UserProfile" VALUES (162, 'dinamapatac', 326, 'dinamapatac', 'dinamapatac', '2016-01-24 21:49:23', '2016-01-24 21:49:23');
INSERT INTO "tblCOM_UserProfile" VALUES (162, 'dinamapatac', 503, 'dinamapatac', 'dinamapatac', '2016-01-24 21:49:23', '2016-01-24 21:49:23');
INSERT INTO "tblCOM_UserProfile" VALUES (162, 'dinamapatac', 161, 'dinamapatac', 'dinamapatac', '2016-01-24 21:49:23', '2016-01-24 21:49:23');
INSERT INTO "tblCOM_UserProfile" VALUES (163, 'dinamapatac', 295, 'dinamapatac', 'dinamapatac', '2016-01-24 21:49:23', '2016-01-24 21:49:23');
INSERT INTO "tblCOM_UserProfile" VALUES (163, 'dinamapatac', 327, 'dinamapatac', 'dinamapatac', '2016-01-24 21:49:23', '2016-01-24 21:49:23');
INSERT INTO "tblCOM_UserProfile" VALUES (163, 'dinamapatac', 504, 'dinamapatac', 'dinamapatac', '2016-01-24 21:49:23', '2016-01-24 21:49:23');
INSERT INTO "tblCOM_UserProfile" VALUES (163, 'dinamapatac', 162, 'dinamapatac', 'dinamapatac', '2016-01-24 21:49:23', '2016-01-24 21:49:23');
INSERT INTO "tblCOM_UserProfile" VALUES (174, 'dinamapatac', 330, 'dinamapatac', 'dinamapatac', '2016-01-24 21:49:23', '2016-01-24 21:49:23');
INSERT INTO "tblCOM_UserProfile" VALUES (174, 'dinamapatac', 342, 'dinamapatac', 'dinamapatac', '2016-01-24 21:49:23', '2016-01-24 21:49:23');
INSERT INTO "tblCOM_UserProfile" VALUES (174, 'dinamapatac', 523, 'dinamapatac', 'dinamapatac', '2016-01-24 21:49:23', '2016-01-24 21:49:23');
INSERT INTO "tblCOM_UserProfile" VALUES (174, 'dinamapatac', 174, 'dinamapatac', 'dinamapatac', '2016-01-24 21:49:23', '2016-01-24 21:49:23');
INSERT INTO "tblCOM_UserProfile" VALUES (176, 'dinamapatac', 176, 'dinamapatac', 'dinamapatac', '2016-01-24 21:49:23', '2016-01-24 21:49:23');
INSERT INTO "tblCOM_UserProfile" VALUES (182, 'dinamapatac', 182, 'dinamapatac', 'dinamapatac', '2016-01-24 21:49:23', '2016-01-24 21:49:23');
INSERT INTO "tblCOM_UserProfile" VALUES (183, 'dinamapatac', 183, 'dinamapatac', 'dinamapatac', '2016-01-24 21:49:23', '2016-01-24 21:49:23');
INSERT INTO "tblCOM_UserProfile" VALUES (238, 'dinamapatac', 239, 'dinamapatac', 'dinamapatac', '2016-01-24 21:49:23', '2016-01-24 21:49:23');
INSERT INTO "tblCOM_UserProfile" VALUES (177, 'dinamapatac', 177, 'dinamapatac', 'dinamapatac', '2016-01-24 21:49:23', '2016-01-24 21:49:23');
INSERT INTO "tblCOM_UserProfile" VALUES (242, 'dinamapatac', 353, 'dinamapatac', 'dinamapatac', '2016-01-24 21:49:23', '2016-01-24 21:49:23');
INSERT INTO "tblCOM_UserProfile" VALUES (242, 'dinamapatac', 354, 'dinamapatac', 'dinamapatac', '2016-01-24 21:49:23', '2016-01-24 21:49:23');
INSERT INTO "tblCOM_UserProfile" VALUES (242, 'dinamapatac', 593, 'dinamapatac', 'dinamapatac', '2016-01-24 21:49:23', '2016-01-24 21:49:23');
INSERT INTO "tblCOM_UserProfile" VALUES (242, 'dinamapatac', 352, 'dinamapatac', 'dinamapatac', '2016-01-24 21:49:24', '2016-01-24 21:49:24');
INSERT INTO "tblCOM_UserProfile" VALUES (245, 'dinamapatac', 597, 'dinamapatac', 'dinamapatac', '2016-01-24 21:49:24', '2016-01-24 21:49:24');
INSERT INTO "tblCOM_UserProfile" VALUES (245, 'dinamapatac', 598, 'dinamapatac', 'dinamapatac', '2016-01-24 21:49:24', '2016-01-24 21:49:24');
INSERT INTO "tblCOM_UserProfile" VALUES (245, 'dinamapatac', 599, 'dinamapatac', 'dinamapatac', '2016-01-24 21:49:24', '2016-01-24 21:49:24');
INSERT INTO "tblCOM_UserProfile" VALUES (245, 'dinamapatac', 596, 'dinamapatac', 'dinamapatac', '2016-01-24 21:49:24', '2016-01-24 21:49:24');
INSERT INTO "tblCOM_UserProfile" VALUES (249, 'dinamapatac', 612, 'dinamapatac', 'dinamapatac', '2016-01-24 21:49:24', '2016-01-24 21:49:24');
INSERT INTO "tblCOM_UserProfile" VALUES (249, 'dinamapatac', 613, 'dinamapatac', 'dinamapatac', '2016-01-24 21:49:24', '2016-01-24 21:49:24');
INSERT INTO "tblCOM_UserProfile" VALUES (249, 'dinamapatac', 614, 'dinamapatac', 'dinamapatac', '2016-01-24 21:49:24', '2016-01-24 21:49:24');
INSERT INTO "tblCOM_UserProfile" VALUES (249, 'dinamapatac', 611, 'dinamapatac', 'dinamapatac', '2016-01-24 21:49:24', '2016-01-24 21:49:24');
INSERT INTO "tblCOM_UserProfile" VALUES (250, 'dinamapatac', 616, 'dinamapatac', 'dinamapatac', '2016-01-24 21:49:24', '2016-01-24 21:49:24');
INSERT INTO "tblCOM_UserProfile" VALUES (250, 'dinamapatac', 617, 'dinamapatac', 'dinamapatac', '2016-01-24 21:49:24', '2016-01-24 21:49:24');
INSERT INTO "tblCOM_UserProfile" VALUES (250, 'dinamapatac', 618, 'dinamapatac', 'dinamapatac', '2016-01-24 21:49:24', '2016-01-24 21:49:24');
INSERT INTO "tblCOM_UserProfile" VALUES (250, 'dinamapatac', 615, 'dinamapatac', 'dinamapatac', '2016-01-24 21:49:24', '2016-01-24 21:49:24');
INSERT INTO "tblCOM_UserProfile" VALUES (251, 'dinamapatac', 620, 'dinamapatac', 'dinamapatac', '2016-01-24 21:49:24', '2016-01-24 21:49:24');
INSERT INTO "tblCOM_UserProfile" VALUES (251, 'dinamapatac', 621, 'dinamapatac', 'dinamapatac', '2016-01-24 21:49:24', '2016-01-24 21:49:24');
INSERT INTO "tblCOM_UserProfile" VALUES (251, 'dinamapatac', 622, 'dinamapatac', 'dinamapatac', '2016-01-24 21:49:24', '2016-01-24 21:49:24');
INSERT INTO "tblCOM_UserProfile" VALUES (251, 'dinamapatac', 619, 'dinamapatac', 'dinamapatac', '2016-01-24 21:49:24', '2016-01-24 21:49:24');
INSERT INTO "tblCOM_UserProfile" VALUES (252, 'dinamapatac', 625, 'dinamapatac', 'dinamapatac', '2016-01-24 21:49:24', '2016-01-24 21:49:24');
INSERT INTO "tblCOM_UserProfile" VALUES (252, 'dinamapatac', 623, 'dinamapatac', 'dinamapatac', '2016-01-24 21:49:24', '2016-01-24 21:49:24');
INSERT INTO "tblCOM_UserProfile" VALUES (253, 'dinamapatac', 628, 'dinamapatac', 'dinamapatac', '2016-01-24 21:49:24', '2016-01-24 21:49:24');
INSERT INTO "tblCOM_UserProfile" VALUES (253, 'dinamapatac', 629, 'dinamapatac', 'dinamapatac', '2016-01-24 21:49:24', '2016-01-24 21:49:24');
INSERT INTO "tblCOM_UserProfile" VALUES (253, 'dinamapatac', 630, 'dinamapatac', 'dinamapatac', '2016-01-24 21:49:24', '2016-01-24 21:49:24');
INSERT INTO "tblCOM_UserProfile" VALUES (253, 'dinamapatac', 627, 'dinamapatac', 'dinamapatac', '2016-01-24 21:49:24', '2016-01-24 21:49:24');
INSERT INTO "tblCOM_UserProfile" VALUES (173, 'dinamapatac', 335, 'dinamapatac', 'dinamapatac', '2016-01-24 21:49:24', '2016-01-24 21:49:24');
INSERT INTO "tblCOM_UserProfile" VALUES (173, 'dinamapatac', 347, 'dinamapatac', 'dinamapatac', '2016-01-24 21:49:24', '2016-01-24 21:49:24');
INSERT INTO "tblCOM_UserProfile" VALUES (173, 'dinamapatac', 522, 'dinamapatac', 'dinamapatac', '2016-01-24 21:49:24', '2016-01-24 21:49:24');
INSERT INTO "tblCOM_UserProfile" VALUES (173, 'dinamapatac', 173, 'dinamapatac', 'dinamapatac', '2016-01-24 21:49:24', '2016-01-24 21:49:24');
INSERT INTO "tblCOM_UserProfile" VALUES (254, 'dinamapatac', 631, 'dinamapatac', 'dinamapatac', '2016-01-24 21:49:24', '2016-01-24 21:49:24');
INSERT INTO "tblCOM_UserProfile" VALUES (15, 'dinamapatac', 15, 'dinamapatac', 'dinamapatac', '2016-01-24 21:49:24', '2016-01-24 21:49:24');
INSERT INTO "tblCOM_UserProfile" VALUES (16, 'dinamapatac', 248, 'dinamapatac', 'dinamapatac', '2016-01-24 21:49:24', '2016-01-24 21:49:24');
INSERT INTO "tblCOM_UserProfile" VALUES (16, 'dinamapatac', 249, 'dinamapatac', 'dinamapatac', '2016-01-24 21:49:24', '2016-01-24 21:49:24');
INSERT INTO "tblCOM_UserProfile" VALUES (16, 'dinamapatac', 379, 'dinamapatac', 'dinamapatac', '2016-01-24 21:49:24', '2016-01-24 21:49:24');
INSERT INTO "tblCOM_UserProfile" VALUES (16, 'dinamapatac', 16, 'dinamapatac', 'dinamapatac', '2016-01-24 21:49:24', '2016-01-24 21:49:24');
INSERT INTO "tblCOM_UserProfile" VALUES (148, 'dinamapatac', 281, 'dinamapatac', 'dinamapatac', '2016-01-24 21:49:24', '2016-01-24 21:49:24');
INSERT INTO "tblCOM_UserProfile" VALUES (148, 'dinamapatac', 313, 'dinamapatac', 'dinamapatac', '2016-01-24 21:49:24', '2016-01-24 21:49:24');
INSERT INTO "tblCOM_UserProfile" VALUES (148, 'dinamapatac', 500, 'dinamapatac', 'dinamapatac', '2016-01-24 21:49:24', '2016-01-24 21:49:24');
INSERT INTO "tblCOM_UserProfile" VALUES (148, 'dinamapatac', 147, 'dinamapatac', 'dinamapatac', '2016-01-24 21:49:24', '2016-01-24 21:49:24');
INSERT INTO "tblCOM_UserProfile" VALUES (172, 'dinamapatac', 334, 'dinamapatac', 'dinamapatac', '2016-01-24 21:49:24', '2016-01-24 21:49:24');
INSERT INTO "tblCOM_UserProfile" VALUES (172, 'dinamapatac', 346, 'dinamapatac', 'dinamapatac', '2016-01-24 21:49:24', '2016-01-24 21:49:24');
INSERT INTO "tblCOM_UserProfile" VALUES (172, 'dinamapatac', 521, 'dinamapatac', 'dinamapatac', '2016-01-24 21:49:24', '2016-01-24 21:49:24');
INSERT INTO "tblCOM_UserProfile" VALUES (172, 'dinamapatac', 172, 'dinamapatac', 'dinamapatac', '2016-01-24 21:49:24', '2016-01-24 21:49:24');
INSERT INTO "tblCOM_UserProfile" VALUES (260, 'dinamapatac', 391, 'dinamapatac', 'dinamapatac', '2016-01-24 21:49:24', '2016-01-24 21:49:24');
INSERT INTO "tblCOM_UserProfile" VALUES (260, 'dinamapatac', 393, 'dinamapatac', 'dinamapatac', '2016-01-24 21:49:24', '2016-01-24 21:49:24');
INSERT INTO "tblCOM_UserProfile" VALUES (260, 'dinamapatac', 395, 'dinamapatac', 'dinamapatac', '2016-01-24 21:49:24', '2016-01-24 21:49:24');
INSERT INTO "tblCOM_UserProfile" VALUES (260, 'dinamapatac', 380, 'dinamapatac', 'dinamapatac', '2016-01-24 21:49:24', '2016-01-24 21:49:24');
INSERT INTO "tblCOM_UserProfile" VALUES (261, 'dinamapatac', 392, 'dinamapatac', 'dinamapatac', '2016-01-24 21:49:24', '2016-01-24 21:49:24');
INSERT INTO "tblCOM_UserProfile" VALUES (261, 'dinamapatac', 394, 'dinamapatac', 'dinamapatac', '2016-01-24 21:49:24', '2016-01-24 21:49:24');
INSERT INTO "tblCOM_UserProfile" VALUES (261, 'dinamapatac', 396, 'dinamapatac', 'dinamapatac', '2016-01-24 21:49:24', '2016-01-24 21:49:24');
INSERT INTO "tblCOM_UserProfile" VALUES (261, 'dinamapatac', 390, 'dinamapatac', 'dinamapatac', '2016-01-24 21:49:24', '2016-01-24 21:49:24');
INSERT INTO "tblCOM_UserProfile" VALUES (255, 'dinamapatac', 632, 'dinamapatac', 'dinamapatac', '2016-01-24 21:49:24', '2016-01-24 21:49:24');
INSERT INTO "tblCOM_UserProfile" VALUES (34, 'dinamapatac', 284, 'dinamapatac', 'dinamapatac', '2016-01-24 21:49:24', '2016-01-24 21:49:24');
INSERT INTO "tblCOM_UserProfile" VALUES (34, 'dinamapatac', 316, 'dinamapatac', 'dinamapatac', '2016-01-24 21:49:24', '2016-01-24 21:49:24');
INSERT INTO "tblCOM_UserProfile" VALUES (34, 'dinamapatac', 424, 'dinamapatac', 'dinamapatac', '2016-01-24 21:49:24', '2016-01-24 21:49:24');
INSERT INTO "tblCOM_UserProfile" VALUES (34, 'dinamapatac', 36, 'dinamapatac', 'dinamapatac', '2016-01-24 21:49:24', '2016-01-24 21:49:24');
INSERT INTO "tblCOM_UserProfile" VALUES (146, 'dinamapatac', 279, 'dinamapatac', 'dinamapatac', '2016-01-24 21:49:24', '2016-01-24 21:49:24');
INSERT INTO "tblCOM_UserProfile" VALUES (146, 'dinamapatac', 311, 'dinamapatac', 'dinamapatac', '2016-01-24 21:49:24', '2016-01-24 21:49:24');
INSERT INTO "tblCOM_UserProfile" VALUES (146, 'dinamapatac', 519, 'dinamapatac', 'dinamapatac', '2016-01-24 21:49:24', '2016-01-24 21:49:24');
INSERT INTO "tblCOM_UserProfile" VALUES (146, 'dinamapatac', 145, 'dinamapatac', 'dinamapatac', '2016-01-24 21:49:24', '2016-01-24 21:49:24');
INSERT INTO "tblCOM_UserProfile" VALUES (149, 'dinamapatac', 282, 'dinamapatac', 'dinamapatac', '2016-01-24 21:49:24', '2016-01-24 21:49:24');
INSERT INTO "tblCOM_UserProfile" VALUES (149, 'dinamapatac', 314, 'dinamapatac', 'dinamapatac', '2016-01-24 21:49:24', '2016-01-24 21:49:24');
INSERT INTO "tblCOM_UserProfile" VALUES (149, 'dinamapatac', 502, 'dinamapatac', 'dinamapatac', '2016-01-24 21:49:24', '2016-01-24 21:49:24');
INSERT INTO "tblCOM_UserProfile" VALUES (149, 'dinamapatac', 148, 'dinamapatac', 'dinamapatac', '2016-01-24 21:49:24', '2016-01-24 21:49:24');
INSERT INTO "tblCOM_UserProfile" VALUES (152, 'dinamapatac', 285, 'dinamapatac', 'dinamapatac', '2016-01-24 21:49:24', '2016-01-24 21:49:24');
INSERT INTO "tblCOM_UserProfile" VALUES (152, 'dinamapatac', 317, 'dinamapatac', 'dinamapatac', '2016-01-24 21:49:24', '2016-01-24 21:49:24');
INSERT INTO "tblCOM_UserProfile" VALUES (152, 'dinamapatac', 505, 'dinamapatac', 'dinamapatac', '2016-01-24 21:49:24', '2016-01-24 21:49:24');
INSERT INTO "tblCOM_UserProfile" VALUES (152, 'dinamapatac', 151, 'dinamapatac', 'dinamapatac', '2016-01-24 21:49:24', '2016-01-24 21:49:24');
INSERT INTO "tblCOM_UserProfile" VALUES (156, 'dinamapatac', 289, 'dinamapatac', 'dinamapatac', '2016-01-24 21:49:24', '2016-01-24 21:49:24');
INSERT INTO "tblCOM_UserProfile" VALUES (156, 'dinamapatac', 321, 'dinamapatac', 'dinamapatac', '2016-01-24 21:49:24', '2016-01-24 21:49:24');
INSERT INTO "tblCOM_UserProfile" VALUES (156, 'dinamapatac', 508, 'dinamapatac', 'dinamapatac', '2016-01-24 21:49:24', '2016-01-24 21:49:24');
INSERT INTO "tblCOM_UserProfile" VALUES (156, 'dinamapatac', 155, 'dinamapatac', 'dinamapatac', '2016-01-24 21:49:24', '2016-01-24 21:49:24');
INSERT INTO "tblCOM_UserProfile" VALUES (171, 'dinamapatac', 337, 'dinamapatac', 'dinamapatac', '2016-01-24 21:49:24', '2016-01-24 21:49:24');
INSERT INTO "tblCOM_UserProfile" VALUES (171, 'dinamapatac', 349, 'dinamapatac', 'dinamapatac', '2016-01-24 21:49:24', '2016-01-24 21:49:24');
INSERT INTO "tblCOM_UserProfile" VALUES (171, 'dinamapatac', 520, 'dinamapatac', 'dinamapatac', '2016-01-24 21:49:24', '2016-01-24 21:49:24');
INSERT INTO "tblCOM_UserProfile" VALUES (171, 'dinamapatac', 171, 'dinamapatac', 'dinamapatac', '2016-01-24 21:49:24', '2016-01-24 21:49:24');
INSERT INTO "tblCOM_UserProfile" VALUES (240, 'dinamapatac', 338, 'dinamapatac', 'dinamapatac', '2016-01-24 21:49:24', '2016-01-24 21:49:24');
INSERT INTO "tblCOM_UserProfile" VALUES (240, 'dinamapatac', 350, 'dinamapatac', 'dinamapatac', '2016-01-24 21:49:24', '2016-01-24 21:49:24');
INSERT INTO "tblCOM_UserProfile" VALUES (240, 'dinamapatac', 591, 'dinamapatac', 'dinamapatac', '2016-01-24 21:49:24', '2016-01-24 21:49:24');
INSERT INTO "tblCOM_UserProfile" VALUES (240, 'dinamapatac', 241, 'dinamapatac', 'dinamapatac', '2016-01-24 21:49:24', '2016-01-24 21:49:24');
INSERT INTO "tblCOM_UserProfile" VALUES (246, 'dinamapatac', 600, 'dinamapatac', 'dinamapatac', '2016-01-24 21:49:24', '2016-01-24 21:49:24');
INSERT INTO "tblCOM_UserProfile" VALUES (246, 'dinamapatac', 601, 'dinamapatac', 'dinamapatac', '2016-01-24 21:49:24', '2016-01-24 21:49:24');
INSERT INTO "tblCOM_UserProfile" VALUES (246, 'dinamapatac', 602, 'dinamapatac', 'dinamapatac', '2016-01-24 21:49:24', '2016-01-24 21:49:24');
INSERT INTO "tblCOM_UserProfile" VALUES (246, 'dinamapatac', 603, 'dinamapatac', 'dinamapatac', '2016-01-24 21:49:24', '2016-01-24 21:49:24');
INSERT INTO "tblCOM_UserProfile" VALUES (11, 'dinamapatac', 360, 'dinamapatac', 'dinamapatac', '2016-01-24 21:49:24', '2016-01-24 21:49:24');
INSERT INTO "tblCOM_UserProfile" VALUES (11, 'dinamapatac', 361, 'dinamapatac', 'dinamapatac', '2016-01-24 21:49:24', '2016-01-24 21:49:24');
INSERT INTO "tblCOM_UserProfile" VALUES (11, 'dinamapatac', 431, 'dinamapatac', 'dinamapatac', '2016-01-24 21:49:24', '2016-01-24 21:49:24');
INSERT INTO "tblCOM_UserProfile" VALUES (11, 'dinamapatac', 11, 'dinamapatac', 'dinamapatac', '2016-01-24 21:49:24', '2016-01-24 21:49:24');
INSERT INTO "tblCOM_UserProfile" VALUES (12, 'dinamapatac', 12, 'dinamapatac', 'dinamapatac', '2016-01-24 21:49:24', '2016-01-24 21:49:24');
INSERT INTO "tblCOM_UserProfile" VALUES (18, 'dinamapatac', 18, 'dinamapatac', 'dinamapatac', '2016-01-24 21:49:24', '2016-01-24 21:49:24');
INSERT INTO "tblCOM_UserProfile" VALUES (17, 'dinamapatac', 250, 'dinamapatac', 'dinamapatac', '2016-01-24 21:49:24', '2016-01-24 21:49:24');
INSERT INTO "tblCOM_UserProfile" VALUES (17, 'dinamapatac', 251, 'dinamapatac', 'dinamapatac', '2016-01-24 21:49:24', '2016-01-24 21:49:24');
INSERT INTO "tblCOM_UserProfile" VALUES (17, 'dinamapatac', 423, 'dinamapatac', 'dinamapatac', '2016-01-24 21:49:24', '2016-01-24 21:49:24');
INSERT INTO "tblCOM_UserProfile" VALUES (17, 'dinamapatac', 17, 'dinamapatac', 'dinamapatac', '2016-01-24 21:49:24', '2016-01-24 21:49:24');
INSERT INTO "tblCOM_UserProfile" VALUES (23, 'dinamapatac', 329, 'dinamapatac', 'dinamapatac', '2016-01-24 21:49:24', '2016-01-24 21:49:24');
INSERT INTO "tblCOM_UserProfile" VALUES (23, 'dinamapatac', 341, 'dinamapatac', 'dinamapatac', '2016-01-24 21:49:24', '2016-01-24 21:49:24');
INSERT INTO "tblCOM_UserProfile" VALUES (23, 'dinamapatac', 425, 'dinamapatac', 'dinamapatac', '2016-01-24 21:49:24', '2016-01-24 21:49:24');
INSERT INTO "tblCOM_UserProfile" VALUES (23, 'dinamapatac', 25, 'dinamapatac', 'dinamapatac', '2016-01-24 21:49:24', '2016-01-24 21:49:24');
INSERT INTO "tblCOM_UserProfile" VALUES (24, 'dinamapatac', 333, 'dinamapatac', 'dinamapatac', '2016-01-24 21:49:24', '2016-01-24 21:49:24');
INSERT INTO "tblCOM_UserProfile" VALUES (24, 'dinamapatac', 345, 'dinamapatac', 'dinamapatac', '2016-01-24 21:49:24', '2016-01-24 21:49:24');
INSERT INTO "tblCOM_UserProfile" VALUES (24, 'dinamapatac', 428, 'dinamapatac', 'dinamapatac', '2016-01-24 21:49:24', '2016-01-24 21:49:24');
INSERT INTO "tblCOM_UserProfile" VALUES (24, 'dinamapatac', 26, 'dinamapatac', 'dinamapatac', '2016-01-24 21:49:24', '2016-01-24 21:49:24');
INSERT INTO "tblCOM_UserProfile" VALUES (26, 'dinamapatac', 355, 'dinamapatac', 'dinamapatac', '2016-01-24 21:49:24', '2016-01-24 21:49:24');
INSERT INTO "tblCOM_UserProfile" VALUES (26, 'dinamapatac', 356, 'dinamapatac', 'dinamapatac', '2016-01-24 21:49:24', '2016-01-24 21:49:24');
INSERT INTO "tblCOM_UserProfile" VALUES (26, 'dinamapatac', 429, 'dinamapatac', 'dinamapatac', '2016-01-24 21:49:24', '2016-01-24 21:49:24');
INSERT INTO "tblCOM_UserProfile" VALUES (26, 'dinamapatac', 28, 'dinamapatac', 'dinamapatac', '2016-01-24 21:49:24', '2016-01-24 21:49:24');
INSERT INTO "tblCOM_UserProfile" VALUES (27, 'dinamapatac', 331, 'dinamapatac', 'dinamapatac', '2016-01-24 21:49:24', '2016-01-24 21:49:24');
INSERT INTO "tblCOM_UserProfile" VALUES (27, 'dinamapatac', 343, 'dinamapatac', 'dinamapatac', '2016-01-24 21:49:24', '2016-01-24 21:49:24');
INSERT INTO "tblCOM_UserProfile" VALUES (27, 'dinamapatac', 427, 'dinamapatac', 'dinamapatac', '2016-01-24 21:49:24', '2016-01-24 21:49:24');
INSERT INTO "tblCOM_UserProfile" VALUES (27, 'dinamapatac', 29, 'dinamapatac', 'dinamapatac', '2016-01-24 21:49:24', '2016-01-24 21:49:24');
INSERT INTO "tblCOM_UserProfile" VALUES (28, 'dinamapatac', 336, 'dinamapatac', 'dinamapatac', '2016-01-24 21:49:24', '2016-01-24 21:49:24');
INSERT INTO "tblCOM_UserProfile" VALUES (28, 'dinamapatac', 348, 'dinamapatac', 'dinamapatac', '2016-01-24 21:49:24', '2016-01-24 21:49:24');
INSERT INTO "tblCOM_UserProfile" VALUES (28, 'dinamapatac', 426, 'dinamapatac', 'dinamapatac', '2016-01-24 21:49:24', '2016-01-24 21:49:24');
INSERT INTO "tblCOM_UserProfile" VALUES (28, 'dinamapatac', 30, 'dinamapatac', 'dinamapatac', '2016-01-24 21:49:24', '2016-01-24 21:49:24');
INSERT INTO "tblCOM_UserProfile" VALUES (29, 'dinamapatac', 31, 'dinamapatac', 'dinamapatac', '2016-01-24 21:49:24', '2016-01-24 21:49:24');
INSERT INTO "tblCOM_UserProfile" VALUES (243, 'dinamapatac', 358, 'dinamapatac', 'dinamapatac', '2016-01-24 21:49:24', '2016-01-24 21:49:24');
INSERT INTO "tblCOM_UserProfile" VALUES (243, 'dinamapatac', 359, 'dinamapatac', 'dinamapatac', '2016-01-24 21:49:24', '2016-01-24 21:49:24');
INSERT INTO "tblCOM_UserProfile" VALUES (243, 'dinamapatac', 594, 'dinamapatac', 'dinamapatac', '2016-01-24 21:49:24', '2016-01-24 21:49:24');
INSERT INTO "tblCOM_UserProfile" VALUES (243, 'dinamapatac', 357, 'dinamapatac', 'dinamapatac', '2016-01-24 21:49:24', '2016-01-24 21:49:24');
INSERT INTO "tblCOM_UserProfile" VALUES (244, 'dinamapatac', 363, 'dinamapatac', 'dinamapatac', '2016-01-24 21:49:24', '2016-01-24 21:49:24');
INSERT INTO "tblCOM_UserProfile" VALUES (244, 'dinamapatac', 364, 'dinamapatac', 'dinamapatac', '2016-01-24 21:49:24', '2016-01-24 21:49:24');
INSERT INTO "tblCOM_UserProfile" VALUES (244, 'dinamapatac', 595, 'dinamapatac', 'dinamapatac', '2016-01-24 21:49:24', '2016-01-24 21:49:24');
INSERT INTO "tblCOM_UserProfile" VALUES (244, 'dinamapatac', 362, 'dinamapatac', 'dinamapatac', '2016-01-24 21:49:24', '2016-01-24 21:49:24');
INSERT INTO "tblCOM_UserProfile" VALUES (247, 'dinamapatac', 605, 'dinamapatac', 'dinamapatac', '2016-01-24 21:49:24', '2016-01-24 21:49:24');
INSERT INTO "tblCOM_UserProfile" VALUES (247, 'dinamapatac', 606, 'dinamapatac', 'dinamapatac', '2016-01-24 21:49:24', '2016-01-24 21:49:24');
INSERT INTO "tblCOM_UserProfile" VALUES (247, 'dinamapatac', 607, 'dinamapatac', 'dinamapatac', '2016-01-24 21:49:24', '2016-01-24 21:49:24');
INSERT INTO "tblCOM_UserProfile" VALUES (247, 'dinamapatac', 604, 'dinamapatac', 'dinamapatac', '2016-01-24 21:49:24', '2016-01-24 21:49:24');
INSERT INTO "tblCOM_UserProfile" VALUES (276, 'dinamapatac', 696, 'dinamapatac', 'dinamapatac', '2016-01-24 21:49:24', '2016-01-24 21:49:24');
INSERT INTO "tblCOM_UserProfile" VALUES (276, 'dinamapatac', 697, 'dinamapatac', 'dinamapatac', '2016-01-24 21:49:24', '2016-01-24 21:49:24');
INSERT INTO "tblCOM_UserProfile" VALUES (276, 'dinamapatac', 698, 'dinamapatac', 'dinamapatac', '2016-01-24 21:49:24', '2016-01-24 21:49:24');
INSERT INTO "tblCOM_UserProfile" VALUES (276, 'dinamapatac', 695, 'dinamapatac', 'dinamapatac', '2016-01-24 21:49:24', '2016-01-24 21:49:24');
INSERT INTO "tblCOM_UserProfile" VALUES (2, 'dinamapatac', 2, 'dinamapatac', 'dinamapatac', '2016-01-24 21:49:24', '2016-01-24 21:49:24');
INSERT INTO "tblCOM_UserProfile" VALUES (35, 'dinamapatac', 37, 'dinamapatac', 'dinamapatac', '2016-01-24 21:49:24', '2016-01-24 21:49:24');
INSERT INTO "tblCOM_UserProfile" VALUES (36, 'dinamapatac', 754, 'dinamapatac', 'dinamapatac', '2016-01-24 21:49:24', '2016-01-24 21:49:24');
INSERT INTO "tblCOM_UserProfile" VALUES (36, 'dinamapatac', 755, 'dinamapatac', 'dinamapatac', '2016-01-24 21:49:24', '2016-01-24 21:49:24');
INSERT INTO "tblCOM_UserProfile" VALUES (36, 'dinamapatac', 756, 'dinamapatac', 'dinamapatac', '2016-01-24 21:49:24', '2016-01-24 21:49:24');
INSERT INTO "tblCOM_UserProfile" VALUES (36, 'dinamapatac', 40, 'dinamapatac', 'dinamapatac', '2016-01-24 21:49:24', '2016-01-24 21:49:24');
INSERT INTO "tblCOM_UserProfile" VALUES (37, 'dinamapatac', 38, 'dinamapatac', 'dinamapatac', '2016-01-24 21:49:24', '2016-01-24 21:49:24');
INSERT INTO "tblCOM_UserProfile" VALUES (38, 'dinamapatac', 39, 'dinamapatac', 'dinamapatac', '2016-01-24 21:49:24', '2016-01-24 21:49:24');
INSERT INTO "tblCOM_UserProfile" VALUES (3, 'dinamapatac', 8, 'dinamapatac', 'dinamapatac', '2016-01-24 21:49:24', '2016-01-24 21:49:24');
INSERT INTO "tblCOM_UserProfile" VALUES (39, 'dinamapatac', 41, 'dinamapatac', 'dinamapatac', '2016-01-24 21:49:24', '2016-01-24 21:49:24');
INSERT INTO "tblCOM_UserProfile" VALUES (45, 'dinamapatac', 47, 'dinamapatac', 'dinamapatac', '2016-01-24 21:49:24', '2016-01-24 21:49:24');
INSERT INTO "tblCOM_UserProfile" VALUES (46, 'dinamapatac', 48, 'dinamapatac', 'dinamapatac', '2016-01-24 21:49:24', '2016-01-24 21:49:24');
INSERT INTO "tblCOM_UserProfile" VALUES (40, 'dinamapatac', 42, 'dinamapatac', 'dinamapatac', '2016-01-24 21:49:24', '2016-01-24 21:49:24');
INSERT INTO "tblCOM_UserProfile" VALUES (48, 'dinamapatac', 60, 'dinamapatac', 'dinamapatac', '2016-01-24 21:49:24', '2016-01-24 21:49:24');
INSERT INTO "tblCOM_UserProfile" VALUES (51, 'dinamapatac', 689, 'dinamapatac', 'dinamapatac', '2016-01-24 21:49:24', '2016-01-24 21:49:24');
INSERT INTO "tblCOM_UserProfile" VALUES (51, 'dinamapatac', 690, 'dinamapatac', 'dinamapatac', '2016-01-24 21:49:24', '2016-01-24 21:49:24');
INSERT INTO "tblCOM_UserProfile" VALUES (51, 'dinamapatac', 691, 'dinamapatac', 'dinamapatac', '2016-01-24 21:49:24', '2016-01-24 21:49:24');
INSERT INTO "tblCOM_UserProfile" VALUES (51, 'dinamapatac', 61, 'dinamapatac', 'dinamapatac', '2016-01-24 21:49:24', '2016-01-24 21:49:24');
INSERT INTO "tblCOM_UserProfile" VALUES (52, 'dinamapatac', 62, 'dinamapatac', 'dinamapatac', '2016-01-24 21:49:24', '2016-01-24 21:49:24');
INSERT INTO "tblCOM_UserProfile" VALUES (53, 'dinamapatac', 52, 'dinamapatac', 'dinamapatac', '2016-01-24 21:49:24', '2016-01-24 21:49:24');
INSERT INTO "tblCOM_UserProfile" VALUES (42, 'dinamapatac', 44, 'dinamapatac', 'dinamapatac', '2016-01-24 21:49:24', '2016-01-24 21:49:24');
INSERT INTO "tblCOM_UserProfile" VALUES (47, 'dinamapatac', 49, 'dinamapatac', 'dinamapatac', '2016-01-24 21:49:24', '2016-01-24 21:49:24');
INSERT INTO "tblCOM_UserProfile" VALUES (54, 'dinamapatac', 63, 'dinamapatac', 'dinamapatac', '2016-01-24 21:49:24', '2016-01-24 21:49:24');
INSERT INTO "tblCOM_UserProfile" VALUES (57, 'dinamapatac', 55, 'dinamapatac', 'dinamapatac', '2016-01-24 21:49:24', '2016-01-24 21:49:24');
INSERT INTO "tblCOM_UserProfile" VALUES (274, 'dinamapatac', 680, 'dinamapatac', 'dinamapatac', '2016-01-24 21:49:24', '2016-01-24 21:49:24');
INSERT INTO "tblCOM_UserProfile" VALUES (274, 'dinamapatac', 681, 'dinamapatac', 'dinamapatac', '2016-01-24 21:49:24', '2016-01-24 21:49:24');
INSERT INTO "tblCOM_UserProfile" VALUES (274, 'dinamapatac', 682, 'dinamapatac', 'dinamapatac', '2016-01-24 21:49:24', '2016-01-24 21:49:24');
INSERT INTO "tblCOM_UserProfile" VALUES (274, 'dinamapatac', 679, 'dinamapatac', 'dinamapatac', '2016-01-24 21:49:24', '2016-01-24 21:49:24');
INSERT INTO "tblCOM_UserProfile" VALUES (43, 'dinamapatac', 45, 'dinamapatac', 'dinamapatac', '2016-01-24 21:49:24', '2016-01-24 21:49:24');
INSERT INTO "tblCOM_UserProfile" VALUES (58, 'dinamapatac', 21, 'dinamapatac', 'dinamapatac', '2016-01-24 21:49:24', '2016-01-24 21:49:24');
INSERT INTO "tblCOM_UserProfile" VALUES (73, 'dinamapatac', 73, 'dinamapatac', 'dinamapatac', '2016-01-24 21:49:24', '2016-01-24 21:49:24');
INSERT INTO "tblCOM_UserProfile" VALUES (59, 'dinamapatac', 56, 'dinamapatac', 'dinamapatac', '2016-01-24 21:49:24', '2016-01-24 21:49:24');
INSERT INTO "tblCOM_UserProfile" VALUES (60, 'dinamapatac', 64, 'dinamapatac', 'dinamapatac', '2016-01-24 21:49:24', '2016-01-24 21:49:24');
INSERT INTO "tblCOM_UserProfile" VALUES (61, 'dinamapatac', 19, 'dinamapatac', 'dinamapatac', '2016-01-24 21:49:24', '2016-01-24 21:49:24');
INSERT INTO "tblCOM_UserProfile" VALUES (63, 'dinamapatac', 65, 'dinamapatac', 'dinamapatac', '2016-01-24 21:49:24', '2016-01-24 21:49:24');
INSERT INTO "tblCOM_UserProfile" VALUES (65, 'dinamapatac', 59, 'dinamapatac', 'dinamapatac', '2016-01-24 21:49:24', '2016-01-24 21:49:24');
INSERT INTO "tblCOM_UserProfile" VALUES (66, 'dinamapatac', 67, 'dinamapatac', 'dinamapatac', '2016-01-24 21:49:24', '2016-01-24 21:49:24');
INSERT INTO "tblCOM_UserProfile" VALUES (67, 'dinamapatac', 66, 'dinamapatac', 'dinamapatac', '2016-01-24 21:49:24', '2016-01-24 21:49:24');
INSERT INTO "tblCOM_UserProfile" VALUES (44, 'dinamapatac', 46, 'dinamapatac', 'dinamapatac', '2016-01-24 21:49:24', '2016-01-24 21:49:24');
INSERT INTO "tblCOM_UserProfile" VALUES (62, 'dinamapatac', 57, 'dinamapatac', 'dinamapatac', '2016-01-24 21:49:24', '2016-01-24 21:49:24');
INSERT INTO "tblCOM_UserProfile" VALUES (64, 'dinamapatac', 692, 'dinamapatac', 'dinamapatac', '2016-01-24 21:49:24', '2016-01-24 21:49:24');
INSERT INTO "tblCOM_UserProfile" VALUES (64, 'dinamapatac', 693, 'dinamapatac', 'dinamapatac', '2016-01-24 21:49:24', '2016-01-24 21:49:24');
INSERT INTO "tblCOM_UserProfile" VALUES (64, 'dinamapatac', 58, 'dinamapatac', 'dinamapatac', '2016-01-24 21:49:24', '2016-01-24 21:49:24');
INSERT INTO "tblCOM_UserProfile" VALUES (49, 'dinamapatac', 50, 'dinamapatac', 'dinamapatac', '2016-01-24 21:49:24', '2016-01-24 21:49:24');
INSERT INTO "tblCOM_UserProfile" VALUES (262, 'dinamapatac', 665, 'dinamapatac', 'dinamapatac', '2016-01-24 21:49:24', '2016-01-24 21:49:24');
INSERT INTO "tblCOM_UserProfile" VALUES (263, 'dinamapatac', 634, 'dinamapatac', 'dinamapatac', '2016-01-24 21:49:24', '2016-01-24 21:49:24');
INSERT INTO "tblCOM_UserProfile" VALUES (263, 'dinamapatac', 635, 'dinamapatac', 'dinamapatac', '2016-01-24 21:49:24', '2016-01-24 21:49:24');
INSERT INTO "tblCOM_UserProfile" VALUES (263, 'dinamapatac', 636, 'dinamapatac', 'dinamapatac', '2016-01-24 21:49:24', '2016-01-24 21:49:24');
INSERT INTO "tblCOM_UserProfile" VALUES (263, 'dinamapatac', 633, 'dinamapatac', 'dinamapatac', '2016-01-24 21:49:24', '2016-01-24 21:49:24');
INSERT INTO "tblCOM_UserProfile" VALUES (264, 'dinamapatac', 638, 'dinamapatac', 'dinamapatac', '2016-01-24 21:49:24', '2016-01-24 21:49:24');
INSERT INTO "tblCOM_UserProfile" VALUES (264, 'dinamapatac', 639, 'dinamapatac', 'dinamapatac', '2016-01-24 21:49:24', '2016-01-24 21:49:24');
INSERT INTO "tblCOM_UserProfile" VALUES (264, 'dinamapatac', 640, 'dinamapatac', 'dinamapatac', '2016-01-24 21:49:24', '2016-01-24 21:49:24');
INSERT INTO "tblCOM_UserProfile" VALUES (264, 'dinamapatac', 637, 'dinamapatac', 'dinamapatac', '2016-01-24 21:49:24', '2016-01-24 21:49:24');
INSERT INTO "tblCOM_UserProfile" VALUES (265, 'dinamapatac', 642, 'dinamapatac', 'dinamapatac', '2016-01-24 21:49:24', '2016-01-24 21:49:24');
INSERT INTO "tblCOM_UserProfile" VALUES (265, 'dinamapatac', 643, 'dinamapatac', 'dinamapatac', '2016-01-24 21:49:24', '2016-01-24 21:49:24');
INSERT INTO "tblCOM_UserProfile" VALUES (265, 'dinamapatac', 644, 'dinamapatac', 'dinamapatac', '2016-01-24 21:49:24', '2016-01-24 21:49:24');
INSERT INTO "tblCOM_UserProfile" VALUES (265, 'dinamapatac', 641, 'dinamapatac', 'dinamapatac', '2016-01-24 21:49:24', '2016-01-24 21:49:24');
INSERT INTO "tblCOM_UserProfile" VALUES (266, 'dinamapatac', 646, 'dinamapatac', 'dinamapatac', '2016-01-24 21:49:24', '2016-01-24 21:49:24');
INSERT INTO "tblCOM_UserProfile" VALUES (266, 'dinamapatac', 647, 'dinamapatac', 'dinamapatac', '2016-01-24 21:49:24', '2016-01-24 21:49:24');
INSERT INTO "tblCOM_UserProfile" VALUES (266, 'dinamapatac', 648, 'dinamapatac', 'dinamapatac', '2016-01-24 21:49:24', '2016-01-24 21:49:24');
INSERT INTO "tblCOM_UserProfile" VALUES (266, 'dinamapatac', 645, 'dinamapatac', 'dinamapatac', '2016-01-24 21:49:24', '2016-01-24 21:49:24');
INSERT INTO "tblCOM_UserProfile" VALUES (267, 'dinamapatac', 650, 'dinamapatac', 'dinamapatac', '2016-01-24 21:49:24', '2016-01-24 21:49:24');
INSERT INTO "tblCOM_UserProfile" VALUES (267, 'dinamapatac', 651, 'dinamapatac', 'dinamapatac', '2016-01-24 21:49:24', '2016-01-24 21:49:24');
INSERT INTO "tblCOM_UserProfile" VALUES (267, 'dinamapatac', 652, 'dinamapatac', 'dinamapatac', '2016-01-24 21:49:24', '2016-01-24 21:49:24');
INSERT INTO "tblCOM_UserProfile" VALUES (267, 'dinamapatac', 649, 'dinamapatac', 'dinamapatac', '2016-01-24 21:49:24', '2016-01-24 21:49:24');
INSERT INTO "tblCOM_UserProfile" VALUES (275, 'dinamapatac', 684, 'dinamapatac', 'dinamapatac', '2016-01-24 21:49:24', '2016-01-24 21:49:24');
INSERT INTO "tblCOM_UserProfile" VALUES (275, 'dinamapatac', 685, 'dinamapatac', 'dinamapatac', '2016-01-24 21:49:24', '2016-01-24 21:49:24');
INSERT INTO "tblCOM_UserProfile" VALUES (275, 'dinamapatac', 686, 'dinamapatac', 'dinamapatac', '2016-01-24 21:49:24', '2016-01-24 21:49:24');
INSERT INTO "tblCOM_UserProfile" VALUES (275, 'dinamapatac', 683, 'dinamapatac', 'dinamapatac', '2016-01-24 21:49:24', '2016-01-24 21:49:24');
INSERT INTO "tblCOM_UserProfile" VALUES (271, 'dinamapatac', 672, 'dinamapatac', 'dinamapatac', '2016-01-24 21:49:24', '2016-01-24 21:49:24');
INSERT INTO "tblCOM_UserProfile" VALUES (271, 'dinamapatac', 673, 'dinamapatac', 'dinamapatac', '2016-01-24 21:49:24', '2016-01-24 21:49:24');
INSERT INTO "tblCOM_UserProfile" VALUES (271, 'dinamapatac', 675, 'dinamapatac', 'dinamapatac', '2016-01-24 21:49:24', '2016-01-24 21:49:24');
INSERT INTO "tblCOM_UserProfile" VALUES (271, 'dinamapatac', 667, 'dinamapatac', 'dinamapatac', '2016-01-24 21:49:24', '2016-01-24 21:49:24');
INSERT INTO "tblCOM_UserProfile" VALUES (272, 'dinamapatac', 676, 'dinamapatac', 'dinamapatac', '2016-01-24 21:49:24', '2016-01-24 21:49:24');
INSERT INTO "tblCOM_UserProfile" VALUES (272, 'dinamapatac', 677, 'dinamapatac', 'dinamapatac', '2016-01-24 21:49:24', '2016-01-24 21:49:24');
INSERT INTO "tblCOM_UserProfile" VALUES (272, 'dinamapatac', 678, 'dinamapatac', 'dinamapatac', '2016-01-24 21:49:24', '2016-01-24 21:49:24');
INSERT INTO "tblCOM_UserProfile" VALUES (272, 'dinamapatac', 668, 'dinamapatac', 'dinamapatac', '2016-01-24 21:49:24', '2016-01-24 21:49:24');
INSERT INTO "tblCOM_UserProfile" VALUES (273, 'dinamapatac', 669, 'dinamapatac', 'dinamapatac', '2016-01-24 21:49:24', '2016-01-24 21:49:24');
INSERT INTO "tblCOM_UserProfile" VALUES (273, 'dinamapatac', 670, 'dinamapatac', 'dinamapatac', '2016-01-24 21:49:24', '2016-01-24 21:49:24');
INSERT INTO "tblCOM_UserProfile" VALUES (273, 'dinamapatac', 671, 'dinamapatac', 'dinamapatac', '2016-01-24 21:49:24', '2016-01-24 21:49:24');
INSERT INTO "tblCOM_UserProfile" VALUES (273, 'dinamapatac', 666, 'dinamapatac', 'dinamapatac', '2016-01-24 21:49:24', '2016-01-24 21:49:24');
INSERT INTO "tblCOM_UserProfile" VALUES (4, 'dinamapatac', 3, 'dinamapatac', 'dinamapatac', '2016-01-24 21:49:24', '2016-01-24 21:49:24');
INSERT INTO "tblCOM_UserProfile" VALUES (84, 'dinamapatac', 760, 'dinamapatac', 'dinamapatac', '2016-01-24 21:49:24', '2016-01-24 21:49:24');
INSERT INTO "tblCOM_UserProfile" VALUES (84, 'dinamapatac', 761, 'dinamapatac', 'dinamapatac', '2016-01-24 21:49:24', '2016-01-24 21:49:24');
INSERT INTO "tblCOM_UserProfile" VALUES (84, 'dinamapatac', 762, 'dinamapatac', 'dinamapatac', '2016-01-24 21:49:24', '2016-01-24 21:49:24');
INSERT INTO "tblCOM_UserProfile" VALUES (84, 'dinamapatac', 84, 'dinamapatac', 'dinamapatac', '2016-01-24 21:49:24', '2016-01-24 21:49:24');
INSERT INTO "tblCOM_UserProfile" VALUES (89, 'dinamapatac', 763, 'dinamapatac', 'dinamapatac', '2016-01-24 21:49:24', '2016-01-24 21:49:24');
INSERT INTO "tblCOM_UserProfile" VALUES (89, 'dinamapatac', 764, 'dinamapatac', 'dinamapatac', '2016-01-24 21:49:24', '2016-01-24 21:49:24');
INSERT INTO "tblCOM_UserProfile" VALUES (89, 'dinamapatac', 89, 'dinamapatac', 'dinamapatac', '2016-01-24 21:49:24', '2016-01-24 21:49:24');
INSERT INTO "tblCOM_UserProfile" VALUES (96, 'dinamapatac', 767, 'dinamapatac', 'dinamapatac', '2016-01-24 21:49:24', '2016-01-24 21:49:24');
INSERT INTO "tblCOM_UserProfile" VALUES (96, 'dinamapatac', 768, 'dinamapatac', 'dinamapatac', '2016-01-24 21:49:24', '2016-01-24 21:49:24');
INSERT INTO "tblCOM_UserProfile" VALUES (96, 'dinamapatac', 769, 'dinamapatac', 'dinamapatac', '2016-01-24 21:49:24', '2016-01-24 21:49:24');
INSERT INTO "tblCOM_UserProfile" VALUES (96, 'dinamapatac', 96, 'dinamapatac', 'dinamapatac', '2016-01-24 21:49:24', '2016-01-24 21:49:24');
INSERT INTO "tblCOM_UserProfile" VALUES (284, 'dinamapatac', 758, 'dinamapatac', 'dinamapatac', '2016-01-24 21:49:24', '2016-01-24 21:49:24');
INSERT INTO "tblCOM_UserProfile" VALUES (284, 'dinamapatac', 759, 'dinamapatac', 'dinamapatac', '2016-01-24 21:49:24', '2016-01-24 21:49:24');
INSERT INTO "tblCOM_UserProfile" VALUES (284, 'dinamapatac', 757, 'dinamapatac', 'dinamapatac', '2016-01-24 21:49:24', '2016-01-24 21:49:24');
INSERT INTO "tblCOM_UserProfile" VALUES (285, 'dinamapatac', 766, 'dinamapatac', 'dinamapatac', '2016-01-24 21:49:24', '2016-01-24 21:49:24');
INSERT INTO "tblCOM_UserProfile" VALUES (5, 'dinamapatac', 4, 'dinamapatac', 'dinamapatac', '2016-01-24 21:49:24', '2016-01-24 21:49:24');
INSERT INTO "tblCOM_UserProfile" VALUES (185, 'dinamapatac', 185, 'dinamapatac', 'dinamapatac', '2016-01-24 21:49:24', '2016-01-24 21:49:24');
INSERT INTO "tblCOM_UserProfile" VALUES (188, 'dinamapatac', 189, 'dinamapatac', 'dinamapatac', '2016-01-24 21:49:24', '2016-01-24 21:49:24');
INSERT INTO "tblCOM_UserProfile" VALUES (191, 'dinamapatac', 192, 'dinamapatac', 'dinamapatac', '2016-01-24 21:49:24', '2016-01-24 21:49:24');
INSERT INTO "tblCOM_UserProfile" VALUES (192, 'dinamapatac', 193, 'dinamapatac', 'dinamapatac', '2016-01-24 21:49:24', '2016-01-24 21:49:24');
INSERT INTO "tblCOM_UserProfile" VALUES (190, 'dinamapatac', 191, 'dinamapatac', 'dinamapatac', '2016-01-24 21:49:24', '2016-01-24 21:49:24');
INSERT INTO "tblCOM_UserProfile" VALUES (193, 'dinamapatac', 194, 'dinamapatac', 'dinamapatac', '2016-01-24 21:49:24', '2016-01-24 21:49:24');
INSERT INTO "tblCOM_UserProfile" VALUES (194, 'dinamapatac', 195, 'dinamapatac', 'dinamapatac', '2016-01-24 21:49:24', '2016-01-24 21:49:24');
INSERT INTO "tblCOM_UserProfile" VALUES (196, 'dinamapatac', 197, 'dinamapatac', 'dinamapatac', '2016-01-24 21:49:24', '2016-01-24 21:49:24');
INSERT INTO "tblCOM_UserProfile" VALUES (195, 'dinamapatac', 196, 'dinamapatac', 'dinamapatac', '2016-01-24 21:49:24', '2016-01-24 21:49:24');
INSERT INTO "tblCOM_UserProfile" VALUES (198, 'dinamapatac', 199, 'dinamapatac', 'dinamapatac', '2016-01-24 21:49:24', '2016-01-24 21:49:24');
INSERT INTO "tblCOM_UserProfile" VALUES (201, 'dinamapatac', 202, 'dinamapatac', 'dinamapatac', '2016-01-24 21:49:24', '2016-01-24 21:49:24');
INSERT INTO "tblCOM_UserProfile" VALUES (202, 'dinamapatac', 203, 'dinamapatac', 'dinamapatac', '2016-01-24 21:49:24', '2016-01-24 21:49:24');
INSERT INTO "tblCOM_UserProfile" VALUES (203, 'dinamapatac', 204, 'dinamapatac', 'dinamapatac', '2016-01-24 21:49:24', '2016-01-24 21:49:24');
INSERT INTO "tblCOM_UserProfile" VALUES (210, 'dinamapatac', 211, 'dinamapatac', 'dinamapatac', '2016-01-24 21:49:24', '2016-01-24 21:49:24');
INSERT INTO "tblCOM_UserProfile" VALUES (235, 'dinamapatac', 238, 'dinamapatac', 'dinamapatac', '2016-01-24 21:49:24', '2016-01-24 21:49:24');
INSERT INTO "tblCOM_UserProfile" VALUES (236, 'dinamapatac', 236, 'dinamapatac', 'dinamapatac', '2016-01-24 21:49:24', '2016-01-24 21:49:24');
INSERT INTO "tblCOM_UserProfile" VALUES (237, 'dinamapatac', 237, 'dinamapatac', 'dinamapatac', '2016-01-24 21:49:24', '2016-01-24 21:49:24');
INSERT INTO "tblCOM_UserProfile" VALUES (239, 'dinamapatac', 240, 'dinamapatac', 'dinamapatac', '2016-01-24 21:49:24', '2016-01-24 21:49:24');
INSERT INTO "tblCOM_UserProfile" VALUES (204, 'dinamapatac', 205, 'dinamapatac', 'dinamapatac', '2016-01-24 21:49:24', '2016-01-24 21:49:24');
INSERT INTO "tblCOM_UserProfile" VALUES (212, 'dinamapatac', 213, 'dinamapatac', 'dinamapatac', '2016-01-24 21:49:24', '2016-01-24 21:49:24');
INSERT INTO "tblCOM_UserProfile" VALUES (215, 'dinamapatac', 216, 'dinamapatac', 'dinamapatac', '2016-01-24 21:49:24', '2016-01-24 21:49:24');
INSERT INTO "tblCOM_UserProfile" VALUES (217, 'dinamapatac', 218, 'dinamapatac', 'dinamapatac', '2016-01-24 21:49:24', '2016-01-24 21:49:24');
INSERT INTO "tblCOM_UserProfile" VALUES (213, 'dinamapatac', 214, 'dinamapatac', 'dinamapatac', '2016-01-24 21:49:24', '2016-01-24 21:49:24');
INSERT INTO "tblCOM_UserProfile" VALUES (197, 'dinamapatac', 198, 'dinamapatac', 'dinamapatac', '2016-01-24 21:49:24', '2016-01-24 21:49:24');
INSERT INTO "tblCOM_UserProfile" VALUES (216, 'dinamapatac', 217, 'dinamapatac', 'dinamapatac', '2016-01-24 21:49:24', '2016-01-24 21:49:24');
INSERT INTO "tblCOM_UserProfile" VALUES (220, 'dinamapatac', 221, 'dinamapatac', 'dinamapatac', '2016-01-24 21:49:24', '2016-01-24 21:49:24');
INSERT INTO "tblCOM_UserProfile" VALUES (224, 'dinamapatac', 225, 'dinamapatac', 'dinamapatac', '2016-01-24 21:49:24', '2016-01-24 21:49:24');
INSERT INTO "tblCOM_UserProfile" VALUES (225, 'dinamapatac', 226, 'dinamapatac', 'dinamapatac', '2016-01-24 21:49:24', '2016-01-24 21:49:24');
INSERT INTO "tblCOM_UserProfile" VALUES (226, 'dinamapatac', 227, 'dinamapatac', 'dinamapatac', '2016-01-24 21:49:24', '2016-01-24 21:49:24');
INSERT INTO "tblCOM_UserProfile" VALUES (89, 'testuser2', 89, 'testuser2', 'testuser2', '2015-10-10 15:16:32', '2015-10-10 15:16:32');
INSERT INTO "tblCOM_UserProfile" VALUES (90, 'testuser2', 90, 'testuser2', 'testuser2', '2015-10-10 15:16:32', '2015-10-10 15:16:32');
INSERT INTO "tblCOM_UserProfile" VALUES (92, 'testuser2', 92, 'testuser2', 'testuser2', '2015-10-10 15:16:32', '2015-10-10 15:16:32');
INSERT INTO "tblCOM_UserProfile" VALUES (93, 'testuser2', 93, 'testuser2', 'testuser2', '2015-10-10 15:16:32', '2015-10-10 15:16:32');
INSERT INTO "tblCOM_UserProfile" VALUES (91, 'testuser2', 91, 'testuser2', 'testuser2', '2015-10-10 15:16:32', '2015-10-10 15:16:32');
INSERT INTO "tblCOM_UserProfile" VALUES (94, 'testuser2', 94, 'testuser2', 'testuser2', '2015-10-10 15:16:32', '2015-10-10 15:16:32');
INSERT INTO "tblCOM_UserProfile" VALUES (96, 'testuser2', 96, 'testuser2', 'testuser2', '2015-10-10 15:16:32', '2015-10-10 15:16:32');
INSERT INTO "tblCOM_UserProfile" VALUES (95, 'testuser2', 95, 'testuser2', 'testuser2', '2015-10-10 15:16:32', '2015-10-10 15:16:32');
INSERT INTO "tblCOM_UserProfile" VALUES (139, 'testuser2', 139, 'testuser2', 'testuser2', '2015-10-10 15:16:32', '2015-10-10 15:16:32');
INSERT INTO "tblCOM_UserProfile" VALUES (82, 'testuser2', 82, 'testuser2', 'testuser2', '2015-10-10 15:16:32', '2015-10-10 15:16:32');
INSERT INTO "tblCOM_UserProfile" VALUES (98, 'testuser2', 98, 'testuser2', 'testuser2', '2015-10-10 15:16:32', '2015-10-10 15:16:32');
INSERT INTO "tblCOM_UserProfile" VALUES (103, 'testuser2', 103, 'testuser2', 'testuser2', '2015-10-10 15:16:32', '2015-10-10 15:16:32');
INSERT INTO "tblCOM_UserProfile" VALUES (104, 'testuser2', 104, 'testuser2', 'testuser2', '2015-10-10 15:16:32', '2015-10-10 15:16:32');
INSERT INTO "tblCOM_UserProfile" VALUES (99, 'testuser2', 99, 'testuser2', 'testuser2', '2015-10-10 15:16:32', '2015-10-10 15:16:32');
INSERT INTO "tblCOM_UserProfile" VALUES (100, 'testuser2', 100, 'testuser2', 'testuser2', '2015-10-10 15:16:32', '2015-10-10 15:16:32');
INSERT INTO "tblCOM_UserProfile" VALUES (101, 'testuser2', 101, 'testuser2', 'testuser2', '2015-10-10 15:16:32', '2015-10-10 15:16:32');
INSERT INTO "tblCOM_UserProfile" VALUES (102, 'testuser2', 102, 'testuser2', 'testuser2', '2015-10-10 15:16:32', '2015-10-10 15:16:32');
INSERT INTO "tblCOM_UserProfile" VALUES (105, 'testuser2', 105, 'testuser2', 'testuser2', '2015-10-10 15:16:32', '2015-10-10 15:16:32');
INSERT INTO "tblCOM_UserProfile" VALUES (106, 'testuser2', 106, 'testuser2', 'testuser2', '2015-10-10 15:16:32', '2015-10-10 15:16:32');
INSERT INTO "tblCOM_UserProfile" VALUES (107, 'testuser2', 107, 'testuser2', 'testuser2', '2015-10-10 15:16:32', '2015-10-10 15:16:32');
INSERT INTO "tblCOM_UserProfile" VALUES (142, 'testuser2', 170, 'testuser2', 'testuser2', '2015-10-10 15:16:32', '2015-10-10 15:16:32');
INSERT INTO "tblCOM_UserProfile" VALUES (164, 'testuser2', 269, 'testuser2', 'testuser2', '2015-10-10 15:16:32', '2015-10-10 15:16:32');
INSERT INTO "tblCOM_UserProfile" VALUES (164, 'testuser2', 301, 'testuser2', 'testuser2', '2015-10-10 15:16:32', '2015-10-10 15:16:32');
INSERT INTO "tblCOM_UserProfile" VALUES (164, 'testuser2', 529, 'testuser2', 'testuser2', '2015-10-10 15:16:32', '2015-10-10 15:16:32');
INSERT INTO "tblCOM_UserProfile" VALUES (164, 'testuser2', 163, 'testuser2', 'testuser2', '2015-10-10 15:16:32', '2015-10-10 15:16:32');
INSERT INTO "tblCOM_UserProfile" VALUES (165, 'testuser2', 270, 'testuser2', 'testuser2', '2015-10-10 15:16:32', '2015-10-10 15:16:32');
INSERT INTO "tblCOM_UserProfile" VALUES (165, 'testuser2', 302, 'testuser2', 'testuser2', '2015-10-10 15:16:32', '2015-10-10 15:16:32');
INSERT INTO "tblCOM_UserProfile" VALUES (165, 'testuser2', 514, 'testuser2', 'testuser2', '2015-10-10 15:16:32', '2015-10-10 15:16:32');
INSERT INTO "tblCOM_UserProfile" VALUES (165, 'testuser2', 164, 'testuser2', 'testuser2', '2015-10-10 15:16:32', '2015-10-10 15:16:32');
INSERT INTO "tblCOM_UserProfile" VALUES (166, 'testuser2', 271, 'testuser2', 'testuser2', '2015-10-10 15:16:32', '2015-10-10 15:16:32');
INSERT INTO "tblCOM_UserProfile" VALUES (166, 'testuser2', 303, 'testuser2', 'testuser2', '2015-10-10 15:16:32', '2015-10-10 15:16:32');
INSERT INTO "tblCOM_UserProfile" VALUES (166, 'testuser2', 515, 'testuser2', 'testuser2', '2015-10-10 15:16:32', '2015-10-10 15:16:32');
INSERT INTO "tblCOM_UserProfile" VALUES (166, 'testuser2', 165, 'testuser2', 'testuser2', '2015-10-10 15:16:32', '2015-10-10 15:16:32');
INSERT INTO "tblCOM_UserProfile" VALUES (167, 'testuser2', 272, 'testuser2', 'testuser2', '2015-10-10 15:16:32', '2015-10-10 15:16:32');
INSERT INTO "tblCOM_UserProfile" VALUES (167, 'testuser2', 304, 'testuser2', 'testuser2', '2015-10-10 15:16:32', '2015-10-10 15:16:32');
INSERT INTO "tblCOM_UserProfile" VALUES (167, 'testuser2', 516, 'testuser2', 'testuser2', '2015-10-10 15:16:32', '2015-10-10 15:16:32');
INSERT INTO "tblCOM_UserProfile" VALUES (167, 'testuser2', 166, 'testuser2', 'testuser2', '2015-10-10 15:16:32', '2015-10-10 15:16:32');
INSERT INTO "tblCOM_UserProfile" VALUES (168, 'testuser2', 265, 'testuser2', 'testuser2', '2015-10-10 15:16:32', '2015-10-10 15:16:32');
INSERT INTO "tblCOM_UserProfile" VALUES (168, 'testuser2', 297, 'testuser2', 'testuser2', '2015-10-10 15:16:32', '2015-10-10 15:16:32');
INSERT INTO "tblCOM_UserProfile" VALUES (168, 'testuser2', 583, 'testuser2', 'testuser2', '2015-10-10 15:16:32', '2015-10-10 15:16:32');
INSERT INTO "tblCOM_UserProfile" VALUES (168, 'testuser2', 167, 'testuser2', 'testuser2', '2015-10-10 15:16:32', '2015-10-10 15:16:32');
INSERT INTO "tblCOM_UserProfile" VALUES (169, 'testuser2', 273, 'testuser2', 'testuser2', '2015-10-10 15:16:32', '2015-10-10 15:16:32');
INSERT INTO "tblCOM_UserProfile" VALUES (169, 'testuser2', 305, 'testuser2', 'testuser2', '2015-10-10 15:16:32', '2015-10-10 15:16:32');
INSERT INTO "tblCOM_UserProfile" VALUES (169, 'testuser2', 517, 'testuser2', 'testuser2', '2015-10-10 15:16:32', '2015-10-10 15:16:32');
INSERT INTO "tblCOM_UserProfile" VALUES (169, 'testuser2', 168, 'testuser2', 'testuser2', '2015-10-10 15:16:32', '2015-10-10 15:16:32');
INSERT INTO "tblCOM_UserProfile" VALUES (170, 'testuser2', 274, 'testuser2', 'testuser2', '2015-10-10 15:16:32', '2015-10-10 15:16:32');
INSERT INTO "tblCOM_UserProfile" VALUES (170, 'testuser2', 306, 'testuser2', 'testuser2', '2015-10-10 15:16:32', '2015-10-10 15:16:32');
INSERT INTO "tblCOM_UserProfile" VALUES (170, 'testuser2', 518, 'testuser2', 'testuser2', '2015-10-10 15:16:32', '2015-10-10 15:16:32');
INSERT INTO "tblCOM_UserProfile" VALUES (170, 'testuser2', 169, 'testuser2', 'testuser2', '2015-10-10 15:16:32', '2015-10-10 15:16:32');
INSERT INTO "tblCOM_UserProfile" VALUES (143, 'testuser2', 266, 'testuser2', 'testuser2', '2015-10-10 15:16:32', '2015-10-10 15:16:32');
INSERT INTO "tblCOM_UserProfile" VALUES (143, 'testuser2', 298, 'testuser2', 'testuser2', '2015-10-10 15:16:32', '2015-10-10 15:16:32');
INSERT INTO "tblCOM_UserProfile" VALUES (143, 'testuser2', 524, 'testuser2', 'testuser2', '2015-10-10 15:16:32', '2015-10-10 15:16:32');
INSERT INTO "tblCOM_UserProfile" VALUES (143, 'testuser2', 142, 'testuser2', 'testuser2', '2015-10-10 15:16:32', '2015-10-10 15:16:32');
INSERT INTO "tblCOM_UserProfile" VALUES (144, 'testuser2', 267, 'testuser2', 'testuser2', '2015-10-10 15:16:32', '2015-10-10 15:16:32');
INSERT INTO "tblCOM_UserProfile" VALUES (144, 'testuser2', 299, 'testuser2', 'testuser2', '2015-10-10 15:16:32', '2015-10-10 15:16:32');
INSERT INTO "tblCOM_UserProfile" VALUES (144, 'testuser2', 462, 'testuser2', 'testuser2', '2015-10-10 15:16:32', '2015-10-10 15:16:32');
INSERT INTO "tblCOM_UserProfile" VALUES (1, 'testuser3', 1, 'gregori', 'gregori', '2015-10-05 14:19:29', '2015-10-05 14:19:29');
INSERT INTO "tblCOM_UserProfile" VALUES (9, 'testuser3', 9, 'gregori', 'gregori', '2015-10-05 14:19:29', '2015-10-05 14:19:29');
INSERT INTO "tblCOM_UserProfile" VALUES (13, 'testuser3', 243, 'gregori', 'gregori', '2015-10-05 14:19:29', '2015-10-05 14:19:29');
INSERT INTO "tblCOM_UserProfile" VALUES (13, 'testuser3', 244, 'gregori', 'gregori', '2015-10-05 14:19:29', '2015-10-05 14:19:29');
INSERT INTO "tblCOM_UserProfile" VALUES (13, 'testuser3', 247, 'gregori', 'gregori', '2015-10-05 14:19:29', '2015-10-05 14:19:29');
INSERT INTO "tblCOM_UserProfile" VALUES (13, 'testuser3', 376, 'gregori', 'gregori', '2015-10-05 14:19:29', '2015-10-05 14:19:29');
INSERT INTO "tblCOM_UserProfile" VALUES (13, 'testuser3', 13, 'gregori', 'gregori', '2015-10-05 14:19:29', '2015-10-05 14:19:29');
INSERT INTO "tblCOM_UserProfile" VALUES (14, 'testuser3', 245, 'gregori', 'gregori', '2015-10-05 14:19:29', '2015-10-05 14:19:29');
INSERT INTO "tblCOM_UserProfile" VALUES (14, 'testuser3', 246, 'gregori', 'gregori', '2015-10-05 14:19:29', '2015-10-05 14:19:29');
INSERT INTO "tblCOM_UserProfile" VALUES (14, 'testuser3', 377, 'gregori', 'gregori', '2015-10-05 14:19:29', '2015-10-05 14:19:29');
INSERT INTO "tblCOM_UserProfile" VALUES (14, 'testuser3', 14, 'gregori', 'gregori', '2015-10-05 14:19:29', '2015-10-05 14:19:29');
INSERT INTO "tblCOM_UserProfile" VALUES (248, 'testuser3', 608, 'gregori', 'gregori', '2015-10-05 14:19:29', '2015-10-05 14:19:29');
INSERT INTO "tblCOM_UserProfile" VALUES (248, 'testuser3', 610, 'gregori', 'gregori', '2015-10-05 14:19:29', '2015-10-05 14:19:29');
INSERT INTO "tblCOM_UserProfile" VALUES (10, 'testuser3', 10, 'gregori', 'gregori', '2015-10-05 14:19:29', '2015-10-05 14:19:29');
INSERT INTO "tblCOM_UserProfile" VALUES (19, 'testuser3', 332, 'gregori', 'gregori', '2015-10-05 14:19:29', '2015-10-05 14:19:29');
INSERT INTO "tblCOM_UserProfile" VALUES (19, 'testuser3', 344, 'gregori', 'gregori', '2015-10-05 14:19:29', '2015-10-05 14:19:29');
INSERT INTO "tblCOM_UserProfile" VALUES (19, 'testuser3', 381, 'gregori', 'gregori', '2015-10-05 14:19:30', '2015-10-05 14:19:30');
INSERT INTO "tblCOM_UserProfile" VALUES (19, 'testuser3', 20, 'gregori', 'gregori', '2015-10-05 14:19:30', '2015-10-05 14:19:30');
INSERT INTO "tblCOM_UserProfile" VALUES (20, 'testuser3', 339, 'gregori', 'gregori', '2015-10-05 14:19:30', '2015-10-05 14:19:30');
INSERT INTO "tblCOM_UserProfile" VALUES (20, 'testuser3', 351, 'gregori', 'gregori', '2015-10-05 14:19:30', '2015-10-05 14:19:30');
INSERT INTO "tblCOM_UserProfile" VALUES (20, 'testuser3', 383, 'gregori', 'gregori', '2015-10-05 14:19:30', '2015-10-05 14:19:30');
INSERT INTO "tblCOM_UserProfile" VALUES (20, 'testuser3', 22, 'gregori', 'gregori', '2015-10-05 14:19:30', '2015-10-05 14:19:30');
INSERT INTO "tblCOM_UserProfile" VALUES (21, 'testuser3', 23, 'gregori', 'gregori', '2015-10-05 14:19:30', '2015-10-05 14:19:30');
INSERT INTO "tblCOM_UserProfile" VALUES (22, 'testuser3', 252, 'gregori', 'gregori', '2015-10-05 14:19:30', '2015-10-05 14:19:30');
INSERT INTO "tblCOM_UserProfile" VALUES (22, 'testuser3', 253, 'gregori', 'gregori', '2015-10-05 14:19:30', '2015-10-05 14:19:30');
INSERT INTO "tblCOM_UserProfile" VALUES (22, 'testuser3', 385, 'gregori', 'gregori', '2015-10-05 14:19:30', '2015-10-05 14:19:30');
INSERT INTO "tblCOM_UserProfile" VALUES (22, 'testuser3', 24, 'gregori', 'gregori', '2015-10-05 14:19:30', '2015-10-05 14:19:30');
INSERT INTO "tblCOM_UserProfile" VALUES (30, 'testuser3', 275, 'gregori', 'gregori', '2015-10-05 14:19:30', '2015-10-05 14:19:30');
INSERT INTO "tblCOM_UserProfile" VALUES (30, 'testuser3', 307, 'gregori', 'gregori', '2015-10-05 14:19:30', '2015-10-05 14:19:30');
INSERT INTO "tblCOM_UserProfile" VALUES (30, 'testuser3', 422, 'gregori', 'gregori', '2015-10-05 14:19:30', '2015-10-05 14:19:30');
INSERT INTO "tblCOM_UserProfile" VALUES (30, 'testuser3', 32, 'gregori', 'gregori', '2015-10-05 14:19:30', '2015-10-05 14:19:30');
INSERT INTO "tblCOM_UserProfile" VALUES (31, 'testuser3', 277, 'gregori', 'gregori', '2015-10-05 14:19:30', '2015-10-05 14:19:30');
INSERT INTO "tblCOM_UserProfile" VALUES (31, 'testuser3', 309, 'gregori', 'gregori', '2015-10-05 14:19:30', '2015-10-05 14:19:30');
INSERT INTO "tblCOM_UserProfile" VALUES (31, 'testuser3', 414, 'gregori', 'gregori', '2015-10-05 14:19:30', '2015-10-05 14:19:30');
INSERT INTO "tblCOM_UserProfile" VALUES (31, 'testuser3', 33, 'gregori', 'gregori', '2015-10-05 14:19:30', '2015-10-05 14:19:30');
INSERT INTO "tblCOM_UserProfile" VALUES (32, 'testuser3', 276, 'gregori', 'gregori', '2015-10-05 14:19:30', '2015-10-05 14:19:30');
INSERT INTO "tblCOM_UserProfile" VALUES (32, 'testuser3', 308, 'gregori', 'gregori', '2015-10-05 14:19:30', '2015-10-05 14:19:30');
INSERT INTO "tblCOM_UserProfile" VALUES (32, 'testuser3', 366, 'gregori', 'gregori', '2015-10-05 14:19:30', '2015-10-05 14:19:30');
INSERT INTO "tblCOM_UserProfile" VALUES (32, 'testuser3', 34, 'gregori', 'gregori', '2015-10-05 14:19:30', '2015-10-05 14:19:30');
INSERT INTO "tblCOM_UserProfile" VALUES (33, 'testuser3', 278, 'gregori', 'gregori', '2015-10-05 14:19:30', '2015-10-05 14:19:30');
INSERT INTO "tblCOM_UserProfile" VALUES (33, 'testuser3', 310, 'gregori', 'gregori', '2015-10-05 14:19:30', '2015-10-05 14:19:30');
INSERT INTO "tblCOM_UserProfile" VALUES (33, 'testuser3', 413, 'gregori', 'gregori', '2015-10-05 14:19:30', '2015-10-05 14:19:30');
INSERT INTO "tblCOM_UserProfile" VALUES (33, 'testuser3', 35, 'gregori', 'gregori', '2015-10-05 14:19:30', '2015-10-05 14:19:30');
INSERT INTO "tblCOM_UserProfile" VALUES (77, 'testuser3', 77, 'gregori', 'gregori', '2015-10-05 14:19:30', '2015-10-05 14:19:30');
INSERT INTO "tblCOM_UserProfile" VALUES (79, 'testuser3', 79, 'gregori', 'gregori', '2015-10-05 14:19:30', '2015-10-05 14:19:30');
INSERT INTO "tblCOM_UserProfile" VALUES (68, 'testuser3', 68, 'gregori', 'gregori', '2015-10-05 14:19:30', '2015-10-05 14:19:30');
INSERT INTO "tblCOM_UserProfile" VALUES (83, 'testuser3', 83, 'gregori', 'gregori', '2015-10-05 14:19:30', '2015-10-05 14:19:30');
INSERT INTO "tblCOM_UserProfile" VALUES (109, 'testuser3', 109, 'gregori', 'gregori', '2015-10-05 14:19:30', '2015-10-05 14:19:30');
INSERT INTO "tblCOM_UserProfile" VALUES (140, 'testuser3', 140, 'gregori', 'gregori', '2015-10-05 14:19:30', '2015-10-05 14:19:30');
INSERT INTO "tblCOM_UserProfile" VALUES (178, 'testuser3', 178, 'gregori', 'gregori', '2015-10-05 14:19:30', '2015-10-05 14:19:30');
INSERT INTO "tblCOM_UserProfile" VALUES (184, 'testuser3', 184, 'gregori', 'gregori', '2015-10-05 14:19:30', '2015-10-05 14:19:30');
INSERT INTO "tblCOM_UserProfile" VALUES (80, 'testuser3', 80, 'gregori', 'gregori', '2015-10-05 14:19:30', '2015-10-05 14:19:30');
INSERT INTO "tblCOM_UserProfile" VALUES (84, 'testuser3', 84, 'gregori', 'gregori', '2015-10-05 14:19:30', '2015-10-05 14:19:30');
INSERT INTO "tblCOM_UserProfile" VALUES (85, 'testuser3', 85, 'gregori', 'gregori', '2015-10-05 14:19:30', '2015-10-05 14:19:30');
INSERT INTO "tblCOM_UserProfile" VALUES (81, 'testuser3', 81, 'gregori', 'gregori', '2015-10-05 14:19:30', '2015-10-05 14:19:30');
INSERT INTO "tblCOM_UserProfile" VALUES (70, 'testuser3', 70, 'gregori', 'gregori', '2015-10-05 14:19:30', '2015-10-05 14:19:30');
INSERT INTO "tblCOM_UserProfile" VALUES (86, 'testuser3', 86, 'gregori', 'gregori', '2015-10-05 14:19:30', '2015-10-05 14:19:30');
INSERT INTO "tblCOM_UserProfile" VALUES (87, 'testuser3', 87, 'gregori', 'gregori', '2015-10-05 14:19:30', '2015-10-05 14:19:30');
INSERT INTO "tblCOM_UserProfile" VALUES (88, 'testuser3', 88, 'gregori', 'gregori', '2015-10-05 14:19:30', '2015-10-05 14:19:30');
INSERT INTO "tblCOM_UserProfile" VALUES (89, 'testuser3', 89, 'gregori', 'gregori', '2015-10-05 14:19:30', '2015-10-05 14:19:30');
INSERT INTO "tblCOM_UserProfile" VALUES (90, 'testuser3', 90, 'gregori', 'gregori', '2015-10-05 14:19:30', '2015-10-05 14:19:30');
INSERT INTO "tblCOM_UserProfile" VALUES (92, 'testuser3', 92, 'gregori', 'gregori', '2015-10-05 14:19:30', '2015-10-05 14:19:30');
INSERT INTO "tblCOM_UserProfile" VALUES (93, 'testuser3', 93, 'gregori', 'gregori', '2015-10-05 14:19:30', '2015-10-05 14:19:30');
INSERT INTO "tblCOM_UserProfile" VALUES (91, 'testuser3', 91, 'gregori', 'gregori', '2015-10-05 14:19:30', '2015-10-05 14:19:30');
INSERT INTO "tblCOM_UserProfile" VALUES (94, 'testuser3', 94, 'gregori', 'gregori', '2015-10-05 14:19:30', '2015-10-05 14:19:30');
INSERT INTO "tblCOM_UserProfile" VALUES (96, 'testuser3', 96, 'gregori', 'gregori', '2015-10-05 14:19:30', '2015-10-05 14:19:30');
INSERT INTO "tblCOM_UserProfile" VALUES (95, 'testuser3', 95, 'gregori', 'gregori', '2015-10-05 14:19:30', '2015-10-05 14:19:30');
INSERT INTO "tblCOM_UserProfile" VALUES (139, 'testuser3', 139, 'gregori', 'gregori', '2015-10-05 14:19:30', '2015-10-05 14:19:30');
INSERT INTO "tblCOM_UserProfile" VALUES (82, 'testuser3', 82, 'gregori', 'gregori', '2015-10-05 14:19:30', '2015-10-05 14:19:30');
INSERT INTO "tblCOM_UserProfile" VALUES (98, 'testuser3', 98, 'gregori', 'gregori', '2015-10-05 14:19:30', '2015-10-05 14:19:30');
INSERT INTO "tblCOM_UserProfile" VALUES (103, 'testuser3', 103, 'gregori', 'gregori', '2015-10-05 14:19:30', '2015-10-05 14:19:30');
INSERT INTO "tblCOM_UserProfile" VALUES (104, 'testuser3', 104, 'gregori', 'gregori', '2015-10-05 14:19:30', '2015-10-05 14:19:30');
INSERT INTO "tblCOM_UserProfile" VALUES (99, 'testuser3', 99, 'gregori', 'gregori', '2015-10-05 14:19:30', '2015-10-05 14:19:30');
INSERT INTO "tblCOM_UserProfile" VALUES (100, 'testuser3', 100, 'gregori', 'gregori', '2015-10-05 14:19:30', '2015-10-05 14:19:30');
INSERT INTO "tblCOM_UserProfile" VALUES (101, 'testuser3', 101, 'gregori', 'gregori', '2015-10-05 14:19:30', '2015-10-05 14:19:30');
INSERT INTO "tblCOM_UserProfile" VALUES (102, 'testuser3', 102, 'gregori', 'gregori', '2015-10-05 14:19:30', '2015-10-05 14:19:30');
INSERT INTO "tblCOM_UserProfile" VALUES (105, 'testuser3', 105, 'gregori', 'gregori', '2015-10-05 14:19:30', '2015-10-05 14:19:30');
INSERT INTO "tblCOM_UserProfile" VALUES (106, 'testuser3', 106, 'gregori', 'gregori', '2015-10-05 14:19:30', '2015-10-05 14:19:30');
INSERT INTO "tblCOM_UserProfile" VALUES (107, 'testuser3', 107, 'gregori', 'gregori', '2015-10-05 14:19:30', '2015-10-05 14:19:30');
INSERT INTO "tblCOM_UserProfile" VALUES (142, 'testuser3', 170, 'gregori', 'gregori', '2015-10-05 14:19:30', '2015-10-05 14:19:30');
INSERT INTO "tblCOM_UserProfile" VALUES (164, 'testuser3', 269, 'gregori', 'gregori', '2015-10-05 14:19:30', '2015-10-05 14:19:30');
INSERT INTO "tblCOM_UserProfile" VALUES (164, 'testuser3', 301, 'gregori', 'gregori', '2015-10-05 14:19:30', '2015-10-05 14:19:30');
INSERT INTO "tblCOM_UserProfile" VALUES (164, 'testuser3', 529, 'gregori', 'gregori', '2015-10-05 14:19:30', '2015-10-05 14:19:30');
INSERT INTO "tblCOM_UserProfile" VALUES (164, 'testuser3', 163, 'gregori', 'gregori', '2015-10-05 14:19:30', '2015-10-05 14:19:30');
INSERT INTO "tblCOM_UserProfile" VALUES (165, 'testuser3', 270, 'gregori', 'gregori', '2015-10-05 14:19:30', '2015-10-05 14:19:30');
INSERT INTO "tblCOM_UserProfile" VALUES (165, 'testuser3', 302, 'gregori', 'gregori', '2015-10-05 14:19:30', '2015-10-05 14:19:30');
INSERT INTO "tblCOM_UserProfile" VALUES (165, 'testuser3', 514, 'gregori', 'gregori', '2015-10-05 14:19:30', '2015-10-05 14:19:30');
INSERT INTO "tblCOM_UserProfile" VALUES (165, 'testuser3', 164, 'gregori', 'gregori', '2015-10-05 14:19:30', '2015-10-05 14:19:30');
INSERT INTO "tblCOM_UserProfile" VALUES (166, 'testuser3', 271, 'gregori', 'gregori', '2015-10-05 14:19:30', '2015-10-05 14:19:30');
INSERT INTO "tblCOM_UserProfile" VALUES (166, 'testuser3', 303, 'gregori', 'gregori', '2015-10-05 14:19:30', '2015-10-05 14:19:30');
INSERT INTO "tblCOM_UserProfile" VALUES (166, 'testuser3', 515, 'gregori', 'gregori', '2015-10-05 14:19:30', '2015-10-05 14:19:30');
INSERT INTO "tblCOM_UserProfile" VALUES (166, 'testuser3', 165, 'gregori', 'gregori', '2015-10-05 14:19:30', '2015-10-05 14:19:30');
INSERT INTO "tblCOM_UserProfile" VALUES (167, 'testuser3', 272, 'gregori', 'gregori', '2015-10-05 14:19:30', '2015-10-05 14:19:30');
INSERT INTO "tblCOM_UserProfile" VALUES (167, 'testuser3', 304, 'gregori', 'gregori', '2015-10-05 14:19:30', '2015-10-05 14:19:30');
INSERT INTO "tblCOM_UserProfile" VALUES (167, 'testuser3', 516, 'gregori', 'gregori', '2015-10-05 14:19:30', '2015-10-05 14:19:30');
INSERT INTO "tblCOM_UserProfile" VALUES (167, 'testuser3', 166, 'gregori', 'gregori', '2015-10-05 14:19:30', '2015-10-05 14:19:30');
INSERT INTO "tblCOM_UserProfile" VALUES (168, 'testuser3', 265, 'gregori', 'gregori', '2015-10-05 14:19:30', '2015-10-05 14:19:30');
INSERT INTO "tblCOM_UserProfile" VALUES (168, 'testuser3', 297, 'gregori', 'gregori', '2015-10-05 14:19:30', '2015-10-05 14:19:30');
INSERT INTO "tblCOM_UserProfile" VALUES (168, 'testuser3', 583, 'gregori', 'gregori', '2015-10-05 14:19:30', '2015-10-05 14:19:30');
INSERT INTO "tblCOM_UserProfile" VALUES (168, 'testuser3', 167, 'gregori', 'gregori', '2015-10-05 14:19:30', '2015-10-05 14:19:30');
INSERT INTO "tblCOM_UserProfile" VALUES (169, 'testuser3', 273, 'gregori', 'gregori', '2015-10-05 14:19:30', '2015-10-05 14:19:30');
INSERT INTO "tblCOM_UserProfile" VALUES (169, 'testuser3', 305, 'gregori', 'gregori', '2015-10-05 14:19:30', '2015-10-05 14:19:30');
INSERT INTO "tblCOM_UserProfile" VALUES (169, 'testuser3', 517, 'gregori', 'gregori', '2015-10-05 14:19:30', '2015-10-05 14:19:30');
INSERT INTO "tblCOM_UserProfile" VALUES (169, 'testuser3', 168, 'gregori', 'gregori', '2015-10-05 14:19:30', '2015-10-05 14:19:30');
INSERT INTO "tblCOM_UserProfile" VALUES (170, 'testuser3', 274, 'gregori', 'gregori', '2015-10-05 14:19:30', '2015-10-05 14:19:30');
INSERT INTO "tblCOM_UserProfile" VALUES (170, 'testuser3', 306, 'gregori', 'gregori', '2015-10-05 14:19:30', '2015-10-05 14:19:30');
INSERT INTO "tblCOM_UserProfile" VALUES (170, 'testuser3', 518, 'gregori', 'gregori', '2015-10-05 14:19:30', '2015-10-05 14:19:30');
INSERT INTO "tblCOM_UserProfile" VALUES (170, 'testuser3', 169, 'gregori', 'gregori', '2015-10-05 14:19:30', '2015-10-05 14:19:30');
INSERT INTO "tblCOM_UserProfile" VALUES (143, 'testuser3', 266, 'gregori', 'gregori', '2015-10-05 14:19:30', '2015-10-05 14:19:30');
INSERT INTO "tblCOM_UserProfile" VALUES (143, 'testuser3', 298, 'gregori', 'gregori', '2015-10-05 14:19:30', '2015-10-05 14:19:30');
INSERT INTO "tblCOM_UserProfile" VALUES (143, 'testuser3', 524, 'gregori', 'gregori', '2015-10-05 14:19:30', '2015-10-05 14:19:30');
INSERT INTO "tblCOM_UserProfile" VALUES (143, 'testuser3', 142, 'gregori', 'gregori', '2015-10-05 14:19:30', '2015-10-05 14:19:30');
INSERT INTO "tblCOM_UserProfile" VALUES (144, 'testuser3', 267, 'gregori', 'gregori', '2015-10-05 14:19:30', '2015-10-05 14:19:30');
INSERT INTO "tblCOM_UserProfile" VALUES (144, 'testuser3', 299, 'gregori', 'gregori', '2015-10-05 14:19:30', '2015-10-05 14:19:30');
INSERT INTO "tblCOM_UserProfile" VALUES (144, 'testuser3', 462, 'gregori', 'gregori', '2015-10-05 14:19:30', '2015-10-05 14:19:30');
INSERT INTO "tblCOM_UserProfile" VALUES (144, 'testuser3', 143, 'gregori', 'gregori', '2015-10-05 14:19:30', '2015-10-05 14:19:30');
INSERT INTO "tblCOM_UserProfile" VALUES (145, 'testuser3', 268, 'gregori', 'gregori', '2015-10-05 14:19:30', '2015-10-05 14:19:30');
INSERT INTO "tblCOM_UserProfile" VALUES (145, 'testuser3', 300, 'gregori', 'gregori', '2015-10-05 14:19:30', '2015-10-05 14:19:30');
INSERT INTO "tblCOM_UserProfile" VALUES (145, 'testuser3', 498, 'gregori', 'gregori', '2015-10-05 14:19:30', '2015-10-05 14:19:30');
INSERT INTO "tblCOM_UserProfile" VALUES (145, 'testuser3', 144, 'gregori', 'gregori', '2015-10-05 14:19:30', '2015-10-05 14:19:30');
INSERT INTO "tblCOM_UserProfile" VALUES (147, 'testuser3', 280, 'gregori', 'gregori', '2015-10-05 14:19:30', '2015-10-05 14:19:30');
INSERT INTO "tblCOM_UserProfile" VALUES (147, 'testuser3', 312, 'gregori', 'gregori', '2015-10-05 14:19:30', '2015-10-05 14:19:30');
INSERT INTO "tblCOM_UserProfile" VALUES (147, 'testuser3', 499, 'gregori', 'gregori', '2015-10-05 14:19:30', '2015-10-05 14:19:30');
INSERT INTO "tblCOM_UserProfile" VALUES (147, 'testuser3', 146, 'gregori', 'gregori', '2015-10-05 14:19:30', '2015-10-05 14:19:30');
INSERT INTO "tblCOM_UserProfile" VALUES (150, 'testuser3', 283, 'gregori', 'gregori', '2015-10-05 14:19:30', '2015-10-05 14:19:30');
INSERT INTO "tblCOM_UserProfile" VALUES (150, 'testuser3', 315, 'gregori', 'gregori', '2015-10-05 14:19:30', '2015-10-05 14:19:30');
INSERT INTO "tblCOM_UserProfile" VALUES (150, 'testuser3', 582, 'gregori', 'gregori', '2015-10-05 14:19:30', '2015-10-05 14:19:30');
INSERT INTO "tblCOM_UserProfile" VALUES (150, 'testuser3', 149, 'gregori', 'gregori', '2015-10-05 14:19:30', '2015-10-05 14:19:30');
INSERT INTO "tblCOM_UserProfile" VALUES (153, 'testuser3', 286, 'gregori', 'gregori', '2015-10-05 14:19:30', '2015-10-05 14:19:30');
INSERT INTO "tblCOM_UserProfile" VALUES (153, 'testuser3', 318, 'gregori', 'gregori', '2015-10-05 14:19:30', '2015-10-05 14:19:30');
INSERT INTO "tblCOM_UserProfile" VALUES (153, 'testuser3', 506, 'gregori', 'gregori', '2015-10-05 14:19:30', '2015-10-05 14:19:30');
INSERT INTO "tblCOM_UserProfile" VALUES (153, 'testuser3', 152, 'gregori', 'gregori', '2015-10-05 14:19:30', '2015-10-05 14:19:30');
INSERT INTO "tblCOM_UserProfile" VALUES (154, 'testuser3', 287, 'gregori', 'gregori', '2015-10-05 14:19:30', '2015-10-05 14:19:30');
INSERT INTO "tblCOM_UserProfile" VALUES (154, 'testuser3', 319, 'gregori', 'gregori', '2015-10-05 14:19:30', '2015-10-05 14:19:30');
INSERT INTO "tblCOM_UserProfile" VALUES (154, 'testuser3', 507, 'gregori', 'gregori', '2015-10-05 14:19:30', '2015-10-05 14:19:30');
INSERT INTO "tblCOM_UserProfile" VALUES (154, 'testuser3', 153, 'gregori', 'gregori', '2015-10-05 14:19:30', '2015-10-05 14:19:30');
INSERT INTO "tblCOM_UserProfile" VALUES (157, 'testuser3', 290, 'gregori', 'gregori', '2015-10-05 14:19:30', '2015-10-05 14:19:30');
INSERT INTO "tblCOM_UserProfile" VALUES (157, 'testuser3', 322, 'gregori', 'gregori', '2015-10-05 14:19:30', '2015-10-05 14:19:30');
INSERT INTO "tblCOM_UserProfile" VALUES (157, 'testuser3', 509, 'gregori', 'gregori', '2015-10-05 14:19:30', '2015-10-05 14:19:30');
INSERT INTO "tblCOM_UserProfile" VALUES (157, 'testuser3', 156, 'gregori', 'gregori', '2015-10-05 14:19:30', '2015-10-05 14:19:30');
INSERT INTO "tblCOM_UserProfile" VALUES (158, 'testuser3', 291, 'gregori', 'gregori', '2015-10-05 14:19:30', '2015-10-05 14:19:30');
INSERT INTO "tblCOM_UserProfile" VALUES (158, 'testuser3', 323, 'gregori', 'gregori', '2015-10-05 14:19:30', '2015-10-05 14:19:30');
INSERT INTO "tblCOM_UserProfile" VALUES (158, 'testuser3', 510, 'gregori', 'gregori', '2015-10-05 14:19:30', '2015-10-05 14:19:30');
INSERT INTO "tblCOM_UserProfile" VALUES (158, 'testuser3', 157, 'gregori', 'gregori', '2015-10-05 14:19:30', '2015-10-05 14:19:30');
INSERT INTO "tblCOM_UserProfile" VALUES (159, 'testuser3', 292, 'gregori', 'gregori', '2015-10-05 14:19:30', '2015-10-05 14:19:30');
INSERT INTO "tblCOM_UserProfile" VALUES (159, 'testuser3', 324, 'gregori', 'gregori', '2015-10-05 14:19:30', '2015-10-05 14:19:30');
INSERT INTO "tblCOM_UserProfile" VALUES (159, 'testuser3', 511, 'gregori', 'gregori', '2015-10-05 14:19:30', '2015-10-05 14:19:30');
INSERT INTO "tblCOM_UserProfile" VALUES (159, 'testuser3', 158, 'gregori', 'gregori', '2015-10-05 14:19:30', '2015-10-05 14:19:30');
INSERT INTO "tblCOM_UserProfile" VALUES (160, 'testuser3', 264, 'gregori', 'gregori', '2015-10-05 14:19:30', '2015-10-05 14:19:30');
INSERT INTO "tblCOM_UserProfile" VALUES (160, 'testuser3', 296, 'gregori', 'gregori', '2015-10-05 14:19:30', '2015-10-05 14:19:30');
INSERT INTO "tblCOM_UserProfile" VALUES (160, 'testuser3', 512, 'gregori', 'gregori', '2015-10-05 14:19:30', '2015-10-05 14:19:30');
INSERT INTO "tblCOM_UserProfile" VALUES (160, 'testuser3', 159, 'gregori', 'gregori', '2015-10-05 14:19:30', '2015-10-05 14:19:30');
INSERT INTO "tblCOM_UserProfile" VALUES (161, 'testuser3', 293, 'gregori', 'gregori', '2015-10-05 14:19:30', '2015-10-05 14:19:30');
INSERT INTO "tblCOM_UserProfile" VALUES (161, 'testuser3', 325, 'gregori', 'gregori', '2015-10-05 14:19:30', '2015-10-05 14:19:30');
INSERT INTO "tblCOM_UserProfile" VALUES (161, 'testuser3', 513, 'gregori', 'gregori', '2015-10-05 14:19:30', '2015-10-05 14:19:30');
INSERT INTO "tblCOM_UserProfile" VALUES (161, 'testuser3', 160, 'gregori', 'gregori', '2015-10-05 14:19:30', '2015-10-05 14:19:30');
INSERT INTO "tblCOM_UserProfile" VALUES (162, 'testuser3', 294, 'gregori', 'gregori', '2015-10-05 14:19:30', '2015-10-05 14:19:30');
INSERT INTO "tblCOM_UserProfile" VALUES (162, 'testuser3', 326, 'gregori', 'gregori', '2015-10-05 14:19:30', '2015-10-05 14:19:30');
INSERT INTO "tblCOM_UserProfile" VALUES (162, 'testuser3', 503, 'gregori', 'gregori', '2015-10-05 14:19:30', '2015-10-05 14:19:30');
INSERT INTO "tblCOM_UserProfile" VALUES (162, 'testuser3', 161, 'gregori', 'gregori', '2015-10-05 14:19:30', '2015-10-05 14:19:30');
INSERT INTO "tblCOM_UserProfile" VALUES (163, 'testuser3', 295, 'gregori', 'gregori', '2015-10-05 14:19:30', '2015-10-05 14:19:30');
INSERT INTO "tblCOM_UserProfile" VALUES (163, 'testuser3', 327, 'gregori', 'gregori', '2015-10-05 14:19:30', '2015-10-05 14:19:30');
INSERT INTO "tblCOM_UserProfile" VALUES (163, 'testuser3', 504, 'gregori', 'gregori', '2015-10-05 14:19:30', '2015-10-05 14:19:30');
INSERT INTO "tblCOM_UserProfile" VALUES (163, 'testuser3', 162, 'gregori', 'gregori', '2015-10-05 14:19:30', '2015-10-05 14:19:30');
INSERT INTO "tblCOM_UserProfile" VALUES (174, 'testuser3', 330, 'gregori', 'gregori', '2015-10-05 14:19:30', '2015-10-05 14:19:30');
INSERT INTO "tblCOM_UserProfile" VALUES (174, 'testuser3', 342, 'gregori', 'gregori', '2015-10-05 14:19:30', '2015-10-05 14:19:30');
INSERT INTO "tblCOM_UserProfile" VALUES (174, 'testuser3', 523, 'gregori', 'gregori', '2015-10-05 14:19:30', '2015-10-05 14:19:30');
INSERT INTO "tblCOM_UserProfile" VALUES (174, 'testuser3', 174, 'gregori', 'gregori', '2015-10-05 14:19:30', '2015-10-05 14:19:30');
INSERT INTO "tblCOM_UserProfile" VALUES (176, 'testuser3', 176, 'gregori', 'gregori', '2015-10-05 14:19:30', '2015-10-05 14:19:30');
INSERT INTO "tblCOM_UserProfile" VALUES (182, 'testuser3', 182, 'gregori', 'gregori', '2015-10-05 14:19:30', '2015-10-05 14:19:30');
INSERT INTO "tblCOM_UserProfile" VALUES (183, 'testuser3', 183, 'gregori', 'gregori', '2015-10-05 14:19:30', '2015-10-05 14:19:30');
INSERT INTO "tblCOM_UserProfile" VALUES (238, 'testuser3', 239, 'gregori', 'gregori', '2015-10-05 14:19:30', '2015-10-05 14:19:30');
INSERT INTO "tblCOM_UserProfile" VALUES (177, 'testuser3', 177, 'gregori', 'gregori', '2015-10-05 14:19:30', '2015-10-05 14:19:30');
INSERT INTO "tblCOM_UserProfile" VALUES (242, 'testuser3', 353, 'gregori', 'gregori', '2015-10-05 14:19:30', '2015-10-05 14:19:30');
INSERT INTO "tblCOM_UserProfile" VALUES (242, 'testuser3', 354, 'gregori', 'gregori', '2015-10-05 14:19:30', '2015-10-05 14:19:30');
INSERT INTO "tblCOM_UserProfile" VALUES (242, 'testuser3', 593, 'gregori', 'gregori', '2015-10-05 14:19:30', '2015-10-05 14:19:30');
INSERT INTO "tblCOM_UserProfile" VALUES (242, 'testuser3', 352, 'gregori', 'gregori', '2015-10-05 14:19:30', '2015-10-05 14:19:30');
INSERT INTO "tblCOM_UserProfile" VALUES (245, 'testuser3', 597, 'gregori', 'gregori', '2015-10-05 14:19:30', '2015-10-05 14:19:30');
INSERT INTO "tblCOM_UserProfile" VALUES (245, 'testuser3', 598, 'gregori', 'gregori', '2015-10-05 14:19:30', '2015-10-05 14:19:30');
INSERT INTO "tblCOM_UserProfile" VALUES (245, 'testuser3', 599, 'gregori', 'gregori', '2015-10-05 14:19:30', '2015-10-05 14:19:30');
INSERT INTO "tblCOM_UserProfile" VALUES (245, 'testuser3', 596, 'gregori', 'gregori', '2015-10-05 14:19:30', '2015-10-05 14:19:30');
INSERT INTO "tblCOM_UserProfile" VALUES (249, 'testuser3', 612, 'gregori', 'gregori', '2015-10-05 14:19:30', '2015-10-05 14:19:30');
INSERT INTO "tblCOM_UserProfile" VALUES (249, 'testuser3', 613, 'gregori', 'gregori', '2015-10-05 14:19:30', '2015-10-05 14:19:30');
INSERT INTO "tblCOM_UserProfile" VALUES (249, 'testuser3', 614, 'gregori', 'gregori', '2015-10-05 14:19:30', '2015-10-05 14:19:30');
INSERT INTO "tblCOM_UserProfile" VALUES (249, 'testuser3', 611, 'gregori', 'gregori', '2015-10-05 14:19:30', '2015-10-05 14:19:30');
INSERT INTO "tblCOM_UserProfile" VALUES (250, 'testuser3', 616, 'gregori', 'gregori', '2015-10-05 14:19:30', '2015-10-05 14:19:30');
INSERT INTO "tblCOM_UserProfile" VALUES (250, 'testuser3', 617, 'gregori', 'gregori', '2015-10-05 14:19:30', '2015-10-05 14:19:30');
INSERT INTO "tblCOM_UserProfile" VALUES (250, 'testuser3', 618, 'gregori', 'gregori', '2015-10-05 14:19:30', '2015-10-05 14:19:30');
INSERT INTO "tblCOM_UserProfile" VALUES (250, 'testuser3', 615, 'gregori', 'gregori', '2015-10-05 14:19:30', '2015-10-05 14:19:30');
INSERT INTO "tblCOM_UserProfile" VALUES (251, 'testuser3', 620, 'gregori', 'gregori', '2015-10-05 14:19:30', '2015-10-05 14:19:30');
INSERT INTO "tblCOM_UserProfile" VALUES (251, 'testuser3', 621, 'gregori', 'gregori', '2015-10-05 14:19:30', '2015-10-05 14:19:30');
INSERT INTO "tblCOM_UserProfile" VALUES (251, 'testuser3', 622, 'gregori', 'gregori', '2015-10-05 14:19:30', '2015-10-05 14:19:30');
INSERT INTO "tblCOM_UserProfile" VALUES (251, 'testuser3', 619, 'gregori', 'gregori', '2015-10-05 14:19:30', '2015-10-05 14:19:30');
INSERT INTO "tblCOM_UserProfile" VALUES (252, 'testuser3', 625, 'gregori', 'gregori', '2015-10-05 14:19:30', '2015-10-05 14:19:30');
INSERT INTO "tblCOM_UserProfile" VALUES (252, 'testuser3', 623, 'gregori', 'gregori', '2015-10-05 14:19:30', '2015-10-05 14:19:30');
INSERT INTO "tblCOM_UserProfile" VALUES (253, 'testuser3', 628, 'gregori', 'gregori', '2015-10-05 14:19:30', '2015-10-05 14:19:30');
INSERT INTO "tblCOM_UserProfile" VALUES (253, 'testuser3', 629, 'gregori', 'gregori', '2015-10-05 14:19:30', '2015-10-05 14:19:30');
INSERT INTO "tblCOM_UserProfile" VALUES (253, 'testuser3', 630, 'gregori', 'gregori', '2015-10-05 14:19:30', '2015-10-05 14:19:30');
INSERT INTO "tblCOM_UserProfile" VALUES (253, 'testuser3', 627, 'gregori', 'gregori', '2015-10-05 14:19:30', '2015-10-05 14:19:30');
INSERT INTO "tblCOM_UserProfile" VALUES (173, 'testuser3', 335, 'gregori', 'gregori', '2015-10-05 14:19:30', '2015-10-05 14:19:30');
INSERT INTO "tblCOM_UserProfile" VALUES (173, 'testuser3', 347, 'gregori', 'gregori', '2015-10-05 14:19:30', '2015-10-05 14:19:30');
INSERT INTO "tblCOM_UserProfile" VALUES (173, 'testuser3', 522, 'gregori', 'gregori', '2015-10-05 14:19:30', '2015-10-05 14:19:30');
INSERT INTO "tblCOM_UserProfile" VALUES (173, 'testuser3', 173, 'gregori', 'gregori', '2015-10-05 14:19:30', '2015-10-05 14:19:30');
INSERT INTO "tblCOM_UserProfile" VALUES (254, 'testuser3', 631, 'gregori', 'gregori', '2015-10-05 14:19:30', '2015-10-05 14:19:30');
INSERT INTO "tblCOM_UserProfile" VALUES (15, 'testuser3', 15, 'gregori', 'gregori', '2015-10-05 14:19:30', '2015-10-05 14:19:30');
INSERT INTO "tblCOM_UserProfile" VALUES (16, 'testuser3', 248, 'gregori', 'gregori', '2015-10-05 14:19:30', '2015-10-05 14:19:30');
INSERT INTO "tblCOM_UserProfile" VALUES (16, 'testuser3', 249, 'gregori', 'gregori', '2015-10-05 14:19:30', '2015-10-05 14:19:30');
INSERT INTO "tblCOM_UserProfile" VALUES (16, 'testuser3', 379, 'gregori', 'gregori', '2015-10-05 14:19:30', '2015-10-05 14:19:30');
INSERT INTO "tblCOM_UserProfile" VALUES (16, 'testuser3', 16, 'gregori', 'gregori', '2015-10-05 14:19:30', '2015-10-05 14:19:30');
INSERT INTO "tblCOM_UserProfile" VALUES (148, 'testuser3', 281, 'gregori', 'gregori', '2015-10-05 14:19:30', '2015-10-05 14:19:30');
INSERT INTO "tblCOM_UserProfile" VALUES (148, 'testuser3', 313, 'gregori', 'gregori', '2015-10-05 14:19:30', '2015-10-05 14:19:30');
INSERT INTO "tblCOM_UserProfile" VALUES (148, 'testuser3', 500, 'gregori', 'gregori', '2015-10-05 14:19:30', '2015-10-05 14:19:30');
INSERT INTO "tblCOM_UserProfile" VALUES (148, 'testuser3', 147, 'gregori', 'gregori', '2015-10-05 14:19:30', '2015-10-05 14:19:30');
INSERT INTO "tblCOM_UserProfile" VALUES (172, 'testuser3', 334, 'gregori', 'gregori', '2015-10-05 14:19:30', '2015-10-05 14:19:30');
INSERT INTO "tblCOM_UserProfile" VALUES (172, 'testuser3', 346, 'gregori', 'gregori', '2015-10-05 14:19:30', '2015-10-05 14:19:30');
INSERT INTO "tblCOM_UserProfile" VALUES (172, 'testuser3', 521, 'gregori', 'gregori', '2015-10-05 14:19:30', '2015-10-05 14:19:30');
INSERT INTO "tblCOM_UserProfile" VALUES (172, 'testuser3', 172, 'gregori', 'gregori', '2015-10-05 14:19:30', '2015-10-05 14:19:30');
INSERT INTO "tblCOM_UserProfile" VALUES (260, 'testuser3', 391, 'gregori', 'gregori', '2015-10-05 14:19:30', '2015-10-05 14:19:30');
INSERT INTO "tblCOM_UserProfile" VALUES (260, 'testuser3', 393, 'gregori', 'gregori', '2015-10-05 14:19:30', '2015-10-05 14:19:30');
INSERT INTO "tblCOM_UserProfile" VALUES (260, 'testuser3', 395, 'gregori', 'gregori', '2015-10-05 14:19:30', '2015-10-05 14:19:30');
INSERT INTO "tblCOM_UserProfile" VALUES (260, 'testuser3', 380, 'gregori', 'gregori', '2015-10-05 14:19:30', '2015-10-05 14:19:30');
INSERT INTO "tblCOM_UserProfile" VALUES (261, 'testuser3', 392, 'gregori', 'gregori', '2015-10-05 14:19:30', '2015-10-05 14:19:30');
INSERT INTO "tblCOM_UserProfile" VALUES (261, 'testuser3', 394, 'gregori', 'gregori', '2015-10-05 14:19:30', '2015-10-05 14:19:30');
INSERT INTO "tblCOM_UserProfile" VALUES (261, 'testuser3', 396, 'gregori', 'gregori', '2015-10-05 14:19:30', '2015-10-05 14:19:30');
INSERT INTO "tblCOM_UserProfile" VALUES (261, 'testuser3', 390, 'gregori', 'gregori', '2015-10-05 14:19:30', '2015-10-05 14:19:30');
INSERT INTO "tblCOM_UserProfile" VALUES (255, 'testuser3', 632, 'gregori', 'gregori', '2015-10-05 14:19:30', '2015-10-05 14:19:30');
INSERT INTO "tblCOM_UserProfile" VALUES (34, 'testuser3', 284, 'gregori', 'gregori', '2015-10-05 14:19:30', '2015-10-05 14:19:30');
INSERT INTO "tblCOM_UserProfile" VALUES (34, 'testuser3', 316, 'gregori', 'gregori', '2015-10-05 14:19:30', '2015-10-05 14:19:30');
INSERT INTO "tblCOM_UserProfile" VALUES (34, 'testuser3', 424, 'gregori', 'gregori', '2015-10-05 14:19:30', '2015-10-05 14:19:30');
INSERT INTO "tblCOM_UserProfile" VALUES (34, 'testuser3', 36, 'gregori', 'gregori', '2015-10-05 14:19:30', '2015-10-05 14:19:30');
INSERT INTO "tblCOM_UserProfile" VALUES (146, 'testuser3', 279, 'gregori', 'gregori', '2015-10-05 14:19:30', '2015-10-05 14:19:30');
INSERT INTO "tblCOM_UserProfile" VALUES (146, 'testuser3', 311, 'gregori', 'gregori', '2015-10-05 14:19:30', '2015-10-05 14:19:30');
INSERT INTO "tblCOM_UserProfile" VALUES (146, 'testuser3', 519, 'gregori', 'gregori', '2015-10-05 14:19:30', '2015-10-05 14:19:30');
INSERT INTO "tblCOM_UserProfile" VALUES (146, 'testuser3', 145, 'gregori', 'gregori', '2015-10-05 14:19:30', '2015-10-05 14:19:30');
INSERT INTO "tblCOM_UserProfile" VALUES (149, 'testuser3', 282, 'gregori', 'gregori', '2015-10-05 14:19:30', '2015-10-05 14:19:30');
INSERT INTO "tblCOM_UserProfile" VALUES (149, 'testuser3', 314, 'gregori', 'gregori', '2015-10-05 14:19:30', '2015-10-05 14:19:30');
INSERT INTO "tblCOM_UserProfile" VALUES (149, 'testuser3', 502, 'gregori', 'gregori', '2015-10-05 14:19:30', '2015-10-05 14:19:30');
INSERT INTO "tblCOM_UserProfile" VALUES (149, 'testuser3', 148, 'gregori', 'gregori', '2015-10-05 14:19:30', '2015-10-05 14:19:30');
INSERT INTO "tblCOM_UserProfile" VALUES (152, 'testuser3', 285, 'gregori', 'gregori', '2015-10-05 14:19:30', '2015-10-05 14:19:30');
INSERT INTO "tblCOM_UserProfile" VALUES (152, 'testuser3', 317, 'gregori', 'gregori', '2015-10-05 14:19:30', '2015-10-05 14:19:30');
INSERT INTO "tblCOM_UserProfile" VALUES (152, 'testuser3', 505, 'gregori', 'gregori', '2015-10-05 14:19:30', '2015-10-05 14:19:30');
INSERT INTO "tblCOM_UserProfile" VALUES (152, 'testuser3', 151, 'gregori', 'gregori', '2015-10-05 14:19:30', '2015-10-05 14:19:30');
INSERT INTO "tblCOM_UserProfile" VALUES (156, 'testuser3', 289, 'gregori', 'gregori', '2015-10-05 14:19:30', '2015-10-05 14:19:30');
INSERT INTO "tblCOM_UserProfile" VALUES (156, 'testuser3', 321, 'gregori', 'gregori', '2015-10-05 14:19:30', '2015-10-05 14:19:30');
INSERT INTO "tblCOM_UserProfile" VALUES (156, 'testuser3', 508, 'gregori', 'gregori', '2015-10-05 14:19:30', '2015-10-05 14:19:30');
INSERT INTO "tblCOM_UserProfile" VALUES (156, 'testuser3', 155, 'gregori', 'gregori', '2015-10-05 14:19:30', '2015-10-05 14:19:30');
INSERT INTO "tblCOM_UserProfile" VALUES (171, 'testuser3', 337, 'gregori', 'gregori', '2015-10-05 14:19:30', '2015-10-05 14:19:30');
INSERT INTO "tblCOM_UserProfile" VALUES (171, 'testuser3', 349, 'gregori', 'gregori', '2015-10-05 14:19:30', '2015-10-05 14:19:30');
INSERT INTO "tblCOM_UserProfile" VALUES (171, 'testuser3', 520, 'gregori', 'gregori', '2015-10-05 14:19:30', '2015-10-05 14:19:30');
INSERT INTO "tblCOM_UserProfile" VALUES (171, 'testuser3', 171, 'gregori', 'gregori', '2015-10-05 14:19:30', '2015-10-05 14:19:30');
INSERT INTO "tblCOM_UserProfile" VALUES (240, 'testuser3', 338, 'gregori', 'gregori', '2015-10-05 14:19:30', '2015-10-05 14:19:30');
INSERT INTO "tblCOM_UserProfile" VALUES (240, 'testuser3', 350, 'gregori', 'gregori', '2015-10-05 14:19:30', '2015-10-05 14:19:30');
INSERT INTO "tblCOM_UserProfile" VALUES (240, 'testuser3', 591, 'gregori', 'gregori', '2015-10-05 14:19:30', '2015-10-05 14:19:30');
INSERT INTO "tblCOM_UserProfile" VALUES (240, 'testuser3', 241, 'gregori', 'gregori', '2015-10-05 14:19:30', '2015-10-05 14:19:30');
INSERT INTO "tblCOM_UserProfile" VALUES (246, 'testuser3', 600, 'gregori', 'gregori', '2015-10-05 14:19:30', '2015-10-05 14:19:30');
INSERT INTO "tblCOM_UserProfile" VALUES (246, 'testuser3', 601, 'gregori', 'gregori', '2015-10-05 14:19:30', '2015-10-05 14:19:30');
INSERT INTO "tblCOM_UserProfile" VALUES (246, 'testuser3', 602, 'gregori', 'gregori', '2015-10-05 14:19:30', '2015-10-05 14:19:30');
INSERT INTO "tblCOM_UserProfile" VALUES (246, 'testuser3', 603, 'gregori', 'gregori', '2015-10-05 14:19:30', '2015-10-05 14:19:30');
INSERT INTO "tblCOM_UserProfile" VALUES (11, 'testuser3', 360, 'gregori', 'gregori', '2015-10-05 14:19:30', '2015-10-05 14:19:30');
INSERT INTO "tblCOM_UserProfile" VALUES (11, 'testuser3', 361, 'gregori', 'gregori', '2015-10-05 14:19:30', '2015-10-05 14:19:30');
INSERT INTO "tblCOM_UserProfile" VALUES (11, 'testuser3', 431, 'gregori', 'gregori', '2015-10-05 14:19:30', '2015-10-05 14:19:30');
INSERT INTO "tblCOM_UserProfile" VALUES (11, 'testuser3', 11, 'gregori', 'gregori', '2015-10-05 14:19:30', '2015-10-05 14:19:30');
INSERT INTO "tblCOM_UserProfile" VALUES (12, 'testuser3', 12, 'gregori', 'gregori', '2015-10-05 14:19:30', '2015-10-05 14:19:30');
INSERT INTO "tblCOM_UserProfile" VALUES (18, 'testuser3', 18, 'gregori', 'gregori', '2015-10-05 14:19:30', '2015-10-05 14:19:30');
INSERT INTO "tblCOM_UserProfile" VALUES (17, 'testuser3', 250, 'gregori', 'gregori', '2015-10-05 14:19:30', '2015-10-05 14:19:30');
INSERT INTO "tblCOM_UserProfile" VALUES (17, 'testuser3', 251, 'gregori', 'gregori', '2015-10-05 14:19:30', '2015-10-05 14:19:30');
INSERT INTO "tblCOM_UserProfile" VALUES (17, 'testuser3', 423, 'gregori', 'gregori', '2015-10-05 14:19:30', '2015-10-05 14:19:30');
INSERT INTO "tblCOM_UserProfile" VALUES (17, 'testuser3', 17, 'gregori', 'gregori', '2015-10-05 14:19:30', '2015-10-05 14:19:30');
INSERT INTO "tblCOM_UserProfile" VALUES (23, 'testuser3', 329, 'gregori', 'gregori', '2015-10-05 14:19:30', '2015-10-05 14:19:30');
INSERT INTO "tblCOM_UserProfile" VALUES (23, 'testuser3', 341, 'gregori', 'gregori', '2015-10-05 14:19:30', '2015-10-05 14:19:30');
INSERT INTO "tblCOM_UserProfile" VALUES (23, 'testuser3', 425, 'gregori', 'gregori', '2015-10-05 14:19:30', '2015-10-05 14:19:30');
INSERT INTO "tblCOM_UserProfile" VALUES (23, 'testuser3', 25, 'gregori', 'gregori', '2015-10-05 14:19:30', '2015-10-05 14:19:30');
INSERT INTO "tblCOM_UserProfile" VALUES (24, 'testuser3', 333, 'gregori', 'gregori', '2015-10-05 14:19:30', '2015-10-05 14:19:30');
INSERT INTO "tblCOM_UserProfile" VALUES (24, 'testuser3', 345, 'gregori', 'gregori', '2015-10-05 14:19:30', '2015-10-05 14:19:30');
INSERT INTO "tblCOM_UserProfile" VALUES (24, 'testuser3', 428, 'gregori', 'gregori', '2015-10-05 14:19:30', '2015-10-05 14:19:30');
INSERT INTO "tblCOM_UserProfile" VALUES (24, 'testuser3', 26, 'gregori', 'gregori', '2015-10-05 14:19:30', '2015-10-05 14:19:30');
INSERT INTO "tblCOM_UserProfile" VALUES (26, 'testuser3', 355, 'gregori', 'gregori', '2015-10-05 14:19:30', '2015-10-05 14:19:30');
INSERT INTO "tblCOM_UserProfile" VALUES (26, 'testuser3', 356, 'gregori', 'gregori', '2015-10-05 14:19:30', '2015-10-05 14:19:30');
INSERT INTO "tblCOM_UserProfile" VALUES (26, 'testuser3', 429, 'gregori', 'gregori', '2015-10-05 14:19:30', '2015-10-05 14:19:30');
INSERT INTO "tblCOM_UserProfile" VALUES (26, 'testuser3', 28, 'gregori', 'gregori', '2015-10-05 14:19:30', '2015-10-05 14:19:30');
INSERT INTO "tblCOM_UserProfile" VALUES (27, 'testuser3', 331, 'gregori', 'gregori', '2015-10-05 14:19:30', '2015-10-05 14:19:30');
INSERT INTO "tblCOM_UserProfile" VALUES (27, 'testuser3', 343, 'gregori', 'gregori', '2015-10-05 14:19:30', '2015-10-05 14:19:30');
INSERT INTO "tblCOM_UserProfile" VALUES (27, 'testuser3', 427, 'gregori', 'gregori', '2015-10-05 14:19:30', '2015-10-05 14:19:30');
INSERT INTO "tblCOM_UserProfile" VALUES (27, 'testuser3', 29, 'gregori', 'gregori', '2015-10-05 14:19:30', '2015-10-05 14:19:30');
INSERT INTO "tblCOM_UserProfile" VALUES (28, 'testuser3', 336, 'gregori', 'gregori', '2015-10-05 14:19:30', '2015-10-05 14:19:30');
INSERT INTO "tblCOM_UserProfile" VALUES (28, 'testuser3', 348, 'gregori', 'gregori', '2015-10-05 14:19:30', '2015-10-05 14:19:30');
INSERT INTO "tblCOM_UserProfile" VALUES (28, 'testuser3', 426, 'gregori', 'gregori', '2015-10-05 14:19:30', '2015-10-05 14:19:30');
INSERT INTO "tblCOM_UserProfile" VALUES (28, 'testuser3', 30, 'gregori', 'gregori', '2015-10-05 14:19:30', '2015-10-05 14:19:30');
INSERT INTO "tblCOM_UserProfile" VALUES (29, 'testuser3', 31, 'gregori', 'gregori', '2015-10-05 14:19:30', '2015-10-05 14:19:30');
INSERT INTO "tblCOM_UserProfile" VALUES (243, 'testuser3', 358, 'gregori', 'gregori', '2015-10-05 14:19:30', '2015-10-05 14:19:30');
INSERT INTO "tblCOM_UserProfile" VALUES (243, 'testuser3', 359, 'gregori', 'gregori', '2015-10-05 14:19:30', '2015-10-05 14:19:30');
INSERT INTO "tblCOM_UserProfile" VALUES (243, 'testuser3', 594, 'gregori', 'gregori', '2015-10-05 14:19:30', '2015-10-05 14:19:30');
INSERT INTO "tblCOM_UserProfile" VALUES (243, 'testuser3', 357, 'gregori', 'gregori', '2015-10-05 14:19:30', '2015-10-05 14:19:30');
INSERT INTO "tblCOM_UserProfile" VALUES (244, 'testuser3', 363, 'gregori', 'gregori', '2015-10-05 14:19:30', '2015-10-05 14:19:30');
INSERT INTO "tblCOM_UserProfile" VALUES (244, 'testuser3', 364, 'gregori', 'gregori', '2015-10-05 14:19:30', '2015-10-05 14:19:30');
INSERT INTO "tblCOM_UserProfile" VALUES (244, 'testuser3', 595, 'gregori', 'gregori', '2015-10-05 14:19:30', '2015-10-05 14:19:30');
INSERT INTO "tblCOM_UserProfile" VALUES (244, 'testuser3', 362, 'gregori', 'gregori', '2015-10-05 14:19:30', '2015-10-05 14:19:30');
INSERT INTO "tblCOM_UserProfile" VALUES (247, 'testuser3', 605, 'gregori', 'gregori', '2015-10-05 14:19:30', '2015-10-05 14:19:30');
INSERT INTO "tblCOM_UserProfile" VALUES (247, 'testuser3', 606, 'gregori', 'gregori', '2015-10-05 14:19:30', '2015-10-05 14:19:30');
INSERT INTO "tblCOM_UserProfile" VALUES (247, 'testuser3', 607, 'gregori', 'gregori', '2015-10-05 14:19:30', '2015-10-05 14:19:30');
INSERT INTO "tblCOM_UserProfile" VALUES (247, 'testuser3', 604, 'gregori', 'gregori', '2015-10-05 14:19:30', '2015-10-05 14:19:30');
INSERT INTO "tblCOM_UserProfile" VALUES (276, 'testuser3', 696, 'gregori', 'gregori', '2015-10-05 14:19:30', '2015-10-05 14:19:30');
INSERT INTO "tblCOM_UserProfile" VALUES (276, 'testuser3', 697, 'gregori', 'gregori', '2015-10-05 14:19:30', '2015-10-05 14:19:30');
INSERT INTO "tblCOM_UserProfile" VALUES (276, 'testuser3', 698, 'gregori', 'gregori', '2015-10-05 14:19:30', '2015-10-05 14:19:30');
INSERT INTO "tblCOM_UserProfile" VALUES (276, 'testuser3', 695, 'gregori', 'gregori', '2015-10-05 14:19:30', '2015-10-05 14:19:30');
INSERT INTO "tblCOM_UserProfile" VALUES (2, 'testuser3', 2, 'gregori', 'gregori', '2015-10-05 14:19:30', '2015-10-05 14:19:30');
INSERT INTO "tblCOM_UserProfile" VALUES (35, 'testuser3', 37, 'gregori', 'gregori', '2015-10-05 14:19:30', '2015-10-05 14:19:30');
INSERT INTO "tblCOM_UserProfile" VALUES (36, 'testuser3', 40, 'gregori', 'gregori', '2015-10-05 14:19:30', '2015-10-05 14:19:30');
INSERT INTO "tblCOM_UserProfile" VALUES (37, 'testuser3', 38, 'gregori', 'gregori', '2015-10-05 14:19:30', '2015-10-05 14:19:30');
INSERT INTO "tblCOM_UserProfile" VALUES (38, 'testuser3', 39, 'gregori', 'gregori', '2015-10-05 14:19:30', '2015-10-05 14:19:30');
INSERT INTO "tblCOM_UserProfile" VALUES (3, 'testuser3', 8, 'gregori', 'gregori', '2015-10-05 14:19:30', '2015-10-05 14:19:30');
INSERT INTO "tblCOM_UserProfile" VALUES (39, 'testuser3', 41, 'gregori', 'gregori', '2015-10-05 14:19:30', '2015-10-05 14:19:30');
INSERT INTO "tblCOM_UserProfile" VALUES (45, 'testuser3', 47, 'gregori', 'gregori', '2015-10-05 14:19:30', '2015-10-05 14:19:30');
INSERT INTO "tblCOM_UserProfile" VALUES (46, 'testuser3', 48, 'gregori', 'gregori', '2015-10-05 14:19:30', '2015-10-05 14:19:30');
INSERT INTO "tblCOM_UserProfile" VALUES (40, 'testuser3', 42, 'gregori', 'gregori', '2015-10-05 14:19:30', '2015-10-05 14:19:30');
INSERT INTO "tblCOM_UserProfile" VALUES (48, 'testuser3', 60, 'gregori', 'gregori', '2015-10-05 14:19:30', '2015-10-05 14:19:30');
INSERT INTO "tblCOM_UserProfile" VALUES (51, 'testuser3', 689, 'gregori', 'gregori', '2015-10-05 14:19:30', '2015-10-05 14:19:30');
INSERT INTO "tblCOM_UserProfile" VALUES (51, 'testuser3', 690, 'gregori', 'gregori', '2015-10-05 14:19:30', '2015-10-05 14:19:30');
INSERT INTO "tblCOM_UserProfile" VALUES (51, 'testuser3', 691, 'gregori', 'gregori', '2015-10-05 14:19:30', '2015-10-05 14:19:30');
INSERT INTO "tblCOM_UserProfile" VALUES (51, 'testuser3', 61, 'gregori', 'gregori', '2015-10-05 14:19:30', '2015-10-05 14:19:30');
INSERT INTO "tblCOM_UserProfile" VALUES (52, 'testuser3', 62, 'gregori', 'gregori', '2015-10-05 14:19:30', '2015-10-05 14:19:30');
INSERT INTO "tblCOM_UserProfile" VALUES (53, 'testuser3', 52, 'gregori', 'gregori', '2015-10-05 14:19:30', '2015-10-05 14:19:30');
INSERT INTO "tblCOM_UserProfile" VALUES (64, 'testuser3', 692, 'gregori', 'gregori', '2015-10-05 14:19:30', '2015-10-05 14:19:30');
INSERT INTO "tblCOM_UserProfile" VALUES (64, 'testuser3', 693, 'gregori', 'gregori', '2015-10-05 14:19:30', '2015-10-05 14:19:30');
INSERT INTO "tblCOM_UserProfile" VALUES (64, 'testuser3', 699, 'gregori', 'gregori', '2015-10-05 14:19:30', '2015-10-05 14:19:30');
INSERT INTO "tblCOM_UserProfile" VALUES (64, 'testuser3', 58, 'gregori', 'gregori', '2015-10-05 14:19:30', '2015-10-05 14:19:30');
INSERT INTO "tblCOM_UserProfile" VALUES (42, 'testuser3', 44, 'gregori', 'gregori', '2015-10-05 14:19:30', '2015-10-05 14:19:30');
INSERT INTO "tblCOM_UserProfile" VALUES (47, 'testuser3', 49, 'gregori', 'gregori', '2015-10-05 14:19:30', '2015-10-05 14:19:30');
INSERT INTO "tblCOM_UserProfile" VALUES (54, 'testuser3', 63, 'gregori', 'gregori', '2015-10-05 14:19:30', '2015-10-05 14:19:30');
INSERT INTO "tblCOM_UserProfile" VALUES (57, 'testuser3', 55, 'gregori', 'gregori', '2015-10-05 14:19:30', '2015-10-05 14:19:30');
INSERT INTO "tblCOM_UserProfile" VALUES (43, 'testuser3', 45, 'gregori', 'gregori', '2015-10-05 14:19:30', '2015-10-05 14:19:30');
INSERT INTO "tblCOM_UserProfile" VALUES (58, 'testuser3', 21, 'gregori', 'gregori', '2015-10-05 14:19:30', '2015-10-05 14:19:30');
INSERT INTO "tblCOM_UserProfile" VALUES (73, 'testuser3', 73, 'gregori', 'gregori', '2015-10-05 14:19:30', '2015-10-05 14:19:30');
INSERT INTO "tblCOM_UserProfile" VALUES (59, 'testuser3', 56, 'gregori', 'gregori', '2015-10-05 14:19:30', '2015-10-05 14:19:30');
INSERT INTO "tblCOM_UserProfile" VALUES (60, 'testuser3', 64, 'gregori', 'gregori', '2015-10-05 14:19:30', '2015-10-05 14:19:30');
INSERT INTO "tblCOM_UserProfile" VALUES (61, 'testuser3', 19, 'gregori', 'gregori', '2015-10-05 14:19:30', '2015-10-05 14:19:30');
INSERT INTO "tblCOM_UserProfile" VALUES (63, 'testuser3', 65, 'gregori', 'gregori', '2015-10-05 14:19:30', '2015-10-05 14:19:30');
INSERT INTO "tblCOM_UserProfile" VALUES (65, 'testuser3', 59, 'gregori', 'gregori', '2015-10-05 14:19:30', '2015-10-05 14:19:30');
INSERT INTO "tblCOM_UserProfile" VALUES (66, 'testuser3', 67, 'gregori', 'gregori', '2015-10-05 14:19:30', '2015-10-05 14:19:30');
INSERT INTO "tblCOM_UserProfile" VALUES (67, 'testuser3', 66, 'gregori', 'gregori', '2015-10-05 14:19:30', '2015-10-05 14:19:30');
INSERT INTO "tblCOM_UserProfile" VALUES (44, 'testuser3', 46, 'gregori', 'gregori', '2015-10-05 14:19:30', '2015-10-05 14:19:30');
INSERT INTO "tblCOM_UserProfile" VALUES (62, 'testuser3', 57, 'gregori', 'gregori', '2015-10-05 14:19:30', '2015-10-05 14:19:30');
INSERT INTO "tblCOM_UserProfile" VALUES (49, 'testuser3', 50, 'gregori', 'gregori', '2015-10-05 14:19:30', '2015-10-05 14:19:30');
INSERT INTO "tblCOM_UserProfile" VALUES (262, 'testuser3', 665, 'gregori', 'gregori', '2015-10-05 14:19:30', '2015-10-05 14:19:30');
INSERT INTO "tblCOM_UserProfile" VALUES (263, 'testuser3', 634, 'gregori', 'gregori', '2015-10-05 14:19:30', '2015-10-05 14:19:30');
INSERT INTO "tblCOM_UserProfile" VALUES (263, 'testuser3', 635, 'gregori', 'gregori', '2015-10-05 14:19:30', '2015-10-05 14:19:30');
INSERT INTO "tblCOM_UserProfile" VALUES (263, 'testuser3', 636, 'gregori', 'gregori', '2015-10-05 14:19:30', '2015-10-05 14:19:30');
INSERT INTO "tblCOM_UserProfile" VALUES (263, 'testuser3', 633, 'gregori', 'gregori', '2015-10-05 14:19:30', '2015-10-05 14:19:30');
INSERT INTO "tblCOM_UserProfile" VALUES (264, 'testuser3', 638, 'gregori', 'gregori', '2015-10-05 14:19:30', '2015-10-05 14:19:30');
INSERT INTO "tblCOM_UserProfile" VALUES (264, 'testuser3', 639, 'gregori', 'gregori', '2015-10-05 14:19:30', '2015-10-05 14:19:30');
INSERT INTO "tblCOM_UserProfile" VALUES (264, 'testuser3', 640, 'gregori', 'gregori', '2015-10-05 14:19:30', '2015-10-05 14:19:30');
INSERT INTO "tblCOM_UserProfile" VALUES (264, 'testuser3', 637, 'gregori', 'gregori', '2015-10-05 14:19:30', '2015-10-05 14:19:30');
INSERT INTO "tblCOM_UserProfile" VALUES (265, 'testuser3', 642, 'gregori', 'gregori', '2015-10-05 14:19:30', '2015-10-05 14:19:30');
INSERT INTO "tblCOM_UserProfile" VALUES (265, 'testuser3', 643, 'gregori', 'gregori', '2015-10-05 14:19:30', '2015-10-05 14:19:30');
INSERT INTO "tblCOM_UserProfile" VALUES (265, 'testuser3', 644, 'gregori', 'gregori', '2015-10-05 14:19:30', '2015-10-05 14:19:30');
INSERT INTO "tblCOM_UserProfile" VALUES (265, 'testuser3', 641, 'gregori', 'gregori', '2015-10-05 14:19:30', '2015-10-05 14:19:30');
INSERT INTO "tblCOM_UserProfile" VALUES (266, 'testuser3', 646, 'gregori', 'gregori', '2015-10-05 14:19:30', '2015-10-05 14:19:30');
INSERT INTO "tblCOM_UserProfile" VALUES (266, 'testuser3', 647, 'gregori', 'gregori', '2015-10-05 14:19:30', '2015-10-05 14:19:30');
INSERT INTO "tblCOM_UserProfile" VALUES (266, 'testuser3', 648, 'gregori', 'gregori', '2015-10-05 14:19:30', '2015-10-05 14:19:30');
INSERT INTO "tblCOM_UserProfile" VALUES (266, 'testuser3', 645, 'gregori', 'gregori', '2015-10-05 14:19:30', '2015-10-05 14:19:30');
INSERT INTO "tblCOM_UserProfile" VALUES (267, 'testuser3', 650, 'gregori', 'gregori', '2015-10-05 14:19:30', '2015-10-05 14:19:30');
INSERT INTO "tblCOM_UserProfile" VALUES (267, 'testuser3', 651, 'gregori', 'gregori', '2015-10-05 14:19:30', '2015-10-05 14:19:30');
INSERT INTO "tblCOM_UserProfile" VALUES (267, 'testuser3', 652, 'gregori', 'gregori', '2015-10-05 14:19:30', '2015-10-05 14:19:30');
INSERT INTO "tblCOM_UserProfile" VALUES (267, 'testuser3', 649, 'gregori', 'gregori', '2015-10-05 14:19:30', '2015-10-05 14:19:30');
INSERT INTO "tblCOM_UserProfile" VALUES (274, 'testuser3', 680, 'gregori', 'gregori', '2015-10-05 14:19:31', '2015-10-05 14:19:31');
INSERT INTO "tblCOM_UserProfile" VALUES (274, 'testuser3', 681, 'gregori', 'gregori', '2015-10-05 14:19:31', '2015-10-05 14:19:31');
INSERT INTO "tblCOM_UserProfile" VALUES (274, 'testuser3', 682, 'gregori', 'gregori', '2015-10-05 14:19:31', '2015-10-05 14:19:31');
INSERT INTO "tblCOM_UserProfile" VALUES (274, 'testuser3', 679, 'gregori', 'gregori', '2015-10-05 14:19:31', '2015-10-05 14:19:31');
INSERT INTO "tblCOM_UserProfile" VALUES (275, 'testuser3', 684, 'gregori', 'gregori', '2015-10-05 14:19:31', '2015-10-05 14:19:31');
INSERT INTO "tblCOM_UserProfile" VALUES (275, 'testuser3', 685, 'gregori', 'gregori', '2015-10-05 14:19:31', '2015-10-05 14:19:31');
INSERT INTO "tblCOM_UserProfile" VALUES (275, 'testuser3', 686, 'gregori', 'gregori', '2015-10-05 14:19:31', '2015-10-05 14:19:31');
INSERT INTO "tblCOM_UserProfile" VALUES (275, 'testuser3', 683, 'gregori', 'gregori', '2015-10-05 14:19:31', '2015-10-05 14:19:31');
INSERT INTO "tblCOM_UserProfile" VALUES (4, 'testuser3', 3, 'gregori', 'gregori', '2015-10-05 14:19:31', '2015-10-05 14:19:31');
INSERT INTO "tblCOM_UserProfile" VALUES (5, 'testuser3', 4, 'gregori', 'gregori', '2015-10-05 14:19:31', '2015-10-05 14:19:31');
INSERT INTO "tblCOM_UserProfile" VALUES (185, 'testuser3', 185, 'gregori', 'gregori', '2015-10-05 14:19:31', '2015-10-05 14:19:31');
INSERT INTO "tblCOM_UserProfile" VALUES (188, 'testuser3', 189, 'gregori', 'gregori', '2015-10-05 14:19:31', '2015-10-05 14:19:31');
INSERT INTO "tblCOM_UserProfile" VALUES (191, 'testuser3', 192, 'gregori', 'gregori', '2015-10-05 14:19:31', '2015-10-05 14:19:31');
INSERT INTO "tblCOM_UserProfile" VALUES (192, 'testuser3', 193, 'gregori', 'gregori', '2015-10-05 14:19:31', '2015-10-05 14:19:31');
INSERT INTO "tblCOM_UserProfile" VALUES (190, 'testuser3', 191, 'gregori', 'gregori', '2015-10-05 14:19:31', '2015-10-05 14:19:31');
INSERT INTO "tblCOM_UserProfile" VALUES (193, 'testuser3', 194, 'gregori', 'gregori', '2015-10-05 14:19:31', '2015-10-05 14:19:31');
INSERT INTO "tblCOM_UserProfile" VALUES (194, 'testuser3', 195, 'gregori', 'gregori', '2015-10-05 14:19:31', '2015-10-05 14:19:31');
INSERT INTO "tblCOM_UserProfile" VALUES (196, 'testuser3', 197, 'gregori', 'gregori', '2015-10-05 14:19:31', '2015-10-05 14:19:31');
INSERT INTO "tblCOM_UserProfile" VALUES (195, 'testuser3', 196, 'gregori', 'gregori', '2015-10-05 14:19:31', '2015-10-05 14:19:31');
INSERT INTO "tblCOM_UserProfile" VALUES (198, 'testuser3', 199, 'gregori', 'gregori', '2015-10-05 14:19:31', '2015-10-05 14:19:31');
INSERT INTO "tblCOM_UserProfile" VALUES (201, 'testuser3', 202, 'gregori', 'gregori', '2015-10-05 14:19:31', '2015-10-05 14:19:31');
INSERT INTO "tblCOM_UserProfile" VALUES (202, 'testuser3', 203, 'gregori', 'gregori', '2015-10-05 14:19:31', '2015-10-05 14:19:31');
INSERT INTO "tblCOM_UserProfile" VALUES (203, 'testuser3', 204, 'gregori', 'gregori', '2015-10-05 14:19:31', '2015-10-05 14:19:31');
INSERT INTO "tblCOM_UserProfile" VALUES (210, 'testuser3', 211, 'gregori', 'gregori', '2015-10-05 14:19:31', '2015-10-05 14:19:31');
INSERT INTO "tblCOM_UserProfile" VALUES (235, 'testuser3', 238, 'gregori', 'gregori', '2015-10-05 14:19:31', '2015-10-05 14:19:31');
INSERT INTO "tblCOM_UserProfile" VALUES (236, 'testuser3', 236, 'gregori', 'gregori', '2015-10-05 14:19:31', '2015-10-05 14:19:31');
INSERT INTO "tblCOM_UserProfile" VALUES (237, 'testuser3', 237, 'gregori', 'gregori', '2015-10-05 14:19:31', '2015-10-05 14:19:31');
INSERT INTO "tblCOM_UserProfile" VALUES (239, 'testuser3', 240, 'gregori', 'gregori', '2015-10-05 14:19:31', '2015-10-05 14:19:31');
INSERT INTO "tblCOM_UserProfile" VALUES (204, 'testuser3', 205, 'gregori', 'gregori', '2015-10-05 14:19:31', '2015-10-05 14:19:31');
INSERT INTO "tblCOM_UserProfile" VALUES (212, 'testuser3', 213, 'gregori', 'gregori', '2015-10-05 14:19:31', '2015-10-05 14:19:31');
INSERT INTO "tblCOM_UserProfile" VALUES (215, 'testuser3', 216, 'gregori', 'gregori', '2015-10-05 14:19:31', '2015-10-05 14:19:31');
INSERT INTO "tblCOM_UserProfile" VALUES (217, 'testuser3', 218, 'gregori', 'gregori', '2015-10-05 14:19:31', '2015-10-05 14:19:31');
INSERT INTO "tblCOM_UserProfile" VALUES (213, 'testuser3', 214, 'gregori', 'gregori', '2015-10-05 14:19:31', '2015-10-05 14:19:31');
INSERT INTO "tblCOM_UserProfile" VALUES (197, 'testuser3', 198, 'gregori', 'gregori', '2015-10-05 14:19:31', '2015-10-05 14:19:31');
INSERT INTO "tblCOM_UserProfile" VALUES (216, 'testuser3', 217, 'gregori', 'gregori', '2015-10-05 14:19:31', '2015-10-05 14:19:31');
INSERT INTO "tblCOM_UserProfile" VALUES (271, 'testuser3', 672, 'gregori', 'gregori', '2015-10-05 14:19:30', '2015-10-05 14:19:30');
INSERT INTO "tblCOM_UserProfile" VALUES (271, 'testuser3', 673, 'gregori', 'gregori', '2015-10-05 14:19:30', '2015-10-05 14:19:30');
INSERT INTO "tblCOM_UserProfile" VALUES (271, 'testuser3', 675, 'gregori', 'gregori', '2015-10-05 14:19:30', '2015-10-05 14:19:30');
INSERT INTO "tblCOM_UserProfile" VALUES (271, 'testuser3', 667, 'gregori', 'gregori', '2015-10-05 14:19:30', '2015-10-05 14:19:30');
INSERT INTO "tblCOM_UserProfile" VALUES (272, 'testuser3', 676, 'gregori', 'gregori', '2015-10-05 14:19:30', '2015-10-05 14:19:30');
INSERT INTO "tblCOM_UserProfile" VALUES (272, 'testuser3', 677, 'gregori', 'gregori', '2015-10-05 14:19:30', '2015-10-05 14:19:30');
INSERT INTO "tblCOM_UserProfile" VALUES (272, 'testuser3', 678, 'gregori', 'gregori', '2015-10-05 14:19:30', '2015-10-05 14:19:30');
INSERT INTO "tblCOM_UserProfile" VALUES (268, 'testuser3', 658, 'gregori', 'gregori', '2015-10-05 14:19:30', '2015-10-05 14:19:30');
INSERT INTO "tblCOM_UserProfile" VALUES (268, 'testuser3', 659, 'gregori', 'gregori', '2015-10-05 14:19:30', '2015-10-05 14:19:30');
INSERT INTO "tblCOM_UserProfile" VALUES (268, 'testuser3', 660, 'gregori', 'gregori', '2015-10-05 14:19:30', '2015-10-05 14:19:30');
INSERT INTO "tblCOM_UserProfile" VALUES (268, 'testuser3', 657, 'gregori', 'gregori', '2015-10-05 14:19:30', '2015-10-05 14:19:30');
INSERT INTO "tblCOM_UserProfile" VALUES (269, 'testuser3', 662, 'gregori', 'gregori', '2015-10-05 14:19:30', '2015-10-05 14:19:30');
INSERT INTO "tblCOM_UserProfile" VALUES (269, 'testuser3', 663, 'gregori', 'gregori', '2015-10-05 14:19:30', '2015-10-05 14:19:30');
INSERT INTO "tblCOM_UserProfile" VALUES (269, 'testuser3', 664, 'gregori', 'gregori', '2015-10-05 14:19:30', '2015-10-05 14:19:30');
INSERT INTO "tblCOM_UserProfile" VALUES (269, 'testuser3', 661, 'gregori', 'gregori', '2015-10-05 14:19:30', '2015-10-05 14:19:30');
INSERT INTO "tblCOM_UserProfile" VALUES (270, 'testuser3', 654, 'gregori', 'gregori', '2015-10-05 14:19:30', '2015-10-05 14:19:30');
INSERT INTO "tblCOM_UserProfile" VALUES (270, 'testuser3', 655, 'gregori', 'gregori', '2015-10-05 14:19:30', '2015-10-05 14:19:30');
INSERT INTO "tblCOM_UserProfile" VALUES (270, 'testuser3', 656, 'gregori', 'gregori', '2015-10-05 14:19:30', '2015-10-05 14:19:30');
INSERT INTO "tblCOM_UserProfile" VALUES (270, 'testuser3', 653, 'gregori', 'gregori', '2015-10-05 14:19:30', '2015-10-05 14:19:30');
INSERT INTO "tblCOM_UserProfile" VALUES (220, 'testuser3', 221, 'gregori', 'gregori', '2015-10-05 14:19:31', '2015-10-05 14:19:31');
INSERT INTO "tblCOM_UserProfile" VALUES (224, 'testuser3', 225, 'gregori', 'gregori', '2015-10-05 14:19:31', '2015-10-05 14:19:31');
INSERT INTO "tblCOM_UserProfile" VALUES (225, 'testuser3', 226, 'gregori', 'gregori', '2015-10-05 14:19:31', '2015-10-05 14:19:31');
INSERT INTO "tblCOM_UserProfile" VALUES (226, 'testuser3', 227, 'gregori', 'gregori', '2015-10-05 14:19:31', '2015-10-05 14:19:31');
INSERT INTO "tblCOM_UserProfile" VALUES (218, 'testuser3', 220, 'gregori', 'gregori', '2015-10-05 14:19:31', '2015-10-05 14:19:31');
INSERT INTO "tblCOM_UserProfile" VALUES (187, 'testuser3', 187, 'gregori', 'gregori', '2015-10-05 14:19:31', '2015-10-05 14:19:31');
INSERT INTO "tblCOM_UserProfile" VALUES (219, 'testuser3', 219, 'gregori', 'gregori', '2015-10-05 14:19:31', '2015-10-05 14:19:31');
INSERT INTO "tblCOM_UserProfile" VALUES (6, 'testuser3', 5, 'gregori', 'gregori', '2015-10-05 14:19:31', '2015-10-05 14:19:31');
INSERT INTO "tblCOM_UserProfile" VALUES (110, 'testuser3', 110, 'gregori', 'gregori', '2015-10-05 14:19:31', '2015-10-05 14:19:31');
INSERT INTO "tblCOM_UserProfile" VALUES (112, 'testuser3', 112, 'gregori', 'gregori', '2015-10-05 14:19:31', '2015-10-05 14:19:31');
INSERT INTO "tblCOM_UserProfile" VALUES (113, 'testuser3', 113, 'gregori', 'gregori', '2015-10-05 14:19:31', '2015-10-05 14:19:31');
INSERT INTO "tblCOM_UserProfile" VALUES (114, 'testuser3', 114, 'gregori', 'gregori', '2015-10-05 14:19:31', '2015-10-05 14:19:31');
INSERT INTO "tblCOM_UserProfile" VALUES (122, 'testuser3', 122, 'gregori', 'gregori', '2015-10-05 14:19:31', '2015-10-05 14:19:31');
INSERT INTO "tblCOM_UserProfile" VALUES (123, 'testuser3', 123, 'gregori', 'gregori', '2015-10-05 14:19:31', '2015-10-05 14:19:31');
INSERT INTO "tblCOM_UserProfile" VALUES (124, 'testuser3', 124, 'gregori', 'gregori', '2015-10-05 14:19:31', '2015-10-05 14:19:31');
INSERT INTO "tblCOM_UserProfile" VALUES (125, 'testuser3', 125, 'gregori', 'gregori', '2015-10-05 14:19:31', '2015-10-05 14:19:31');
INSERT INTO "tblCOM_UserProfile" VALUES (126, 'testuser3', 134, 'gregori', 'gregori', '2015-10-05 14:19:31', '2015-10-05 14:19:31');
INSERT INTO "tblCOM_UserProfile" VALUES (127, 'testuser3', 126, 'gregori', 'gregori', '2015-10-05 14:19:31', '2015-10-05 14:19:31');
INSERT INTO "tblCOM_UserProfile" VALUES (129, 'testuser3', 128, 'gregori', 'gregori', '2015-10-05 14:19:31', '2015-10-05 14:19:31');
INSERT INTO "tblCOM_UserProfile" VALUES (130, 'testuser3', 129, 'gregori', 'gregori', '2015-10-05 14:19:31', '2015-10-05 14:19:31');
INSERT INTO "tblCOM_UserProfile" VALUES (128, 'testuser3', 127, 'gregori', 'gregori', '2015-10-05 14:19:31', '2015-10-05 14:19:31');
INSERT INTO "tblCOM_UserProfile" VALUES (131, 'testuser3', 130, 'gregori', 'gregori', '2015-10-05 14:19:31', '2015-10-05 14:19:31');
INSERT INTO "tblCOM_UserProfile" VALUES (133, 'testuser3', 132, 'gregori', 'gregori', '2015-10-05 14:19:31', '2015-10-05 14:19:31');
INSERT INTO "tblCOM_UserProfile" VALUES (134, 'testuser3', 133, 'gregori', 'gregori', '2015-10-05 14:19:31', '2015-10-05 14:19:31');
INSERT INTO "tblCOM_UserProfile" VALUES (132, 'testuser3', 131, 'gregori', 'gregori', '2015-10-05 14:19:31', '2015-10-05 14:19:31');
INSERT INTO "tblCOM_UserProfile" VALUES (115, 'testuser3', 115, 'gregori', 'gregori', '2015-10-05 14:19:31', '2015-10-05 14:19:31');
INSERT INTO "tblCOM_UserProfile" VALUES (116, 'testuser3', 116, 'gregori', 'gregori', '2015-10-05 14:19:31', '2015-10-05 14:19:31');
INSERT INTO "tblCOM_UserProfile" VALUES (120, 'testuser3', 120, 'gregori', 'gregori', '2015-10-05 14:19:31', '2015-10-05 14:19:31');
INSERT INTO "tblCOM_UserProfile" VALUES (121, 'testuser3', 121, 'gregori', 'gregori', '2015-10-05 14:19:31', '2015-10-05 14:19:31');
INSERT INTO "tblCOM_UserProfile" VALUES (117, 'testuser3', 117, 'gregori', 'gregori', '2015-10-05 14:19:31', '2015-10-05 14:19:31');
INSERT INTO "tblCOM_UserProfile" VALUES (118, 'testuser3', 118, 'gregori', 'gregori', '2015-10-05 14:19:31', '2015-10-05 14:19:31');
INSERT INTO "tblCOM_UserProfile" VALUES (119, 'testuser3', 119, 'gregori', 'gregori', '2015-10-05 14:19:31', '2015-10-05 14:19:31');
INSERT INTO "tblCOM_UserProfile" VALUES (141, 'testuser3', 141, 'gregori', 'gregori', '2015-10-05 14:19:31', '2015-10-05 14:19:31');
INSERT INTO "tblCOM_UserProfile" VALUES (111, 'testuser3', 111, 'gregori', 'gregori', '2015-10-05 14:19:31', '2015-10-05 14:19:31');
INSERT INTO "tblCOM_UserProfile" VALUES (135, 'testuser3', 135, 'gregori', 'gregori', '2015-10-05 14:19:31', '2015-10-05 14:19:31');
INSERT INTO "tblCOM_UserProfile" VALUES (136, 'testuser3', 136, 'gregori', 'gregori', '2015-10-05 14:19:31', '2015-10-05 14:19:31');
INSERT INTO "tblCOM_UserProfile" VALUES (137, 'testuser3', 137, 'gregori', 'gregori', '2015-10-05 14:19:31', '2015-10-05 14:19:31');
INSERT INTO "tblCOM_UserProfile" VALUES (138, 'testuser3', 138, 'gregori', 'gregori', '2015-10-05 14:19:31', '2015-10-05 14:19:31');
INSERT INTO "tblCOM_UserProfile" VALUES (7, 'testuser3', 6, 'gregori', 'gregori', '2015-10-05 14:19:31', '2015-10-05 14:19:31');
INSERT INTO "tblCOM_UserProfile" VALUES (179, 'testuser3', 179, 'gregori', 'gregori', '2015-10-05 14:19:31', '2015-10-05 14:19:31');
INSERT INTO "tblCOM_UserProfile" VALUES (180, 'testuser3', 180, 'gregori', 'gregori', '2015-10-05 14:19:31', '2015-10-05 14:19:31');
INSERT INTO "tblCOM_UserProfile" VALUES (181, 'testuser3', 181, 'gregori', 'gregori', '2015-10-05 14:19:31', '2015-10-05 14:19:31');
INSERT INTO "tblCOM_UserProfile" VALUES (221, 'testuser3', 222, 'gregori', 'gregori', '2015-10-05 14:19:31', '2015-10-05 14:19:31');
INSERT INTO "tblCOM_UserProfile" VALUES (222, 'testuser3', 223, 'gregori', 'gregori', '2015-10-05 14:19:31', '2015-10-05 14:19:31');
INSERT INTO "tblCOM_UserProfile" VALUES (223, 'testuser3', 224, 'gregori', 'gregori', '2015-10-05 14:19:31', '2015-10-05 14:19:31');
INSERT INTO "tblCOM_UserProfile" VALUES (8, 'testuser3', 7, 'gregori', 'gregori', '2015-10-05 14:19:31', '2015-10-05 14:19:31');
INSERT INTO "tblCOM_UserProfile" VALUES (186, 'testuser3', 186, 'gregori', 'gregori', '2015-10-05 14:19:31', '2015-10-05 14:19:31');
INSERT INTO "tblCOM_UserProfile" VALUES (207, 'testuser3', 208, 'gregori', 'gregori', '2015-10-05 14:19:31', '2015-10-05 14:19:31');
INSERT INTO "tblCOM_UserProfile" VALUES (208, 'testuser3', 209, 'gregori', 'gregori', '2015-10-05 14:19:31', '2015-10-05 14:19:31');
INSERT INTO "tblCOM_UserProfile" VALUES (228, 'testuser3', 229, 'gregori', 'gregori', '2015-10-05 14:19:31', '2015-10-05 14:19:31');
INSERT INTO "tblCOM_UserProfile" VALUES (232, 'testuser3', 233, 'gregori', 'gregori', '2015-10-05 14:19:31', '2015-10-05 14:19:31');
INSERT INTO "tblCOM_UserProfile" VALUES (229, 'testuser3', 230, 'gregori', 'gregori', '2015-10-05 14:19:31', '2015-10-05 14:19:31');
INSERT INTO "tblCOM_UserProfile" VALUES (233, 'testuser3', 234, 'gregori', 'gregori', '2015-10-05 14:19:31', '2015-10-05 14:19:31');
INSERT INTO "tblCOM_UserProfile" VALUES (234, 'testuser3', 235, 'gregori', 'gregori', '2015-10-05 14:19:31', '2015-10-05 14:19:31');
INSERT INTO "tblCOM_UserProfile" VALUES (230, 'testuser3', 231, 'gregori', 'gregori', '2015-10-05 14:19:31', '2015-10-05 14:19:31');
INSERT INTO "tblCOM_UserProfile" VALUES (209, 'testuser3', 210, 'gregori', 'gregori', '2015-10-05 14:19:31', '2015-10-05 14:19:31');
INSERT INTO "tblCOM_UserProfile" VALUES (211, 'testuser3', 212, 'gregori', 'gregori', '2015-10-05 14:19:31', '2015-10-05 14:19:31');
INSERT INTO "tblCOM_UserProfile" VALUES (227, 'testuser3', 228, 'gregori', 'gregori', '2015-10-05 14:19:31', '2015-10-05 14:19:31');
INSERT INTO "tblCOM_UserProfile" VALUES (205, 'testuser3', 206, 'gregori', 'gregori', '2015-10-05 14:19:31', '2015-10-05 14:19:31');
INSERT INTO "tblCOM_UserProfile" VALUES (206, 'testuser3', 207, 'gregori', 'gregori', '2015-10-05 14:19:31', '2015-10-05 14:19:31');
INSERT INTO "tblCOM_UserProfile" VALUES (231, 'testuser3', 232, 'gregori', 'gregori', '2015-10-05 14:19:31', '2015-10-05 14:19:31');
INSERT INTO "tblCOM_UserProfile" VALUES (1, 'testuser4', 1, 'gregori', 'gregori', '2015-10-05 14:19:51', '2015-10-05 14:19:51');
INSERT INTO "tblCOM_UserProfile" VALUES (9, 'testuser4', 9, 'gregori', 'gregori', '2015-10-05 14:19:51', '2015-10-05 14:19:51');
INSERT INTO "tblCOM_UserProfile" VALUES (13, 'testuser4', 243, 'gregori', 'gregori', '2015-10-05 14:19:51', '2015-10-05 14:19:51');
INSERT INTO "tblCOM_UserProfile" VALUES (13, 'testuser4', 244, 'gregori', 'gregori', '2015-10-05 14:19:51', '2015-10-05 14:19:51');
INSERT INTO "tblCOM_UserProfile" VALUES (13, 'testuser4', 247, 'gregori', 'gregori', '2015-10-05 14:19:51', '2015-10-05 14:19:51');
INSERT INTO "tblCOM_UserProfile" VALUES (13, 'testuser4', 376, 'gregori', 'gregori', '2015-10-05 14:19:51', '2015-10-05 14:19:51');
INSERT INTO "tblCOM_UserProfile" VALUES (13, 'testuser4', 13, 'gregori', 'gregori', '2015-10-05 14:19:51', '2015-10-05 14:19:51');
INSERT INTO "tblCOM_UserProfile" VALUES (14, 'testuser4', 245, 'gregori', 'gregori', '2015-10-05 14:19:51', '2015-10-05 14:19:51');
INSERT INTO "tblCOM_UserProfile" VALUES (14, 'testuser4', 246, 'gregori', 'gregori', '2015-10-05 14:19:51', '2015-10-05 14:19:51');
INSERT INTO "tblCOM_UserProfile" VALUES (14, 'testuser4', 377, 'gregori', 'gregori', '2015-10-05 14:19:51', '2015-10-05 14:19:51');
INSERT INTO "tblCOM_UserProfile" VALUES (14, 'testuser4', 14, 'gregori', 'gregori', '2015-10-05 14:19:51', '2015-10-05 14:19:51');
INSERT INTO "tblCOM_UserProfile" VALUES (248, 'testuser4', 608, 'gregori', 'gregori', '2015-10-05 14:19:51', '2015-10-05 14:19:51');
INSERT INTO "tblCOM_UserProfile" VALUES (248, 'testuser4', 610, 'gregori', 'gregori', '2015-10-05 14:19:51', '2015-10-05 14:19:51');
INSERT INTO "tblCOM_UserProfile" VALUES (10, 'testuser4', 10, 'gregori', 'gregori', '2015-10-05 14:19:51', '2015-10-05 14:19:51');
INSERT INTO "tblCOM_UserProfile" VALUES (19, 'testuser4', 332, 'gregori', 'gregori', '2015-10-05 14:19:51', '2015-10-05 14:19:51');
INSERT INTO "tblCOM_UserProfile" VALUES (19, 'testuser4', 344, 'gregori', 'gregori', '2015-10-05 14:19:51', '2015-10-05 14:19:51');
INSERT INTO "tblCOM_UserProfile" VALUES (19, 'testuser4', 381, 'gregori', 'gregori', '2015-10-05 14:19:51', '2015-10-05 14:19:51');
INSERT INTO "tblCOM_UserProfile" VALUES (19, 'testuser4', 20, 'gregori', 'gregori', '2015-10-05 14:19:51', '2015-10-05 14:19:51');
INSERT INTO "tblCOM_UserProfile" VALUES (20, 'testuser4', 339, 'gregori', 'gregori', '2015-10-05 14:19:51', '2015-10-05 14:19:51');
INSERT INTO "tblCOM_UserProfile" VALUES (20, 'testuser4', 351, 'gregori', 'gregori', '2015-10-05 14:19:51', '2015-10-05 14:19:51');
INSERT INTO "tblCOM_UserProfile" VALUES (20, 'testuser4', 383, 'gregori', 'gregori', '2015-10-05 14:19:51', '2015-10-05 14:19:51');
INSERT INTO "tblCOM_UserProfile" VALUES (20, 'testuser4', 22, 'gregori', 'gregori', '2015-10-05 14:19:51', '2015-10-05 14:19:51');
INSERT INTO "tblCOM_UserProfile" VALUES (21, 'testuser4', 23, 'gregori', 'gregori', '2015-10-05 14:19:51', '2015-10-05 14:19:51');
INSERT INTO "tblCOM_UserProfile" VALUES (22, 'testuser4', 252, 'gregori', 'gregori', '2015-10-05 14:19:51', '2015-10-05 14:19:51');
INSERT INTO "tblCOM_UserProfile" VALUES (22, 'testuser4', 253, 'gregori', 'gregori', '2015-10-05 14:19:51', '2015-10-05 14:19:51');
INSERT INTO "tblCOM_UserProfile" VALUES (22, 'testuser4', 385, 'gregori', 'gregori', '2015-10-05 14:19:51', '2015-10-05 14:19:51');
INSERT INTO "tblCOM_UserProfile" VALUES (22, 'testuser4', 24, 'gregori', 'gregori', '2015-10-05 14:19:51', '2015-10-05 14:19:51');
INSERT INTO "tblCOM_UserProfile" VALUES (30, 'testuser4', 275, 'gregori', 'gregori', '2015-10-05 14:19:51', '2015-10-05 14:19:51');
INSERT INTO "tblCOM_UserProfile" VALUES (30, 'testuser4', 307, 'gregori', 'gregori', '2015-10-05 14:19:51', '2015-10-05 14:19:51');
INSERT INTO "tblCOM_UserProfile" VALUES (30, 'testuser4', 422, 'gregori', 'gregori', '2015-10-05 14:19:51', '2015-10-05 14:19:51');
INSERT INTO "tblCOM_UserProfile" VALUES (30, 'testuser4', 32, 'gregori', 'gregori', '2015-10-05 14:19:51', '2015-10-05 14:19:51');
INSERT INTO "tblCOM_UserProfile" VALUES (31, 'testuser4', 277, 'gregori', 'gregori', '2015-10-05 14:19:51', '2015-10-05 14:19:51');
INSERT INTO "tblCOM_UserProfile" VALUES (31, 'testuser4', 309, 'gregori', 'gregori', '2015-10-05 14:19:51', '2015-10-05 14:19:51');
INSERT INTO "tblCOM_UserProfile" VALUES (31, 'testuser4', 414, 'gregori', 'gregori', '2015-10-05 14:19:51', '2015-10-05 14:19:51');
INSERT INTO "tblCOM_UserProfile" VALUES (31, 'testuser4', 33, 'gregori', 'gregori', '2015-10-05 14:19:51', '2015-10-05 14:19:51');
INSERT INTO "tblCOM_UserProfile" VALUES (32, 'testuser4', 276, 'gregori', 'gregori', '2015-10-05 14:19:51', '2015-10-05 14:19:51');
INSERT INTO "tblCOM_UserProfile" VALUES (32, 'testuser4', 308, 'gregori', 'gregori', '2015-10-05 14:19:51', '2015-10-05 14:19:51');
INSERT INTO "tblCOM_UserProfile" VALUES (32, 'testuser4', 366, 'gregori', 'gregori', '2015-10-05 14:19:51', '2015-10-05 14:19:51');
INSERT INTO "tblCOM_UserProfile" VALUES (32, 'testuser4', 34, 'gregori', 'gregori', '2015-10-05 14:19:51', '2015-10-05 14:19:51');
INSERT INTO "tblCOM_UserProfile" VALUES (33, 'testuser4', 278, 'gregori', 'gregori', '2015-10-05 14:19:51', '2015-10-05 14:19:51');
INSERT INTO "tblCOM_UserProfile" VALUES (33, 'testuser4', 310, 'gregori', 'gregori', '2015-10-05 14:19:51', '2015-10-05 14:19:51');
INSERT INTO "tblCOM_UserProfile" VALUES (33, 'testuser4', 413, 'gregori', 'gregori', '2015-10-05 14:19:51', '2015-10-05 14:19:51');
INSERT INTO "tblCOM_UserProfile" VALUES (33, 'testuser4', 35, 'gregori', 'gregori', '2015-10-05 14:19:51', '2015-10-05 14:19:51');
INSERT INTO "tblCOM_UserProfile" VALUES (77, 'testuser4', 77, 'gregori', 'gregori', '2015-10-05 14:19:51', '2015-10-05 14:19:51');
INSERT INTO "tblCOM_UserProfile" VALUES (79, 'testuser4', 79, 'gregori', 'gregori', '2015-10-05 14:19:51', '2015-10-05 14:19:51');
INSERT INTO "tblCOM_UserProfile" VALUES (68, 'testuser4', 68, 'gregori', 'gregori', '2015-10-05 14:19:51', '2015-10-05 14:19:51');
INSERT INTO "tblCOM_UserProfile" VALUES (83, 'testuser4', 83, 'gregori', 'gregori', '2015-10-05 14:19:51', '2015-10-05 14:19:51');
INSERT INTO "tblCOM_UserProfile" VALUES (109, 'testuser4', 109, 'gregori', 'gregori', '2015-10-05 14:19:51', '2015-10-05 14:19:51');
INSERT INTO "tblCOM_UserProfile" VALUES (140, 'testuser4', 140, 'gregori', 'gregori', '2015-10-05 14:19:51', '2015-10-05 14:19:51');
INSERT INTO "tblCOM_UserProfile" VALUES (178, 'testuser4', 178, 'gregori', 'gregori', '2015-10-05 14:19:51', '2015-10-05 14:19:51');
INSERT INTO "tblCOM_UserProfile" VALUES (184, 'testuser4', 184, 'gregori', 'gregori', '2015-10-05 14:19:51', '2015-10-05 14:19:51');
INSERT INTO "tblCOM_UserProfile" VALUES (80, 'testuser4', 80, 'gregori', 'gregori', '2015-10-05 14:19:51', '2015-10-05 14:19:51');
INSERT INTO "tblCOM_UserProfile" VALUES (84, 'testuser4', 84, 'gregori', 'gregori', '2015-10-05 14:19:51', '2015-10-05 14:19:51');
INSERT INTO "tblCOM_UserProfile" VALUES (85, 'testuser4', 85, 'gregori', 'gregori', '2015-10-05 14:19:51', '2015-10-05 14:19:51');
INSERT INTO "tblCOM_UserProfile" VALUES (81, 'testuser4', 81, 'gregori', 'gregori', '2015-10-05 14:19:51', '2015-10-05 14:19:51');
INSERT INTO "tblCOM_UserProfile" VALUES (70, 'testuser4', 70, 'gregori', 'gregori', '2015-10-05 14:19:51', '2015-10-05 14:19:51');
INSERT INTO "tblCOM_UserProfile" VALUES (86, 'testuser4', 86, 'gregori', 'gregori', '2015-10-05 14:19:51', '2015-10-05 14:19:51');
INSERT INTO "tblCOM_UserProfile" VALUES (87, 'testuser4', 87, 'gregori', 'gregori', '2015-10-05 14:19:51', '2015-10-05 14:19:51');
INSERT INTO "tblCOM_UserProfile" VALUES (88, 'testuser4', 88, 'gregori', 'gregori', '2015-10-05 14:19:51', '2015-10-05 14:19:51');
INSERT INTO "tblCOM_UserProfile" VALUES (89, 'testuser4', 89, 'gregori', 'gregori', '2015-10-05 14:19:51', '2015-10-05 14:19:51');
INSERT INTO "tblCOM_UserProfile" VALUES (90, 'testuser4', 90, 'gregori', 'gregori', '2015-10-05 14:19:51', '2015-10-05 14:19:51');
INSERT INTO "tblCOM_UserProfile" VALUES (92, 'testuser4', 92, 'gregori', 'gregori', '2015-10-05 14:19:51', '2015-10-05 14:19:51');
INSERT INTO "tblCOM_UserProfile" VALUES (93, 'testuser4', 93, 'gregori', 'gregori', '2015-10-05 14:19:51', '2015-10-05 14:19:51');
INSERT INTO "tblCOM_UserProfile" VALUES (91, 'testuser4', 91, 'gregori', 'gregori', '2015-10-05 14:19:51', '2015-10-05 14:19:51');
INSERT INTO "tblCOM_UserProfile" VALUES (94, 'testuser4', 94, 'gregori', 'gregori', '2015-10-05 14:19:51', '2015-10-05 14:19:51');
INSERT INTO "tblCOM_UserProfile" VALUES (96, 'testuser4', 96, 'gregori', 'gregori', '2015-10-05 14:19:51', '2015-10-05 14:19:51');
INSERT INTO "tblCOM_UserProfile" VALUES (95, 'testuser4', 95, 'gregori', 'gregori', '2015-10-05 14:19:51', '2015-10-05 14:19:51');
INSERT INTO "tblCOM_UserProfile" VALUES (139, 'testuser4', 139, 'gregori', 'gregori', '2015-10-05 14:19:51', '2015-10-05 14:19:51');
INSERT INTO "tblCOM_UserProfile" VALUES (82, 'testuser4', 82, 'gregori', 'gregori', '2015-10-05 14:19:51', '2015-10-05 14:19:51');
INSERT INTO "tblCOM_UserProfile" VALUES (98, 'testuser4', 98, 'gregori', 'gregori', '2015-10-05 14:19:51', '2015-10-05 14:19:51');
INSERT INTO "tblCOM_UserProfile" VALUES (103, 'testuser4', 103, 'gregori', 'gregori', '2015-10-05 14:19:51', '2015-10-05 14:19:51');
INSERT INTO "tblCOM_UserProfile" VALUES (104, 'testuser4', 104, 'gregori', 'gregori', '2015-10-05 14:19:51', '2015-10-05 14:19:51');
INSERT INTO "tblCOM_UserProfile" VALUES (99, 'testuser4', 99, 'gregori', 'gregori', '2015-10-05 14:19:51', '2015-10-05 14:19:51');
INSERT INTO "tblCOM_UserProfile" VALUES (100, 'testuser4', 100, 'gregori', 'gregori', '2015-10-05 14:19:51', '2015-10-05 14:19:51');
INSERT INTO "tblCOM_UserProfile" VALUES (101, 'testuser4', 101, 'gregori', 'gregori', '2015-10-05 14:19:51', '2015-10-05 14:19:51');
INSERT INTO "tblCOM_UserProfile" VALUES (102, 'testuser4', 102, 'gregori', 'gregori', '2015-10-05 14:19:51', '2015-10-05 14:19:51');
INSERT INTO "tblCOM_UserProfile" VALUES (105, 'testuser4', 105, 'gregori', 'gregori', '2015-10-05 14:19:51', '2015-10-05 14:19:51');
INSERT INTO "tblCOM_UserProfile" VALUES (106, 'testuser4', 106, 'gregori', 'gregori', '2015-10-05 14:19:51', '2015-10-05 14:19:51');
INSERT INTO "tblCOM_UserProfile" VALUES (107, 'testuser4', 107, 'gregori', 'gregori', '2015-10-05 14:19:51', '2015-10-05 14:19:51');
INSERT INTO "tblCOM_UserProfile" VALUES (142, 'testuser4', 170, 'gregori', 'gregori', '2015-10-05 14:19:51', '2015-10-05 14:19:51');
INSERT INTO "tblCOM_UserProfile" VALUES (164, 'testuser4', 269, 'gregori', 'gregori', '2015-10-05 14:19:51', '2015-10-05 14:19:51');
INSERT INTO "tblCOM_UserProfile" VALUES (164, 'testuser4', 301, 'gregori', 'gregori', '2015-10-05 14:19:51', '2015-10-05 14:19:51');
INSERT INTO "tblCOM_UserProfile" VALUES (164, 'testuser4', 529, 'gregori', 'gregori', '2015-10-05 14:19:51', '2015-10-05 14:19:51');
INSERT INTO "tblCOM_UserProfile" VALUES (164, 'testuser4', 163, 'gregori', 'gregori', '2015-10-05 14:19:51', '2015-10-05 14:19:51');
INSERT INTO "tblCOM_UserProfile" VALUES (165, 'testuser4', 270, 'gregori', 'gregori', '2015-10-05 14:19:51', '2015-10-05 14:19:51');
INSERT INTO "tblCOM_UserProfile" VALUES (165, 'testuser4', 302, 'gregori', 'gregori', '2015-10-05 14:19:51', '2015-10-05 14:19:51');
INSERT INTO "tblCOM_UserProfile" VALUES (165, 'testuser4', 514, 'gregori', 'gregori', '2015-10-05 14:19:51', '2015-10-05 14:19:51');
INSERT INTO "tblCOM_UserProfile" VALUES (165, 'testuser4', 164, 'gregori', 'gregori', '2015-10-05 14:19:51', '2015-10-05 14:19:51');
INSERT INTO "tblCOM_UserProfile" VALUES (166, 'testuser4', 271, 'gregori', 'gregori', '2015-10-05 14:19:51', '2015-10-05 14:19:51');
INSERT INTO "tblCOM_UserProfile" VALUES (166, 'testuser4', 303, 'gregori', 'gregori', '2015-10-05 14:19:51', '2015-10-05 14:19:51');
INSERT INTO "tblCOM_UserProfile" VALUES (166, 'testuser4', 515, 'gregori', 'gregori', '2015-10-05 14:19:51', '2015-10-05 14:19:51');
INSERT INTO "tblCOM_UserProfile" VALUES (166, 'testuser4', 165, 'gregori', 'gregori', '2015-10-05 14:19:51', '2015-10-05 14:19:51');
INSERT INTO "tblCOM_UserProfile" VALUES (167, 'testuser4', 272, 'gregori', 'gregori', '2015-10-05 14:19:51', '2015-10-05 14:19:51');
INSERT INTO "tblCOM_UserProfile" VALUES (167, 'testuser4', 304, 'gregori', 'gregori', '2015-10-05 14:19:51', '2015-10-05 14:19:51');
INSERT INTO "tblCOM_UserProfile" VALUES (167, 'testuser4', 516, 'gregori', 'gregori', '2015-10-05 14:19:51', '2015-10-05 14:19:51');
INSERT INTO "tblCOM_UserProfile" VALUES (167, 'testuser4', 166, 'gregori', 'gregori', '2015-10-05 14:19:51', '2015-10-05 14:19:51');
INSERT INTO "tblCOM_UserProfile" VALUES (168, 'testuser4', 265, 'gregori', 'gregori', '2015-10-05 14:19:51', '2015-10-05 14:19:51');
INSERT INTO "tblCOM_UserProfile" VALUES (168, 'testuser4', 297, 'gregori', 'gregori', '2015-10-05 14:19:51', '2015-10-05 14:19:51');
INSERT INTO "tblCOM_UserProfile" VALUES (168, 'testuser4', 583, 'gregori', 'gregori', '2015-10-05 14:19:51', '2015-10-05 14:19:51');
INSERT INTO "tblCOM_UserProfile" VALUES (168, 'testuser4', 167, 'gregori', 'gregori', '2015-10-05 14:19:51', '2015-10-05 14:19:51');
INSERT INTO "tblCOM_UserProfile" VALUES (169, 'testuser4', 273, 'gregori', 'gregori', '2015-10-05 14:19:51', '2015-10-05 14:19:51');
INSERT INTO "tblCOM_UserProfile" VALUES (169, 'testuser4', 305, 'gregori', 'gregori', '2015-10-05 14:19:51', '2015-10-05 14:19:51');
INSERT INTO "tblCOM_UserProfile" VALUES (169, 'testuser4', 517, 'gregori', 'gregori', '2015-10-05 14:19:51', '2015-10-05 14:19:51');
INSERT INTO "tblCOM_UserProfile" VALUES (169, 'testuser4', 168, 'gregori', 'gregori', '2015-10-05 14:19:51', '2015-10-05 14:19:51');
INSERT INTO "tblCOM_UserProfile" VALUES (170, 'testuser4', 274, 'gregori', 'gregori', '2015-10-05 14:19:51', '2015-10-05 14:19:51');
INSERT INTO "tblCOM_UserProfile" VALUES (170, 'testuser4', 306, 'gregori', 'gregori', '2015-10-05 14:19:51', '2015-10-05 14:19:51');
INSERT INTO "tblCOM_UserProfile" VALUES (170, 'testuser4', 518, 'gregori', 'gregori', '2015-10-05 14:19:51', '2015-10-05 14:19:51');
INSERT INTO "tblCOM_UserProfile" VALUES (170, 'testuser4', 169, 'gregori', 'gregori', '2015-10-05 14:19:51', '2015-10-05 14:19:51');
INSERT INTO "tblCOM_UserProfile" VALUES (143, 'testuser4', 266, 'gregori', 'gregori', '2015-10-05 14:19:51', '2015-10-05 14:19:51');
INSERT INTO "tblCOM_UserProfile" VALUES (143, 'testuser4', 298, 'gregori', 'gregori', '2015-10-05 14:19:51', '2015-10-05 14:19:51');
INSERT INTO "tblCOM_UserProfile" VALUES (143, 'testuser4', 524, 'gregori', 'gregori', '2015-10-05 14:19:51', '2015-10-05 14:19:51');
INSERT INTO "tblCOM_UserProfile" VALUES (143, 'testuser4', 142, 'gregori', 'gregori', '2015-10-05 14:19:51', '2015-10-05 14:19:51');
INSERT INTO "tblCOM_UserProfile" VALUES (144, 'testuser4', 267, 'gregori', 'gregori', '2015-10-05 14:19:51', '2015-10-05 14:19:51');
INSERT INTO "tblCOM_UserProfile" VALUES (144, 'testuser4', 299, 'gregori', 'gregori', '2015-10-05 14:19:51', '2015-10-05 14:19:51');
INSERT INTO "tblCOM_UserProfile" VALUES (144, 'testuser4', 462, 'gregori', 'gregori', '2015-10-05 14:19:51', '2015-10-05 14:19:51');
INSERT INTO "tblCOM_UserProfile" VALUES (144, 'testuser4', 143, 'gregori', 'gregori', '2015-10-05 14:19:51', '2015-10-05 14:19:51');
INSERT INTO "tblCOM_UserProfile" VALUES (145, 'testuser4', 268, 'gregori', 'gregori', '2015-10-05 14:19:51', '2015-10-05 14:19:51');
INSERT INTO "tblCOM_UserProfile" VALUES (145, 'testuser4', 300, 'gregori', 'gregori', '2015-10-05 14:19:51', '2015-10-05 14:19:51');
INSERT INTO "tblCOM_UserProfile" VALUES (145, 'testuser4', 498, 'gregori', 'gregori', '2015-10-05 14:19:51', '2015-10-05 14:19:51');
INSERT INTO "tblCOM_UserProfile" VALUES (145, 'testuser4', 144, 'gregori', 'gregori', '2015-10-05 14:19:51', '2015-10-05 14:19:51');
INSERT INTO "tblCOM_UserProfile" VALUES (147, 'testuser4', 280, 'gregori', 'gregori', '2015-10-05 14:19:51', '2015-10-05 14:19:51');
INSERT INTO "tblCOM_UserProfile" VALUES (147, 'testuser4', 312, 'gregori', 'gregori', '2015-10-05 14:19:51', '2015-10-05 14:19:51');
INSERT INTO "tblCOM_UserProfile" VALUES (147, 'testuser4', 499, 'gregori', 'gregori', '2015-10-05 14:19:51', '2015-10-05 14:19:51');
INSERT INTO "tblCOM_UserProfile" VALUES (147, 'testuser4', 146, 'gregori', 'gregori', '2015-10-05 14:19:51', '2015-10-05 14:19:51');
INSERT INTO "tblCOM_UserProfile" VALUES (150, 'testuser4', 283, 'gregori', 'gregori', '2015-10-05 14:19:51', '2015-10-05 14:19:51');
INSERT INTO "tblCOM_UserProfile" VALUES (150, 'testuser4', 315, 'gregori', 'gregori', '2015-10-05 14:19:51', '2015-10-05 14:19:51');
INSERT INTO "tblCOM_UserProfile" VALUES (150, 'testuser4', 582, 'gregori', 'gregori', '2015-10-05 14:19:51', '2015-10-05 14:19:51');
INSERT INTO "tblCOM_UserProfile" VALUES (150, 'testuser4', 149, 'gregori', 'gregori', '2015-10-05 14:19:51', '2015-10-05 14:19:51');
INSERT INTO "tblCOM_UserProfile" VALUES (153, 'testuser4', 286, 'gregori', 'gregori', '2015-10-05 14:19:51', '2015-10-05 14:19:51');
INSERT INTO "tblCOM_UserProfile" VALUES (153, 'testuser4', 318, 'gregori', 'gregori', '2015-10-05 14:19:51', '2015-10-05 14:19:51');
INSERT INTO "tblCOM_UserProfile" VALUES (153, 'testuser4', 506, 'gregori', 'gregori', '2015-10-05 14:19:51', '2015-10-05 14:19:51');
INSERT INTO "tblCOM_UserProfile" VALUES (153, 'testuser4', 152, 'gregori', 'gregori', '2015-10-05 14:19:51', '2015-10-05 14:19:51');
INSERT INTO "tblCOM_UserProfile" VALUES (154, 'testuser4', 287, 'gregori', 'gregori', '2015-10-05 14:19:51', '2015-10-05 14:19:51');
INSERT INTO "tblCOM_UserProfile" VALUES (154, 'testuser4', 319, 'gregori', 'gregori', '2015-10-05 14:19:51', '2015-10-05 14:19:51');
INSERT INTO "tblCOM_UserProfile" VALUES (154, 'testuser4', 507, 'gregori', 'gregori', '2015-10-05 14:19:51', '2015-10-05 14:19:51');
INSERT INTO "tblCOM_UserProfile" VALUES (154, 'testuser4', 153, 'gregori', 'gregori', '2015-10-05 14:19:51', '2015-10-05 14:19:51');
INSERT INTO "tblCOM_UserProfile" VALUES (157, 'testuser4', 290, 'gregori', 'gregori', '2015-10-05 14:19:51', '2015-10-05 14:19:51');
INSERT INTO "tblCOM_UserProfile" VALUES (157, 'testuser4', 322, 'gregori', 'gregori', '2015-10-05 14:19:51', '2015-10-05 14:19:51');
INSERT INTO "tblCOM_UserProfile" VALUES (157, 'testuser4', 509, 'gregori', 'gregori', '2015-10-05 14:19:51', '2015-10-05 14:19:51');
INSERT INTO "tblCOM_UserProfile" VALUES (157, 'testuser4', 156, 'gregori', 'gregori', '2015-10-05 14:19:51', '2015-10-05 14:19:51');
INSERT INTO "tblCOM_UserProfile" VALUES (158, 'testuser4', 291, 'gregori', 'gregori', '2015-10-05 14:19:51', '2015-10-05 14:19:51');
INSERT INTO "tblCOM_UserProfile" VALUES (158, 'testuser4', 323, 'gregori', 'gregori', '2015-10-05 14:19:51', '2015-10-05 14:19:51');
INSERT INTO "tblCOM_UserProfile" VALUES (158, 'testuser4', 510, 'gregori', 'gregori', '2015-10-05 14:19:51', '2015-10-05 14:19:51');
INSERT INTO "tblCOM_UserProfile" VALUES (158, 'testuser4', 157, 'gregori', 'gregori', '2015-10-05 14:19:51', '2015-10-05 14:19:51');
INSERT INTO "tblCOM_UserProfile" VALUES (159, 'testuser4', 292, 'gregori', 'gregori', '2015-10-05 14:19:51', '2015-10-05 14:19:51');
INSERT INTO "tblCOM_UserProfile" VALUES (159, 'testuser4', 324, 'gregori', 'gregori', '2015-10-05 14:19:51', '2015-10-05 14:19:51');
INSERT INTO "tblCOM_UserProfile" VALUES (159, 'testuser4', 511, 'gregori', 'gregori', '2015-10-05 14:19:51', '2015-10-05 14:19:51');
INSERT INTO "tblCOM_UserProfile" VALUES (159, 'testuser4', 158, 'gregori', 'gregori', '2015-10-05 14:19:51', '2015-10-05 14:19:51');
INSERT INTO "tblCOM_UserProfile" VALUES (160, 'testuser4', 264, 'gregori', 'gregori', '2015-10-05 14:19:51', '2015-10-05 14:19:51');
INSERT INTO "tblCOM_UserProfile" VALUES (160, 'testuser4', 296, 'gregori', 'gregori', '2015-10-05 14:19:51', '2015-10-05 14:19:51');
INSERT INTO "tblCOM_UserProfile" VALUES (160, 'testuser4', 512, 'gregori', 'gregori', '2015-10-05 14:19:51', '2015-10-05 14:19:51');
INSERT INTO "tblCOM_UserProfile" VALUES (160, 'testuser4', 159, 'gregori', 'gregori', '2015-10-05 14:19:51', '2015-10-05 14:19:51');
INSERT INTO "tblCOM_UserProfile" VALUES (161, 'testuser4', 293, 'gregori', 'gregori', '2015-10-05 14:19:51', '2015-10-05 14:19:51');
INSERT INTO "tblCOM_UserProfile" VALUES (161, 'testuser4', 325, 'gregori', 'gregori', '2015-10-05 14:19:51', '2015-10-05 14:19:51');
INSERT INTO "tblCOM_UserProfile" VALUES (161, 'testuser4', 513, 'gregori', 'gregori', '2015-10-05 14:19:51', '2015-10-05 14:19:51');
INSERT INTO "tblCOM_UserProfile" VALUES (161, 'testuser4', 160, 'gregori', 'gregori', '2015-10-05 14:19:51', '2015-10-05 14:19:51');
INSERT INTO "tblCOM_UserProfile" VALUES (162, 'testuser4', 294, 'gregori', 'gregori', '2015-10-05 14:19:51', '2015-10-05 14:19:51');
INSERT INTO "tblCOM_UserProfile" VALUES (162, 'testuser4', 326, 'gregori', 'gregori', '2015-10-05 14:19:51', '2015-10-05 14:19:51');
INSERT INTO "tblCOM_UserProfile" VALUES (162, 'testuser4', 503, 'gregori', 'gregori', '2015-10-05 14:19:51', '2015-10-05 14:19:51');
INSERT INTO "tblCOM_UserProfile" VALUES (162, 'testuser4', 161, 'gregori', 'gregori', '2015-10-05 14:19:51', '2015-10-05 14:19:51');
INSERT INTO "tblCOM_UserProfile" VALUES (163, 'testuser4', 295, 'gregori', 'gregori', '2015-10-05 14:19:51', '2015-10-05 14:19:51');
INSERT INTO "tblCOM_UserProfile" VALUES (163, 'testuser4', 327, 'gregori', 'gregori', '2015-10-05 14:19:51', '2015-10-05 14:19:51');
INSERT INTO "tblCOM_UserProfile" VALUES (163, 'testuser4', 504, 'gregori', 'gregori', '2015-10-05 14:19:51', '2015-10-05 14:19:51');
INSERT INTO "tblCOM_UserProfile" VALUES (163, 'testuser4', 162, 'gregori', 'gregori', '2015-10-05 14:19:51', '2015-10-05 14:19:51');
INSERT INTO "tblCOM_UserProfile" VALUES (174, 'testuser4', 330, 'gregori', 'gregori', '2015-10-05 14:19:51', '2015-10-05 14:19:51');
INSERT INTO "tblCOM_UserProfile" VALUES (174, 'testuser4', 342, 'gregori', 'gregori', '2015-10-05 14:19:51', '2015-10-05 14:19:51');
INSERT INTO "tblCOM_UserProfile" VALUES (174, 'testuser4', 523, 'gregori', 'gregori', '2015-10-05 14:19:51', '2015-10-05 14:19:51');
INSERT INTO "tblCOM_UserProfile" VALUES (174, 'testuser4', 174, 'gregori', 'gregori', '2015-10-05 14:19:51', '2015-10-05 14:19:51');
INSERT INTO "tblCOM_UserProfile" VALUES (176, 'testuser4', 176, 'gregori', 'gregori', '2015-10-05 14:19:51', '2015-10-05 14:19:51');
INSERT INTO "tblCOM_UserProfile" VALUES (182, 'testuser4', 182, 'gregori', 'gregori', '2015-10-05 14:19:51', '2015-10-05 14:19:51');
INSERT INTO "tblCOM_UserProfile" VALUES (183, 'testuser4', 183, 'gregori', 'gregori', '2015-10-05 14:19:51', '2015-10-05 14:19:51');
INSERT INTO "tblCOM_UserProfile" VALUES (238, 'testuser4', 239, 'gregori', 'gregori', '2015-10-05 14:19:51', '2015-10-05 14:19:51');
INSERT INTO "tblCOM_UserProfile" VALUES (177, 'testuser4', 177, 'gregori', 'gregori', '2015-10-05 14:19:51', '2015-10-05 14:19:51');
INSERT INTO "tblCOM_UserProfile" VALUES (242, 'testuser4', 353, 'gregori', 'gregori', '2015-10-05 14:19:51', '2015-10-05 14:19:51');
INSERT INTO "tblCOM_UserProfile" VALUES (242, 'testuser4', 354, 'gregori', 'gregori', '2015-10-05 14:19:51', '2015-10-05 14:19:51');
INSERT INTO "tblCOM_UserProfile" VALUES (242, 'testuser4', 593, 'gregori', 'gregori', '2015-10-05 14:19:51', '2015-10-05 14:19:51');
INSERT INTO "tblCOM_UserProfile" VALUES (242, 'testuser4', 352, 'gregori', 'gregori', '2015-10-05 14:19:51', '2015-10-05 14:19:51');
INSERT INTO "tblCOM_UserProfile" VALUES (245, 'testuser4', 597, 'gregori', 'gregori', '2015-10-05 14:19:51', '2015-10-05 14:19:51');
INSERT INTO "tblCOM_UserProfile" VALUES (245, 'testuser4', 598, 'gregori', 'gregori', '2015-10-05 14:19:51', '2015-10-05 14:19:51');
INSERT INTO "tblCOM_UserProfile" VALUES (245, 'testuser4', 599, 'gregori', 'gregori', '2015-10-05 14:19:51', '2015-10-05 14:19:51');
INSERT INTO "tblCOM_UserProfile" VALUES (245, 'testuser4', 596, 'gregori', 'gregori', '2015-10-05 14:19:51', '2015-10-05 14:19:51');
INSERT INTO "tblCOM_UserProfile" VALUES (249, 'testuser4', 612, 'gregori', 'gregori', '2015-10-05 14:19:51', '2015-10-05 14:19:51');
INSERT INTO "tblCOM_UserProfile" VALUES (249, 'testuser4', 613, 'gregori', 'gregori', '2015-10-05 14:19:51', '2015-10-05 14:19:51');
INSERT INTO "tblCOM_UserProfile" VALUES (249, 'testuser4', 614, 'gregori', 'gregori', '2015-10-05 14:19:51', '2015-10-05 14:19:51');
INSERT INTO "tblCOM_UserProfile" VALUES (249, 'testuser4', 611, 'gregori', 'gregori', '2015-10-05 14:19:51', '2015-10-05 14:19:51');
INSERT INTO "tblCOM_UserProfile" VALUES (250, 'testuser4', 616, 'gregori', 'gregori', '2015-10-05 14:19:51', '2015-10-05 14:19:51');
INSERT INTO "tblCOM_UserProfile" VALUES (250, 'testuser4', 617, 'gregori', 'gregori', '2015-10-05 14:19:51', '2015-10-05 14:19:51');
INSERT INTO "tblCOM_UserProfile" VALUES (250, 'testuser4', 618, 'gregori', 'gregori', '2015-10-05 14:19:51', '2015-10-05 14:19:51');
INSERT INTO "tblCOM_UserProfile" VALUES (250, 'testuser4', 615, 'gregori', 'gregori', '2015-10-05 14:19:51', '2015-10-05 14:19:51');
INSERT INTO "tblCOM_UserProfile" VALUES (251, 'testuser4', 620, 'gregori', 'gregori', '2015-10-05 14:19:51', '2015-10-05 14:19:51');
INSERT INTO "tblCOM_UserProfile" VALUES (251, 'testuser4', 621, 'gregori', 'gregori', '2015-10-05 14:19:51', '2015-10-05 14:19:51');
INSERT INTO "tblCOM_UserProfile" VALUES (251, 'testuser4', 622, 'gregori', 'gregori', '2015-10-05 14:19:51', '2015-10-05 14:19:51');
INSERT INTO "tblCOM_UserProfile" VALUES (251, 'testuser4', 619, 'gregori', 'gregori', '2015-10-05 14:19:51', '2015-10-05 14:19:51');
INSERT INTO "tblCOM_UserProfile" VALUES (252, 'testuser4', 625, 'gregori', 'gregori', '2015-10-05 14:19:51', '2015-10-05 14:19:51');
INSERT INTO "tblCOM_UserProfile" VALUES (252, 'testuser4', 623, 'gregori', 'gregori', '2015-10-05 14:19:51', '2015-10-05 14:19:51');
INSERT INTO "tblCOM_UserProfile" VALUES (253, 'testuser4', 628, 'gregori', 'gregori', '2015-10-05 14:19:51', '2015-10-05 14:19:51');
INSERT INTO "tblCOM_UserProfile" VALUES (253, 'testuser4', 629, 'gregori', 'gregori', '2015-10-05 14:19:51', '2015-10-05 14:19:51');
INSERT INTO "tblCOM_UserProfile" VALUES (253, 'testuser4', 630, 'gregori', 'gregori', '2015-10-05 14:19:51', '2015-10-05 14:19:51');
INSERT INTO "tblCOM_UserProfile" VALUES (253, 'testuser4', 627, 'gregori', 'gregori', '2015-10-05 14:19:51', '2015-10-05 14:19:51');
INSERT INTO "tblCOM_UserProfile" VALUES (173, 'testuser4', 335, 'gregori', 'gregori', '2015-10-05 14:19:51', '2015-10-05 14:19:51');
INSERT INTO "tblCOM_UserProfile" VALUES (173, 'testuser4', 347, 'gregori', 'gregori', '2015-10-05 14:19:51', '2015-10-05 14:19:51');
INSERT INTO "tblCOM_UserProfile" VALUES (173, 'testuser4', 522, 'gregori', 'gregori', '2015-10-05 14:19:51', '2015-10-05 14:19:51');
INSERT INTO "tblCOM_UserProfile" VALUES (173, 'testuser4', 173, 'gregori', 'gregori', '2015-10-05 14:19:51', '2015-10-05 14:19:51');
INSERT INTO "tblCOM_UserProfile" VALUES (254, 'testuser4', 631, 'gregori', 'gregori', '2015-10-05 14:19:51', '2015-10-05 14:19:51');
INSERT INTO "tblCOM_UserProfile" VALUES (15, 'testuser4', 15, 'gregori', 'gregori', '2015-10-05 14:19:51', '2015-10-05 14:19:51');
INSERT INTO "tblCOM_UserProfile" VALUES (16, 'testuser4', 248, 'gregori', 'gregori', '2015-10-05 14:19:51', '2015-10-05 14:19:51');
INSERT INTO "tblCOM_UserProfile" VALUES (16, 'testuser4', 249, 'gregori', 'gregori', '2015-10-05 14:19:51', '2015-10-05 14:19:51');
INSERT INTO "tblCOM_UserProfile" VALUES (16, 'testuser4', 379, 'gregori', 'gregori', '2015-10-05 14:19:51', '2015-10-05 14:19:51');
INSERT INTO "tblCOM_UserProfile" VALUES (16, 'testuser4', 16, 'gregori', 'gregori', '2015-10-05 14:19:51', '2015-10-05 14:19:51');
INSERT INTO "tblCOM_UserProfile" VALUES (148, 'testuser4', 281, 'gregori', 'gregori', '2015-10-05 14:19:51', '2015-10-05 14:19:51');
INSERT INTO "tblCOM_UserProfile" VALUES (148, 'testuser4', 313, 'gregori', 'gregori', '2015-10-05 14:19:51', '2015-10-05 14:19:51');
INSERT INTO "tblCOM_UserProfile" VALUES (148, 'testuser4', 500, 'gregori', 'gregori', '2015-10-05 14:19:51', '2015-10-05 14:19:51');
INSERT INTO "tblCOM_UserProfile" VALUES (148, 'testuser4', 147, 'gregori', 'gregori', '2015-10-05 14:19:51', '2015-10-05 14:19:51');
INSERT INTO "tblCOM_UserProfile" VALUES (172, 'testuser4', 334, 'gregori', 'gregori', '2015-10-05 14:19:51', '2015-10-05 14:19:51');
INSERT INTO "tblCOM_UserProfile" VALUES (172, 'testuser4', 346, 'gregori', 'gregori', '2015-10-05 14:19:51', '2015-10-05 14:19:51');
INSERT INTO "tblCOM_UserProfile" VALUES (172, 'testuser4', 521, 'gregori', 'gregori', '2015-10-05 14:19:51', '2015-10-05 14:19:51');
INSERT INTO "tblCOM_UserProfile" VALUES (172, 'testuser4', 172, 'gregori', 'gregori', '2015-10-05 14:19:51', '2015-10-05 14:19:51');
INSERT INTO "tblCOM_UserProfile" VALUES (260, 'testuser4', 391, 'gregori', 'gregori', '2015-10-05 14:19:51', '2015-10-05 14:19:51');
INSERT INTO "tblCOM_UserProfile" VALUES (260, 'testuser4', 393, 'gregori', 'gregori', '2015-10-05 14:19:51', '2015-10-05 14:19:51');
INSERT INTO "tblCOM_UserProfile" VALUES (260, 'testuser4', 395, 'gregori', 'gregori', '2015-10-05 14:19:51', '2015-10-05 14:19:51');
INSERT INTO "tblCOM_UserProfile" VALUES (260, 'testuser4', 380, 'gregori', 'gregori', '2015-10-05 14:19:51', '2015-10-05 14:19:51');
INSERT INTO "tblCOM_UserProfile" VALUES (261, 'testuser4', 392, 'gregori', 'gregori', '2015-10-05 14:19:51', '2015-10-05 14:19:51');
INSERT INTO "tblCOM_UserProfile" VALUES (261, 'testuser4', 394, 'gregori', 'gregori', '2015-10-05 14:19:51', '2015-10-05 14:19:51');
INSERT INTO "tblCOM_UserProfile" VALUES (261, 'testuser4', 396, 'gregori', 'gregori', '2015-10-05 14:19:51', '2015-10-05 14:19:51');
INSERT INTO "tblCOM_UserProfile" VALUES (261, 'testuser4', 390, 'gregori', 'gregori', '2015-10-05 14:19:51', '2015-10-05 14:19:51');
INSERT INTO "tblCOM_UserProfile" VALUES (255, 'testuser4', 632, 'gregori', 'gregori', '2015-10-05 14:19:51', '2015-10-05 14:19:51');
INSERT INTO "tblCOM_UserProfile" VALUES (34, 'testuser4', 284, 'gregori', 'gregori', '2015-10-05 14:19:51', '2015-10-05 14:19:51');
INSERT INTO "tblCOM_UserProfile" VALUES (34, 'testuser4', 316, 'gregori', 'gregori', '2015-10-05 14:19:51', '2015-10-05 14:19:51');
INSERT INTO "tblCOM_UserProfile" VALUES (34, 'testuser4', 424, 'gregori', 'gregori', '2015-10-05 14:19:51', '2015-10-05 14:19:51');
INSERT INTO "tblCOM_UserProfile" VALUES (34, 'testuser4', 36, 'gregori', 'gregori', '2015-10-05 14:19:51', '2015-10-05 14:19:51');
INSERT INTO "tblCOM_UserProfile" VALUES (146, 'testuser4', 279, 'gregori', 'gregori', '2015-10-05 14:19:51', '2015-10-05 14:19:51');
INSERT INTO "tblCOM_UserProfile" VALUES (146, 'testuser4', 311, 'gregori', 'gregori', '2015-10-05 14:19:51', '2015-10-05 14:19:51');
INSERT INTO "tblCOM_UserProfile" VALUES (146, 'testuser4', 519, 'gregori', 'gregori', '2015-10-05 14:19:51', '2015-10-05 14:19:51');
INSERT INTO "tblCOM_UserProfile" VALUES (146, 'testuser4', 145, 'gregori', 'gregori', '2015-10-05 14:19:51', '2015-10-05 14:19:51');
INSERT INTO "tblCOM_UserProfile" VALUES (149, 'testuser4', 282, 'gregori', 'gregori', '2015-10-05 14:19:51', '2015-10-05 14:19:51');
INSERT INTO "tblCOM_UserProfile" VALUES (149, 'testuser4', 314, 'gregori', 'gregori', '2015-10-05 14:19:51', '2015-10-05 14:19:51');
INSERT INTO "tblCOM_UserProfile" VALUES (149, 'testuser4', 502, 'gregori', 'gregori', '2015-10-05 14:19:51', '2015-10-05 14:19:51');
INSERT INTO "tblCOM_UserProfile" VALUES (149, 'testuser4', 148, 'gregori', 'gregori', '2015-10-05 14:19:51', '2015-10-05 14:19:51');
INSERT INTO "tblCOM_UserProfile" VALUES (152, 'testuser4', 285, 'gregori', 'gregori', '2015-10-05 14:19:51', '2015-10-05 14:19:51');
INSERT INTO "tblCOM_UserProfile" VALUES (152, 'testuser4', 317, 'gregori', 'gregori', '2015-10-05 14:19:51', '2015-10-05 14:19:51');
INSERT INTO "tblCOM_UserProfile" VALUES (152, 'testuser4', 505, 'gregori', 'gregori', '2015-10-05 14:19:51', '2015-10-05 14:19:51');
INSERT INTO "tblCOM_UserProfile" VALUES (152, 'testuser4', 151, 'gregori', 'gregori', '2015-10-05 14:19:51', '2015-10-05 14:19:51');
INSERT INTO "tblCOM_UserProfile" VALUES (156, 'testuser4', 289, 'gregori', 'gregori', '2015-10-05 14:19:51', '2015-10-05 14:19:51');
INSERT INTO "tblCOM_UserProfile" VALUES (156, 'testuser4', 321, 'gregori', 'gregori', '2015-10-05 14:19:51', '2015-10-05 14:19:51');
INSERT INTO "tblCOM_UserProfile" VALUES (156, 'testuser4', 508, 'gregori', 'gregori', '2015-10-05 14:19:52', '2015-10-05 14:19:52');
INSERT INTO "tblCOM_UserProfile" VALUES (156, 'testuser4', 155, 'gregori', 'gregori', '2015-10-05 14:19:52', '2015-10-05 14:19:52');
INSERT INTO "tblCOM_UserProfile" VALUES (171, 'testuser4', 337, 'gregori', 'gregori', '2015-10-05 14:19:52', '2015-10-05 14:19:52');
INSERT INTO "tblCOM_UserProfile" VALUES (171, 'testuser4', 349, 'gregori', 'gregori', '2015-10-05 14:19:52', '2015-10-05 14:19:52');
INSERT INTO "tblCOM_UserProfile" VALUES (171, 'testuser4', 520, 'gregori', 'gregori', '2015-10-05 14:19:52', '2015-10-05 14:19:52');
INSERT INTO "tblCOM_UserProfile" VALUES (171, 'testuser4', 171, 'gregori', 'gregori', '2015-10-05 14:19:52', '2015-10-05 14:19:52');
INSERT INTO "tblCOM_UserProfile" VALUES (240, 'testuser4', 338, 'gregori', 'gregori', '2015-10-05 14:19:52', '2015-10-05 14:19:52');
INSERT INTO "tblCOM_UserProfile" VALUES (240, 'testuser4', 350, 'gregori', 'gregori', '2015-10-05 14:19:52', '2015-10-05 14:19:52');
INSERT INTO "tblCOM_UserProfile" VALUES (240, 'testuser4', 591, 'gregori', 'gregori', '2015-10-05 14:19:52', '2015-10-05 14:19:52');
INSERT INTO "tblCOM_UserProfile" VALUES (240, 'testuser4', 241, 'gregori', 'gregori', '2015-10-05 14:19:52', '2015-10-05 14:19:52');
INSERT INTO "tblCOM_UserProfile" VALUES (246, 'testuser4', 600, 'gregori', 'gregori', '2015-10-05 14:19:52', '2015-10-05 14:19:52');
INSERT INTO "tblCOM_UserProfile" VALUES (246, 'testuser4', 601, 'gregori', 'gregori', '2015-10-05 14:19:52', '2015-10-05 14:19:52');
INSERT INTO "tblCOM_UserProfile" VALUES (246, 'testuser4', 602, 'gregori', 'gregori', '2015-10-05 14:19:52', '2015-10-05 14:19:52');
INSERT INTO "tblCOM_UserProfile" VALUES (246, 'testuser4', 603, 'gregori', 'gregori', '2015-10-05 14:19:52', '2015-10-05 14:19:52');
INSERT INTO "tblCOM_UserProfile" VALUES (11, 'testuser4', 360, 'gregori', 'gregori', '2015-10-05 14:19:52', '2015-10-05 14:19:52');
INSERT INTO "tblCOM_UserProfile" VALUES (11, 'testuser4', 361, 'gregori', 'gregori', '2015-10-05 14:19:52', '2015-10-05 14:19:52');
INSERT INTO "tblCOM_UserProfile" VALUES (11, 'testuser4', 431, 'gregori', 'gregori', '2015-10-05 14:19:52', '2015-10-05 14:19:52');
INSERT INTO "tblCOM_UserProfile" VALUES (11, 'testuser4', 11, 'gregori', 'gregori', '2015-10-05 14:19:52', '2015-10-05 14:19:52');
INSERT INTO "tblCOM_UserProfile" VALUES (12, 'testuser4', 12, 'gregori', 'gregori', '2015-10-05 14:19:52', '2015-10-05 14:19:52');
INSERT INTO "tblCOM_UserProfile" VALUES (18, 'testuser4', 18, 'gregori', 'gregori', '2015-10-05 14:19:52', '2015-10-05 14:19:52');
INSERT INTO "tblCOM_UserProfile" VALUES (17, 'testuser4', 250, 'gregori', 'gregori', '2015-10-05 14:19:52', '2015-10-05 14:19:52');
INSERT INTO "tblCOM_UserProfile" VALUES (17, 'testuser4', 251, 'gregori', 'gregori', '2015-10-05 14:19:52', '2015-10-05 14:19:52');
INSERT INTO "tblCOM_UserProfile" VALUES (17, 'testuser4', 423, 'gregori', 'gregori', '2015-10-05 14:19:52', '2015-10-05 14:19:52');
INSERT INTO "tblCOM_UserProfile" VALUES (17, 'testuser4', 17, 'gregori', 'gregori', '2015-10-05 14:19:52', '2015-10-05 14:19:52');
INSERT INTO "tblCOM_UserProfile" VALUES (23, 'testuser4', 329, 'gregori', 'gregori', '2015-10-05 14:19:52', '2015-10-05 14:19:52');
INSERT INTO "tblCOM_UserProfile" VALUES (23, 'testuser4', 341, 'gregori', 'gregori', '2015-10-05 14:19:52', '2015-10-05 14:19:52');
INSERT INTO "tblCOM_UserProfile" VALUES (23, 'testuser4', 425, 'gregori', 'gregori', '2015-10-05 14:19:52', '2015-10-05 14:19:52');
INSERT INTO "tblCOM_UserProfile" VALUES (23, 'testuser4', 25, 'gregori', 'gregori', '2015-10-05 14:19:52', '2015-10-05 14:19:52');
INSERT INTO "tblCOM_UserProfile" VALUES (24, 'testuser4', 333, 'gregori', 'gregori', '2015-10-05 14:19:52', '2015-10-05 14:19:52');
INSERT INTO "tblCOM_UserProfile" VALUES (24, 'testuser4', 345, 'gregori', 'gregori', '2015-10-05 14:19:52', '2015-10-05 14:19:52');
INSERT INTO "tblCOM_UserProfile" VALUES (24, 'testuser4', 428, 'gregori', 'gregori', '2015-10-05 14:19:52', '2015-10-05 14:19:52');
INSERT INTO "tblCOM_UserProfile" VALUES (24, 'testuser4', 26, 'gregori', 'gregori', '2015-10-05 14:19:52', '2015-10-05 14:19:52');
INSERT INTO "tblCOM_UserProfile" VALUES (26, 'testuser4', 355, 'gregori', 'gregori', '2015-10-05 14:19:52', '2015-10-05 14:19:52');
INSERT INTO "tblCOM_UserProfile" VALUES (26, 'testuser4', 356, 'gregori', 'gregori', '2015-10-05 14:19:52', '2015-10-05 14:19:52');
INSERT INTO "tblCOM_UserProfile" VALUES (26, 'testuser4', 429, 'gregori', 'gregori', '2015-10-05 14:19:52', '2015-10-05 14:19:52');
INSERT INTO "tblCOM_UserProfile" VALUES (26, 'testuser4', 28, 'gregori', 'gregori', '2015-10-05 14:19:52', '2015-10-05 14:19:52');
INSERT INTO "tblCOM_UserProfile" VALUES (27, 'testuser4', 331, 'gregori', 'gregori', '2015-10-05 14:19:52', '2015-10-05 14:19:52');
INSERT INTO "tblCOM_UserProfile" VALUES (27, 'testuser4', 343, 'gregori', 'gregori', '2015-10-05 14:19:52', '2015-10-05 14:19:52');
INSERT INTO "tblCOM_UserProfile" VALUES (27, 'testuser4', 427, 'gregori', 'gregori', '2015-10-05 14:19:52', '2015-10-05 14:19:52');
INSERT INTO "tblCOM_UserProfile" VALUES (27, 'testuser4', 29, 'gregori', 'gregori', '2015-10-05 14:19:52', '2015-10-05 14:19:52');
INSERT INTO "tblCOM_UserProfile" VALUES (28, 'testuser4', 336, 'gregori', 'gregori', '2015-10-05 14:19:52', '2015-10-05 14:19:52');
INSERT INTO "tblCOM_UserProfile" VALUES (28, 'testuser4', 348, 'gregori', 'gregori', '2015-10-05 14:19:52', '2015-10-05 14:19:52');
INSERT INTO "tblCOM_UserProfile" VALUES (28, 'testuser4', 426, 'gregori', 'gregori', '2015-10-05 14:19:52', '2015-10-05 14:19:52');
INSERT INTO "tblCOM_UserProfile" VALUES (28, 'testuser4', 30, 'gregori', 'gregori', '2015-10-05 14:19:52', '2015-10-05 14:19:52');
INSERT INTO "tblCOM_UserProfile" VALUES (29, 'testuser4', 31, 'gregori', 'gregori', '2015-10-05 14:19:52', '2015-10-05 14:19:52');
INSERT INTO "tblCOM_UserProfile" VALUES (243, 'testuser4', 358, 'gregori', 'gregori', '2015-10-05 14:19:52', '2015-10-05 14:19:52');
INSERT INTO "tblCOM_UserProfile" VALUES (243, 'testuser4', 359, 'gregori', 'gregori', '2015-10-05 14:19:52', '2015-10-05 14:19:52');
INSERT INTO "tblCOM_UserProfile" VALUES (243, 'testuser4', 594, 'gregori', 'gregori', '2015-10-05 14:19:52', '2015-10-05 14:19:52');
INSERT INTO "tblCOM_UserProfile" VALUES (243, 'testuser4', 357, 'gregori', 'gregori', '2015-10-05 14:19:52', '2015-10-05 14:19:52');
INSERT INTO "tblCOM_UserProfile" VALUES (244, 'testuser4', 363, 'gregori', 'gregori', '2015-10-05 14:19:52', '2015-10-05 14:19:52');
INSERT INTO "tblCOM_UserProfile" VALUES (244, 'testuser4', 364, 'gregori', 'gregori', '2015-10-05 14:19:52', '2015-10-05 14:19:52');
INSERT INTO "tblCOM_UserProfile" VALUES (244, 'testuser4', 595, 'gregori', 'gregori', '2015-10-05 14:19:52', '2015-10-05 14:19:52');
INSERT INTO "tblCOM_UserProfile" VALUES (244, 'testuser4', 362, 'gregori', 'gregori', '2015-10-05 14:19:52', '2015-10-05 14:19:52');
INSERT INTO "tblCOM_UserProfile" VALUES (247, 'testuser4', 605, 'gregori', 'gregori', '2015-10-05 14:19:52', '2015-10-05 14:19:52');
INSERT INTO "tblCOM_UserProfile" VALUES (247, 'testuser4', 606, 'gregori', 'gregori', '2015-10-05 14:19:52', '2015-10-05 14:19:52');
INSERT INTO "tblCOM_UserProfile" VALUES (247, 'testuser4', 607, 'gregori', 'gregori', '2015-10-05 14:19:52', '2015-10-05 14:19:52');
INSERT INTO "tblCOM_UserProfile" VALUES (247, 'testuser4', 604, 'gregori', 'gregori', '2015-10-05 14:19:52', '2015-10-05 14:19:52');
INSERT INTO "tblCOM_UserProfile" VALUES (276, 'testuser4', 696, 'gregori', 'gregori', '2015-10-05 14:19:52', '2015-10-05 14:19:52');
INSERT INTO "tblCOM_UserProfile" VALUES (276, 'testuser4', 697, 'gregori', 'gregori', '2015-10-05 14:19:52', '2015-10-05 14:19:52');
INSERT INTO "tblCOM_UserProfile" VALUES (276, 'testuser4', 698, 'gregori', 'gregori', '2015-10-05 14:19:52', '2015-10-05 14:19:52');
INSERT INTO "tblCOM_UserProfile" VALUES (276, 'testuser4', 695, 'gregori', 'gregori', '2015-10-05 14:19:52', '2015-10-05 14:19:52');
INSERT INTO "tblCOM_UserProfile" VALUES (2, 'testuser4', 2, 'gregori', 'gregori', '2015-10-05 14:19:52', '2015-10-05 14:19:52');
INSERT INTO "tblCOM_UserProfile" VALUES (35, 'testuser4', 37, 'gregori', 'gregori', '2015-10-05 14:19:52', '2015-10-05 14:19:52');
INSERT INTO "tblCOM_UserProfile" VALUES (36, 'testuser4', 40, 'gregori', 'gregori', '2015-10-05 14:19:52', '2015-10-05 14:19:52');
INSERT INTO "tblCOM_UserProfile" VALUES (37, 'testuser4', 38, 'gregori', 'gregori', '2015-10-05 14:19:52', '2015-10-05 14:19:52');
INSERT INTO "tblCOM_UserProfile" VALUES (38, 'testuser4', 39, 'gregori', 'gregori', '2015-10-05 14:19:52', '2015-10-05 14:19:52');
INSERT INTO "tblCOM_UserProfile" VALUES (3, 'testuser4', 8, 'gregori', 'gregori', '2015-10-05 14:19:52', '2015-10-05 14:19:52');
INSERT INTO "tblCOM_UserProfile" VALUES (39, 'testuser4', 41, 'gregori', 'gregori', '2015-10-05 14:19:52', '2015-10-05 14:19:52');
INSERT INTO "tblCOM_UserProfile" VALUES (45, 'testuser4', 47, 'gregori', 'gregori', '2015-10-05 14:19:52', '2015-10-05 14:19:52');
INSERT INTO "tblCOM_UserProfile" VALUES (46, 'testuser4', 48, 'gregori', 'gregori', '2015-10-05 14:19:52', '2015-10-05 14:19:52');
INSERT INTO "tblCOM_UserProfile" VALUES (40, 'testuser4', 42, 'gregori', 'gregori', '2015-10-05 14:19:52', '2015-10-05 14:19:52');
INSERT INTO "tblCOM_UserProfile" VALUES (48, 'testuser4', 60, 'gregori', 'gregori', '2015-10-05 14:19:52', '2015-10-05 14:19:52');
INSERT INTO "tblCOM_UserProfile" VALUES (51, 'testuser4', 689, 'gregori', 'gregori', '2015-10-05 14:19:52', '2015-10-05 14:19:52');
INSERT INTO "tblCOM_UserProfile" VALUES (51, 'testuser4', 690, 'gregori', 'gregori', '2015-10-05 14:19:52', '2015-10-05 14:19:52');
INSERT INTO "tblCOM_UserProfile" VALUES (51, 'testuser4', 691, 'gregori', 'gregori', '2015-10-05 14:19:52', '2015-10-05 14:19:52');
INSERT INTO "tblCOM_UserProfile" VALUES (51, 'testuser4', 61, 'gregori', 'gregori', '2015-10-05 14:19:52', '2015-10-05 14:19:52');
INSERT INTO "tblCOM_UserProfile" VALUES (52, 'testuser4', 62, 'gregori', 'gregori', '2015-10-05 14:19:52', '2015-10-05 14:19:52');
INSERT INTO "tblCOM_UserProfile" VALUES (53, 'testuser4', 52, 'gregori', 'gregori', '2015-10-05 14:19:52', '2015-10-05 14:19:52');
INSERT INTO "tblCOM_UserProfile" VALUES (64, 'testuser4', 692, 'gregori', 'gregori', '2015-10-05 14:19:52', '2015-10-05 14:19:52');
INSERT INTO "tblCOM_UserProfile" VALUES (64, 'testuser4', 693, 'gregori', 'gregori', '2015-10-05 14:19:52', '2015-10-05 14:19:52');
INSERT INTO "tblCOM_UserProfile" VALUES (64, 'testuser4', 699, 'gregori', 'gregori', '2015-10-05 14:19:52', '2015-10-05 14:19:52');
INSERT INTO "tblCOM_UserProfile" VALUES (64, 'testuser4', 58, 'gregori', 'gregori', '2015-10-05 14:19:52', '2015-10-05 14:19:52');
INSERT INTO "tblCOM_UserProfile" VALUES (42, 'testuser4', 44, 'gregori', 'gregori', '2015-10-05 14:19:52', '2015-10-05 14:19:52');
INSERT INTO "tblCOM_UserProfile" VALUES (47, 'testuser4', 49, 'gregori', 'gregori', '2015-10-05 14:19:52', '2015-10-05 14:19:52');
INSERT INTO "tblCOM_UserProfile" VALUES (54, 'testuser4', 63, 'gregori', 'gregori', '2015-10-05 14:19:52', '2015-10-05 14:19:52');
INSERT INTO "tblCOM_UserProfile" VALUES (57, 'testuser4', 55, 'gregori', 'gregori', '2015-10-05 14:19:52', '2015-10-05 14:19:52');
INSERT INTO "tblCOM_UserProfile" VALUES (43, 'testuser4', 45, 'gregori', 'gregori', '2015-10-05 14:19:52', '2015-10-05 14:19:52');
INSERT INTO "tblCOM_UserProfile" VALUES (58, 'testuser4', 21, 'gregori', 'gregori', '2015-10-05 14:19:52', '2015-10-05 14:19:52');
INSERT INTO "tblCOM_UserProfile" VALUES (73, 'testuser4', 73, 'gregori', 'gregori', '2015-10-05 14:19:52', '2015-10-05 14:19:52');
INSERT INTO "tblCOM_UserProfile" VALUES (59, 'testuser4', 56, 'gregori', 'gregori', '2015-10-05 14:19:52', '2015-10-05 14:19:52');
INSERT INTO "tblCOM_UserProfile" VALUES (60, 'testuser4', 64, 'gregori', 'gregori', '2015-10-05 14:19:52', '2015-10-05 14:19:52');
INSERT INTO "tblCOM_UserProfile" VALUES (61, 'testuser4', 19, 'gregori', 'gregori', '2015-10-05 14:19:52', '2015-10-05 14:19:52');
INSERT INTO "tblCOM_UserProfile" VALUES (63, 'testuser4', 65, 'gregori', 'gregori', '2015-10-05 14:19:52', '2015-10-05 14:19:52');
INSERT INTO "tblCOM_UserProfile" VALUES (65, 'testuser4', 59, 'gregori', 'gregori', '2015-10-05 14:19:52', '2015-10-05 14:19:52');
INSERT INTO "tblCOM_UserProfile" VALUES (66, 'testuser4', 67, 'gregori', 'gregori', '2015-10-05 14:19:52', '2015-10-05 14:19:52');
INSERT INTO "tblCOM_UserProfile" VALUES (67, 'testuser4', 66, 'gregori', 'gregori', '2015-10-05 14:19:52', '2015-10-05 14:19:52');
INSERT INTO "tblCOM_UserProfile" VALUES (44, 'testuser4', 46, 'gregori', 'gregori', '2015-10-05 14:19:52', '2015-10-05 14:19:52');
INSERT INTO "tblCOM_UserProfile" VALUES (62, 'testuser4', 57, 'gregori', 'gregori', '2015-10-05 14:19:52', '2015-10-05 14:19:52');
INSERT INTO "tblCOM_UserProfile" VALUES (49, 'testuser4', 50, 'gregori', 'gregori', '2015-10-05 14:19:52', '2015-10-05 14:19:52');
INSERT INTO "tblCOM_UserProfile" VALUES (262, 'testuser4', 665, 'gregori', 'gregori', '2015-10-05 14:19:52', '2015-10-05 14:19:52');
INSERT INTO "tblCOM_UserProfile" VALUES (263, 'testuser4', 634, 'gregori', 'gregori', '2015-10-05 14:19:52', '2015-10-05 14:19:52');
INSERT INTO "tblCOM_UserProfile" VALUES (263, 'testuser4', 635, 'gregori', 'gregori', '2015-10-05 14:19:52', '2015-10-05 14:19:52');
INSERT INTO "tblCOM_UserProfile" VALUES (263, 'testuser4', 636, 'gregori', 'gregori', '2015-10-05 14:19:52', '2015-10-05 14:19:52');
INSERT INTO "tblCOM_UserProfile" VALUES (263, 'testuser4', 633, 'gregori', 'gregori', '2015-10-05 14:19:52', '2015-10-05 14:19:52');
INSERT INTO "tblCOM_UserProfile" VALUES (264, 'testuser4', 638, 'gregori', 'gregori', '2015-10-05 14:19:52', '2015-10-05 14:19:52');
INSERT INTO "tblCOM_UserProfile" VALUES (264, 'testuser4', 639, 'gregori', 'gregori', '2015-10-05 14:19:52', '2015-10-05 14:19:52');
INSERT INTO "tblCOM_UserProfile" VALUES (264, 'testuser4', 640, 'gregori', 'gregori', '2015-10-05 14:19:52', '2015-10-05 14:19:52');
INSERT INTO "tblCOM_UserProfile" VALUES (264, 'testuser4', 637, 'gregori', 'gregori', '2015-10-05 14:19:52', '2015-10-05 14:19:52');
INSERT INTO "tblCOM_UserProfile" VALUES (265, 'testuser4', 642, 'gregori', 'gregori', '2015-10-05 14:19:52', '2015-10-05 14:19:52');
INSERT INTO "tblCOM_UserProfile" VALUES (265, 'testuser4', 643, 'gregori', 'gregori', '2015-10-05 14:19:52', '2015-10-05 14:19:52');
INSERT INTO "tblCOM_UserProfile" VALUES (265, 'testuser4', 644, 'gregori', 'gregori', '2015-10-05 14:19:52', '2015-10-05 14:19:52');
INSERT INTO "tblCOM_UserProfile" VALUES (265, 'testuser4', 641, 'gregori', 'gregori', '2015-10-05 14:19:52', '2015-10-05 14:19:52');
INSERT INTO "tblCOM_UserProfile" VALUES (266, 'testuser4', 646, 'gregori', 'gregori', '2015-10-05 14:19:52', '2015-10-05 14:19:52');
INSERT INTO "tblCOM_UserProfile" VALUES (266, 'testuser4', 647, 'gregori', 'gregori', '2015-10-05 14:19:52', '2015-10-05 14:19:52');
INSERT INTO "tblCOM_UserProfile" VALUES (266, 'testuser4', 648, 'gregori', 'gregori', '2015-10-05 14:19:52', '2015-10-05 14:19:52');
INSERT INTO "tblCOM_UserProfile" VALUES (266, 'testuser4', 645, 'gregori', 'gregori', '2015-10-05 14:19:52', '2015-10-05 14:19:52');
INSERT INTO "tblCOM_UserProfile" VALUES (267, 'testuser4', 650, 'gregori', 'gregori', '2015-10-05 14:19:52', '2015-10-05 14:19:52');
INSERT INTO "tblCOM_UserProfile" VALUES (267, 'testuser4', 651, 'gregori', 'gregori', '2015-10-05 14:19:52', '2015-10-05 14:19:52');
INSERT INTO "tblCOM_UserProfile" VALUES (267, 'testuser4', 652, 'gregori', 'gregori', '2015-10-05 14:19:52', '2015-10-05 14:19:52');
INSERT INTO "tblCOM_UserProfile" VALUES (267, 'testuser4', 649, 'gregori', 'gregori', '2015-10-05 14:19:52', '2015-10-05 14:19:52');
INSERT INTO "tblCOM_UserProfile" VALUES (274, 'testuser4', 680, 'gregori', 'gregori', '2015-10-05 14:19:52', '2015-10-05 14:19:52');
INSERT INTO "tblCOM_UserProfile" VALUES (274, 'testuser4', 681, 'gregori', 'gregori', '2015-10-05 14:19:52', '2015-10-05 14:19:52');
INSERT INTO "tblCOM_UserProfile" VALUES (274, 'testuser4', 682, 'gregori', 'gregori', '2015-10-05 14:19:52', '2015-10-05 14:19:52');
INSERT INTO "tblCOM_UserProfile" VALUES (274, 'testuser4', 679, 'gregori', 'gregori', '2015-10-05 14:19:52', '2015-10-05 14:19:52');
INSERT INTO "tblCOM_UserProfile" VALUES (275, 'testuser4', 684, 'gregori', 'gregori', '2015-10-05 14:19:52', '2015-10-05 14:19:52');
INSERT INTO "tblCOM_UserProfile" VALUES (275, 'testuser4', 685, 'gregori', 'gregori', '2015-10-05 14:19:52', '2015-10-05 14:19:52');
INSERT INTO "tblCOM_UserProfile" VALUES (275, 'testuser4', 686, 'gregori', 'gregori', '2015-10-05 14:19:52', '2015-10-05 14:19:52');
INSERT INTO "tblCOM_UserProfile" VALUES (275, 'testuser4', 683, 'gregori', 'gregori', '2015-10-05 14:19:52', '2015-10-05 14:19:52');
INSERT INTO "tblCOM_UserProfile" VALUES (4, 'testuser4', 3, 'gregori', 'gregori', '2015-10-05 14:19:52', '2015-10-05 14:19:52');
INSERT INTO "tblCOM_UserProfile" VALUES (5, 'testuser4', 4, 'gregori', 'gregori', '2015-10-05 14:19:52', '2015-10-05 14:19:52');
INSERT INTO "tblCOM_UserProfile" VALUES (185, 'testuser4', 185, 'gregori', 'gregori', '2015-10-05 14:19:52', '2015-10-05 14:19:52');
INSERT INTO "tblCOM_UserProfile" VALUES (188, 'testuser4', 189, 'gregori', 'gregori', '2015-10-05 14:19:52', '2015-10-05 14:19:52');
INSERT INTO "tblCOM_UserProfile" VALUES (191, 'testuser4', 192, 'gregori', 'gregori', '2015-10-05 14:19:52', '2015-10-05 14:19:52');
INSERT INTO "tblCOM_UserProfile" VALUES (192, 'testuser4', 193, 'gregori', 'gregori', '2015-10-05 14:19:52', '2015-10-05 14:19:52');
INSERT INTO "tblCOM_UserProfile" VALUES (190, 'testuser4', 191, 'gregori', 'gregori', '2015-10-05 14:19:52', '2015-10-05 14:19:52');
INSERT INTO "tblCOM_UserProfile" VALUES (193, 'testuser4', 194, 'gregori', 'gregori', '2015-10-05 14:19:52', '2015-10-05 14:19:52');
INSERT INTO "tblCOM_UserProfile" VALUES (194, 'testuser4', 195, 'gregori', 'gregori', '2015-10-05 14:19:52', '2015-10-05 14:19:52');
INSERT INTO "tblCOM_UserProfile" VALUES (196, 'testuser4', 197, 'gregori', 'gregori', '2015-10-05 14:19:52', '2015-10-05 14:19:52');
INSERT INTO "tblCOM_UserProfile" VALUES (195, 'testuser4', 196, 'gregori', 'gregori', '2015-10-05 14:19:52', '2015-10-05 14:19:52');
INSERT INTO "tblCOM_UserProfile" VALUES (198, 'testuser4', 199, 'gregori', 'gregori', '2015-10-05 14:19:52', '2015-10-05 14:19:52');
INSERT INTO "tblCOM_UserProfile" VALUES (201, 'testuser4', 202, 'gregori', 'gregori', '2015-10-05 14:19:52', '2015-10-05 14:19:52');
INSERT INTO "tblCOM_UserProfile" VALUES (202, 'testuser4', 203, 'gregori', 'gregori', '2015-10-05 14:19:52', '2015-10-05 14:19:52');
INSERT INTO "tblCOM_UserProfile" VALUES (203, 'testuser4', 204, 'gregori', 'gregori', '2015-10-05 14:19:52', '2015-10-05 14:19:52');
INSERT INTO "tblCOM_UserProfile" VALUES (210, 'testuser4', 211, 'gregori', 'gregori', '2015-10-05 14:19:52', '2015-10-05 14:19:52');
INSERT INTO "tblCOM_UserProfile" VALUES (235, 'testuser4', 238, 'gregori', 'gregori', '2015-10-05 14:19:52', '2015-10-05 14:19:52');
INSERT INTO "tblCOM_UserProfile" VALUES (236, 'testuser4', 236, 'gregori', 'gregori', '2015-10-05 14:19:52', '2015-10-05 14:19:52');
INSERT INTO "tblCOM_UserProfile" VALUES (237, 'testuser4', 237, 'gregori', 'gregori', '2015-10-05 14:19:52', '2015-10-05 14:19:52');
INSERT INTO "tblCOM_UserProfile" VALUES (239, 'testuser4', 240, 'gregori', 'gregori', '2015-10-05 14:19:52', '2015-10-05 14:19:52');
INSERT INTO "tblCOM_UserProfile" VALUES (204, 'testuser4', 205, 'gregori', 'gregori', '2015-10-05 14:19:52', '2015-10-05 14:19:52');
INSERT INTO "tblCOM_UserProfile" VALUES (212, 'testuser4', 213, 'gregori', 'gregori', '2015-10-05 14:19:52', '2015-10-05 14:19:52');
INSERT INTO "tblCOM_UserProfile" VALUES (215, 'testuser4', 216, 'gregori', 'gregori', '2015-10-05 14:19:52', '2015-10-05 14:19:52');
INSERT INTO "tblCOM_UserProfile" VALUES (217, 'testuser4', 218, 'gregori', 'gregori', '2015-10-05 14:19:52', '2015-10-05 14:19:52');
INSERT INTO "tblCOM_UserProfile" VALUES (271, 'testuser4', 672, 'gregori', 'gregori', '2015-10-05 14:19:52', '2015-10-05 14:19:52');
INSERT INTO "tblCOM_UserProfile" VALUES (271, 'testuser4', 673, 'gregori', 'gregori', '2015-10-05 14:19:52', '2015-10-05 14:19:52');
INSERT INTO "tblCOM_UserProfile" VALUES (271, 'testuser4', 675, 'gregori', 'gregori', '2015-10-05 14:19:52', '2015-10-05 14:19:52');
INSERT INTO "tblCOM_UserProfile" VALUES (271, 'testuser4', 667, 'gregori', 'gregori', '2015-10-05 14:19:52', '2015-10-05 14:19:52');
INSERT INTO "tblCOM_UserProfile" VALUES (272, 'testuser4', 676, 'gregori', 'gregori', '2015-10-05 14:19:52', '2015-10-05 14:19:52');
INSERT INTO "tblCOM_UserProfile" VALUES (272, 'testuser4', 677, 'gregori', 'gregori', '2015-10-05 14:19:52', '2015-10-05 14:19:52');
INSERT INTO "tblCOM_UserProfile" VALUES (272, 'testuser4', 678, 'gregori', 'gregori', '2015-10-05 14:19:52', '2015-10-05 14:19:52');
INSERT INTO "tblCOM_UserProfile" VALUES (268, 'testuser4', 658, 'gregori', 'gregori', '2015-10-05 14:19:52', '2015-10-05 14:19:52');
INSERT INTO "tblCOM_UserProfile" VALUES (268, 'testuser4', 659, 'gregori', 'gregori', '2015-10-05 14:19:52', '2015-10-05 14:19:52');
INSERT INTO "tblCOM_UserProfile" VALUES (268, 'testuser4', 660, 'gregori', 'gregori', '2015-10-05 14:19:52', '2015-10-05 14:19:52');
INSERT INTO "tblCOM_UserProfile" VALUES (268, 'testuser4', 657, 'gregori', 'gregori', '2015-10-05 14:19:52', '2015-10-05 14:19:52');
INSERT INTO "tblCOM_UserProfile" VALUES (269, 'testuser4', 662, 'gregori', 'gregori', '2015-10-05 14:19:52', '2015-10-05 14:19:52');
INSERT INTO "tblCOM_UserProfile" VALUES (269, 'testuser4', 663, 'gregori', 'gregori', '2015-10-05 14:19:52', '2015-10-05 14:19:52');
INSERT INTO "tblCOM_UserProfile" VALUES (269, 'testuser4', 664, 'gregori', 'gregori', '2015-10-05 14:19:52', '2015-10-05 14:19:52');
INSERT INTO "tblCOM_UserProfile" VALUES (269, 'testuser4', 661, 'gregori', 'gregori', '2015-10-05 14:19:52', '2015-10-05 14:19:52');
INSERT INTO "tblCOM_UserProfile" VALUES (270, 'testuser4', 654, 'gregori', 'gregori', '2015-10-05 14:19:52', '2015-10-05 14:19:52');
INSERT INTO "tblCOM_UserProfile" VALUES (270, 'testuser4', 655, 'gregori', 'gregori', '2015-10-05 14:19:52', '2015-10-05 14:19:52');
INSERT INTO "tblCOM_UserProfile" VALUES (270, 'testuser4', 656, 'gregori', 'gregori', '2015-10-05 14:19:52', '2015-10-05 14:19:52');
INSERT INTO "tblCOM_UserProfile" VALUES (270, 'testuser4', 653, 'gregori', 'gregori', '2015-10-05 14:19:52', '2015-10-05 14:19:52');
INSERT INTO "tblCOM_UserProfile" VALUES (213, 'testuser4', 214, 'gregori', 'gregori', '2015-10-05 14:19:52', '2015-10-05 14:19:52');
INSERT INTO "tblCOM_UserProfile" VALUES (197, 'testuser4', 198, 'gregori', 'gregori', '2015-10-05 14:19:52', '2015-10-05 14:19:52');
INSERT INTO "tblCOM_UserProfile" VALUES (216, 'testuser4', 217, 'gregori', 'gregori', '2015-10-05 14:19:52', '2015-10-05 14:19:52');
INSERT INTO "tblCOM_UserProfile" VALUES (220, 'testuser4', 221, 'gregori', 'gregori', '2015-10-05 14:19:52', '2015-10-05 14:19:52');
INSERT INTO "tblCOM_UserProfile" VALUES (224, 'testuser4', 225, 'gregori', 'gregori', '2015-10-05 14:19:52', '2015-10-05 14:19:52');
INSERT INTO "tblCOM_UserProfile" VALUES (225, 'testuser4', 226, 'gregori', 'gregori', '2015-10-05 14:19:52', '2015-10-05 14:19:52');
INSERT INTO "tblCOM_UserProfile" VALUES (226, 'testuser4', 227, 'gregori', 'gregori', '2015-10-05 14:19:52', '2015-10-05 14:19:52');
INSERT INTO "tblCOM_UserProfile" VALUES (218, 'testuser4', 220, 'gregori', 'gregori', '2015-10-05 14:19:52', '2015-10-05 14:19:52');
INSERT INTO "tblCOM_UserProfile" VALUES (187, 'testuser4', 187, 'gregori', 'gregori', '2015-10-05 14:19:52', '2015-10-05 14:19:52');
INSERT INTO "tblCOM_UserProfile" VALUES (219, 'testuser4', 219, 'gregori', 'gregori', '2015-10-05 14:19:52', '2015-10-05 14:19:52');
INSERT INTO "tblCOM_UserProfile" VALUES (6, 'testuser4', 5, 'gregori', 'gregori', '2015-10-05 14:19:52', '2015-10-05 14:19:52');
INSERT INTO "tblCOM_UserProfile" VALUES (110, 'testuser4', 110, 'gregori', 'gregori', '2015-10-05 14:19:52', '2015-10-05 14:19:52');
INSERT INTO "tblCOM_UserProfile" VALUES (112, 'testuser4', 112, 'gregori', 'gregori', '2015-10-05 14:19:52', '2015-10-05 14:19:52');
INSERT INTO "tblCOM_UserProfile" VALUES (113, 'testuser4', 113, 'gregori', 'gregori', '2015-10-05 14:19:52', '2015-10-05 14:19:52');
INSERT INTO "tblCOM_UserProfile" VALUES (114, 'testuser4', 114, 'gregori', 'gregori', '2015-10-05 14:19:52', '2015-10-05 14:19:52');
INSERT INTO "tblCOM_UserProfile" VALUES (122, 'testuser4', 122, 'gregori', 'gregori', '2015-10-05 14:19:52', '2015-10-05 14:19:52');
INSERT INTO "tblCOM_UserProfile" VALUES (123, 'testuser4', 123, 'gregori', 'gregori', '2015-10-05 14:19:52', '2015-10-05 14:19:52');
INSERT INTO "tblCOM_UserProfile" VALUES (124, 'testuser4', 124, 'gregori', 'gregori', '2015-10-05 14:19:52', '2015-10-05 14:19:52');
INSERT INTO "tblCOM_UserProfile" VALUES (125, 'testuser4', 125, 'gregori', 'gregori', '2015-10-05 14:19:52', '2015-10-05 14:19:52');
INSERT INTO "tblCOM_UserProfile" VALUES (126, 'testuser4', 134, 'gregori', 'gregori', '2015-10-05 14:19:52', '2015-10-05 14:19:52');
INSERT INTO "tblCOM_UserProfile" VALUES (127, 'testuser4', 126, 'gregori', 'gregori', '2015-10-05 14:19:52', '2015-10-05 14:19:52');
INSERT INTO "tblCOM_UserProfile" VALUES (129, 'testuser4', 128, 'gregori', 'gregori', '2015-10-05 14:19:52', '2015-10-05 14:19:52');
INSERT INTO "tblCOM_UserProfile" VALUES (130, 'testuser4', 129, 'gregori', 'gregori', '2015-10-05 14:19:52', '2015-10-05 14:19:52');
INSERT INTO "tblCOM_UserProfile" VALUES (128, 'testuser4', 127, 'gregori', 'gregori', '2015-10-05 14:19:52', '2015-10-05 14:19:52');
INSERT INTO "tblCOM_UserProfile" VALUES (131, 'testuser4', 130, 'gregori', 'gregori', '2015-10-05 14:19:52', '2015-10-05 14:19:52');
INSERT INTO "tblCOM_UserProfile" VALUES (133, 'testuser4', 132, 'gregori', 'gregori', '2015-10-05 14:19:52', '2015-10-05 14:19:52');
INSERT INTO "tblCOM_UserProfile" VALUES (134, 'testuser4', 133, 'gregori', 'gregori', '2015-10-05 14:19:52', '2015-10-05 14:19:52');
INSERT INTO "tblCOM_UserProfile" VALUES (132, 'testuser4', 131, 'gregori', 'gregori', '2015-10-05 14:19:52', '2015-10-05 14:19:52');
INSERT INTO "tblCOM_UserProfile" VALUES (115, 'testuser4', 115, 'gregori', 'gregori', '2015-10-05 14:19:52', '2015-10-05 14:19:52');
INSERT INTO "tblCOM_UserProfile" VALUES (116, 'testuser4', 116, 'gregori', 'gregori', '2015-10-05 14:19:52', '2015-10-05 14:19:52');
INSERT INTO "tblCOM_UserProfile" VALUES (120, 'testuser4', 120, 'gregori', 'gregori', '2015-10-05 14:19:52', '2015-10-05 14:19:52');
INSERT INTO "tblCOM_UserProfile" VALUES (121, 'testuser4', 121, 'gregori', 'gregori', '2015-10-05 14:19:52', '2015-10-05 14:19:52');
INSERT INTO "tblCOM_UserProfile" VALUES (117, 'testuser4', 117, 'gregori', 'gregori', '2015-10-05 14:19:52', '2015-10-05 14:19:52');
INSERT INTO "tblCOM_UserProfile" VALUES (118, 'testuser4', 118, 'gregori', 'gregori', '2015-10-05 14:19:52', '2015-10-05 14:19:52');
INSERT INTO "tblCOM_UserProfile" VALUES (119, 'testuser4', 119, 'gregori', 'gregori', '2015-10-05 14:19:52', '2015-10-05 14:19:52');
INSERT INTO "tblCOM_UserProfile" VALUES (141, 'testuser4', 141, 'gregori', 'gregori', '2015-10-05 14:19:52', '2015-10-05 14:19:52');
INSERT INTO "tblCOM_UserProfile" VALUES (111, 'testuser4', 111, 'gregori', 'gregori', '2015-10-05 14:19:52', '2015-10-05 14:19:52');
INSERT INTO "tblCOM_UserProfile" VALUES (135, 'testuser4', 135, 'gregori', 'gregori', '2015-10-05 14:19:52', '2015-10-05 14:19:52');
INSERT INTO "tblCOM_UserProfile" VALUES (136, 'testuser4', 136, 'gregori', 'gregori', '2015-10-05 14:19:52', '2015-10-05 14:19:52');
INSERT INTO "tblCOM_UserProfile" VALUES (137, 'testuser4', 137, 'gregori', 'gregori', '2015-10-05 14:19:52', '2015-10-05 14:19:52');
INSERT INTO "tblCOM_UserProfile" VALUES (138, 'testuser4', 138, 'gregori', 'gregori', '2015-10-05 14:19:52', '2015-10-05 14:19:52');
INSERT INTO "tblCOM_UserProfile" VALUES (7, 'testuser4', 6, 'gregori', 'gregori', '2015-10-05 14:19:52', '2015-10-05 14:19:52');
INSERT INTO "tblCOM_UserProfile" VALUES (179, 'testuser4', 179, 'gregori', 'gregori', '2015-10-05 14:19:52', '2015-10-05 14:19:52');
INSERT INTO "tblCOM_UserProfile" VALUES (180, 'testuser4', 180, 'gregori', 'gregori', '2015-10-05 14:19:52', '2015-10-05 14:19:52');
INSERT INTO "tblCOM_UserProfile" VALUES (181, 'testuser4', 181, 'gregori', 'gregori', '2015-10-05 14:19:52', '2015-10-05 14:19:52');
INSERT INTO "tblCOM_UserProfile" VALUES (221, 'testuser4', 222, 'gregori', 'gregori', '2015-10-05 14:19:52', '2015-10-05 14:19:52');
INSERT INTO "tblCOM_UserProfile" VALUES (222, 'testuser4', 223, 'gregori', 'gregori', '2015-10-05 14:19:52', '2015-10-05 14:19:52');
INSERT INTO "tblCOM_UserProfile" VALUES (223, 'testuser4', 224, 'gregori', 'gregori', '2015-10-05 14:19:52', '2015-10-05 14:19:52');
INSERT INTO "tblCOM_UserProfile" VALUES (8, 'testuser4', 7, 'gregori', 'gregori', '2015-10-05 14:19:52', '2015-10-05 14:19:52');
INSERT INTO "tblCOM_UserProfile" VALUES (186, 'testuser4', 186, 'gregori', 'gregori', '2015-10-05 14:19:52', '2015-10-05 14:19:52');
INSERT INTO "tblCOM_UserProfile" VALUES (207, 'testuser4', 208, 'gregori', 'gregori', '2015-10-05 14:19:52', '2015-10-05 14:19:52');
INSERT INTO "tblCOM_UserProfile" VALUES (208, 'testuser4', 209, 'gregori', 'gregori', '2015-10-05 14:19:52', '2015-10-05 14:19:52');
INSERT INTO "tblCOM_UserProfile" VALUES (228, 'testuser4', 229, 'gregori', 'gregori', '2015-10-05 14:19:52', '2015-10-05 14:19:52');
INSERT INTO "tblCOM_UserProfile" VALUES (232, 'testuser4', 233, 'gregori', 'gregori', '2015-10-05 14:19:52', '2015-10-05 14:19:52');
INSERT INTO "tblCOM_UserProfile" VALUES (229, 'testuser4', 230, 'gregori', 'gregori', '2015-10-05 14:19:52', '2015-10-05 14:19:52');
INSERT INTO "tblCOM_UserProfile" VALUES (233, 'testuser4', 234, 'gregori', 'gregori', '2015-10-05 14:19:52', '2015-10-05 14:19:52');
INSERT INTO "tblCOM_UserProfile" VALUES (234, 'testuser4', 235, 'gregori', 'gregori', '2015-10-05 14:19:52', '2015-10-05 14:19:52');
INSERT INTO "tblCOM_UserProfile" VALUES (230, 'testuser4', 231, 'gregori', 'gregori', '2015-10-05 14:19:52', '2015-10-05 14:19:52');
INSERT INTO "tblCOM_UserProfile" VALUES (209, 'testuser4', 210, 'gregori', 'gregori', '2015-10-05 14:19:52', '2015-10-05 14:19:52');
INSERT INTO "tblCOM_UserProfile" VALUES (211, 'testuser4', 212, 'gregori', 'gregori', '2015-10-05 14:19:52', '2015-10-05 14:19:52');
INSERT INTO "tblCOM_UserProfile" VALUES (227, 'testuser4', 228, 'gregori', 'gregori', '2015-10-05 14:19:52', '2015-10-05 14:19:52');
INSERT INTO "tblCOM_UserProfile" VALUES (205, 'testuser4', 206, 'gregori', 'gregori', '2015-10-05 14:19:52', '2015-10-05 14:19:52');
INSERT INTO "tblCOM_UserProfile" VALUES (206, 'testuser4', 207, 'gregori', 'gregori', '2015-10-05 14:19:52', '2015-10-05 14:19:52');
INSERT INTO "tblCOM_UserProfile" VALUES (231, 'testuser4', 232, 'gregori', 'gregori', '2015-10-05 14:19:52', '2015-10-05 14:19:52');
INSERT INTO "tblCOM_UserProfile" VALUES (1, 'testuser2', 1, 'testuser2', 'testuser2', '2015-10-10 15:16:32', '2015-10-10 15:16:32');
INSERT INTO "tblCOM_UserProfile" VALUES (9, 'testuser2', 9, 'testuser2', 'testuser2', '2015-10-10 15:16:32', '2015-10-10 15:16:32');
INSERT INTO "tblCOM_UserProfile" VALUES (13, 'testuser2', 243, 'testuser2', 'testuser2', '2015-10-10 15:16:32', '2015-10-10 15:16:32');
INSERT INTO "tblCOM_UserProfile" VALUES (13, 'testuser2', 244, 'testuser2', 'testuser2', '2015-10-10 15:16:32', '2015-10-10 15:16:32');
INSERT INTO "tblCOM_UserProfile" VALUES (13, 'testuser2', 247, 'testuser2', 'testuser2', '2015-10-10 15:16:32', '2015-10-10 15:16:32');
INSERT INTO "tblCOM_UserProfile" VALUES (13, 'testuser2', 376, 'testuser2', 'testuser2', '2015-10-10 15:16:32', '2015-10-10 15:16:32');
INSERT INTO "tblCOM_UserProfile" VALUES (13, 'testuser2', 13, 'testuser2', 'testuser2', '2015-10-10 15:16:32', '2015-10-10 15:16:32');
INSERT INTO "tblCOM_UserProfile" VALUES (14, 'testuser2', 245, 'testuser2', 'testuser2', '2015-10-10 15:16:32', '2015-10-10 15:16:32');
INSERT INTO "tblCOM_UserProfile" VALUES (14, 'testuser2', 246, 'testuser2', 'testuser2', '2015-10-10 15:16:32', '2015-10-10 15:16:32');
INSERT INTO "tblCOM_UserProfile" VALUES (14, 'testuser2', 377, 'testuser2', 'testuser2', '2015-10-10 15:16:32', '2015-10-10 15:16:32');
INSERT INTO "tblCOM_UserProfile" VALUES (14, 'testuser2', 14, 'testuser2', 'testuser2', '2015-10-10 15:16:32', '2015-10-10 15:16:32');
INSERT INTO "tblCOM_UserProfile" VALUES (248, 'testuser2', 608, 'testuser2', 'testuser2', '2015-10-10 15:16:32', '2015-10-10 15:16:32');
INSERT INTO "tblCOM_UserProfile" VALUES (248, 'testuser2', 610, 'testuser2', 'testuser2', '2015-10-10 15:16:32', '2015-10-10 15:16:32');
INSERT INTO "tblCOM_UserProfile" VALUES (10, 'testuser2', 10, 'testuser2', 'testuser2', '2015-10-10 15:16:32', '2015-10-10 15:16:32');
INSERT INTO "tblCOM_UserProfile" VALUES (19, 'testuser2', 332, 'testuser2', 'testuser2', '2015-10-10 15:16:32', '2015-10-10 15:16:32');
INSERT INTO "tblCOM_UserProfile" VALUES (19, 'testuser2', 344, 'testuser2', 'testuser2', '2015-10-10 15:16:32', '2015-10-10 15:16:32');
INSERT INTO "tblCOM_UserProfile" VALUES (19, 'testuser2', 381, 'testuser2', 'testuser2', '2015-10-10 15:16:32', '2015-10-10 15:16:32');
INSERT INTO "tblCOM_UserProfile" VALUES (19, 'testuser2', 20, 'testuser2', 'testuser2', '2015-10-10 15:16:32', '2015-10-10 15:16:32');
INSERT INTO "tblCOM_UserProfile" VALUES (20, 'testuser2', 339, 'testuser2', 'testuser2', '2015-10-10 15:16:32', '2015-10-10 15:16:32');
INSERT INTO "tblCOM_UserProfile" VALUES (20, 'testuser2', 351, 'testuser2', 'testuser2', '2015-10-10 15:16:32', '2015-10-10 15:16:32');
INSERT INTO "tblCOM_UserProfile" VALUES (20, 'testuser2', 383, 'testuser2', 'testuser2', '2015-10-10 15:16:32', '2015-10-10 15:16:32');
INSERT INTO "tblCOM_UserProfile" VALUES (20, 'testuser2', 22, 'testuser2', 'testuser2', '2015-10-10 15:16:32', '2015-10-10 15:16:32');
INSERT INTO "tblCOM_UserProfile" VALUES (21, 'testuser2', 23, 'testuser2', 'testuser2', '2015-10-10 15:16:32', '2015-10-10 15:16:32');
INSERT INTO "tblCOM_UserProfile" VALUES (22, 'testuser2', 252, 'testuser2', 'testuser2', '2015-10-10 15:16:32', '2015-10-10 15:16:32');
INSERT INTO "tblCOM_UserProfile" VALUES (22, 'testuser2', 253, 'testuser2', 'testuser2', '2015-10-10 15:16:32', '2015-10-10 15:16:32');
INSERT INTO "tblCOM_UserProfile" VALUES (22, 'testuser2', 385, 'testuser2', 'testuser2', '2015-10-10 15:16:32', '2015-10-10 15:16:32');
INSERT INTO "tblCOM_UserProfile" VALUES (22, 'testuser2', 24, 'testuser2', 'testuser2', '2015-10-10 15:16:32', '2015-10-10 15:16:32');
INSERT INTO "tblCOM_UserProfile" VALUES (30, 'testuser2', 275, 'testuser2', 'testuser2', '2015-10-10 15:16:32', '2015-10-10 15:16:32');
INSERT INTO "tblCOM_UserProfile" VALUES (30, 'testuser2', 307, 'testuser2', 'testuser2', '2015-10-10 15:16:32', '2015-10-10 15:16:32');
INSERT INTO "tblCOM_UserProfile" VALUES (30, 'testuser2', 422, 'testuser2', 'testuser2', '2015-10-10 15:16:32', '2015-10-10 15:16:32');
INSERT INTO "tblCOM_UserProfile" VALUES (30, 'testuser2', 32, 'testuser2', 'testuser2', '2015-10-10 15:16:32', '2015-10-10 15:16:32');
INSERT INTO "tblCOM_UserProfile" VALUES (31, 'testuser2', 277, 'testuser2', 'testuser2', '2015-10-10 15:16:32', '2015-10-10 15:16:32');
INSERT INTO "tblCOM_UserProfile" VALUES (31, 'testuser2', 309, 'testuser2', 'testuser2', '2015-10-10 15:16:32', '2015-10-10 15:16:32');
INSERT INTO "tblCOM_UserProfile" VALUES (31, 'testuser2', 414, 'testuser2', 'testuser2', '2015-10-10 15:16:32', '2015-10-10 15:16:32');
INSERT INTO "tblCOM_UserProfile" VALUES (31, 'testuser2', 33, 'testuser2', 'testuser2', '2015-10-10 15:16:32', '2015-10-10 15:16:32');
INSERT INTO "tblCOM_UserProfile" VALUES (32, 'testuser2', 276, 'testuser2', 'testuser2', '2015-10-10 15:16:32', '2015-10-10 15:16:32');
INSERT INTO "tblCOM_UserProfile" VALUES (32, 'testuser2', 308, 'testuser2', 'testuser2', '2015-10-10 15:16:32', '2015-10-10 15:16:32');
INSERT INTO "tblCOM_UserProfile" VALUES (32, 'testuser2', 366, 'testuser2', 'testuser2', '2015-10-10 15:16:32', '2015-10-10 15:16:32');
INSERT INTO "tblCOM_UserProfile" VALUES (32, 'testuser2', 34, 'testuser2', 'testuser2', '2015-10-10 15:16:32', '2015-10-10 15:16:32');
INSERT INTO "tblCOM_UserProfile" VALUES (33, 'testuser2', 278, 'testuser2', 'testuser2', '2015-10-10 15:16:32', '2015-10-10 15:16:32');
INSERT INTO "tblCOM_UserProfile" VALUES (33, 'testuser2', 310, 'testuser2', 'testuser2', '2015-10-10 15:16:32', '2015-10-10 15:16:32');
INSERT INTO "tblCOM_UserProfile" VALUES (33, 'testuser2', 413, 'testuser2', 'testuser2', '2015-10-10 15:16:32', '2015-10-10 15:16:32');
INSERT INTO "tblCOM_UserProfile" VALUES (33, 'testuser2', 35, 'testuser2', 'testuser2', '2015-10-10 15:16:32', '2015-10-10 15:16:32');
INSERT INTO "tblCOM_UserProfile" VALUES (77, 'testuser2', 77, 'testuser2', 'testuser2', '2015-10-10 15:16:32', '2015-10-10 15:16:32');
INSERT INTO "tblCOM_UserProfile" VALUES (79, 'testuser2', 79, 'testuser2', 'testuser2', '2015-10-10 15:16:32', '2015-10-10 15:16:32');
INSERT INTO "tblCOM_UserProfile" VALUES (68, 'testuser2', 68, 'testuser2', 'testuser2', '2015-10-10 15:16:32', '2015-10-10 15:16:32');
INSERT INTO "tblCOM_UserProfile" VALUES (83, 'testuser2', 83, 'testuser2', 'testuser2', '2015-10-10 15:16:32', '2015-10-10 15:16:32');
INSERT INTO "tblCOM_UserProfile" VALUES (109, 'testuser2', 109, 'testuser2', 'testuser2', '2015-10-10 15:16:32', '2015-10-10 15:16:32');
INSERT INTO "tblCOM_UserProfile" VALUES (140, 'testuser2', 140, 'testuser2', 'testuser2', '2015-10-10 15:16:32', '2015-10-10 15:16:32');
INSERT INTO "tblCOM_UserProfile" VALUES (178, 'testuser2', 178, 'testuser2', 'testuser2', '2015-10-10 15:16:32', '2015-10-10 15:16:32');
INSERT INTO "tblCOM_UserProfile" VALUES (184, 'testuser2', 184, 'testuser2', 'testuser2', '2015-10-10 15:16:32', '2015-10-10 15:16:32');
INSERT INTO "tblCOM_UserProfile" VALUES (80, 'testuser2', 80, 'testuser2', 'testuser2', '2015-10-10 15:16:32', '2015-10-10 15:16:32');
INSERT INTO "tblCOM_UserProfile" VALUES (84, 'testuser2', 84, 'testuser2', 'testuser2', '2015-10-10 15:16:32', '2015-10-10 15:16:32');
INSERT INTO "tblCOM_UserProfile" VALUES (85, 'testuser2', 85, 'testuser2', 'testuser2', '2015-10-10 15:16:32', '2015-10-10 15:16:32');
INSERT INTO "tblCOM_UserProfile" VALUES (81, 'testuser2', 81, 'testuser2', 'testuser2', '2015-10-10 15:16:32', '2015-10-10 15:16:32');
INSERT INTO "tblCOM_UserProfile" VALUES (70, 'testuser2', 70, 'testuser2', 'testuser2', '2015-10-10 15:16:32', '2015-10-10 15:16:32');
INSERT INTO "tblCOM_UserProfile" VALUES (86, 'testuser2', 86, 'testuser2', 'testuser2', '2015-10-10 15:16:32', '2015-10-10 15:16:32');
INSERT INTO "tblCOM_UserProfile" VALUES (87, 'testuser2', 87, 'testuser2', 'testuser2', '2015-10-10 15:16:32', '2015-10-10 15:16:32');
INSERT INTO "tblCOM_UserProfile" VALUES (88, 'testuser2', 88, 'testuser2', 'testuser2', '2015-10-10 15:16:32', '2015-10-10 15:16:32');
INSERT INTO "tblCOM_UserProfile" VALUES (144, 'testuser2', 143, 'testuser2', 'testuser2', '2015-10-10 15:16:32', '2015-10-10 15:16:32');
INSERT INTO "tblCOM_UserProfile" VALUES (145, 'testuser2', 268, 'testuser2', 'testuser2', '2015-10-10 15:16:32', '2015-10-10 15:16:32');
INSERT INTO "tblCOM_UserProfile" VALUES (145, 'testuser2', 300, 'testuser2', 'testuser2', '2015-10-10 15:16:32', '2015-10-10 15:16:32');
INSERT INTO "tblCOM_UserProfile" VALUES (145, 'testuser2', 498, 'testuser2', 'testuser2', '2015-10-10 15:16:32', '2015-10-10 15:16:32');
INSERT INTO "tblCOM_UserProfile" VALUES (145, 'testuser2', 144, 'testuser2', 'testuser2', '2015-10-10 15:16:32', '2015-10-10 15:16:32');
INSERT INTO "tblCOM_UserProfile" VALUES (147, 'testuser2', 280, 'testuser2', 'testuser2', '2015-10-10 15:16:32', '2015-10-10 15:16:32');
INSERT INTO "tblCOM_UserProfile" VALUES (147, 'testuser2', 312, 'testuser2', 'testuser2', '2015-10-10 15:16:32', '2015-10-10 15:16:32');
INSERT INTO "tblCOM_UserProfile" VALUES (147, 'testuser2', 499, 'testuser2', 'testuser2', '2015-10-10 15:16:32', '2015-10-10 15:16:32');
INSERT INTO "tblCOM_UserProfile" VALUES (147, 'testuser2', 146, 'testuser2', 'testuser2', '2015-10-10 15:16:32', '2015-10-10 15:16:32');
INSERT INTO "tblCOM_UserProfile" VALUES (150, 'testuser2', 283, 'testuser2', 'testuser2', '2015-10-10 15:16:32', '2015-10-10 15:16:32');
INSERT INTO "tblCOM_UserProfile" VALUES (150, 'testuser2', 315, 'testuser2', 'testuser2', '2015-10-10 15:16:32', '2015-10-10 15:16:32');
INSERT INTO "tblCOM_UserProfile" VALUES (150, 'testuser2', 582, 'testuser2', 'testuser2', '2015-10-10 15:16:32', '2015-10-10 15:16:32');
INSERT INTO "tblCOM_UserProfile" VALUES (150, 'testuser2', 149, 'testuser2', 'testuser2', '2015-10-10 15:16:32', '2015-10-10 15:16:32');
INSERT INTO "tblCOM_UserProfile" VALUES (153, 'testuser2', 286, 'testuser2', 'testuser2', '2015-10-10 15:16:32', '2015-10-10 15:16:32');
INSERT INTO "tblCOM_UserProfile" VALUES (153, 'testuser2', 318, 'testuser2', 'testuser2', '2015-10-10 15:16:32', '2015-10-10 15:16:32');
INSERT INTO "tblCOM_UserProfile" VALUES (153, 'testuser2', 506, 'testuser2', 'testuser2', '2015-10-10 15:16:32', '2015-10-10 15:16:32');
INSERT INTO "tblCOM_UserProfile" VALUES (153, 'testuser2', 152, 'testuser2', 'testuser2', '2015-10-10 15:16:32', '2015-10-10 15:16:32');
INSERT INTO "tblCOM_UserProfile" VALUES (154, 'testuser2', 287, 'testuser2', 'testuser2', '2015-10-10 15:16:32', '2015-10-10 15:16:32');
INSERT INTO "tblCOM_UserProfile" VALUES (154, 'testuser2', 319, 'testuser2', 'testuser2', '2015-10-10 15:16:32', '2015-10-10 15:16:32');
INSERT INTO "tblCOM_UserProfile" VALUES (154, 'testuser2', 507, 'testuser2', 'testuser2', '2015-10-10 15:16:32', '2015-10-10 15:16:32');
INSERT INTO "tblCOM_UserProfile" VALUES (154, 'testuser2', 153, 'testuser2', 'testuser2', '2015-10-10 15:16:32', '2015-10-10 15:16:32');
INSERT INTO "tblCOM_UserProfile" VALUES (157, 'testuser2', 290, 'testuser2', 'testuser2', '2015-10-10 15:16:32', '2015-10-10 15:16:32');
INSERT INTO "tblCOM_UserProfile" VALUES (157, 'testuser2', 322, 'testuser2', 'testuser2', '2015-10-10 15:16:32', '2015-10-10 15:16:32');
INSERT INTO "tblCOM_UserProfile" VALUES (157, 'testuser2', 509, 'testuser2', 'testuser2', '2015-10-10 15:16:32', '2015-10-10 15:16:32');
INSERT INTO "tblCOM_UserProfile" VALUES (157, 'testuser2', 156, 'testuser2', 'testuser2', '2015-10-10 15:16:32', '2015-10-10 15:16:32');
INSERT INTO "tblCOM_UserProfile" VALUES (158, 'testuser2', 291, 'testuser2', 'testuser2', '2015-10-10 15:16:32', '2015-10-10 15:16:32');
INSERT INTO "tblCOM_UserProfile" VALUES (158, 'testuser2', 323, 'testuser2', 'testuser2', '2015-10-10 15:16:32', '2015-10-10 15:16:32');
INSERT INTO "tblCOM_UserProfile" VALUES (158, 'testuser2', 510, 'testuser2', 'testuser2', '2015-10-10 15:16:32', '2015-10-10 15:16:32');
INSERT INTO "tblCOM_UserProfile" VALUES (158, 'testuser2', 157, 'testuser2', 'testuser2', '2015-10-10 15:16:32', '2015-10-10 15:16:32');
INSERT INTO "tblCOM_UserProfile" VALUES (159, 'testuser2', 292, 'testuser2', 'testuser2', '2015-10-10 15:16:32', '2015-10-10 15:16:32');
INSERT INTO "tblCOM_UserProfile" VALUES (159, 'testuser2', 324, 'testuser2', 'testuser2', '2015-10-10 15:16:32', '2015-10-10 15:16:32');
INSERT INTO "tblCOM_UserProfile" VALUES (159, 'testuser2', 511, 'testuser2', 'testuser2', '2015-10-10 15:16:32', '2015-10-10 15:16:32');
INSERT INTO "tblCOM_UserProfile" VALUES (159, 'testuser2', 158, 'testuser2', 'testuser2', '2015-10-10 15:16:32', '2015-10-10 15:16:32');
INSERT INTO "tblCOM_UserProfile" VALUES (160, 'testuser2', 264, 'testuser2', 'testuser2', '2015-10-10 15:16:32', '2015-10-10 15:16:32');
INSERT INTO "tblCOM_UserProfile" VALUES (160, 'testuser2', 296, 'testuser2', 'testuser2', '2015-10-10 15:16:32', '2015-10-10 15:16:32');
INSERT INTO "tblCOM_UserProfile" VALUES (160, 'testuser2', 512, 'testuser2', 'testuser2', '2015-10-10 15:16:32', '2015-10-10 15:16:32');
INSERT INTO "tblCOM_UserProfile" VALUES (160, 'testuser2', 159, 'testuser2', 'testuser2', '2015-10-10 15:16:32', '2015-10-10 15:16:32');
INSERT INTO "tblCOM_UserProfile" VALUES (161, 'testuser2', 293, 'testuser2', 'testuser2', '2015-10-10 15:16:32', '2015-10-10 15:16:32');
INSERT INTO "tblCOM_UserProfile" VALUES (161, 'testuser2', 325, 'testuser2', 'testuser2', '2015-10-10 15:16:32', '2015-10-10 15:16:32');
INSERT INTO "tblCOM_UserProfile" VALUES (161, 'testuser2', 513, 'testuser2', 'testuser2', '2015-10-10 15:16:32', '2015-10-10 15:16:32');
INSERT INTO "tblCOM_UserProfile" VALUES (161, 'testuser2', 160, 'testuser2', 'testuser2', '2015-10-10 15:16:32', '2015-10-10 15:16:32');
INSERT INTO "tblCOM_UserProfile" VALUES (162, 'testuser2', 294, 'testuser2', 'testuser2', '2015-10-10 15:16:32', '2015-10-10 15:16:32');
INSERT INTO "tblCOM_UserProfile" VALUES (162, 'testuser2', 326, 'testuser2', 'testuser2', '2015-10-10 15:16:32', '2015-10-10 15:16:32');
INSERT INTO "tblCOM_UserProfile" VALUES (162, 'testuser2', 503, 'testuser2', 'testuser2', '2015-10-10 15:16:32', '2015-10-10 15:16:32');
INSERT INTO "tblCOM_UserProfile" VALUES (162, 'testuser2', 161, 'testuser2', 'testuser2', '2015-10-10 15:16:32', '2015-10-10 15:16:32');
INSERT INTO "tblCOM_UserProfile" VALUES (163, 'testuser2', 295, 'testuser2', 'testuser2', '2015-10-10 15:16:32', '2015-10-10 15:16:32');
INSERT INTO "tblCOM_UserProfile" VALUES (163, 'testuser2', 327, 'testuser2', 'testuser2', '2015-10-10 15:16:32', '2015-10-10 15:16:32');
INSERT INTO "tblCOM_UserProfile" VALUES (163, 'testuser2', 504, 'testuser2', 'testuser2', '2015-10-10 15:16:32', '2015-10-10 15:16:32');
INSERT INTO "tblCOM_UserProfile" VALUES (163, 'testuser2', 162, 'testuser2', 'testuser2', '2015-10-10 15:16:32', '2015-10-10 15:16:32');
INSERT INTO "tblCOM_UserProfile" VALUES (174, 'testuser2', 330, 'testuser2', 'testuser2', '2015-10-10 15:16:32', '2015-10-10 15:16:32');
INSERT INTO "tblCOM_UserProfile" VALUES (174, 'testuser2', 342, 'testuser2', 'testuser2', '2015-10-10 15:16:32', '2015-10-10 15:16:32');
INSERT INTO "tblCOM_UserProfile" VALUES (174, 'testuser2', 523, 'testuser2', 'testuser2', '2015-10-10 15:16:32', '2015-10-10 15:16:32');
INSERT INTO "tblCOM_UserProfile" VALUES (174, 'testuser2', 174, 'testuser2', 'testuser2', '2015-10-10 15:16:32', '2015-10-10 15:16:32');
INSERT INTO "tblCOM_UserProfile" VALUES (176, 'testuser2', 176, 'testuser2', 'testuser2', '2015-10-10 15:16:32', '2015-10-10 15:16:32');
INSERT INTO "tblCOM_UserProfile" VALUES (182, 'testuser2', 182, 'testuser2', 'testuser2', '2015-10-10 15:16:32', '2015-10-10 15:16:32');
INSERT INTO "tblCOM_UserProfile" VALUES (183, 'testuser2', 183, 'testuser2', 'testuser2', '2015-10-10 15:16:32', '2015-10-10 15:16:32');
INSERT INTO "tblCOM_UserProfile" VALUES (238, 'testuser2', 239, 'testuser2', 'testuser2', '2015-10-10 15:16:32', '2015-10-10 15:16:32');
INSERT INTO "tblCOM_UserProfile" VALUES (177, 'testuser2', 177, 'testuser2', 'testuser2', '2015-10-10 15:16:32', '2015-10-10 15:16:32');
INSERT INTO "tblCOM_UserProfile" VALUES (242, 'testuser2', 353, 'testuser2', 'testuser2', '2015-10-10 15:16:32', '2015-10-10 15:16:32');
INSERT INTO "tblCOM_UserProfile" VALUES (242, 'testuser2', 354, 'testuser2', 'testuser2', '2015-10-10 15:16:32', '2015-10-10 15:16:32');
INSERT INTO "tblCOM_UserProfile" VALUES (242, 'testuser2', 593, 'testuser2', 'testuser2', '2015-10-10 15:16:32', '2015-10-10 15:16:32');
INSERT INTO "tblCOM_UserProfile" VALUES (242, 'testuser2', 352, 'testuser2', 'testuser2', '2015-10-10 15:16:32', '2015-10-10 15:16:32');
INSERT INTO "tblCOM_UserProfile" VALUES (245, 'testuser2', 597, 'testuser2', 'testuser2', '2015-10-10 15:16:32', '2015-10-10 15:16:32');
INSERT INTO "tblCOM_UserProfile" VALUES (245, 'testuser2', 598, 'testuser2', 'testuser2', '2015-10-10 15:16:32', '2015-10-10 15:16:32');
INSERT INTO "tblCOM_UserProfile" VALUES (245, 'testuser2', 599, 'testuser2', 'testuser2', '2015-10-10 15:16:32', '2015-10-10 15:16:32');
INSERT INTO "tblCOM_UserProfile" VALUES (245, 'testuser2', 596, 'testuser2', 'testuser2', '2015-10-10 15:16:32', '2015-10-10 15:16:32');
INSERT INTO "tblCOM_UserProfile" VALUES (249, 'testuser2', 612, 'testuser2', 'testuser2', '2015-10-10 15:16:32', '2015-10-10 15:16:32');
INSERT INTO "tblCOM_UserProfile" VALUES (249, 'testuser2', 613, 'testuser2', 'testuser2', '2015-10-10 15:16:32', '2015-10-10 15:16:32');
INSERT INTO "tblCOM_UserProfile" VALUES (249, 'testuser2', 614, 'testuser2', 'testuser2', '2015-10-10 15:16:32', '2015-10-10 15:16:32');
INSERT INTO "tblCOM_UserProfile" VALUES (249, 'testuser2', 611, 'testuser2', 'testuser2', '2015-10-10 15:16:32', '2015-10-10 15:16:32');
INSERT INTO "tblCOM_UserProfile" VALUES (250, 'testuser2', 616, 'testuser2', 'testuser2', '2015-10-10 15:16:32', '2015-10-10 15:16:32');
INSERT INTO "tblCOM_UserProfile" VALUES (250, 'testuser2', 617, 'testuser2', 'testuser2', '2015-10-10 15:16:32', '2015-10-10 15:16:32');
INSERT INTO "tblCOM_UserProfile" VALUES (250, 'testuser2', 618, 'testuser2', 'testuser2', '2015-10-10 15:16:32', '2015-10-10 15:16:32');
INSERT INTO "tblCOM_UserProfile" VALUES (250, 'testuser2', 615, 'testuser2', 'testuser2', '2015-10-10 15:16:32', '2015-10-10 15:16:32');
INSERT INTO "tblCOM_UserProfile" VALUES (251, 'testuser2', 620, 'testuser2', 'testuser2', '2015-10-10 15:16:32', '2015-10-10 15:16:32');
INSERT INTO "tblCOM_UserProfile" VALUES (251, 'testuser2', 621, 'testuser2', 'testuser2', '2015-10-10 15:16:32', '2015-10-10 15:16:32');
INSERT INTO "tblCOM_UserProfile" VALUES (251, 'testuser2', 622, 'testuser2', 'testuser2', '2015-10-10 15:16:32', '2015-10-10 15:16:32');
INSERT INTO "tblCOM_UserProfile" VALUES (251, 'testuser2', 619, 'testuser2', 'testuser2', '2015-10-10 15:16:32', '2015-10-10 15:16:32');
INSERT INTO "tblCOM_UserProfile" VALUES (252, 'testuser2', 625, 'testuser2', 'testuser2', '2015-10-10 15:16:32', '2015-10-10 15:16:32');
INSERT INTO "tblCOM_UserProfile" VALUES (252, 'testuser2', 623, 'testuser2', 'testuser2', '2015-10-10 15:16:32', '2015-10-10 15:16:32');
INSERT INTO "tblCOM_UserProfile" VALUES (253, 'testuser2', 628, 'testuser2', 'testuser2', '2015-10-10 15:16:32', '2015-10-10 15:16:32');
INSERT INTO "tblCOM_UserProfile" VALUES (253, 'testuser2', 629, 'testuser2', 'testuser2', '2015-10-10 15:16:32', '2015-10-10 15:16:32');
INSERT INTO "tblCOM_UserProfile" VALUES (253, 'testuser2', 630, 'testuser2', 'testuser2', '2015-10-10 15:16:32', '2015-10-10 15:16:32');
INSERT INTO "tblCOM_UserProfile" VALUES (253, 'testuser2', 627, 'testuser2', 'testuser2', '2015-10-10 15:16:32', '2015-10-10 15:16:32');
INSERT INTO "tblCOM_UserProfile" VALUES (173, 'testuser2', 335, 'testuser2', 'testuser2', '2015-10-10 15:16:32', '2015-10-10 15:16:32');
INSERT INTO "tblCOM_UserProfile" VALUES (173, 'testuser2', 347, 'testuser2', 'testuser2', '2015-10-10 15:16:32', '2015-10-10 15:16:32');
INSERT INTO "tblCOM_UserProfile" VALUES (173, 'testuser2', 522, 'testuser2', 'testuser2', '2015-10-10 15:16:32', '2015-10-10 15:16:32');
INSERT INTO "tblCOM_UserProfile" VALUES (173, 'testuser2', 173, 'testuser2', 'testuser2', '2015-10-10 15:16:32', '2015-10-10 15:16:32');
INSERT INTO "tblCOM_UserProfile" VALUES (254, 'testuser2', 631, 'testuser2', 'testuser2', '2015-10-10 15:16:32', '2015-10-10 15:16:32');
INSERT INTO "tblCOM_UserProfile" VALUES (15, 'testuser2', 15, 'testuser2', 'testuser2', '2015-10-10 15:16:32', '2015-10-10 15:16:32');
INSERT INTO "tblCOM_UserProfile" VALUES (16, 'testuser2', 248, 'testuser2', 'testuser2', '2015-10-10 15:16:32', '2015-10-10 15:16:32');
INSERT INTO "tblCOM_UserProfile" VALUES (16, 'testuser2', 249, 'testuser2', 'testuser2', '2015-10-10 15:16:32', '2015-10-10 15:16:32');
INSERT INTO "tblCOM_UserProfile" VALUES (16, 'testuser2', 379, 'testuser2', 'testuser2', '2015-10-10 15:16:32', '2015-10-10 15:16:32');
INSERT INTO "tblCOM_UserProfile" VALUES (16, 'testuser2', 16, 'testuser2', 'testuser2', '2015-10-10 15:16:32', '2015-10-10 15:16:32');
INSERT INTO "tblCOM_UserProfile" VALUES (148, 'testuser2', 281, 'testuser2', 'testuser2', '2015-10-10 15:16:32', '2015-10-10 15:16:32');
INSERT INTO "tblCOM_UserProfile" VALUES (148, 'testuser2', 313, 'testuser2', 'testuser2', '2015-10-10 15:16:32', '2015-10-10 15:16:32');
INSERT INTO "tblCOM_UserProfile" VALUES (148, 'testuser2', 500, 'testuser2', 'testuser2', '2015-10-10 15:16:32', '2015-10-10 15:16:32');
INSERT INTO "tblCOM_UserProfile" VALUES (148, 'testuser2', 147, 'testuser2', 'testuser2', '2015-10-10 15:16:32', '2015-10-10 15:16:32');
INSERT INTO "tblCOM_UserProfile" VALUES (172, 'testuser2', 334, 'testuser2', 'testuser2', '2015-10-10 15:16:32', '2015-10-10 15:16:32');
INSERT INTO "tblCOM_UserProfile" VALUES (172, 'testuser2', 346, 'testuser2', 'testuser2', '2015-10-10 15:16:32', '2015-10-10 15:16:32');
INSERT INTO "tblCOM_UserProfile" VALUES (172, 'testuser2', 521, 'testuser2', 'testuser2', '2015-10-10 15:16:32', '2015-10-10 15:16:32');
INSERT INTO "tblCOM_UserProfile" VALUES (172, 'testuser2', 172, 'testuser2', 'testuser2', '2015-10-10 15:16:32', '2015-10-10 15:16:32');
INSERT INTO "tblCOM_UserProfile" VALUES (260, 'testuser2', 391, 'testuser2', 'testuser2', '2015-10-10 15:16:32', '2015-10-10 15:16:32');
INSERT INTO "tblCOM_UserProfile" VALUES (260, 'testuser2', 393, 'testuser2', 'testuser2', '2015-10-10 15:16:32', '2015-10-10 15:16:32');
INSERT INTO "tblCOM_UserProfile" VALUES (260, 'testuser2', 395, 'testuser2', 'testuser2', '2015-10-10 15:16:32', '2015-10-10 15:16:32');
INSERT INTO "tblCOM_UserProfile" VALUES (260, 'testuser2', 380, 'testuser2', 'testuser2', '2015-10-10 15:16:32', '2015-10-10 15:16:32');
INSERT INTO "tblCOM_UserProfile" VALUES (261, 'testuser2', 392, 'testuser2', 'testuser2', '2015-10-10 15:16:33', '2015-10-10 15:16:33');
INSERT INTO "tblCOM_UserProfile" VALUES (261, 'testuser2', 394, 'testuser2', 'testuser2', '2015-10-10 15:16:33', '2015-10-10 15:16:33');
INSERT INTO "tblCOM_UserProfile" VALUES (261, 'testuser2', 396, 'testuser2', 'testuser2', '2015-10-10 15:16:33', '2015-10-10 15:16:33');
INSERT INTO "tblCOM_UserProfile" VALUES (261, 'testuser2', 390, 'testuser2', 'testuser2', '2015-10-10 15:16:33', '2015-10-10 15:16:33');
INSERT INTO "tblCOM_UserProfile" VALUES (255, 'testuser2', 632, 'testuser2', 'testuser2', '2015-10-10 15:16:33', '2015-10-10 15:16:33');
INSERT INTO "tblCOM_UserProfile" VALUES (34, 'testuser2', 284, 'testuser2', 'testuser2', '2015-10-10 15:16:33', '2015-10-10 15:16:33');
INSERT INTO "tblCOM_UserProfile" VALUES (34, 'testuser2', 316, 'testuser2', 'testuser2', '2015-10-10 15:16:33', '2015-10-10 15:16:33');
INSERT INTO "tblCOM_UserProfile" VALUES (34, 'testuser2', 424, 'testuser2', 'testuser2', '2015-10-10 15:16:33', '2015-10-10 15:16:33');
INSERT INTO "tblCOM_UserProfile" VALUES (34, 'testuser2', 36, 'testuser2', 'testuser2', '2015-10-10 15:16:33', '2015-10-10 15:16:33');
INSERT INTO "tblCOM_UserProfile" VALUES (146, 'testuser2', 279, 'testuser2', 'testuser2', '2015-10-10 15:16:33', '2015-10-10 15:16:33');
INSERT INTO "tblCOM_UserProfile" VALUES (146, 'testuser2', 311, 'testuser2', 'testuser2', '2015-10-10 15:16:33', '2015-10-10 15:16:33');
INSERT INTO "tblCOM_UserProfile" VALUES (146, 'testuser2', 519, 'testuser2', 'testuser2', '2015-10-10 15:16:33', '2015-10-10 15:16:33');
INSERT INTO "tblCOM_UserProfile" VALUES (146, 'testuser2', 145, 'testuser2', 'testuser2', '2015-10-10 15:16:33', '2015-10-10 15:16:33');
INSERT INTO "tblCOM_UserProfile" VALUES (149, 'testuser2', 282, 'testuser2', 'testuser2', '2015-10-10 15:16:33', '2015-10-10 15:16:33');
INSERT INTO "tblCOM_UserProfile" VALUES (149, 'testuser2', 314, 'testuser2', 'testuser2', '2015-10-10 15:16:33', '2015-10-10 15:16:33');
INSERT INTO "tblCOM_UserProfile" VALUES (149, 'testuser2', 502, 'testuser2', 'testuser2', '2015-10-10 15:16:33', '2015-10-10 15:16:33');
INSERT INTO "tblCOM_UserProfile" VALUES (149, 'testuser2', 148, 'testuser2', 'testuser2', '2015-10-10 15:16:33', '2015-10-10 15:16:33');
INSERT INTO "tblCOM_UserProfile" VALUES (152, 'testuser2', 285, 'testuser2', 'testuser2', '2015-10-10 15:16:33', '2015-10-10 15:16:33');
INSERT INTO "tblCOM_UserProfile" VALUES (152, 'testuser2', 317, 'testuser2', 'testuser2', '2015-10-10 15:16:33', '2015-10-10 15:16:33');
INSERT INTO "tblCOM_UserProfile" VALUES (152, 'testuser2', 505, 'testuser2', 'testuser2', '2015-10-10 15:16:33', '2015-10-10 15:16:33');
INSERT INTO "tblCOM_UserProfile" VALUES (152, 'testuser2', 151, 'testuser2', 'testuser2', '2015-10-10 15:16:33', '2015-10-10 15:16:33');
INSERT INTO "tblCOM_UserProfile" VALUES (156, 'testuser2', 289, 'testuser2', 'testuser2', '2015-10-10 15:16:33', '2015-10-10 15:16:33');
INSERT INTO "tblCOM_UserProfile" VALUES (156, 'testuser2', 321, 'testuser2', 'testuser2', '2015-10-10 15:16:33', '2015-10-10 15:16:33');
INSERT INTO "tblCOM_UserProfile" VALUES (156, 'testuser2', 508, 'testuser2', 'testuser2', '2015-10-10 15:16:33', '2015-10-10 15:16:33');
INSERT INTO "tblCOM_UserProfile" VALUES (156, 'testuser2', 155, 'testuser2', 'testuser2', '2015-10-10 15:16:33', '2015-10-10 15:16:33');
INSERT INTO "tblCOM_UserProfile" VALUES (171, 'testuser2', 337, 'testuser2', 'testuser2', '2015-10-10 15:16:33', '2015-10-10 15:16:33');
INSERT INTO "tblCOM_UserProfile" VALUES (171, 'testuser2', 349, 'testuser2', 'testuser2', '2015-10-10 15:16:33', '2015-10-10 15:16:33');
INSERT INTO "tblCOM_UserProfile" VALUES (171, 'testuser2', 520, 'testuser2', 'testuser2', '2015-10-10 15:16:33', '2015-10-10 15:16:33');
INSERT INTO "tblCOM_UserProfile" VALUES (171, 'testuser2', 171, 'testuser2', 'testuser2', '2015-10-10 15:16:33', '2015-10-10 15:16:33');
INSERT INTO "tblCOM_UserProfile" VALUES (240, 'testuser2', 338, 'testuser2', 'testuser2', '2015-10-10 15:16:33', '2015-10-10 15:16:33');
INSERT INTO "tblCOM_UserProfile" VALUES (240, 'testuser2', 350, 'testuser2', 'testuser2', '2015-10-10 15:16:33', '2015-10-10 15:16:33');
INSERT INTO "tblCOM_UserProfile" VALUES (240, 'testuser2', 591, 'testuser2', 'testuser2', '2015-10-10 15:16:33', '2015-10-10 15:16:33');
INSERT INTO "tblCOM_UserProfile" VALUES (240, 'testuser2', 241, 'testuser2', 'testuser2', '2015-10-10 15:16:33', '2015-10-10 15:16:33');
INSERT INTO "tblCOM_UserProfile" VALUES (246, 'testuser2', 600, 'testuser2', 'testuser2', '2015-10-10 15:16:33', '2015-10-10 15:16:33');
INSERT INTO "tblCOM_UserProfile" VALUES (246, 'testuser2', 601, 'testuser2', 'testuser2', '2015-10-10 15:16:33', '2015-10-10 15:16:33');
INSERT INTO "tblCOM_UserProfile" VALUES (246, 'testuser2', 602, 'testuser2', 'testuser2', '2015-10-10 15:16:33', '2015-10-10 15:16:33');
INSERT INTO "tblCOM_UserProfile" VALUES (246, 'testuser2', 603, 'testuser2', 'testuser2', '2015-10-10 15:16:33', '2015-10-10 15:16:33');
INSERT INTO "tblCOM_UserProfile" VALUES (11, 'testuser2', 360, 'testuser2', 'testuser2', '2015-10-10 15:16:33', '2015-10-10 15:16:33');
INSERT INTO "tblCOM_UserProfile" VALUES (11, 'testuser2', 361, 'testuser2', 'testuser2', '2015-10-10 15:16:33', '2015-10-10 15:16:33');
INSERT INTO "tblCOM_UserProfile" VALUES (11, 'testuser2', 431, 'testuser2', 'testuser2', '2015-10-10 15:16:33', '2015-10-10 15:16:33');
INSERT INTO "tblCOM_UserProfile" VALUES (11, 'testuser2', 11, 'testuser2', 'testuser2', '2015-10-10 15:16:33', '2015-10-10 15:16:33');
INSERT INTO "tblCOM_UserProfile" VALUES (12, 'testuser2', 12, 'testuser2', 'testuser2', '2015-10-10 15:16:33', '2015-10-10 15:16:33');
INSERT INTO "tblCOM_UserProfile" VALUES (18, 'testuser2', 18, 'testuser2', 'testuser2', '2015-10-10 15:16:33', '2015-10-10 15:16:33');
INSERT INTO "tblCOM_UserProfile" VALUES (17, 'testuser2', 250, 'testuser2', 'testuser2', '2015-10-10 15:16:33', '2015-10-10 15:16:33');
INSERT INTO "tblCOM_UserProfile" VALUES (17, 'testuser2', 251, 'testuser2', 'testuser2', '2015-10-10 15:16:33', '2015-10-10 15:16:33');
INSERT INTO "tblCOM_UserProfile" VALUES (17, 'testuser2', 423, 'testuser2', 'testuser2', '2015-10-10 15:16:33', '2015-10-10 15:16:33');
INSERT INTO "tblCOM_UserProfile" VALUES (17, 'testuser2', 17, 'testuser2', 'testuser2', '2015-10-10 15:16:33', '2015-10-10 15:16:33');
INSERT INTO "tblCOM_UserProfile" VALUES (23, 'testuser2', 329, 'testuser2', 'testuser2', '2015-10-10 15:16:33', '2015-10-10 15:16:33');
INSERT INTO "tblCOM_UserProfile" VALUES (23, 'testuser2', 341, 'testuser2', 'testuser2', '2015-10-10 15:16:33', '2015-10-10 15:16:33');
INSERT INTO "tblCOM_UserProfile" VALUES (23, 'testuser2', 425, 'testuser2', 'testuser2', '2015-10-10 15:16:33', '2015-10-10 15:16:33');
INSERT INTO "tblCOM_UserProfile" VALUES (23, 'testuser2', 25, 'testuser2', 'testuser2', '2015-10-10 15:16:33', '2015-10-10 15:16:33');
INSERT INTO "tblCOM_UserProfile" VALUES (24, 'testuser2', 333, 'testuser2', 'testuser2', '2015-10-10 15:16:33', '2015-10-10 15:16:33');
INSERT INTO "tblCOM_UserProfile" VALUES (24, 'testuser2', 345, 'testuser2', 'testuser2', '2015-10-10 15:16:33', '2015-10-10 15:16:33');
INSERT INTO "tblCOM_UserProfile" VALUES (24, 'testuser2', 428, 'testuser2', 'testuser2', '2015-10-10 15:16:33', '2015-10-10 15:16:33');
INSERT INTO "tblCOM_UserProfile" VALUES (24, 'testuser2', 26, 'testuser2', 'testuser2', '2015-10-10 15:16:33', '2015-10-10 15:16:33');
INSERT INTO "tblCOM_UserProfile" VALUES (26, 'testuser2', 355, 'testuser2', 'testuser2', '2015-10-10 15:16:33', '2015-10-10 15:16:33');
INSERT INTO "tblCOM_UserProfile" VALUES (26, 'testuser2', 356, 'testuser2', 'testuser2', '2015-10-10 15:16:33', '2015-10-10 15:16:33');
INSERT INTO "tblCOM_UserProfile" VALUES (26, 'testuser2', 429, 'testuser2', 'testuser2', '2015-10-10 15:16:33', '2015-10-10 15:16:33');
INSERT INTO "tblCOM_UserProfile" VALUES (26, 'testuser2', 28, 'testuser2', 'testuser2', '2015-10-10 15:16:33', '2015-10-10 15:16:33');
INSERT INTO "tblCOM_UserProfile" VALUES (27, 'testuser2', 331, 'testuser2', 'testuser2', '2015-10-10 15:16:33', '2015-10-10 15:16:33');
INSERT INTO "tblCOM_UserProfile" VALUES (27, 'testuser2', 343, 'testuser2', 'testuser2', '2015-10-10 15:16:33', '2015-10-10 15:16:33');
INSERT INTO "tblCOM_UserProfile" VALUES (27, 'testuser2', 427, 'testuser2', 'testuser2', '2015-10-10 15:16:33', '2015-10-10 15:16:33');
INSERT INTO "tblCOM_UserProfile" VALUES (27, 'testuser2', 29, 'testuser2', 'testuser2', '2015-10-10 15:16:33', '2015-10-10 15:16:33');
INSERT INTO "tblCOM_UserProfile" VALUES (28, 'testuser2', 336, 'testuser2', 'testuser2', '2015-10-10 15:16:33', '2015-10-10 15:16:33');
INSERT INTO "tblCOM_UserProfile" VALUES (28, 'testuser2', 348, 'testuser2', 'testuser2', '2015-10-10 15:16:33', '2015-10-10 15:16:33');
INSERT INTO "tblCOM_UserProfile" VALUES (28, 'testuser2', 426, 'testuser2', 'testuser2', '2015-10-10 15:16:33', '2015-10-10 15:16:33');
INSERT INTO "tblCOM_UserProfile" VALUES (28, 'testuser2', 30, 'testuser2', 'testuser2', '2015-10-10 15:16:33', '2015-10-10 15:16:33');
INSERT INTO "tblCOM_UserProfile" VALUES (29, 'testuser2', 31, 'testuser2', 'testuser2', '2015-10-10 15:16:33', '2015-10-10 15:16:33');
INSERT INTO "tblCOM_UserProfile" VALUES (243, 'testuser2', 358, 'testuser2', 'testuser2', '2015-10-10 15:16:33', '2015-10-10 15:16:33');
INSERT INTO "tblCOM_UserProfile" VALUES (243, 'testuser2', 359, 'testuser2', 'testuser2', '2015-10-10 15:16:33', '2015-10-10 15:16:33');
INSERT INTO "tblCOM_UserProfile" VALUES (243, 'testuser2', 594, 'testuser2', 'testuser2', '2015-10-10 15:16:33', '2015-10-10 15:16:33');
INSERT INTO "tblCOM_UserProfile" VALUES (243, 'testuser2', 357, 'testuser2', 'testuser2', '2015-10-10 15:16:33', '2015-10-10 15:16:33');
INSERT INTO "tblCOM_UserProfile" VALUES (244, 'testuser2', 363, 'testuser2', 'testuser2', '2015-10-10 15:16:33', '2015-10-10 15:16:33');
INSERT INTO "tblCOM_UserProfile" VALUES (244, 'testuser2', 364, 'testuser2', 'testuser2', '2015-10-10 15:16:33', '2015-10-10 15:16:33');
INSERT INTO "tblCOM_UserProfile" VALUES (244, 'testuser2', 595, 'testuser2', 'testuser2', '2015-10-10 15:16:33', '2015-10-10 15:16:33');
INSERT INTO "tblCOM_UserProfile" VALUES (244, 'testuser2', 362, 'testuser2', 'testuser2', '2015-10-10 15:16:33', '2015-10-10 15:16:33');
INSERT INTO "tblCOM_UserProfile" VALUES (247, 'testuser2', 605, 'testuser2', 'testuser2', '2015-10-10 15:16:33', '2015-10-10 15:16:33');
INSERT INTO "tblCOM_UserProfile" VALUES (247, 'testuser2', 606, 'testuser2', 'testuser2', '2015-10-10 15:16:33', '2015-10-10 15:16:33');
INSERT INTO "tblCOM_UserProfile" VALUES (247, 'testuser2', 607, 'testuser2', 'testuser2', '2015-10-10 15:16:33', '2015-10-10 15:16:33');
INSERT INTO "tblCOM_UserProfile" VALUES (247, 'testuser2', 604, 'testuser2', 'testuser2', '2015-10-10 15:16:33', '2015-10-10 15:16:33');
INSERT INTO "tblCOM_UserProfile" VALUES (276, 'testuser2', 696, 'testuser2', 'testuser2', '2015-10-10 15:16:33', '2015-10-10 15:16:33');
INSERT INTO "tblCOM_UserProfile" VALUES (276, 'testuser2', 697, 'testuser2', 'testuser2', '2015-10-10 15:16:33', '2015-10-10 15:16:33');
INSERT INTO "tblCOM_UserProfile" VALUES (276, 'testuser2', 698, 'testuser2', 'testuser2', '2015-10-10 15:16:33', '2015-10-10 15:16:33');
INSERT INTO "tblCOM_UserProfile" VALUES (276, 'testuser2', 695, 'testuser2', 'testuser2', '2015-10-10 15:16:33', '2015-10-10 15:16:33');
INSERT INTO "tblCOM_UserProfile" VALUES (2, 'testuser2', 2, 'testuser2', 'testuser2', '2015-10-10 15:16:33', '2015-10-10 15:16:33');
INSERT INTO "tblCOM_UserProfile" VALUES (35, 'testuser2', 37, 'testuser2', 'testuser2', '2015-10-10 15:16:33', '2015-10-10 15:16:33');
INSERT INTO "tblCOM_UserProfile" VALUES (36, 'testuser2', 40, 'testuser2', 'testuser2', '2015-10-10 15:16:33', '2015-10-10 15:16:33');
INSERT INTO "tblCOM_UserProfile" VALUES (37, 'testuser2', 38, 'testuser2', 'testuser2', '2015-10-10 15:16:33', '2015-10-10 15:16:33');
INSERT INTO "tblCOM_UserProfile" VALUES (38, 'testuser2', 39, 'testuser2', 'testuser2', '2015-10-10 15:16:33', '2015-10-10 15:16:33');
INSERT INTO "tblCOM_UserProfile" VALUES (3, 'testuser2', 8, 'testuser2', 'testuser2', '2015-10-10 15:16:33', '2015-10-10 15:16:33');
INSERT INTO "tblCOM_UserProfile" VALUES (39, 'testuser2', 41, 'testuser2', 'testuser2', '2015-10-10 15:16:33', '2015-10-10 15:16:33');
INSERT INTO "tblCOM_UserProfile" VALUES (45, 'testuser2', 47, 'testuser2', 'testuser2', '2015-10-10 15:16:33', '2015-10-10 15:16:33');
INSERT INTO "tblCOM_UserProfile" VALUES (46, 'testuser2', 48, 'testuser2', 'testuser2', '2015-10-10 15:16:33', '2015-10-10 15:16:33');
INSERT INTO "tblCOM_UserProfile" VALUES (40, 'testuser2', 42, 'testuser2', 'testuser2', '2015-10-10 15:16:33', '2015-10-10 15:16:33');
INSERT INTO "tblCOM_UserProfile" VALUES (48, 'testuser2', 700, 'testuser2', 'testuser2', '2015-10-10 15:16:33', '2015-10-10 15:16:33');
INSERT INTO "tblCOM_UserProfile" VALUES (48, 'testuser2', 701, 'testuser2', 'testuser2', '2015-10-10 15:16:33', '2015-10-10 15:16:33');
INSERT INTO "tblCOM_UserProfile" VALUES (48, 'testuser2', 702, 'testuser2', 'testuser2', '2015-10-10 15:16:33', '2015-10-10 15:16:33');
INSERT INTO "tblCOM_UserProfile" VALUES (48, 'testuser2', 60, 'testuser2', 'testuser2', '2015-10-10 15:16:33', '2015-10-10 15:16:33');
INSERT INTO "tblCOM_UserProfile" VALUES (51, 'testuser2', 689, 'testuser2', 'testuser2', '2015-10-10 15:16:33', '2015-10-10 15:16:33');
INSERT INTO "tblCOM_UserProfile" VALUES (51, 'testuser2', 690, 'testuser2', 'testuser2', '2015-10-10 15:16:33', '2015-10-10 15:16:33');
INSERT INTO "tblCOM_UserProfile" VALUES (51, 'testuser2', 691, 'testuser2', 'testuser2', '2015-10-10 15:16:33', '2015-10-10 15:16:33');
INSERT INTO "tblCOM_UserProfile" VALUES (51, 'testuser2', 61, 'testuser2', 'testuser2', '2015-10-10 15:16:33', '2015-10-10 15:16:33');
INSERT INTO "tblCOM_UserProfile" VALUES (52, 'testuser2', 62, 'testuser2', 'testuser2', '2015-10-10 15:16:33', '2015-10-10 15:16:33');
INSERT INTO "tblCOM_UserProfile" VALUES (53, 'testuser2', 52, 'testuser2', 'testuser2', '2015-10-10 15:16:33', '2015-10-10 15:16:33');
INSERT INTO "tblCOM_UserProfile" VALUES (64, 'testuser2', 692, 'testuser2', 'testuser2', '2015-10-10 15:16:33', '2015-10-10 15:16:33');
INSERT INTO "tblCOM_UserProfile" VALUES (64, 'testuser2', 693, 'testuser2', 'testuser2', '2015-10-10 15:16:33', '2015-10-10 15:16:33');
INSERT INTO "tblCOM_UserProfile" VALUES (64, 'testuser2', 699, 'testuser2', 'testuser2', '2015-10-10 15:16:33', '2015-10-10 15:16:33');
INSERT INTO "tblCOM_UserProfile" VALUES (64, 'testuser2', 58, 'testuser2', 'testuser2', '2015-10-10 15:16:33', '2015-10-10 15:16:33');
INSERT INTO "tblCOM_UserProfile" VALUES (42, 'testuser2', 44, 'testuser2', 'testuser2', '2015-10-10 15:16:33', '2015-10-10 15:16:33');
INSERT INTO "tblCOM_UserProfile" VALUES (47, 'testuser2', 49, 'testuser2', 'testuser2', '2015-10-10 15:16:33', '2015-10-10 15:16:33');
INSERT INTO "tblCOM_UserProfile" VALUES (54, 'testuser2', 63, 'testuser2', 'testuser2', '2015-10-10 15:16:33', '2015-10-10 15:16:33');
INSERT INTO "tblCOM_UserProfile" VALUES (57, 'testuser2', 55, 'testuser2', 'testuser2', '2015-10-10 15:16:33', '2015-10-10 15:16:33');
INSERT INTO "tblCOM_UserProfile" VALUES (43, 'testuser2', 45, 'testuser2', 'testuser2', '2015-10-10 15:16:33', '2015-10-10 15:16:33');
INSERT INTO "tblCOM_UserProfile" VALUES (58, 'testuser2', 21, 'testuser2', 'testuser2', '2015-10-10 15:16:33', '2015-10-10 15:16:33');
INSERT INTO "tblCOM_UserProfile" VALUES (73, 'testuser2', 73, 'testuser2', 'testuser2', '2015-10-10 15:16:33', '2015-10-10 15:16:33');
INSERT INTO "tblCOM_UserProfile" VALUES (59, 'testuser2', 56, 'testuser2', 'testuser2', '2015-10-10 15:16:33', '2015-10-10 15:16:33');
INSERT INTO "tblCOM_UserProfile" VALUES (60, 'testuser2', 64, 'testuser2', 'testuser2', '2015-10-10 15:16:33', '2015-10-10 15:16:33');
INSERT INTO "tblCOM_UserProfile" VALUES (61, 'testuser2', 19, 'testuser2', 'testuser2', '2015-10-10 15:16:33', '2015-10-10 15:16:33');
INSERT INTO "tblCOM_UserProfile" VALUES (63, 'testuser2', 65, 'testuser2', 'testuser2', '2015-10-10 15:16:33', '2015-10-10 15:16:33');
INSERT INTO "tblCOM_UserProfile" VALUES (65, 'testuser2', 59, 'testuser2', 'testuser2', '2015-10-10 15:16:33', '2015-10-10 15:16:33');
INSERT INTO "tblCOM_UserProfile" VALUES (66, 'testuser2', 67, 'testuser2', 'testuser2', '2015-10-10 15:16:33', '2015-10-10 15:16:33');
INSERT INTO "tblCOM_UserProfile" VALUES (67, 'testuser2', 66, 'testuser2', 'testuser2', '2015-10-10 15:16:33', '2015-10-10 15:16:33');
INSERT INTO "tblCOM_UserProfile" VALUES (44, 'testuser2', 46, 'testuser2', 'testuser2', '2015-10-10 15:16:33', '2015-10-10 15:16:33');
INSERT INTO "tblCOM_UserProfile" VALUES (62, 'testuser2', 57, 'testuser2', 'testuser2', '2015-10-10 15:16:33', '2015-10-10 15:16:33');
INSERT INTO "tblCOM_UserProfile" VALUES (49, 'testuser2', 50, 'testuser2', 'testuser2', '2015-10-10 15:16:33', '2015-10-10 15:16:33');
INSERT INTO "tblCOM_UserProfile" VALUES (262, 'testuser2', 665, 'testuser2', 'testuser2', '2015-10-10 15:16:33', '2015-10-10 15:16:33');
INSERT INTO "tblCOM_UserProfile" VALUES (263, 'testuser2', 634, 'testuser2', 'testuser2', '2015-10-10 15:16:33', '2015-10-10 15:16:33');
INSERT INTO "tblCOM_UserProfile" VALUES (263, 'testuser2', 635, 'testuser2', 'testuser2', '2015-10-10 15:16:33', '2015-10-10 15:16:33');
INSERT INTO "tblCOM_UserProfile" VALUES (263, 'testuser2', 636, 'testuser2', 'testuser2', '2015-10-10 15:16:33', '2015-10-10 15:16:33');
INSERT INTO "tblCOM_UserProfile" VALUES (263, 'testuser2', 633, 'testuser2', 'testuser2', '2015-10-10 15:16:33', '2015-10-10 15:16:33');
INSERT INTO "tblCOM_UserProfile" VALUES (264, 'testuser2', 638, 'testuser2', 'testuser2', '2015-10-10 15:16:33', '2015-10-10 15:16:33');
INSERT INTO "tblCOM_UserProfile" VALUES (264, 'testuser2', 639, 'testuser2', 'testuser2', '2015-10-10 15:16:33', '2015-10-10 15:16:33');
INSERT INTO "tblCOM_UserProfile" VALUES (264, 'testuser2', 640, 'testuser2', 'testuser2', '2015-10-10 15:16:33', '2015-10-10 15:16:33');
INSERT INTO "tblCOM_UserProfile" VALUES (264, 'testuser2', 637, 'testuser2', 'testuser2', '2015-10-10 15:16:33', '2015-10-10 15:16:33');
INSERT INTO "tblCOM_UserProfile" VALUES (265, 'testuser2', 642, 'testuser2', 'testuser2', '2015-10-10 15:16:33', '2015-10-10 15:16:33');
INSERT INTO "tblCOM_UserProfile" VALUES (265, 'testuser2', 643, 'testuser2', 'testuser2', '2015-10-10 15:16:33', '2015-10-10 15:16:33');
INSERT INTO "tblCOM_UserProfile" VALUES (265, 'testuser2', 644, 'testuser2', 'testuser2', '2015-10-10 15:16:33', '2015-10-10 15:16:33');
INSERT INTO "tblCOM_UserProfile" VALUES (265, 'testuser2', 641, 'testuser2', 'testuser2', '2015-10-10 15:16:33', '2015-10-10 15:16:33');
INSERT INTO "tblCOM_UserProfile" VALUES (266, 'testuser2', 646, 'testuser2', 'testuser2', '2015-10-10 15:16:33', '2015-10-10 15:16:33');
INSERT INTO "tblCOM_UserProfile" VALUES (266, 'testuser2', 647, 'testuser2', 'testuser2', '2015-10-10 15:16:33', '2015-10-10 15:16:33');
INSERT INTO "tblCOM_UserProfile" VALUES (266, 'testuser2', 648, 'testuser2', 'testuser2', '2015-10-10 15:16:33', '2015-10-10 15:16:33');
INSERT INTO "tblCOM_UserProfile" VALUES (266, 'testuser2', 645, 'testuser2', 'testuser2', '2015-10-10 15:16:33', '2015-10-10 15:16:33');
INSERT INTO "tblCOM_UserProfile" VALUES (267, 'testuser2', 650, 'testuser2', 'testuser2', '2015-10-10 15:16:33', '2015-10-10 15:16:33');
INSERT INTO "tblCOM_UserProfile" VALUES (267, 'testuser2', 651, 'testuser2', 'testuser2', '2015-10-10 15:16:33', '2015-10-10 15:16:33');
INSERT INTO "tblCOM_UserProfile" VALUES (267, 'testuser2', 652, 'testuser2', 'testuser2', '2015-10-10 15:16:33', '2015-10-10 15:16:33');
INSERT INTO "tblCOM_UserProfile" VALUES (267, 'testuser2', 649, 'testuser2', 'testuser2', '2015-10-10 15:16:33', '2015-10-10 15:16:33');
INSERT INTO "tblCOM_UserProfile" VALUES (268, 'testuser2', 658, 'testuser2', 'testuser2', '2015-10-10 15:16:33', '2015-10-10 15:16:33');
INSERT INTO "tblCOM_UserProfile" VALUES (268, 'testuser2', 659, 'testuser2', 'testuser2', '2015-10-10 15:16:33', '2015-10-10 15:16:33');
INSERT INTO "tblCOM_UserProfile" VALUES (268, 'testuser2', 660, 'testuser2', 'testuser2', '2015-10-10 15:16:33', '2015-10-10 15:16:33');
INSERT INTO "tblCOM_UserProfile" VALUES (268, 'testuser2', 657, 'testuser2', 'testuser2', '2015-10-10 15:16:33', '2015-10-10 15:16:33');
INSERT INTO "tblCOM_UserProfile" VALUES (269, 'testuser2', 662, 'testuser2', 'testuser2', '2015-10-10 15:16:33', '2015-10-10 15:16:33');
INSERT INTO "tblCOM_UserProfile" VALUES (269, 'testuser2', 663, 'testuser2', 'testuser2', '2015-10-10 15:16:33', '2015-10-10 15:16:33');
INSERT INTO "tblCOM_UserProfile" VALUES (269, 'testuser2', 664, 'testuser2', 'testuser2', '2015-10-10 15:16:33', '2015-10-10 15:16:33');
INSERT INTO "tblCOM_UserProfile" VALUES (274, 'testuser2', 680, 'testuser2', 'testuser2', '2015-10-10 15:16:33', '2015-10-10 15:16:33');
INSERT INTO "tblCOM_UserProfile" VALUES (274, 'testuser2', 681, 'testuser2', 'testuser2', '2015-10-10 15:16:33', '2015-10-10 15:16:33');
INSERT INTO "tblCOM_UserProfile" VALUES (274, 'testuser2', 682, 'testuser2', 'testuser2', '2015-10-10 15:16:33', '2015-10-10 15:16:33');
INSERT INTO "tblCOM_UserProfile" VALUES (274, 'testuser2', 679, 'testuser2', 'testuser2', '2015-10-10 15:16:33', '2015-10-10 15:16:33');
INSERT INTO "tblCOM_UserProfile" VALUES (275, 'testuser2', 684, 'testuser2', 'testuser2', '2015-10-10 15:16:33', '2015-10-10 15:16:33');
INSERT INTO "tblCOM_UserProfile" VALUES (275, 'testuser2', 685, 'testuser2', 'testuser2', '2015-10-10 15:16:33', '2015-10-10 15:16:33');
INSERT INTO "tblCOM_UserProfile" VALUES (275, 'testuser2', 686, 'testuser2', 'testuser2', '2015-10-10 15:16:33', '2015-10-10 15:16:33');
INSERT INTO "tblCOM_UserProfile" VALUES (275, 'testuser2', 683, 'testuser2', 'testuser2', '2015-10-10 15:16:33', '2015-10-10 15:16:33');
INSERT INTO "tblCOM_UserProfile" VALUES (4, 'testuser2', 3, 'testuser2', 'testuser2', '2015-10-10 15:16:33', '2015-10-10 15:16:33');
INSERT INTO "tblCOM_UserProfile" VALUES (5, 'testuser2', 4, 'testuser2', 'testuser2', '2015-10-10 15:16:33', '2015-10-10 15:16:33');
INSERT INTO "tblCOM_UserProfile" VALUES (185, 'testuser2', 185, 'testuser2', 'testuser2', '2015-10-10 15:16:33', '2015-10-10 15:16:33');
INSERT INTO "tblCOM_UserProfile" VALUES (188, 'testuser2', 189, 'testuser2', 'testuser2', '2015-10-10 15:16:33', '2015-10-10 15:16:33');
INSERT INTO "tblCOM_UserProfile" VALUES (191, 'testuser2', 192, 'testuser2', 'testuser2', '2015-10-10 15:16:33', '2015-10-10 15:16:33');
INSERT INTO "tblCOM_UserProfile" VALUES (192, 'testuser2', 193, 'testuser2', 'testuser2', '2015-10-10 15:16:33', '2015-10-10 15:16:33');
INSERT INTO "tblCOM_UserProfile" VALUES (190, 'testuser2', 191, 'testuser2', 'testuser2', '2015-10-10 15:16:33', '2015-10-10 15:16:33');
INSERT INTO "tblCOM_UserProfile" VALUES (193, 'testuser2', 194, 'testuser2', 'testuser2', '2015-10-10 15:16:33', '2015-10-10 15:16:33');
INSERT INTO "tblCOM_UserProfile" VALUES (194, 'testuser2', 195, 'testuser2', 'testuser2', '2015-10-10 15:16:33', '2015-10-10 15:16:33');
INSERT INTO "tblCOM_UserProfile" VALUES (196, 'testuser2', 197, 'testuser2', 'testuser2', '2015-10-10 15:16:33', '2015-10-10 15:16:33');
INSERT INTO "tblCOM_UserProfile" VALUES (195, 'testuser2', 196, 'testuser2', 'testuser2', '2015-10-10 15:16:33', '2015-10-10 15:16:33');
INSERT INTO "tblCOM_UserProfile" VALUES (198, 'testuser2', 199, 'testuser2', 'testuser2', '2015-10-10 15:16:33', '2015-10-10 15:16:33');
INSERT INTO "tblCOM_UserProfile" VALUES (201, 'testuser2', 202, 'testuser2', 'testuser2', '2015-10-10 15:16:33', '2015-10-10 15:16:33');
INSERT INTO "tblCOM_UserProfile" VALUES (202, 'testuser2', 203, 'testuser2', 'testuser2', '2015-10-10 15:16:33', '2015-10-10 15:16:33');
INSERT INTO "tblCOM_UserProfile" VALUES (203, 'testuser2', 204, 'testuser2', 'testuser2', '2015-10-10 15:16:33', '2015-10-10 15:16:33');
INSERT INTO "tblCOM_UserProfile" VALUES (210, 'testuser2', 211, 'testuser2', 'testuser2', '2015-10-10 15:16:33', '2015-10-10 15:16:33');
INSERT INTO "tblCOM_UserProfile" VALUES (235, 'testuser2', 238, 'testuser2', 'testuser2', '2015-10-10 15:16:33', '2015-10-10 15:16:33');
INSERT INTO "tblCOM_UserProfile" VALUES (236, 'testuser2', 236, 'testuser2', 'testuser2', '2015-10-10 15:16:33', '2015-10-10 15:16:33');
INSERT INTO "tblCOM_UserProfile" VALUES (237, 'testuser2', 237, 'testuser2', 'testuser2', '2015-10-10 15:16:33', '2015-10-10 15:16:33');
INSERT INTO "tblCOM_UserProfile" VALUES (239, 'testuser2', 240, 'testuser2', 'testuser2', '2015-10-10 15:16:33', '2015-10-10 15:16:33');
INSERT INTO "tblCOM_UserProfile" VALUES (204, 'testuser2', 205, 'testuser2', 'testuser2', '2015-10-10 15:16:33', '2015-10-10 15:16:33');
INSERT INTO "tblCOM_UserProfile" VALUES (212, 'testuser2', 213, 'testuser2', 'testuser2', '2015-10-10 15:16:33', '2015-10-10 15:16:33');
INSERT INTO "tblCOM_UserProfile" VALUES (215, 'testuser2', 216, 'testuser2', 'testuser2', '2015-10-10 15:16:33', '2015-10-10 15:16:33');
INSERT INTO "tblCOM_UserProfile" VALUES (217, 'testuser2', 218, 'testuser2', 'testuser2', '2015-10-10 15:16:33', '2015-10-10 15:16:33');
INSERT INTO "tblCOM_UserProfile" VALUES (213, 'testuser2', 214, 'testuser2', 'testuser2', '2015-10-10 15:16:33', '2015-10-10 15:16:33');
INSERT INTO "tblCOM_UserProfile" VALUES (197, 'testuser2', 198, 'testuser2', 'testuser2', '2015-10-10 15:16:33', '2015-10-10 15:16:33');
INSERT INTO "tblCOM_UserProfile" VALUES (216, 'testuser2', 217, 'testuser2', 'testuser2', '2015-10-10 15:16:33', '2015-10-10 15:16:33');
INSERT INTO "tblCOM_UserProfile" VALUES (220, 'testuser2', 221, 'testuser2', 'testuser2', '2015-10-10 15:16:33', '2015-10-10 15:16:33');
INSERT INTO "tblCOM_UserProfile" VALUES (224, 'testuser2', 225, 'testuser2', 'testuser2', '2015-10-10 15:16:33', '2015-10-10 15:16:33');
INSERT INTO "tblCOM_UserProfile" VALUES (225, 'testuser2', 226, 'testuser2', 'testuser2', '2015-10-10 15:16:33', '2015-10-10 15:16:33');
INSERT INTO "tblCOM_UserProfile" VALUES (226, 'testuser2', 227, 'testuser2', 'testuser2', '2015-10-10 15:16:33', '2015-10-10 15:16:33');
INSERT INTO "tblCOM_UserProfile" VALUES (218, 'testuser2', 220, 'testuser2', 'testuser2', '2015-10-10 15:16:33', '2015-10-10 15:16:33');
INSERT INTO "tblCOM_UserProfile" VALUES (187, 'testuser2', 187, 'testuser2', 'testuser2', '2015-10-10 15:16:33', '2015-10-10 15:16:33');
INSERT INTO "tblCOM_UserProfile" VALUES (219, 'testuser2', 219, 'testuser2', 'testuser2', '2015-10-10 15:16:33', '2015-10-10 15:16:33');
INSERT INTO "tblCOM_UserProfile" VALUES (6, 'testuser2', 5, 'testuser2', 'testuser2', '2015-10-10 15:16:33', '2015-10-10 15:16:33');
INSERT INTO "tblCOM_UserProfile" VALUES (110, 'testuser2', 110, 'testuser2', 'testuser2', '2015-10-10 15:16:33', '2015-10-10 15:16:33');
INSERT INTO "tblCOM_UserProfile" VALUES (112, 'testuser2', 112, 'testuser2', 'testuser2', '2015-10-10 15:16:33', '2015-10-10 15:16:33');
INSERT INTO "tblCOM_UserProfile" VALUES (113, 'testuser2', 113, 'testuser2', 'testuser2', '2015-10-10 15:16:33', '2015-10-10 15:16:33');
INSERT INTO "tblCOM_UserProfile" VALUES (114, 'testuser2', 114, 'testuser2', 'testuser2', '2015-10-10 15:16:33', '2015-10-10 15:16:33');
INSERT INTO "tblCOM_UserProfile" VALUES (122, 'testuser2', 122, 'testuser2', 'testuser2', '2015-10-10 15:16:33', '2015-10-10 15:16:33');
INSERT INTO "tblCOM_UserProfile" VALUES (123, 'testuser2', 123, 'testuser2', 'testuser2', '2015-10-10 15:16:33', '2015-10-10 15:16:33');
INSERT INTO "tblCOM_UserProfile" VALUES (124, 'testuser2', 124, 'testuser2', 'testuser2', '2015-10-10 15:16:33', '2015-10-10 15:16:33');
INSERT INTO "tblCOM_UserProfile" VALUES (125, 'testuser2', 125, 'testuser2', 'testuser2', '2015-10-10 15:16:33', '2015-10-10 15:16:33');
INSERT INTO "tblCOM_UserProfile" VALUES (126, 'testuser2', 134, 'testuser2', 'testuser2', '2015-10-10 15:16:33', '2015-10-10 15:16:33');
INSERT INTO "tblCOM_UserProfile" VALUES (127, 'testuser2', 126, 'testuser2', 'testuser2', '2015-10-10 15:16:33', '2015-10-10 15:16:33');
INSERT INTO "tblCOM_UserProfile" VALUES (129, 'testuser2', 128, 'testuser2', 'testuser2', '2015-10-10 15:16:33', '2015-10-10 15:16:33');
INSERT INTO "tblCOM_UserProfile" VALUES (130, 'testuser2', 129, 'testuser2', 'testuser2', '2015-10-10 15:16:33', '2015-10-10 15:16:33');
INSERT INTO "tblCOM_UserProfile" VALUES (128, 'testuser2', 127, 'testuser2', 'testuser2', '2015-10-10 15:16:33', '2015-10-10 15:16:33');
INSERT INTO "tblCOM_UserProfile" VALUES (131, 'testuser2', 130, 'testuser2', 'testuser2', '2015-10-10 15:16:33', '2015-10-10 15:16:33');
INSERT INTO "tblCOM_UserProfile" VALUES (133, 'testuser2', 132, 'testuser2', 'testuser2', '2015-10-10 15:16:33', '2015-10-10 15:16:33');
INSERT INTO "tblCOM_UserProfile" VALUES (134, 'testuser2', 133, 'testuser2', 'testuser2', '2015-10-10 15:16:33', '2015-10-10 15:16:33');
INSERT INTO "tblCOM_UserProfile" VALUES (132, 'testuser2', 131, 'testuser2', 'testuser2', '2015-10-10 15:16:33', '2015-10-10 15:16:33');
INSERT INTO "tblCOM_UserProfile" VALUES (115, 'testuser2', 115, 'testuser2', 'testuser2', '2015-10-10 15:16:33', '2015-10-10 15:16:33');
INSERT INTO "tblCOM_UserProfile" VALUES (116, 'testuser2', 116, 'testuser2', 'testuser2', '2015-10-10 15:16:33', '2015-10-10 15:16:33');
INSERT INTO "tblCOM_UserProfile" VALUES (120, 'testuser2', 120, 'testuser2', 'testuser2', '2015-10-10 15:16:33', '2015-10-10 15:16:33');
INSERT INTO "tblCOM_UserProfile" VALUES (121, 'testuser2', 121, 'testuser2', 'testuser2', '2015-10-10 15:16:33', '2015-10-10 15:16:33');
INSERT INTO "tblCOM_UserProfile" VALUES (117, 'testuser2', 117, 'testuser2', 'testuser2', '2015-10-10 15:16:33', '2015-10-10 15:16:33');
INSERT INTO "tblCOM_UserProfile" VALUES (118, 'testuser2', 118, 'testuser2', 'testuser2', '2015-10-10 15:16:33', '2015-10-10 15:16:33');
INSERT INTO "tblCOM_UserProfile" VALUES (119, 'testuser2', 119, 'testuser2', 'testuser2', '2015-10-10 15:16:33', '2015-10-10 15:16:33');
INSERT INTO "tblCOM_UserProfile" VALUES (141, 'testuser2', 141, 'testuser2', 'testuser2', '2015-10-10 15:16:33', '2015-10-10 15:16:33');
INSERT INTO "tblCOM_UserProfile" VALUES (111, 'testuser2', 111, 'testuser2', 'testuser2', '2015-10-10 15:16:33', '2015-10-10 15:16:33');
INSERT INTO "tblCOM_UserProfile" VALUES (135, 'testuser2', 135, 'testuser2', 'testuser2', '2015-10-10 15:16:33', '2015-10-10 15:16:33');
INSERT INTO "tblCOM_UserProfile" VALUES (136, 'testuser2', 136, 'testuser2', 'testuser2', '2015-10-10 15:16:33', '2015-10-10 15:16:33');
INSERT INTO "tblCOM_UserProfile" VALUES (137, 'testuser2', 137, 'testuser2', 'testuser2', '2015-10-10 15:16:33', '2015-10-10 15:16:33');
INSERT INTO "tblCOM_UserProfile" VALUES (138, 'testuser2', 138, 'testuser2', 'testuser2', '2015-10-10 15:16:33', '2015-10-10 15:16:33');
INSERT INTO "tblCOM_UserProfile" VALUES (7, 'testuser2', 6, 'testuser2', 'testuser2', '2015-10-10 15:16:33', '2015-10-10 15:16:33');
INSERT INTO "tblCOM_UserProfile" VALUES (179, 'testuser2', 179, 'testuser2', 'testuser2', '2015-10-10 15:16:33', '2015-10-10 15:16:33');
INSERT INTO "tblCOM_UserProfile" VALUES (180, 'testuser2', 180, 'testuser2', 'testuser2', '2015-10-10 15:16:33', '2015-10-10 15:16:33');
INSERT INTO "tblCOM_UserProfile" VALUES (181, 'testuser2', 181, 'testuser2', 'testuser2', '2015-10-10 15:16:33', '2015-10-10 15:16:33');
INSERT INTO "tblCOM_UserProfile" VALUES (221, 'testuser2', 222, 'testuser2', 'testuser2', '2015-10-10 15:16:33', '2015-10-10 15:16:33');
INSERT INTO "tblCOM_UserProfile" VALUES (222, 'testuser2', 223, 'testuser2', 'testuser2', '2015-10-10 15:16:33', '2015-10-10 15:16:33');
INSERT INTO "tblCOM_UserProfile" VALUES (223, 'testuser2', 224, 'testuser2', 'testuser2', '2015-10-10 15:16:33', '2015-10-10 15:16:33');
INSERT INTO "tblCOM_UserProfile" VALUES (8, 'testuser2', 7, 'testuser2', 'testuser2', '2015-10-10 15:16:33', '2015-10-10 15:16:33');
INSERT INTO "tblCOM_UserProfile" VALUES (186, 'testuser2', 186, 'testuser2', 'testuser2', '2015-10-10 15:16:33', '2015-10-10 15:16:33');
INSERT INTO "tblCOM_UserProfile" VALUES (207, 'testuser2', 208, 'testuser2', 'testuser2', '2015-10-10 15:16:33', '2015-10-10 15:16:33');
INSERT INTO "tblCOM_UserProfile" VALUES (208, 'testuser2', 209, 'testuser2', 'testuser2', '2015-10-10 15:16:33', '2015-10-10 15:16:33');
INSERT INTO "tblCOM_UserProfile" VALUES (271, 'testuser2', 672, 'testuser2', 'testuser2', '2015-10-10 15:16:33', '2015-10-10 15:16:33');
INSERT INTO "tblCOM_UserProfile" VALUES (271, 'testuser2', 673, 'testuser2', 'testuser2', '2015-10-10 15:16:33', '2015-10-10 15:16:33');
INSERT INTO "tblCOM_UserProfile" VALUES (271, 'testuser2', 675, 'testuser2', 'testuser2', '2015-10-10 15:16:33', '2015-10-10 15:16:33');
INSERT INTO "tblCOM_UserProfile" VALUES (271, 'testuser2', 667, 'testuser2', 'testuser2', '2015-10-10 15:16:33', '2015-10-10 15:16:33');
INSERT INTO "tblCOM_UserProfile" VALUES (272, 'testuser2', 676, 'testuser2', 'testuser2', '2015-10-10 15:16:33', '2015-10-10 15:16:33');
INSERT INTO "tblCOM_UserProfile" VALUES (272, 'testuser2', 677, 'testuser2', 'testuser2', '2015-10-10 15:16:33', '2015-10-10 15:16:33');
INSERT INTO "tblCOM_UserProfile" VALUES (272, 'testuser2', 678, 'testuser2', 'testuser2', '2015-10-10 15:16:33', '2015-10-10 15:16:33');
INSERT INTO "tblCOM_UserProfile" VALUES (269, 'testuser2', 661, 'testuser2', 'testuser2', '2015-10-10 15:16:33', '2015-10-10 15:16:33');
INSERT INTO "tblCOM_UserProfile" VALUES (228, 'testuser2', 229, 'testuser2', 'testuser2', '2015-10-10 15:16:33', '2015-10-10 15:16:33');
INSERT INTO "tblCOM_UserProfile" VALUES (232, 'testuser2', 233, 'testuser2', 'testuser2', '2015-10-10 15:16:33', '2015-10-10 15:16:33');
INSERT INTO "tblCOM_UserProfile" VALUES (229, 'testuser2', 230, 'testuser2', 'testuser2', '2015-10-10 15:16:33', '2015-10-10 15:16:33');
INSERT INTO "tblCOM_UserProfile" VALUES (233, 'testuser2', 234, 'testuser2', 'testuser2', '2015-10-10 15:16:33', '2015-10-10 15:16:33');
INSERT INTO "tblCOM_UserProfile" VALUES (234, 'testuser2', 235, 'testuser2', 'testuser2', '2015-10-10 15:16:33', '2015-10-10 15:16:33');
INSERT INTO "tblCOM_UserProfile" VALUES (230, 'testuser2', 231, 'testuser2', 'testuser2', '2015-10-10 15:16:33', '2015-10-10 15:16:33');
INSERT INTO "tblCOM_UserProfile" VALUES (209, 'testuser2', 210, 'testuser2', 'testuser2', '2015-10-10 15:16:33', '2015-10-10 15:16:33');
INSERT INTO "tblCOM_UserProfile" VALUES (211, 'testuser2', 212, 'testuser2', 'testuser2', '2015-10-10 15:16:33', '2015-10-10 15:16:33');
INSERT INTO "tblCOM_UserProfile" VALUES (227, 'testuser2', 228, 'testuser2', 'testuser2', '2015-10-10 15:16:33', '2015-10-10 15:16:33');
INSERT INTO "tblCOM_UserProfile" VALUES (205, 'testuser2', 206, 'testuser2', 'testuser2', '2015-10-10 15:16:33', '2015-10-10 15:16:33');
INSERT INTO "tblCOM_UserProfile" VALUES (206, 'testuser2', 207, 'testuser2', 'testuser2', '2015-10-10 15:16:33', '2015-10-10 15:16:33');
INSERT INTO "tblCOM_UserProfile" VALUES (231, 'testuser2', 232, 'testuser2', 'testuser2', '2015-10-10 15:16:33', '2015-10-10 15:16:33');
INSERT INTO "tblCOM_UserProfile" VALUES (218, 'dinamapatac', 220, 'dinamapatac', 'dinamapatac', '2016-01-24 21:49:24', '2016-01-24 21:49:24');
INSERT INTO "tblCOM_UserProfile" VALUES (272, 'testuser3', 668, 'gregori', 'gregori', '2015-10-05 14:19:30', '2015-10-05 14:19:30');
INSERT INTO "tblCOM_UserProfile" VALUES (272, 'testuser4', 668, 'gregori', 'gregori', '2015-10-05 14:19:52', '2015-10-05 14:19:52');
INSERT INTO "tblCOM_UserProfile" VALUES (272, 'testuser2', 668, 'testuser2', 'testuser2', '2015-10-10 15:16:33', '2015-10-10 15:16:33');
INSERT INTO "tblCOM_UserProfile" VALUES (187, 'dinamapatac', 187, 'dinamapatac', 'dinamapatac', '2016-01-24 21:49:24', '2016-01-24 21:49:24');
INSERT INTO "tblCOM_UserProfile" VALUES (219, 'dinamapatac', 219, 'dinamapatac', 'dinamapatac', '2016-01-24 21:49:24', '2016-01-24 21:49:24');
INSERT INTO "tblCOM_UserProfile" VALUES (6, 'dinamapatac', 5, 'dinamapatac', 'dinamapatac', '2016-01-24 21:49:24', '2016-01-24 21:49:24');
INSERT INTO "tblCOM_UserProfile" VALUES (273, 'testuser3', 669, 'gregori', 'gregori', '2015-10-05 14:19:30', '2015-10-05 14:19:30');
INSERT INTO "tblCOM_UserProfile" VALUES (273, 'testuser3', 670, 'gregori', 'gregori', '2015-10-05 14:19:30', '2015-10-05 14:19:30');
INSERT INTO "tblCOM_UserProfile" VALUES (273, 'testuser3', 671, 'gregori', 'gregori', '2015-10-05 14:19:30', '2015-10-05 14:19:30');
INSERT INTO "tblCOM_UserProfile" VALUES (273, 'testuser3', 666, 'gregori', 'gregori', '2015-10-05 14:19:30', '2015-10-05 14:19:30');
INSERT INTO "tblCOM_UserProfile" VALUES (273, 'testuser4', 669, 'gregori', 'gregori', '2015-10-05 14:19:52', '2015-10-05 14:19:52');
INSERT INTO "tblCOM_UserProfile" VALUES (273, 'testuser4', 670, 'gregori', 'gregori', '2015-10-05 14:19:52', '2015-10-05 14:19:52');
INSERT INTO "tblCOM_UserProfile" VALUES (273, 'testuser4', 671, 'gregori', 'gregori', '2015-10-05 14:19:52', '2015-10-05 14:19:52');
INSERT INTO "tblCOM_UserProfile" VALUES (273, 'testuser4', 666, 'gregori', 'gregori', '2015-10-05 14:19:52', '2015-10-05 14:19:52');
INSERT INTO "tblCOM_UserProfile" VALUES (273, 'testuser2', 669, 'testuser2', 'testuser2', '2015-10-10 15:16:33', '2015-10-10 15:16:33');
INSERT INTO "tblCOM_UserProfile" VALUES (273, 'testuser2', 670, 'testuser2', 'testuser2', '2015-10-10 15:16:33', '2015-10-10 15:16:33');
INSERT INTO "tblCOM_UserProfile" VALUES (273, 'testuser2', 671, 'testuser2', 'testuser2', '2015-10-10 15:16:33', '2015-10-10 15:16:33');
INSERT INTO "tblCOM_UserProfile" VALUES (273, 'testuser2', 666, 'testuser2', 'testuser2', '2015-10-10 15:16:33', '2015-10-10 15:16:33');
INSERT INTO "tblCOM_UserProfile" VALUES (270, 'testuser2', 654, 'testuser2', 'testuser2', '2015-10-10 15:16:33', '2015-10-10 15:16:33');
INSERT INTO "tblCOM_UserProfile" VALUES (270, 'testuser2', 655, 'testuser2', 'testuser2', '2015-10-10 15:16:33', '2015-10-10 15:16:33');
INSERT INTO "tblCOM_UserProfile" VALUES (270, 'testuser2', 656, 'testuser2', 'testuser2', '2015-10-10 15:16:33', '2015-10-10 15:16:33');
INSERT INTO "tblCOM_UserProfile" VALUES (270, 'testuser2', 653, 'testuser2', 'testuser2', '2015-10-10 15:16:33', '2015-10-10 15:16:33');
INSERT INTO "tblCOM_UserProfile" VALUES (110, 'dinamapatac', 110, 'dinamapatac', 'dinamapatac', '2016-01-24 21:49:24', '2016-01-24 21:49:24');
INSERT INTO "tblCOM_UserProfile" VALUES (112, 'dinamapatac', 112, 'dinamapatac', 'dinamapatac', '2016-01-24 21:49:24', '2016-01-24 21:49:24');
INSERT INTO "tblCOM_UserProfile" VALUES (113, 'dinamapatac', 113, 'dinamapatac', 'dinamapatac', '2016-01-24 21:49:24', '2016-01-24 21:49:24');
INSERT INTO "tblCOM_UserProfile" VALUES (114, 'dinamapatac', 114, 'dinamapatac', 'dinamapatac', '2016-01-24 21:49:24', '2016-01-24 21:49:24');
INSERT INTO "tblCOM_UserProfile" VALUES (122, 'dinamapatac', 122, 'dinamapatac', 'dinamapatac', '2016-01-24 21:49:24', '2016-01-24 21:49:24');
INSERT INTO "tblCOM_UserProfile" VALUES (123, 'dinamapatac', 123, 'dinamapatac', 'dinamapatac', '2016-01-24 21:49:24', '2016-01-24 21:49:24');
INSERT INTO "tblCOM_UserProfile" VALUES (124, 'dinamapatac', 124, 'dinamapatac', 'dinamapatac', '2016-01-24 21:49:24', '2016-01-24 21:49:24');
INSERT INTO "tblCOM_UserProfile" VALUES (125, 'dinamapatac', 125, 'dinamapatac', 'dinamapatac', '2016-01-24 21:49:24', '2016-01-24 21:49:24');
INSERT INTO "tblCOM_UserProfile" VALUES (126, 'dinamapatac', 134, 'dinamapatac', 'dinamapatac', '2016-01-24 21:49:24', '2016-01-24 21:49:24');
INSERT INTO "tblCOM_UserProfile" VALUES (127, 'dinamapatac', 126, 'dinamapatac', 'dinamapatac', '2016-01-24 21:49:24', '2016-01-24 21:49:24');
INSERT INTO "tblCOM_UserProfile" VALUES (129, 'dinamapatac', 128, 'dinamapatac', 'dinamapatac', '2016-01-24 21:49:24', '2016-01-24 21:49:24');
INSERT INTO "tblCOM_UserProfile" VALUES (130, 'dinamapatac', 129, 'dinamapatac', 'dinamapatac', '2016-01-24 21:49:24', '2016-01-24 21:49:24');
INSERT INTO "tblCOM_UserProfile" VALUES (128, 'dinamapatac', 127, 'dinamapatac', 'dinamapatac', '2016-01-24 21:49:24', '2016-01-24 21:49:24');
INSERT INTO "tblCOM_UserProfile" VALUES (131, 'dinamapatac', 130, 'dinamapatac', 'dinamapatac', '2016-01-24 21:49:24', '2016-01-24 21:49:24');
INSERT INTO "tblCOM_UserProfile" VALUES (133, 'dinamapatac', 132, 'dinamapatac', 'dinamapatac', '2016-01-24 21:49:24', '2016-01-24 21:49:24');
INSERT INTO "tblCOM_UserProfile" VALUES (134, 'dinamapatac', 133, 'dinamapatac', 'dinamapatac', '2016-01-24 21:49:24', '2016-01-24 21:49:24');
INSERT INTO "tblCOM_UserProfile" VALUES (132, 'dinamapatac', 131, 'dinamapatac', 'dinamapatac', '2016-01-24 21:49:24', '2016-01-24 21:49:24');
INSERT INTO "tblCOM_UserProfile" VALUES (115, 'dinamapatac', 115, 'dinamapatac', 'dinamapatac', '2016-01-24 21:49:24', '2016-01-24 21:49:24');
INSERT INTO "tblCOM_UserProfile" VALUES (116, 'dinamapatac', 116, 'dinamapatac', 'dinamapatac', '2016-01-24 21:49:24', '2016-01-24 21:49:24');
INSERT INTO "tblCOM_UserProfile" VALUES (120, 'dinamapatac', 120, 'dinamapatac', 'dinamapatac', '2016-01-24 21:49:24', '2016-01-24 21:49:24');
INSERT INTO "tblCOM_UserProfile" VALUES (121, 'dinamapatac', 121, 'dinamapatac', 'dinamapatac', '2016-01-24 21:49:24', '2016-01-24 21:49:24');
INSERT INTO "tblCOM_UserProfile" VALUES (117, 'dinamapatac', 117, 'dinamapatac', 'dinamapatac', '2016-01-24 21:49:24', '2016-01-24 21:49:24');
INSERT INTO "tblCOM_UserProfile" VALUES (118, 'dinamapatac', 118, 'dinamapatac', 'dinamapatac', '2016-01-24 21:49:24', '2016-01-24 21:49:24');
INSERT INTO "tblCOM_UserProfile" VALUES (119, 'dinamapatac', 119, 'dinamapatac', 'dinamapatac', '2016-01-24 21:49:24', '2016-01-24 21:49:24');
INSERT INTO "tblCOM_UserProfile" VALUES (141, 'dinamapatac', 141, 'dinamapatac', 'dinamapatac', '2016-01-24 21:49:24', '2016-01-24 21:49:24');
INSERT INTO "tblCOM_UserProfile" VALUES (1, 'testuser1', 1, 'gregori', 'gregori', '2016-01-23 02:56:19', '2016-01-23 02:56:19');
INSERT INTO "tblCOM_UserProfile" VALUES (9, 'testuser1', 9, 'gregori', 'gregori', '2016-01-23 02:56:19', '2016-01-23 02:56:19');
INSERT INTO "tblCOM_UserProfile" VALUES (13, 'testuser1', 243, 'gregori', 'gregori', '2016-01-23 02:56:19', '2016-01-23 02:56:19');
INSERT INTO "tblCOM_UserProfile" VALUES (13, 'testuser1', 244, 'gregori', 'gregori', '2016-01-23 02:56:19', '2016-01-23 02:56:19');
INSERT INTO "tblCOM_UserProfile" VALUES (13, 'testuser1', 247, 'gregori', 'gregori', '2016-01-23 02:56:19', '2016-01-23 02:56:19');
INSERT INTO "tblCOM_UserProfile" VALUES (13, 'testuser1', 376, 'gregori', 'gregori', '2016-01-23 02:56:19', '2016-01-23 02:56:19');
INSERT INTO "tblCOM_UserProfile" VALUES (13, 'testuser1', 13, 'gregori', 'gregori', '2016-01-23 02:56:19', '2016-01-23 02:56:19');
INSERT INTO "tblCOM_UserProfile" VALUES (14, 'testuser1', 245, 'gregori', 'gregori', '2016-01-23 02:56:19', '2016-01-23 02:56:19');
INSERT INTO "tblCOM_UserProfile" VALUES (14, 'testuser1', 246, 'gregori', 'gregori', '2016-01-23 02:56:19', '2016-01-23 02:56:19');
INSERT INTO "tblCOM_UserProfile" VALUES (14, 'testuser1', 377, 'gregori', 'gregori', '2016-01-23 02:56:19', '2016-01-23 02:56:19');
INSERT INTO "tblCOM_UserProfile" VALUES (14, 'testuser1', 14, 'gregori', 'gregori', '2016-01-23 02:56:19', '2016-01-23 02:56:19');
INSERT INTO "tblCOM_UserProfile" VALUES (248, 'testuser1', 608, 'gregori', 'gregori', '2016-01-23 02:56:19', '2016-01-23 02:56:19');
INSERT INTO "tblCOM_UserProfile" VALUES (248, 'testuser1', 610, 'gregori', 'gregori', '2016-01-23 02:56:19', '2016-01-23 02:56:19');
INSERT INTO "tblCOM_UserProfile" VALUES (10, 'testuser1', 10, 'gregori', 'gregori', '2016-01-23 02:56:19', '2016-01-23 02:56:19');
INSERT INTO "tblCOM_UserProfile" VALUES (19, 'testuser1', 332, 'gregori', 'gregori', '2016-01-23 02:56:19', '2016-01-23 02:56:19');
INSERT INTO "tblCOM_UserProfile" VALUES (19, 'testuser1', 344, 'gregori', 'gregori', '2016-01-23 02:56:19', '2016-01-23 02:56:19');
INSERT INTO "tblCOM_UserProfile" VALUES (19, 'testuser1', 381, 'gregori', 'gregori', '2016-01-23 02:56:19', '2016-01-23 02:56:19');
INSERT INTO "tblCOM_UserProfile" VALUES (19, 'testuser1', 20, 'gregori', 'gregori', '2016-01-23 02:56:19', '2016-01-23 02:56:19');
INSERT INTO "tblCOM_UserProfile" VALUES (20, 'testuser1', 339, 'gregori', 'gregori', '2016-01-23 02:56:19', '2016-01-23 02:56:19');
INSERT INTO "tblCOM_UserProfile" VALUES (20, 'testuser1', 351, 'gregori', 'gregori', '2016-01-23 02:56:19', '2016-01-23 02:56:19');
INSERT INTO "tblCOM_UserProfile" VALUES (20, 'testuser1', 383, 'gregori', 'gregori', '2016-01-23 02:56:19', '2016-01-23 02:56:19');
INSERT INTO "tblCOM_UserProfile" VALUES (20, 'testuser1', 22, 'gregori', 'gregori', '2016-01-23 02:56:19', '2016-01-23 02:56:19');
INSERT INTO "tblCOM_UserProfile" VALUES (21, 'testuser1', 23, 'gregori', 'gregori', '2016-01-23 02:56:19', '2016-01-23 02:56:19');
INSERT INTO "tblCOM_UserProfile" VALUES (22, 'testuser1', 252, 'gregori', 'gregori', '2016-01-23 02:56:19', '2016-01-23 02:56:19');
INSERT INTO "tblCOM_UserProfile" VALUES (22, 'testuser1', 253, 'gregori', 'gregori', '2016-01-23 02:56:19', '2016-01-23 02:56:19');
INSERT INTO "tblCOM_UserProfile" VALUES (22, 'testuser1', 385, 'gregori', 'gregori', '2016-01-23 02:56:19', '2016-01-23 02:56:19');
INSERT INTO "tblCOM_UserProfile" VALUES (22, 'testuser1', 24, 'gregori', 'gregori', '2016-01-23 02:56:19', '2016-01-23 02:56:19');
INSERT INTO "tblCOM_UserProfile" VALUES (30, 'testuser1', 275, 'gregori', 'gregori', '2016-01-23 02:56:19', '2016-01-23 02:56:19');
INSERT INTO "tblCOM_UserProfile" VALUES (30, 'testuser1', 307, 'gregori', 'gregori', '2016-01-23 02:56:19', '2016-01-23 02:56:19');
INSERT INTO "tblCOM_UserProfile" VALUES (30, 'testuser1', 422, 'gregori', 'gregori', '2016-01-23 02:56:19', '2016-01-23 02:56:19');
INSERT INTO "tblCOM_UserProfile" VALUES (30, 'testuser1', 32, 'gregori', 'gregori', '2016-01-23 02:56:19', '2016-01-23 02:56:19');
INSERT INTO "tblCOM_UserProfile" VALUES (31, 'testuser1', 277, 'gregori', 'gregori', '2016-01-23 02:56:19', '2016-01-23 02:56:19');
INSERT INTO "tblCOM_UserProfile" VALUES (31, 'testuser1', 309, 'gregori', 'gregori', '2016-01-23 02:56:19', '2016-01-23 02:56:19');
INSERT INTO "tblCOM_UserProfile" VALUES (31, 'testuser1', 414, 'gregori', 'gregori', '2016-01-23 02:56:19', '2016-01-23 02:56:19');
INSERT INTO "tblCOM_UserProfile" VALUES (31, 'testuser1', 33, 'gregori', 'gregori', '2016-01-23 02:56:19', '2016-01-23 02:56:19');
INSERT INTO "tblCOM_UserProfile" VALUES (32, 'testuser1', 276, 'gregori', 'gregori', '2016-01-23 02:56:19', '2016-01-23 02:56:19');
INSERT INTO "tblCOM_UserProfile" VALUES (32, 'testuser1', 308, 'gregori', 'gregori', '2016-01-23 02:56:19', '2016-01-23 02:56:19');
INSERT INTO "tblCOM_UserProfile" VALUES (32, 'testuser1', 366, 'gregori', 'gregori', '2016-01-23 02:56:19', '2016-01-23 02:56:19');
INSERT INTO "tblCOM_UserProfile" VALUES (32, 'testuser1', 34, 'gregori', 'gregori', '2016-01-23 02:56:19', '2016-01-23 02:56:19');
INSERT INTO "tblCOM_UserProfile" VALUES (33, 'testuser1', 278, 'gregori', 'gregori', '2016-01-23 02:56:19', '2016-01-23 02:56:19');
INSERT INTO "tblCOM_UserProfile" VALUES (33, 'testuser1', 310, 'gregori', 'gregori', '2016-01-23 02:56:19', '2016-01-23 02:56:19');
INSERT INTO "tblCOM_UserProfile" VALUES (33, 'testuser1', 413, 'gregori', 'gregori', '2016-01-23 02:56:19', '2016-01-23 02:56:19');
INSERT INTO "tblCOM_UserProfile" VALUES (33, 'testuser1', 35, 'gregori', 'gregori', '2016-01-23 02:56:19', '2016-01-23 02:56:19');
INSERT INTO "tblCOM_UserProfile" VALUES (77, 'testuser1', 77, 'gregori', 'gregori', '2016-01-23 02:56:19', '2016-01-23 02:56:19');
INSERT INTO "tblCOM_UserProfile" VALUES (79, 'testuser1', 79, 'gregori', 'gregori', '2016-01-23 02:56:19', '2016-01-23 02:56:19');
INSERT INTO "tblCOM_UserProfile" VALUES (68, 'testuser1', 68, 'gregori', 'gregori', '2016-01-23 02:56:19', '2016-01-23 02:56:19');
INSERT INTO "tblCOM_UserProfile" VALUES (83, 'testuser1', 83, 'gregori', 'gregori', '2016-01-23 02:56:19', '2016-01-23 02:56:19');
INSERT INTO "tblCOM_UserProfile" VALUES (109, 'testuser1', 109, 'gregori', 'gregori', '2016-01-23 02:56:19', '2016-01-23 02:56:19');
INSERT INTO "tblCOM_UserProfile" VALUES (140, 'testuser1', 140, 'gregori', 'gregori', '2016-01-23 02:56:19', '2016-01-23 02:56:19');
INSERT INTO "tblCOM_UserProfile" VALUES (178, 'testuser1', 178, 'gregori', 'gregori', '2016-01-23 02:56:19', '2016-01-23 02:56:19');
INSERT INTO "tblCOM_UserProfile" VALUES (184, 'testuser1', 184, 'gregori', 'gregori', '2016-01-23 02:56:19', '2016-01-23 02:56:19');
INSERT INTO "tblCOM_UserProfile" VALUES (80, 'testuser1', 80, 'gregori', 'gregori', '2016-01-23 02:56:19', '2016-01-23 02:56:19');
INSERT INTO "tblCOM_UserProfile" VALUES (85, 'testuser1', 85, 'gregori', 'gregori', '2016-01-23 02:56:19', '2016-01-23 02:56:19');
INSERT INTO "tblCOM_UserProfile" VALUES (81, 'testuser1', 81, 'gregori', 'gregori', '2016-01-23 02:56:19', '2016-01-23 02:56:19');
INSERT INTO "tblCOM_UserProfile" VALUES (70, 'testuser1', 70, 'gregori', 'gregori', '2016-01-23 02:56:19', '2016-01-23 02:56:19');
INSERT INTO "tblCOM_UserProfile" VALUES (86, 'testuser1', 86, 'gregori', 'gregori', '2016-01-23 02:56:19', '2016-01-23 02:56:19');
INSERT INTO "tblCOM_UserProfile" VALUES (87, 'testuser1', 87, 'gregori', 'gregori', '2016-01-23 02:56:19', '2016-01-23 02:56:19');
INSERT INTO "tblCOM_UserProfile" VALUES (88, 'testuser1', 88, 'gregori', 'gregori', '2016-01-23 02:56:19', '2016-01-23 02:56:19');
INSERT INTO "tblCOM_UserProfile" VALUES (90, 'testuser1', 90, 'gregori', 'gregori', '2016-01-23 02:56:19', '2016-01-23 02:56:19');
INSERT INTO "tblCOM_UserProfile" VALUES (92, 'testuser1', 92, 'gregori', 'gregori', '2016-01-23 02:56:19', '2016-01-23 02:56:19');
INSERT INTO "tblCOM_UserProfile" VALUES (93, 'testuser1', 93, 'gregori', 'gregori', '2016-01-23 02:56:19', '2016-01-23 02:56:19');
INSERT INTO "tblCOM_UserProfile" VALUES (91, 'testuser1', 91, 'gregori', 'gregori', '2016-01-23 02:56:19', '2016-01-23 02:56:19');
INSERT INTO "tblCOM_UserProfile" VALUES (94, 'testuser1', 94, 'gregori', 'gregori', '2016-01-23 02:56:19', '2016-01-23 02:56:19');
INSERT INTO "tblCOM_UserProfile" VALUES (96, 'testuser1', 96, 'gregori', 'gregori', '2016-01-23 02:56:19', '2016-01-23 02:56:19');
INSERT INTO "tblCOM_UserProfile" VALUES (95, 'testuser1', 95, 'gregori', 'gregori', '2016-01-23 02:56:19', '2016-01-23 02:56:19');
INSERT INTO "tblCOM_UserProfile" VALUES (139, 'testuser1', 139, 'gregori', 'gregori', '2016-01-23 02:56:19', '2016-01-23 02:56:19');
INSERT INTO "tblCOM_UserProfile" VALUES (82, 'testuser1', 82, 'gregori', 'gregori', '2016-01-23 02:56:19', '2016-01-23 02:56:19');
INSERT INTO "tblCOM_UserProfile" VALUES (98, 'testuser1', 98, 'gregori', 'gregori', '2016-01-23 02:56:19', '2016-01-23 02:56:19');
INSERT INTO "tblCOM_UserProfile" VALUES (103, 'testuser1', 103, 'gregori', 'gregori', '2016-01-23 02:56:19', '2016-01-23 02:56:19');
INSERT INTO "tblCOM_UserProfile" VALUES (104, 'testuser1', 104, 'gregori', 'gregori', '2016-01-23 02:56:19', '2016-01-23 02:56:19');
INSERT INTO "tblCOM_UserProfile" VALUES (99, 'testuser1', 99, 'gregori', 'gregori', '2016-01-23 02:56:19', '2016-01-23 02:56:19');
INSERT INTO "tblCOM_UserProfile" VALUES (100, 'testuser1', 100, 'gregori', 'gregori', '2016-01-23 02:56:19', '2016-01-23 02:56:19');
INSERT INTO "tblCOM_UserProfile" VALUES (101, 'testuser1', 101, 'gregori', 'gregori', '2016-01-23 02:56:19', '2016-01-23 02:56:19');
INSERT INTO "tblCOM_UserProfile" VALUES (102, 'testuser1', 102, 'gregori', 'gregori', '2016-01-23 02:56:19', '2016-01-23 02:56:19');
INSERT INTO "tblCOM_UserProfile" VALUES (105, 'testuser1', 105, 'gregori', 'gregori', '2016-01-23 02:56:19', '2016-01-23 02:56:19');
INSERT INTO "tblCOM_UserProfile" VALUES (106, 'testuser1', 106, 'gregori', 'gregori', '2016-01-23 02:56:19', '2016-01-23 02:56:19');
INSERT INTO "tblCOM_UserProfile" VALUES (107, 'testuser1', 107, 'gregori', 'gregori', '2016-01-23 02:56:19', '2016-01-23 02:56:19');
INSERT INTO "tblCOM_UserProfile" VALUES (142, 'testuser1', 170, 'gregori', 'gregori', '2016-01-23 02:56:19', '2016-01-23 02:56:19');
INSERT INTO "tblCOM_UserProfile" VALUES (164, 'testuser1', 269, 'gregori', 'gregori', '2016-01-23 02:56:19', '2016-01-23 02:56:19');
INSERT INTO "tblCOM_UserProfile" VALUES (164, 'testuser1', 301, 'gregori', 'gregori', '2016-01-23 02:56:19', '2016-01-23 02:56:19');
INSERT INTO "tblCOM_UserProfile" VALUES (164, 'testuser1', 529, 'gregori', 'gregori', '2016-01-23 02:56:19', '2016-01-23 02:56:19');
INSERT INTO "tblCOM_UserProfile" VALUES (164, 'testuser1', 163, 'gregori', 'gregori', '2016-01-23 02:56:19', '2016-01-23 02:56:19');
INSERT INTO "tblCOM_UserProfile" VALUES (165, 'testuser1', 270, 'gregori', 'gregori', '2016-01-23 02:56:19', '2016-01-23 02:56:19');
INSERT INTO "tblCOM_UserProfile" VALUES (165, 'testuser1', 302, 'gregori', 'gregori', '2016-01-23 02:56:19', '2016-01-23 02:56:19');
INSERT INTO "tblCOM_UserProfile" VALUES (165, 'testuser1', 514, 'gregori', 'gregori', '2016-01-23 02:56:19', '2016-01-23 02:56:19');
INSERT INTO "tblCOM_UserProfile" VALUES (165, 'testuser1', 164, 'gregori', 'gregori', '2016-01-23 02:56:19', '2016-01-23 02:56:19');
INSERT INTO "tblCOM_UserProfile" VALUES (166, 'testuser1', 271, 'gregori', 'gregori', '2016-01-23 02:56:19', '2016-01-23 02:56:19');
INSERT INTO "tblCOM_UserProfile" VALUES (166, 'testuser1', 303, 'gregori', 'gregori', '2016-01-23 02:56:19', '2016-01-23 02:56:19');
INSERT INTO "tblCOM_UserProfile" VALUES (166, 'testuser1', 515, 'gregori', 'gregori', '2016-01-23 02:56:19', '2016-01-23 02:56:19');
INSERT INTO "tblCOM_UserProfile" VALUES (166, 'testuser1', 165, 'gregori', 'gregori', '2016-01-23 02:56:19', '2016-01-23 02:56:19');
INSERT INTO "tblCOM_UserProfile" VALUES (167, 'testuser1', 272, 'gregori', 'gregori', '2016-01-23 02:56:19', '2016-01-23 02:56:19');
INSERT INTO "tblCOM_UserProfile" VALUES (167, 'testuser1', 304, 'gregori', 'gregori', '2016-01-23 02:56:19', '2016-01-23 02:56:19');
INSERT INTO "tblCOM_UserProfile" VALUES (167, 'testuser1', 516, 'gregori', 'gregori', '2016-01-23 02:56:19', '2016-01-23 02:56:19');
INSERT INTO "tblCOM_UserProfile" VALUES (167, 'testuser1', 166, 'gregori', 'gregori', '2016-01-23 02:56:19', '2016-01-23 02:56:19');
INSERT INTO "tblCOM_UserProfile" VALUES (168, 'testuser1', 265, 'gregori', 'gregori', '2016-01-23 02:56:19', '2016-01-23 02:56:19');
INSERT INTO "tblCOM_UserProfile" VALUES (168, 'testuser1', 297, 'gregori', 'gregori', '2016-01-23 02:56:19', '2016-01-23 02:56:19');
INSERT INTO "tblCOM_UserProfile" VALUES (168, 'testuser1', 583, 'gregori', 'gregori', '2016-01-23 02:56:19', '2016-01-23 02:56:19');
INSERT INTO "tblCOM_UserProfile" VALUES (168, 'testuser1', 167, 'gregori', 'gregori', '2016-01-23 02:56:19', '2016-01-23 02:56:19');
INSERT INTO "tblCOM_UserProfile" VALUES (169, 'testuser1', 273, 'gregori', 'gregori', '2016-01-23 02:56:19', '2016-01-23 02:56:19');
INSERT INTO "tblCOM_UserProfile" VALUES (169, 'testuser1', 305, 'gregori', 'gregori', '2016-01-23 02:56:19', '2016-01-23 02:56:19');
INSERT INTO "tblCOM_UserProfile" VALUES (169, 'testuser1', 517, 'gregori', 'gregori', '2016-01-23 02:56:19', '2016-01-23 02:56:19');
INSERT INTO "tblCOM_UserProfile" VALUES (169, 'testuser1', 168, 'gregori', 'gregori', '2016-01-23 02:56:19', '2016-01-23 02:56:19');
INSERT INTO "tblCOM_UserProfile" VALUES (170, 'testuser1', 274, 'gregori', 'gregori', '2016-01-23 02:56:19', '2016-01-23 02:56:19');
INSERT INTO "tblCOM_UserProfile" VALUES (170, 'testuser1', 306, 'gregori', 'gregori', '2016-01-23 02:56:19', '2016-01-23 02:56:19');
INSERT INTO "tblCOM_UserProfile" VALUES (170, 'testuser1', 518, 'gregori', 'gregori', '2016-01-23 02:56:19', '2016-01-23 02:56:19');
INSERT INTO "tblCOM_UserProfile" VALUES (170, 'testuser1', 169, 'gregori', 'gregori', '2016-01-23 02:56:19', '2016-01-23 02:56:19');
INSERT INTO "tblCOM_UserProfile" VALUES (143, 'testuser1', 266, 'gregori', 'gregori', '2016-01-23 02:56:19', '2016-01-23 02:56:19');
INSERT INTO "tblCOM_UserProfile" VALUES (143, 'testuser1', 298, 'gregori', 'gregori', '2016-01-23 02:56:19', '2016-01-23 02:56:19');
INSERT INTO "tblCOM_UserProfile" VALUES (143, 'testuser1', 524, 'gregori', 'gregori', '2016-01-23 02:56:19', '2016-01-23 02:56:19');
INSERT INTO "tblCOM_UserProfile" VALUES (143, 'testuser1', 142, 'gregori', 'gregori', '2016-01-23 02:56:19', '2016-01-23 02:56:19');
INSERT INTO "tblCOM_UserProfile" VALUES (144, 'testuser1', 267, 'gregori', 'gregori', '2016-01-23 02:56:19', '2016-01-23 02:56:19');
INSERT INTO "tblCOM_UserProfile" VALUES (144, 'testuser1', 299, 'gregori', 'gregori', '2016-01-23 02:56:19', '2016-01-23 02:56:19');
INSERT INTO "tblCOM_UserProfile" VALUES (144, 'testuser1', 462, 'gregori', 'gregori', '2016-01-23 02:56:19', '2016-01-23 02:56:19');
INSERT INTO "tblCOM_UserProfile" VALUES (144, 'testuser1', 143, 'gregori', 'gregori', '2016-01-23 02:56:19', '2016-01-23 02:56:19');
INSERT INTO "tblCOM_UserProfile" VALUES (145, 'testuser1', 268, 'gregori', 'gregori', '2016-01-23 02:56:19', '2016-01-23 02:56:19');
INSERT INTO "tblCOM_UserProfile" VALUES (145, 'testuser1', 300, 'gregori', 'gregori', '2016-01-23 02:56:19', '2016-01-23 02:56:19');
INSERT INTO "tblCOM_UserProfile" VALUES (145, 'testuser1', 498, 'gregori', 'gregori', '2016-01-23 02:56:19', '2016-01-23 02:56:19');
INSERT INTO "tblCOM_UserProfile" VALUES (145, 'testuser1', 144, 'gregori', 'gregori', '2016-01-23 02:56:19', '2016-01-23 02:56:19');
INSERT INTO "tblCOM_UserProfile" VALUES (147, 'testuser1', 280, 'gregori', 'gregori', '2016-01-23 02:56:19', '2016-01-23 02:56:19');
INSERT INTO "tblCOM_UserProfile" VALUES (147, 'testuser1', 312, 'gregori', 'gregori', '2016-01-23 02:56:19', '2016-01-23 02:56:19');
INSERT INTO "tblCOM_UserProfile" VALUES (147, 'testuser1', 499, 'gregori', 'gregori', '2016-01-23 02:56:19', '2016-01-23 02:56:19');
INSERT INTO "tblCOM_UserProfile" VALUES (147, 'testuser1', 146, 'gregori', 'gregori', '2016-01-23 02:56:19', '2016-01-23 02:56:19');
INSERT INTO "tblCOM_UserProfile" VALUES (150, 'testuser1', 283, 'gregori', 'gregori', '2016-01-23 02:56:19', '2016-01-23 02:56:19');
INSERT INTO "tblCOM_UserProfile" VALUES (150, 'testuser1', 315, 'gregori', 'gregori', '2016-01-23 02:56:19', '2016-01-23 02:56:19');
INSERT INTO "tblCOM_UserProfile" VALUES (150, 'testuser1', 582, 'gregori', 'gregori', '2016-01-23 02:56:19', '2016-01-23 02:56:19');
INSERT INTO "tblCOM_UserProfile" VALUES (150, 'testuser1', 149, 'gregori', 'gregori', '2016-01-23 02:56:19', '2016-01-23 02:56:19');
INSERT INTO "tblCOM_UserProfile" VALUES (153, 'testuser1', 286, 'gregori', 'gregori', '2016-01-23 02:56:19', '2016-01-23 02:56:19');
INSERT INTO "tblCOM_UserProfile" VALUES (153, 'testuser1', 318, 'gregori', 'gregori', '2016-01-23 02:56:19', '2016-01-23 02:56:19');
INSERT INTO "tblCOM_UserProfile" VALUES (153, 'testuser1', 506, 'gregori', 'gregori', '2016-01-23 02:56:19', '2016-01-23 02:56:19');
INSERT INTO "tblCOM_UserProfile" VALUES (153, 'testuser1', 152, 'gregori', 'gregori', '2016-01-23 02:56:19', '2016-01-23 02:56:19');
INSERT INTO "tblCOM_UserProfile" VALUES (154, 'testuser1', 287, 'gregori', 'gregori', '2016-01-23 02:56:19', '2016-01-23 02:56:19');
INSERT INTO "tblCOM_UserProfile" VALUES (154, 'testuser1', 319, 'gregori', 'gregori', '2016-01-23 02:56:19', '2016-01-23 02:56:19');
INSERT INTO "tblCOM_UserProfile" VALUES (154, 'testuser1', 507, 'gregori', 'gregori', '2016-01-23 02:56:19', '2016-01-23 02:56:19');
INSERT INTO "tblCOM_UserProfile" VALUES (154, 'testuser1', 153, 'gregori', 'gregori', '2016-01-23 02:56:19', '2016-01-23 02:56:19');
INSERT INTO "tblCOM_UserProfile" VALUES (157, 'testuser1', 290, 'gregori', 'gregori', '2016-01-23 02:56:19', '2016-01-23 02:56:19');
INSERT INTO "tblCOM_UserProfile" VALUES (157, 'testuser1', 322, 'gregori', 'gregori', '2016-01-23 02:56:19', '2016-01-23 02:56:19');
INSERT INTO "tblCOM_UserProfile" VALUES (157, 'testuser1', 509, 'gregori', 'gregori', '2016-01-23 02:56:19', '2016-01-23 02:56:19');
INSERT INTO "tblCOM_UserProfile" VALUES (157, 'testuser1', 156, 'gregori', 'gregori', '2016-01-23 02:56:19', '2016-01-23 02:56:19');
INSERT INTO "tblCOM_UserProfile" VALUES (158, 'testuser1', 291, 'gregori', 'gregori', '2016-01-23 02:56:19', '2016-01-23 02:56:19');
INSERT INTO "tblCOM_UserProfile" VALUES (158, 'testuser1', 323, 'gregori', 'gregori', '2016-01-23 02:56:19', '2016-01-23 02:56:19');
INSERT INTO "tblCOM_UserProfile" VALUES (158, 'testuser1', 510, 'gregori', 'gregori', '2016-01-23 02:56:19', '2016-01-23 02:56:19');
INSERT INTO "tblCOM_UserProfile" VALUES (158, 'testuser1', 157, 'gregori', 'gregori', '2016-01-23 02:56:19', '2016-01-23 02:56:19');
INSERT INTO "tblCOM_UserProfile" VALUES (159, 'testuser1', 292, 'gregori', 'gregori', '2016-01-23 02:56:19', '2016-01-23 02:56:19');
INSERT INTO "tblCOM_UserProfile" VALUES (159, 'testuser1', 324, 'gregori', 'gregori', '2016-01-23 02:56:19', '2016-01-23 02:56:19');
INSERT INTO "tblCOM_UserProfile" VALUES (159, 'testuser1', 511, 'gregori', 'gregori', '2016-01-23 02:56:19', '2016-01-23 02:56:19');
INSERT INTO "tblCOM_UserProfile" VALUES (159, 'testuser1', 158, 'gregori', 'gregori', '2016-01-23 02:56:19', '2016-01-23 02:56:19');
INSERT INTO "tblCOM_UserProfile" VALUES (160, 'testuser1', 264, 'gregori', 'gregori', '2016-01-23 02:56:19', '2016-01-23 02:56:19');
INSERT INTO "tblCOM_UserProfile" VALUES (160, 'testuser1', 296, 'gregori', 'gregori', '2016-01-23 02:56:19', '2016-01-23 02:56:19');
INSERT INTO "tblCOM_UserProfile" VALUES (160, 'testuser1', 512, 'gregori', 'gregori', '2016-01-23 02:56:19', '2016-01-23 02:56:19');
INSERT INTO "tblCOM_UserProfile" VALUES (160, 'testuser1', 159, 'gregori', 'gregori', '2016-01-23 02:56:19', '2016-01-23 02:56:19');
INSERT INTO "tblCOM_UserProfile" VALUES (161, 'testuser1', 293, 'gregori', 'gregori', '2016-01-23 02:56:19', '2016-01-23 02:56:19');
INSERT INTO "tblCOM_UserProfile" VALUES (161, 'testuser1', 325, 'gregori', 'gregori', '2016-01-23 02:56:19', '2016-01-23 02:56:19');
INSERT INTO "tblCOM_UserProfile" VALUES (161, 'testuser1', 513, 'gregori', 'gregori', '2016-01-23 02:56:19', '2016-01-23 02:56:19');
INSERT INTO "tblCOM_UserProfile" VALUES (161, 'testuser1', 160, 'gregori', 'gregori', '2016-01-23 02:56:19', '2016-01-23 02:56:19');
INSERT INTO "tblCOM_UserProfile" VALUES (162, 'testuser1', 294, 'gregori', 'gregori', '2016-01-23 02:56:19', '2016-01-23 02:56:19');
INSERT INTO "tblCOM_UserProfile" VALUES (162, 'testuser1', 326, 'gregori', 'gregori', '2016-01-23 02:56:19', '2016-01-23 02:56:19');
INSERT INTO "tblCOM_UserProfile" VALUES (162, 'testuser1', 503, 'gregori', 'gregori', '2016-01-23 02:56:19', '2016-01-23 02:56:19');
INSERT INTO "tblCOM_UserProfile" VALUES (162, 'testuser1', 161, 'gregori', 'gregori', '2016-01-23 02:56:19', '2016-01-23 02:56:19');
INSERT INTO "tblCOM_UserProfile" VALUES (163, 'testuser1', 295, 'gregori', 'gregori', '2016-01-23 02:56:19', '2016-01-23 02:56:19');
INSERT INTO "tblCOM_UserProfile" VALUES (163, 'testuser1', 327, 'gregori', 'gregori', '2016-01-23 02:56:19', '2016-01-23 02:56:19');
INSERT INTO "tblCOM_UserProfile" VALUES (163, 'testuser1', 504, 'gregori', 'gregori', '2016-01-23 02:56:19', '2016-01-23 02:56:19');
INSERT INTO "tblCOM_UserProfile" VALUES (163, 'testuser1', 162, 'gregori', 'gregori', '2016-01-23 02:56:19', '2016-01-23 02:56:19');
INSERT INTO "tblCOM_UserProfile" VALUES (174, 'testuser1', 330, 'gregori', 'gregori', '2016-01-23 02:56:19', '2016-01-23 02:56:19');
INSERT INTO "tblCOM_UserProfile" VALUES (174, 'testuser1', 342, 'gregori', 'gregori', '2016-01-23 02:56:19', '2016-01-23 02:56:19');
INSERT INTO "tblCOM_UserProfile" VALUES (174, 'testuser1', 523, 'gregori', 'gregori', '2016-01-23 02:56:19', '2016-01-23 02:56:19');
INSERT INTO "tblCOM_UserProfile" VALUES (174, 'testuser1', 174, 'gregori', 'gregori', '2016-01-23 02:56:19', '2016-01-23 02:56:19');
INSERT INTO "tblCOM_UserProfile" VALUES (176, 'testuser1', 176, 'gregori', 'gregori', '2016-01-23 02:56:19', '2016-01-23 02:56:19');
INSERT INTO "tblCOM_UserProfile" VALUES (182, 'testuser1', 182, 'gregori', 'gregori', '2016-01-23 02:56:19', '2016-01-23 02:56:19');
INSERT INTO "tblCOM_UserProfile" VALUES (183, 'testuser1', 183, 'gregori', 'gregori', '2016-01-23 02:56:19', '2016-01-23 02:56:19');
INSERT INTO "tblCOM_UserProfile" VALUES (238, 'testuser1', 239, 'gregori', 'gregori', '2016-01-23 02:56:19', '2016-01-23 02:56:19');
INSERT INTO "tblCOM_UserProfile" VALUES (177, 'testuser1', 177, 'gregori', 'gregori', '2016-01-23 02:56:19', '2016-01-23 02:56:19');
INSERT INTO "tblCOM_UserProfile" VALUES (242, 'testuser1', 353, 'gregori', 'gregori', '2016-01-23 02:56:19', '2016-01-23 02:56:19');
INSERT INTO "tblCOM_UserProfile" VALUES (242, 'testuser1', 354, 'gregori', 'gregori', '2016-01-23 02:56:19', '2016-01-23 02:56:19');
INSERT INTO "tblCOM_UserProfile" VALUES (242, 'testuser1', 593, 'gregori', 'gregori', '2016-01-23 02:56:19', '2016-01-23 02:56:19');
INSERT INTO "tblCOM_UserProfile" VALUES (242, 'testuser1', 352, 'gregori', 'gregori', '2016-01-23 02:56:19', '2016-01-23 02:56:19');
INSERT INTO "tblCOM_UserProfile" VALUES (245, 'testuser1', 597, 'gregori', 'gregori', '2016-01-23 02:56:19', '2016-01-23 02:56:19');
INSERT INTO "tblCOM_UserProfile" VALUES (245, 'testuser1', 598, 'gregori', 'gregori', '2016-01-23 02:56:19', '2016-01-23 02:56:19');
INSERT INTO "tblCOM_UserProfile" VALUES (245, 'testuser1', 599, 'gregori', 'gregori', '2016-01-23 02:56:19', '2016-01-23 02:56:19');
INSERT INTO "tblCOM_UserProfile" VALUES (245, 'testuser1', 596, 'gregori', 'gregori', '2016-01-23 02:56:19', '2016-01-23 02:56:19');
INSERT INTO "tblCOM_UserProfile" VALUES (249, 'testuser1', 612, 'gregori', 'gregori', '2016-01-23 02:56:19', '2016-01-23 02:56:19');
INSERT INTO "tblCOM_UserProfile" VALUES (249, 'testuser1', 613, 'gregori', 'gregori', '2016-01-23 02:56:19', '2016-01-23 02:56:19');
INSERT INTO "tblCOM_UserProfile" VALUES (249, 'testuser1', 614, 'gregori', 'gregori', '2016-01-23 02:56:19', '2016-01-23 02:56:19');
INSERT INTO "tblCOM_UserProfile" VALUES (249, 'testuser1', 611, 'gregori', 'gregori', '2016-01-23 02:56:19', '2016-01-23 02:56:19');
INSERT INTO "tblCOM_UserProfile" VALUES (250, 'testuser1', 616, 'gregori', 'gregori', '2016-01-23 02:56:19', '2016-01-23 02:56:19');
INSERT INTO "tblCOM_UserProfile" VALUES (250, 'testuser1', 617, 'gregori', 'gregori', '2016-01-23 02:56:19', '2016-01-23 02:56:19');
INSERT INTO "tblCOM_UserProfile" VALUES (250, 'testuser1', 618, 'gregori', 'gregori', '2016-01-23 02:56:19', '2016-01-23 02:56:19');
INSERT INTO "tblCOM_UserProfile" VALUES (250, 'testuser1', 615, 'gregori', 'gregori', '2016-01-23 02:56:19', '2016-01-23 02:56:19');
INSERT INTO "tblCOM_UserProfile" VALUES (251, 'testuser1', 620, 'gregori', 'gregori', '2016-01-23 02:56:19', '2016-01-23 02:56:19');
INSERT INTO "tblCOM_UserProfile" VALUES (251, 'testuser1', 621, 'gregori', 'gregori', '2016-01-23 02:56:19', '2016-01-23 02:56:19');
INSERT INTO "tblCOM_UserProfile" VALUES (251, 'testuser1', 622, 'gregori', 'gregori', '2016-01-23 02:56:19', '2016-01-23 02:56:19');
INSERT INTO "tblCOM_UserProfile" VALUES (251, 'testuser1', 619, 'gregori', 'gregori', '2016-01-23 02:56:19', '2016-01-23 02:56:19');
INSERT INTO "tblCOM_UserProfile" VALUES (252, 'testuser1', 625, 'gregori', 'gregori', '2016-01-23 02:56:19', '2016-01-23 02:56:19');
INSERT INTO "tblCOM_UserProfile" VALUES (252, 'testuser1', 623, 'gregori', 'gregori', '2016-01-23 02:56:19', '2016-01-23 02:56:19');
INSERT INTO "tblCOM_UserProfile" VALUES (253, 'testuser1', 628, 'gregori', 'gregori', '2016-01-23 02:56:19', '2016-01-23 02:56:19');
INSERT INTO "tblCOM_UserProfile" VALUES (253, 'testuser1', 629, 'gregori', 'gregori', '2016-01-23 02:56:19', '2016-01-23 02:56:19');
INSERT INTO "tblCOM_UserProfile" VALUES (253, 'testuser1', 630, 'gregori', 'gregori', '2016-01-23 02:56:19', '2016-01-23 02:56:19');
INSERT INTO "tblCOM_UserProfile" VALUES (253, 'testuser1', 627, 'gregori', 'gregori', '2016-01-23 02:56:19', '2016-01-23 02:56:19');
INSERT INTO "tblCOM_UserProfile" VALUES (173, 'testuser1', 335, 'gregori', 'gregori', '2016-01-23 02:56:19', '2016-01-23 02:56:19');
INSERT INTO "tblCOM_UserProfile" VALUES (173, 'testuser1', 347, 'gregori', 'gregori', '2016-01-23 02:56:19', '2016-01-23 02:56:19');
INSERT INTO "tblCOM_UserProfile" VALUES (173, 'testuser1', 522, 'gregori', 'gregori', '2016-01-23 02:56:19', '2016-01-23 02:56:19');
INSERT INTO "tblCOM_UserProfile" VALUES (173, 'testuser1', 173, 'gregori', 'gregori', '2016-01-23 02:56:19', '2016-01-23 02:56:19');
INSERT INTO "tblCOM_UserProfile" VALUES (254, 'testuser1', 631, 'gregori', 'gregori', '2016-01-23 02:56:19', '2016-01-23 02:56:19');
INSERT INTO "tblCOM_UserProfile" VALUES (15, 'testuser1', 15, 'gregori', 'gregori', '2016-01-23 02:56:19', '2016-01-23 02:56:19');
INSERT INTO "tblCOM_UserProfile" VALUES (16, 'testuser1', 248, 'gregori', 'gregori', '2016-01-23 02:56:19', '2016-01-23 02:56:19');
INSERT INTO "tblCOM_UserProfile" VALUES (16, 'testuser1', 249, 'gregori', 'gregori', '2016-01-23 02:56:19', '2016-01-23 02:56:19');
INSERT INTO "tblCOM_UserProfile" VALUES (16, 'testuser1', 379, 'gregori', 'gregori', '2016-01-23 02:56:19', '2016-01-23 02:56:19');
INSERT INTO "tblCOM_UserProfile" VALUES (16, 'testuser1', 16, 'gregori', 'gregori', '2016-01-23 02:56:19', '2016-01-23 02:56:19');
INSERT INTO "tblCOM_UserProfile" VALUES (148, 'testuser1', 281, 'gregori', 'gregori', '2016-01-23 02:56:19', '2016-01-23 02:56:19');
INSERT INTO "tblCOM_UserProfile" VALUES (148, 'testuser1', 313, 'gregori', 'gregori', '2016-01-23 02:56:19', '2016-01-23 02:56:19');
INSERT INTO "tblCOM_UserProfile" VALUES (148, 'testuser1', 500, 'gregori', 'gregori', '2016-01-23 02:56:19', '2016-01-23 02:56:19');
INSERT INTO "tblCOM_UserProfile" VALUES (148, 'testuser1', 147, 'gregori', 'gregori', '2016-01-23 02:56:19', '2016-01-23 02:56:19');
INSERT INTO "tblCOM_UserProfile" VALUES (172, 'testuser1', 334, 'gregori', 'gregori', '2016-01-23 02:56:19', '2016-01-23 02:56:19');
INSERT INTO "tblCOM_UserProfile" VALUES (172, 'testuser1', 346, 'gregori', 'gregori', '2016-01-23 02:56:19', '2016-01-23 02:56:19');
INSERT INTO "tblCOM_UserProfile" VALUES (172, 'testuser1', 521, 'gregori', 'gregori', '2016-01-23 02:56:19', '2016-01-23 02:56:19');
INSERT INTO "tblCOM_UserProfile" VALUES (172, 'testuser1', 172, 'gregori', 'gregori', '2016-01-23 02:56:19', '2016-01-23 02:56:19');
INSERT INTO "tblCOM_UserProfile" VALUES (260, 'testuser1', 391, 'gregori', 'gregori', '2016-01-23 02:56:19', '2016-01-23 02:56:19');
INSERT INTO "tblCOM_UserProfile" VALUES (260, 'testuser1', 393, 'gregori', 'gregori', '2016-01-23 02:56:19', '2016-01-23 02:56:19');
INSERT INTO "tblCOM_UserProfile" VALUES (260, 'testuser1', 395, 'gregori', 'gregori', '2016-01-23 02:56:19', '2016-01-23 02:56:19');
INSERT INTO "tblCOM_UserProfile" VALUES (260, 'testuser1', 380, 'gregori', 'gregori', '2016-01-23 02:56:19', '2016-01-23 02:56:19');
INSERT INTO "tblCOM_UserProfile" VALUES (261, 'testuser1', 392, 'gregori', 'gregori', '2016-01-23 02:56:19', '2016-01-23 02:56:19');
INSERT INTO "tblCOM_UserProfile" VALUES (261, 'testuser1', 394, 'gregori', 'gregori', '2016-01-23 02:56:19', '2016-01-23 02:56:19');
INSERT INTO "tblCOM_UserProfile" VALUES (261, 'testuser1', 396, 'gregori', 'gregori', '2016-01-23 02:56:19', '2016-01-23 02:56:19');
INSERT INTO "tblCOM_UserProfile" VALUES (261, 'testuser1', 390, 'gregori', 'gregori', '2016-01-23 02:56:19', '2016-01-23 02:56:19');
INSERT INTO "tblCOM_UserProfile" VALUES (255, 'testuser1', 632, 'gregori', 'gregori', '2016-01-23 02:56:19', '2016-01-23 02:56:19');
INSERT INTO "tblCOM_UserProfile" VALUES (34, 'testuser1', 284, 'gregori', 'gregori', '2016-01-23 02:56:19', '2016-01-23 02:56:19');
INSERT INTO "tblCOM_UserProfile" VALUES (34, 'testuser1', 316, 'gregori', 'gregori', '2016-01-23 02:56:19', '2016-01-23 02:56:19');
INSERT INTO "tblCOM_UserProfile" VALUES (34, 'testuser1', 424, 'gregori', 'gregori', '2016-01-23 02:56:19', '2016-01-23 02:56:19');
INSERT INTO "tblCOM_UserProfile" VALUES (34, 'testuser1', 36, 'gregori', 'gregori', '2016-01-23 02:56:19', '2016-01-23 02:56:19');
INSERT INTO "tblCOM_UserProfile" VALUES (146, 'testuser1', 279, 'gregori', 'gregori', '2016-01-23 02:56:19', '2016-01-23 02:56:19');
INSERT INTO "tblCOM_UserProfile" VALUES (146, 'testuser1', 311, 'gregori', 'gregori', '2016-01-23 02:56:19', '2016-01-23 02:56:19');
INSERT INTO "tblCOM_UserProfile" VALUES (146, 'testuser1', 519, 'gregori', 'gregori', '2016-01-23 02:56:19', '2016-01-23 02:56:19');
INSERT INTO "tblCOM_UserProfile" VALUES (146, 'testuser1', 145, 'gregori', 'gregori', '2016-01-23 02:56:19', '2016-01-23 02:56:19');
INSERT INTO "tblCOM_UserProfile" VALUES (149, 'testuser1', 282, 'gregori', 'gregori', '2016-01-23 02:56:19', '2016-01-23 02:56:19');
INSERT INTO "tblCOM_UserProfile" VALUES (149, 'testuser1', 314, 'gregori', 'gregori', '2016-01-23 02:56:19', '2016-01-23 02:56:19');
INSERT INTO "tblCOM_UserProfile" VALUES (149, 'testuser1', 502, 'gregori', 'gregori', '2016-01-23 02:56:19', '2016-01-23 02:56:19');
INSERT INTO "tblCOM_UserProfile" VALUES (149, 'testuser1', 148, 'gregori', 'gregori', '2016-01-23 02:56:19', '2016-01-23 02:56:19');
INSERT INTO "tblCOM_UserProfile" VALUES (152, 'testuser1', 285, 'gregori', 'gregori', '2016-01-23 02:56:19', '2016-01-23 02:56:19');
INSERT INTO "tblCOM_UserProfile" VALUES (152, 'testuser1', 317, 'gregori', 'gregori', '2016-01-23 02:56:19', '2016-01-23 02:56:19');
INSERT INTO "tblCOM_UserProfile" VALUES (152, 'testuser1', 505, 'gregori', 'gregori', '2016-01-23 02:56:19', '2016-01-23 02:56:19');
INSERT INTO "tblCOM_UserProfile" VALUES (152, 'testuser1', 151, 'gregori', 'gregori', '2016-01-23 02:56:19', '2016-01-23 02:56:19');
INSERT INTO "tblCOM_UserProfile" VALUES (156, 'testuser1', 289, 'gregori', 'gregori', '2016-01-23 02:56:19', '2016-01-23 02:56:19');
INSERT INTO "tblCOM_UserProfile" VALUES (156, 'testuser1', 321, 'gregori', 'gregori', '2016-01-23 02:56:19', '2016-01-23 02:56:19');
INSERT INTO "tblCOM_UserProfile" VALUES (156, 'testuser1', 508, 'gregori', 'gregori', '2016-01-23 02:56:19', '2016-01-23 02:56:19');
INSERT INTO "tblCOM_UserProfile" VALUES (156, 'testuser1', 155, 'gregori', 'gregori', '2016-01-23 02:56:19', '2016-01-23 02:56:19');
INSERT INTO "tblCOM_UserProfile" VALUES (171, 'testuser1', 337, 'gregori', 'gregori', '2016-01-23 02:56:19', '2016-01-23 02:56:19');
INSERT INTO "tblCOM_UserProfile" VALUES (171, 'testuser1', 349, 'gregori', 'gregori', '2016-01-23 02:56:19', '2016-01-23 02:56:19');
INSERT INTO "tblCOM_UserProfile" VALUES (171, 'testuser1', 520, 'gregori', 'gregori', '2016-01-23 02:56:19', '2016-01-23 02:56:19');
INSERT INTO "tblCOM_UserProfile" VALUES (171, 'testuser1', 171, 'gregori', 'gregori', '2016-01-23 02:56:19', '2016-01-23 02:56:19');
INSERT INTO "tblCOM_UserProfile" VALUES (240, 'testuser1', 338, 'gregori', 'gregori', '2016-01-23 02:56:19', '2016-01-23 02:56:19');
INSERT INTO "tblCOM_UserProfile" VALUES (240, 'testuser1', 350, 'gregori', 'gregori', '2016-01-23 02:56:19', '2016-01-23 02:56:19');
INSERT INTO "tblCOM_UserProfile" VALUES (240, 'testuser1', 591, 'gregori', 'gregori', '2016-01-23 02:56:19', '2016-01-23 02:56:19');
INSERT INTO "tblCOM_UserProfile" VALUES (240, 'testuser1', 241, 'gregori', 'gregori', '2016-01-23 02:56:19', '2016-01-23 02:56:19');
INSERT INTO "tblCOM_UserProfile" VALUES (246, 'testuser1', 600, 'gregori', 'gregori', '2016-01-23 02:56:19', '2016-01-23 02:56:19');
INSERT INTO "tblCOM_UserProfile" VALUES (246, 'testuser1', 601, 'gregori', 'gregori', '2016-01-23 02:56:19', '2016-01-23 02:56:19');
INSERT INTO "tblCOM_UserProfile" VALUES (246, 'testuser1', 602, 'gregori', 'gregori', '2016-01-23 02:56:19', '2016-01-23 02:56:19');
INSERT INTO "tblCOM_UserProfile" VALUES (246, 'testuser1', 603, 'gregori', 'gregori', '2016-01-23 02:56:19', '2016-01-23 02:56:19');
INSERT INTO "tblCOM_UserProfile" VALUES (11, 'testuser1', 360, 'gregori', 'gregori', '2016-01-23 02:56:19', '2016-01-23 02:56:19');
INSERT INTO "tblCOM_UserProfile" VALUES (11, 'testuser1', 361, 'gregori', 'gregori', '2016-01-23 02:56:19', '2016-01-23 02:56:19');
INSERT INTO "tblCOM_UserProfile" VALUES (11, 'testuser1', 431, 'gregori', 'gregori', '2016-01-23 02:56:19', '2016-01-23 02:56:19');
INSERT INTO "tblCOM_UserProfile" VALUES (11, 'testuser1', 11, 'gregori', 'gregori', '2016-01-23 02:56:19', '2016-01-23 02:56:19');
INSERT INTO "tblCOM_UserProfile" VALUES (12, 'testuser1', 12, 'gregori', 'gregori', '2016-01-23 02:56:19', '2016-01-23 02:56:19');
INSERT INTO "tblCOM_UserProfile" VALUES (18, 'testuser1', 18, 'gregori', 'gregori', '2016-01-23 02:56:19', '2016-01-23 02:56:19');
INSERT INTO "tblCOM_UserProfile" VALUES (17, 'testuser1', 250, 'gregori', 'gregori', '2016-01-23 02:56:19', '2016-01-23 02:56:19');
INSERT INTO "tblCOM_UserProfile" VALUES (17, 'testuser1', 251, 'gregori', 'gregori', '2016-01-23 02:56:19', '2016-01-23 02:56:19');
INSERT INTO "tblCOM_UserProfile" VALUES (17, 'testuser1', 423, 'gregori', 'gregori', '2016-01-23 02:56:19', '2016-01-23 02:56:19');
INSERT INTO "tblCOM_UserProfile" VALUES (17, 'testuser1', 17, 'gregori', 'gregori', '2016-01-23 02:56:19', '2016-01-23 02:56:19');
INSERT INTO "tblCOM_UserProfile" VALUES (23, 'testuser1', 329, 'gregori', 'gregori', '2016-01-23 02:56:19', '2016-01-23 02:56:19');
INSERT INTO "tblCOM_UserProfile" VALUES (23, 'testuser1', 341, 'gregori', 'gregori', '2016-01-23 02:56:19', '2016-01-23 02:56:19');
INSERT INTO "tblCOM_UserProfile" VALUES (23, 'testuser1', 425, 'gregori', 'gregori', '2016-01-23 02:56:19', '2016-01-23 02:56:19');
INSERT INTO "tblCOM_UserProfile" VALUES (23, 'testuser1', 25, 'gregori', 'gregori', '2016-01-23 02:56:19', '2016-01-23 02:56:19');
INSERT INTO "tblCOM_UserProfile" VALUES (24, 'testuser1', 333, 'gregori', 'gregori', '2016-01-23 02:56:19', '2016-01-23 02:56:19');
INSERT INTO "tblCOM_UserProfile" VALUES (24, 'testuser1', 345, 'gregori', 'gregori', '2016-01-23 02:56:19', '2016-01-23 02:56:19');
INSERT INTO "tblCOM_UserProfile" VALUES (24, 'testuser1', 428, 'gregori', 'gregori', '2016-01-23 02:56:19', '2016-01-23 02:56:19');
INSERT INTO "tblCOM_UserProfile" VALUES (24, 'testuser1', 26, 'gregori', 'gregori', '2016-01-23 02:56:19', '2016-01-23 02:56:19');
INSERT INTO "tblCOM_UserProfile" VALUES (26, 'testuser1', 355, 'gregori', 'gregori', '2016-01-23 02:56:19', '2016-01-23 02:56:19');
INSERT INTO "tblCOM_UserProfile" VALUES (26, 'testuser1', 356, 'gregori', 'gregori', '2016-01-23 02:56:19', '2016-01-23 02:56:19');
INSERT INTO "tblCOM_UserProfile" VALUES (26, 'testuser1', 429, 'gregori', 'gregori', '2016-01-23 02:56:19', '2016-01-23 02:56:19');
INSERT INTO "tblCOM_UserProfile" VALUES (26, 'testuser1', 28, 'gregori', 'gregori', '2016-01-23 02:56:19', '2016-01-23 02:56:19');
INSERT INTO "tblCOM_UserProfile" VALUES (27, 'testuser1', 331, 'gregori', 'gregori', '2016-01-23 02:56:19', '2016-01-23 02:56:19');
INSERT INTO "tblCOM_UserProfile" VALUES (27, 'testuser1', 343, 'gregori', 'gregori', '2016-01-23 02:56:19', '2016-01-23 02:56:19');
INSERT INTO "tblCOM_UserProfile" VALUES (27, 'testuser1', 427, 'gregori', 'gregori', '2016-01-23 02:56:19', '2016-01-23 02:56:19');
INSERT INTO "tblCOM_UserProfile" VALUES (27, 'testuser1', 29, 'gregori', 'gregori', '2016-01-23 02:56:19', '2016-01-23 02:56:19');
INSERT INTO "tblCOM_UserProfile" VALUES (28, 'testuser1', 336, 'gregori', 'gregori', '2016-01-23 02:56:19', '2016-01-23 02:56:19');
INSERT INTO "tblCOM_UserProfile" VALUES (28, 'testuser1', 348, 'gregori', 'gregori', '2016-01-23 02:56:19', '2016-01-23 02:56:19');
INSERT INTO "tblCOM_UserProfile" VALUES (28, 'testuser1', 426, 'gregori', 'gregori', '2016-01-23 02:56:19', '2016-01-23 02:56:19');
INSERT INTO "tblCOM_UserProfile" VALUES (28, 'testuser1', 30, 'gregori', 'gregori', '2016-01-23 02:56:19', '2016-01-23 02:56:19');
INSERT INTO "tblCOM_UserProfile" VALUES (29, 'testuser1', 31, 'gregori', 'gregori', '2016-01-23 02:56:19', '2016-01-23 02:56:19');
INSERT INTO "tblCOM_UserProfile" VALUES (243, 'testuser1', 358, 'gregori', 'gregori', '2016-01-23 02:56:19', '2016-01-23 02:56:19');
INSERT INTO "tblCOM_UserProfile" VALUES (243, 'testuser1', 359, 'gregori', 'gregori', '2016-01-23 02:56:19', '2016-01-23 02:56:19');
INSERT INTO "tblCOM_UserProfile" VALUES (243, 'testuser1', 594, 'gregori', 'gregori', '2016-01-23 02:56:19', '2016-01-23 02:56:19');
INSERT INTO "tblCOM_UserProfile" VALUES (243, 'testuser1', 357, 'gregori', 'gregori', '2016-01-23 02:56:19', '2016-01-23 02:56:19');
INSERT INTO "tblCOM_UserProfile" VALUES (244, 'testuser1', 363, 'gregori', 'gregori', '2016-01-23 02:56:19', '2016-01-23 02:56:19');
INSERT INTO "tblCOM_UserProfile" VALUES (244, 'testuser1', 364, 'gregori', 'gregori', '2016-01-23 02:56:19', '2016-01-23 02:56:19');
INSERT INTO "tblCOM_UserProfile" VALUES (244, 'testuser1', 595, 'gregori', 'gregori', '2016-01-23 02:56:19', '2016-01-23 02:56:19');
INSERT INTO "tblCOM_UserProfile" VALUES (244, 'testuser1', 362, 'gregori', 'gregori', '2016-01-23 02:56:19', '2016-01-23 02:56:19');
INSERT INTO "tblCOM_UserProfile" VALUES (247, 'testuser1', 605, 'gregori', 'gregori', '2016-01-23 02:56:19', '2016-01-23 02:56:19');
INSERT INTO "tblCOM_UserProfile" VALUES (247, 'testuser1', 606, 'gregori', 'gregori', '2016-01-23 02:56:19', '2016-01-23 02:56:19');
INSERT INTO "tblCOM_UserProfile" VALUES (247, 'testuser1', 607, 'gregori', 'gregori', '2016-01-23 02:56:19', '2016-01-23 02:56:19');
INSERT INTO "tblCOM_UserProfile" VALUES (247, 'testuser1', 604, 'gregori', 'gregori', '2016-01-23 02:56:19', '2016-01-23 02:56:19');
INSERT INTO "tblCOM_UserProfile" VALUES (276, 'testuser1', 696, 'gregori', 'gregori', '2016-01-23 02:56:19', '2016-01-23 02:56:19');
INSERT INTO "tblCOM_UserProfile" VALUES (276, 'testuser1', 697, 'gregori', 'gregori', '2016-01-23 02:56:19', '2016-01-23 02:56:19');
INSERT INTO "tblCOM_UserProfile" VALUES (276, 'testuser1', 698, 'gregori', 'gregori', '2016-01-23 02:56:19', '2016-01-23 02:56:19');
INSERT INTO "tblCOM_UserProfile" VALUES (276, 'testuser1', 695, 'gregori', 'gregori', '2016-01-23 02:56:19', '2016-01-23 02:56:19');
INSERT INTO "tblCOM_UserProfile" VALUES (2, 'testuser1', 2, 'gregori', 'gregori', '2016-01-23 02:56:19', '2016-01-23 02:56:19');
INSERT INTO "tblCOM_UserProfile" VALUES (35, 'testuser1', 37, 'gregori', 'gregori', '2016-01-23 02:56:19', '2016-01-23 02:56:19');
INSERT INTO "tblCOM_UserProfile" VALUES (36, 'testuser1', 754, 'gregori', 'gregori', '2016-01-23 02:56:19', '2016-01-23 02:56:19');
INSERT INTO "tblCOM_UserProfile" VALUES (36, 'testuser1', 755, 'gregori', 'gregori', '2016-01-23 02:56:19', '2016-01-23 02:56:19');
INSERT INTO "tblCOM_UserProfile" VALUES (36, 'testuser1', 756, 'gregori', 'gregori', '2016-01-23 02:56:19', '2016-01-23 02:56:19');
INSERT INTO "tblCOM_UserProfile" VALUES (36, 'testuser1', 40, 'gregori', 'gregori', '2016-01-23 02:56:19', '2016-01-23 02:56:19');
INSERT INTO "tblCOM_UserProfile" VALUES (37, 'testuser1', 38, 'gregori', 'gregori', '2016-01-23 02:56:19', '2016-01-23 02:56:19');
INSERT INTO "tblCOM_UserProfile" VALUES (38, 'testuser1', 39, 'gregori', 'gregori', '2016-01-23 02:56:19', '2016-01-23 02:56:19');
INSERT INTO "tblCOM_UserProfile" VALUES (3, 'testuser1', 8, 'gregori', 'gregori', '2016-01-23 02:56:19', '2016-01-23 02:56:19');
INSERT INTO "tblCOM_UserProfile" VALUES (39, 'testuser1', 41, 'gregori', 'gregori', '2016-01-23 02:56:19', '2016-01-23 02:56:19');
INSERT INTO "tblCOM_UserProfile" VALUES (45, 'testuser1', 47, 'gregori', 'gregori', '2016-01-23 02:56:19', '2016-01-23 02:56:19');
INSERT INTO "tblCOM_UserProfile" VALUES (46, 'testuser1', 48, 'gregori', 'gregori', '2016-01-23 02:56:19', '2016-01-23 02:56:19');
INSERT INTO "tblCOM_UserProfile" VALUES (40, 'testuser1', 42, 'gregori', 'gregori', '2016-01-23 02:56:19', '2016-01-23 02:56:19');
INSERT INTO "tblCOM_UserProfile" VALUES (48, 'testuser1', 700, 'gregori', 'gregori', '2016-01-23 02:56:19', '2016-01-23 02:56:19');
INSERT INTO "tblCOM_UserProfile" VALUES (48, 'testuser1', 701, 'gregori', 'gregori', '2016-01-23 02:56:19', '2016-01-23 02:56:19');
INSERT INTO "tblCOM_UserProfile" VALUES (48, 'testuser1', 702, 'gregori', 'gregori', '2016-01-23 02:56:19', '2016-01-23 02:56:19');
INSERT INTO "tblCOM_UserProfile" VALUES (48, 'testuser1', 60, 'gregori', 'gregori', '2016-01-23 02:56:19', '2016-01-23 02:56:19');
INSERT INTO "tblCOM_UserProfile" VALUES (51, 'testuser1', 689, 'gregori', 'gregori', '2016-01-23 02:56:19', '2016-01-23 02:56:19');
INSERT INTO "tblCOM_UserProfile" VALUES (51, 'testuser1', 690, 'gregori', 'gregori', '2016-01-23 02:56:19', '2016-01-23 02:56:19');
INSERT INTO "tblCOM_UserProfile" VALUES (51, 'testuser1', 691, 'gregori', 'gregori', '2016-01-23 02:56:19', '2016-01-23 02:56:19');
INSERT INTO "tblCOM_UserProfile" VALUES (51, 'testuser1', 723, 'gregori', 'gregori', '2016-01-23 02:56:19', '2016-01-23 02:56:19');
INSERT INTO "tblCOM_UserProfile" VALUES (51, 'testuser1', 61, 'gregori', 'gregori', '2016-01-23 02:56:19', '2016-01-23 02:56:19');
INSERT INTO "tblCOM_UserProfile" VALUES (52, 'testuser1', 712, 'gregori', 'gregori', '2016-01-23 02:56:19', '2016-01-23 02:56:19');
INSERT INTO "tblCOM_UserProfile" VALUES (52, 'testuser1', 713, 'gregori', 'gregori', '2016-01-23 02:56:19', '2016-01-23 02:56:19');
INSERT INTO "tblCOM_UserProfile" VALUES (52, 'testuser1', 714, 'gregori', 'gregori', '2016-01-23 02:56:19', '2016-01-23 02:56:19');
INSERT INTO "tblCOM_UserProfile" VALUES (52, 'testuser1', 62, 'gregori', 'gregori', '2016-01-23 02:56:19', '2016-01-23 02:56:19');
INSERT INTO "tblCOM_UserProfile" VALUES (53, 'testuser1', 706, 'gregori', 'gregori', '2016-01-23 02:56:19', '2016-01-23 02:56:19');
INSERT INTO "tblCOM_UserProfile" VALUES (53, 'testuser1', 707, 'gregori', 'gregori', '2016-01-23 02:56:19', '2016-01-23 02:56:19');
INSERT INTO "tblCOM_UserProfile" VALUES (53, 'testuser1', 708, 'gregori', 'gregori', '2016-01-23 02:56:19', '2016-01-23 02:56:19');
INSERT INTO "tblCOM_UserProfile" VALUES (53, 'testuser1', 52, 'gregori', 'gregori', '2016-01-23 02:56:19', '2016-01-23 02:56:19');
INSERT INTO "tblCOM_UserProfile" VALUES (42, 'testuser1', 44, 'gregori', 'gregori', '2016-01-23 02:56:19', '2016-01-23 02:56:19');
INSERT INTO "tblCOM_UserProfile" VALUES (47, 'testuser1', 49, 'gregori', 'gregori', '2016-01-23 02:56:19', '2016-01-23 02:56:19');
INSERT INTO "tblCOM_UserProfile" VALUES (54, 'testuser1', 63, 'gregori', 'gregori', '2016-01-23 02:56:19', '2016-01-23 02:56:19');
INSERT INTO "tblCOM_UserProfile" VALUES (57, 'testuser1', 55, 'gregori', 'gregori', '2016-01-23 02:56:19', '2016-01-23 02:56:19');
INSERT INTO "tblCOM_UserProfile" VALUES (274, 'testuser1', 680, 'gregori', 'gregori', '2016-01-23 02:56:19', '2016-01-23 02:56:19');
INSERT INTO "tblCOM_UserProfile" VALUES (274, 'testuser1', 681, 'gregori', 'gregori', '2016-01-23 02:56:19', '2016-01-23 02:56:19');
INSERT INTO "tblCOM_UserProfile" VALUES (274, 'testuser1', 682, 'gregori', 'gregori', '2016-01-23 02:56:19', '2016-01-23 02:56:19');
INSERT INTO "tblCOM_UserProfile" VALUES (274, 'testuser1', 679, 'gregori', 'gregori', '2016-01-23 02:56:19', '2016-01-23 02:56:19');
INSERT INTO "tblCOM_UserProfile" VALUES (43, 'testuser1', 45, 'gregori', 'gregori', '2016-01-23 02:56:19', '2016-01-23 02:56:19');
INSERT INTO "tblCOM_UserProfile" VALUES (58, 'testuser1', 21, 'gregori', 'gregori', '2016-01-23 02:56:19', '2016-01-23 02:56:19');
INSERT INTO "tblCOM_UserProfile" VALUES (73, 'testuser1', 744, 'gregori', 'gregori', '2016-01-23 02:56:19', '2016-01-23 02:56:19');
INSERT INTO "tblCOM_UserProfile" VALUES (73, 'testuser1', 745, 'gregori', 'gregori', '2016-01-23 02:56:19', '2016-01-23 02:56:19');
INSERT INTO "tblCOM_UserProfile" VALUES (73, 'testuser1', 73, 'gregori', 'gregori', '2016-01-23 02:56:19', '2016-01-23 02:56:19');
INSERT INTO "tblCOM_UserProfile" VALUES (283, 'testuser1', 738, 'gregori', 'gregori', '2016-01-23 02:56:19', '2016-01-23 02:56:19');
INSERT INTO "tblCOM_UserProfile" VALUES (283, 'testuser1', 739, 'gregori', 'gregori', '2016-01-23 02:56:19', '2016-01-23 02:56:19');
INSERT INTO "tblCOM_UserProfile" VALUES (283, 'testuser1', 737, 'gregori', 'gregori', '2016-01-23 02:56:19', '2016-01-23 02:56:19');
INSERT INTO "tblCOM_UserProfile" VALUES (59, 'testuser1', 56, 'gregori', 'gregori', '2016-01-23 02:56:19', '2016-01-23 02:56:19');
INSERT INTO "tblCOM_UserProfile" VALUES (60, 'testuser1', 64, 'gregori', 'gregori', '2016-01-23 02:56:19', '2016-01-23 02:56:19');
INSERT INTO "tblCOM_UserProfile" VALUES (61, 'testuser1', 19, 'gregori', 'gregori', '2016-01-23 02:56:19', '2016-01-23 02:56:19');
INSERT INTO "tblCOM_UserProfile" VALUES (63, 'testuser1', 65, 'gregori', 'gregori', '2016-01-23 02:56:19', '2016-01-23 02:56:19');
INSERT INTO "tblCOM_UserProfile" VALUES (65, 'testuser1', 59, 'gregori', 'gregori', '2016-01-23 02:56:19', '2016-01-23 02:56:19');
INSERT INTO "tblCOM_UserProfile" VALUES (66, 'testuser1', 67, 'gregori', 'gregori', '2016-01-23 02:56:19', '2016-01-23 02:56:19');
INSERT INTO "tblCOM_UserProfile" VALUES (67, 'testuser1', 66, 'gregori', 'gregori', '2016-01-23 02:56:19', '2016-01-23 02:56:19');
INSERT INTO "tblCOM_UserProfile" VALUES (44, 'testuser1', 46, 'gregori', 'gregori', '2016-01-23 02:56:19', '2016-01-23 02:56:19');
INSERT INTO "tblCOM_UserProfile" VALUES (62, 'testuser1', 57, 'gregori', 'gregori', '2016-01-23 02:56:19', '2016-01-23 02:56:19');
INSERT INTO "tblCOM_UserProfile" VALUES (64, 'testuser1', 692, 'gregori', 'gregori', '2016-01-23 02:56:19', '2016-01-23 02:56:19');
INSERT INTO "tblCOM_UserProfile" VALUES (64, 'testuser1', 693, 'gregori', 'gregori', '2016-01-23 02:56:19', '2016-01-23 02:56:19');
INSERT INTO "tblCOM_UserProfile" VALUES (64, 'testuser1', 699, 'gregori', 'gregori', '2016-01-23 02:56:19', '2016-01-23 02:56:19');
INSERT INTO "tblCOM_UserProfile" VALUES (64, 'testuser1', 58, 'gregori', 'gregori', '2016-01-23 02:56:19', '2016-01-23 02:56:19');
INSERT INTO "tblCOM_UserProfile" VALUES (49, 'testuser1', 50, 'gregori', 'gregori', '2016-01-23 02:56:19', '2016-01-23 02:56:19');
INSERT INTO "tblCOM_UserProfile" VALUES (262, 'testuser1', 665, 'gregori', 'gregori', '2016-01-23 02:56:19', '2016-01-23 02:56:19');
INSERT INTO "tblCOM_UserProfile" VALUES (263, 'testuser1', 634, 'gregori', 'gregori', '2016-01-23 02:56:19', '2016-01-23 02:56:19');
INSERT INTO "tblCOM_UserProfile" VALUES (263, 'testuser1', 635, 'gregori', 'gregori', '2016-01-23 02:56:19', '2016-01-23 02:56:19');
INSERT INTO "tblCOM_UserProfile" VALUES (263, 'testuser1', 636, 'gregori', 'gregori', '2016-01-23 02:56:19', '2016-01-23 02:56:19');
INSERT INTO "tblCOM_UserProfile" VALUES (263, 'testuser1', 633, 'gregori', 'gregori', '2016-01-23 02:56:19', '2016-01-23 02:56:19');
INSERT INTO "tblCOM_UserProfile" VALUES (264, 'testuser1', 638, 'gregori', 'gregori', '2016-01-23 02:56:19', '2016-01-23 02:56:19');
INSERT INTO "tblCOM_UserProfile" VALUES (264, 'testuser1', 639, 'gregori', 'gregori', '2016-01-23 02:56:19', '2016-01-23 02:56:19');
INSERT INTO "tblCOM_UserProfile" VALUES (264, 'testuser1', 640, 'gregori', 'gregori', '2016-01-23 02:56:19', '2016-01-23 02:56:19');
INSERT INTO "tblCOM_UserProfile" VALUES (264, 'testuser1', 637, 'gregori', 'gregori', '2016-01-23 02:56:19', '2016-01-23 02:56:19');
INSERT INTO "tblCOM_UserProfile" VALUES (265, 'testuser1', 642, 'gregori', 'gregori', '2016-01-23 02:56:19', '2016-01-23 02:56:19');
INSERT INTO "tblCOM_UserProfile" VALUES (265, 'testuser1', 643, 'gregori', 'gregori', '2016-01-23 02:56:19', '2016-01-23 02:56:19');
INSERT INTO "tblCOM_UserProfile" VALUES (265, 'testuser1', 644, 'gregori', 'gregori', '2016-01-23 02:56:19', '2016-01-23 02:56:19');
INSERT INTO "tblCOM_UserProfile" VALUES (265, 'testuser1', 641, 'gregori', 'gregori', '2016-01-23 02:56:19', '2016-01-23 02:56:19');
INSERT INTO "tblCOM_UserProfile" VALUES (266, 'testuser1', 646, 'gregori', 'gregori', '2016-01-23 02:56:19', '2016-01-23 02:56:19');
INSERT INTO "tblCOM_UserProfile" VALUES (266, 'testuser1', 647, 'gregori', 'gregori', '2016-01-23 02:56:19', '2016-01-23 02:56:19');
INSERT INTO "tblCOM_UserProfile" VALUES (266, 'testuser1', 648, 'gregori', 'gregori', '2016-01-23 02:56:19', '2016-01-23 02:56:19');
INSERT INTO "tblCOM_UserProfile" VALUES (266, 'testuser1', 645, 'gregori', 'gregori', '2016-01-23 02:56:19', '2016-01-23 02:56:19');
INSERT INTO "tblCOM_UserProfile" VALUES (267, 'testuser1', 650, 'gregori', 'gregori', '2016-01-23 02:56:19', '2016-01-23 02:56:19');
INSERT INTO "tblCOM_UserProfile" VALUES (267, 'testuser1', 651, 'gregori', 'gregori', '2016-01-23 02:56:19', '2016-01-23 02:56:19');
INSERT INTO "tblCOM_UserProfile" VALUES (267, 'testuser1', 652, 'gregori', 'gregori', '2016-01-23 02:56:19', '2016-01-23 02:56:19');
INSERT INTO "tblCOM_UserProfile" VALUES (267, 'testuser1', 649, 'gregori', 'gregori', '2016-01-23 02:56:19', '2016-01-23 02:56:19');
INSERT INTO "tblCOM_UserProfile" VALUES (275, 'testuser1', 684, 'gregori', 'gregori', '2016-01-23 02:56:19', '2016-01-23 02:56:19');
INSERT INTO "tblCOM_UserProfile" VALUES (275, 'testuser1', 685, 'gregori', 'gregori', '2016-01-23 02:56:19', '2016-01-23 02:56:19');
INSERT INTO "tblCOM_UserProfile" VALUES (275, 'testuser1', 686, 'gregori', 'gregori', '2016-01-23 02:56:19', '2016-01-23 02:56:19');
INSERT INTO "tblCOM_UserProfile" VALUES (275, 'testuser1', 683, 'gregori', 'gregori', '2016-01-23 02:56:19', '2016-01-23 02:56:19');
INSERT INTO "tblCOM_UserProfile" VALUES (271, 'testuser1', 672, 'gregori', 'gregori', '2016-01-23 02:56:19', '2016-01-23 02:56:19');
INSERT INTO "tblCOM_UserProfile" VALUES (271, 'testuser1', 673, 'gregori', 'gregori', '2016-01-23 02:56:19', '2016-01-23 02:56:19');
INSERT INTO "tblCOM_UserProfile" VALUES (271, 'testuser1', 675, 'gregori', 'gregori', '2016-01-23 02:56:19', '2016-01-23 02:56:19');
INSERT INTO "tblCOM_UserProfile" VALUES (271, 'testuser1', 667, 'gregori', 'gregori', '2016-01-23 02:56:19', '2016-01-23 02:56:19');
INSERT INTO "tblCOM_UserProfile" VALUES (272, 'testuser1', 676, 'gregori', 'gregori', '2016-01-23 02:56:19', '2016-01-23 02:56:19');
INSERT INTO "tblCOM_UserProfile" VALUES (272, 'testuser1', 677, 'gregori', 'gregori', '2016-01-23 02:56:19', '2016-01-23 02:56:19');
INSERT INTO "tblCOM_UserProfile" VALUES (272, 'testuser1', 678, 'gregori', 'gregori', '2016-01-23 02:56:19', '2016-01-23 02:56:19');
INSERT INTO "tblCOM_UserProfile" VALUES (272, 'testuser1', 668, 'gregori', 'gregori', '2016-01-23 02:56:19', '2016-01-23 02:56:19');
INSERT INTO "tblCOM_UserProfile" VALUES (273, 'testuser1', 669, 'gregori', 'gregori', '2016-01-23 02:56:19', '2016-01-23 02:56:19');
INSERT INTO "tblCOM_UserProfile" VALUES (273, 'testuser1', 670, 'gregori', 'gregori', '2016-01-23 02:56:19', '2016-01-23 02:56:19');
INSERT INTO "tblCOM_UserProfile" VALUES (273, 'testuser1', 671, 'gregori', 'gregori', '2016-01-23 02:56:19', '2016-01-23 02:56:19');
INSERT INTO "tblCOM_UserProfile" VALUES (273, 'testuser1', 666, 'gregori', 'gregori', '2016-01-23 02:56:19', '2016-01-23 02:56:19');
INSERT INTO "tblCOM_UserProfile" VALUES (4, 'testuser1', 3, 'gregori', 'gregori', '2016-01-23 02:56:19', '2016-01-23 02:56:19');
INSERT INTO "tblCOM_UserProfile" VALUES (84, 'testuser1', 760, 'gregori', 'gregori', '2016-01-23 02:56:19', '2016-01-23 02:56:19');
INSERT INTO "tblCOM_UserProfile" VALUES (84, 'testuser1', 761, 'gregori', 'gregori', '2016-01-23 02:56:19', '2016-01-23 02:56:19');
INSERT INTO "tblCOM_UserProfile" VALUES (84, 'testuser1', 762, 'gregori', 'gregori', '2016-01-23 02:56:19', '2016-01-23 02:56:19');
INSERT INTO "tblCOM_UserProfile" VALUES (84, 'testuser1', 84, 'gregori', 'gregori', '2016-01-23 02:56:19', '2016-01-23 02:56:19');
INSERT INTO "tblCOM_UserProfile" VALUES (89, 'testuser1', 89, 'gregori', 'gregori', '2016-01-23 02:56:19', '2016-01-23 02:56:19');
INSERT INTO "tblCOM_UserProfile" VALUES (284, 'testuser1', 758, 'gregori', 'gregori', '2016-01-23 02:56:19', '2016-01-23 02:56:19');
INSERT INTO "tblCOM_UserProfile" VALUES (284, 'testuser1', 759, 'gregori', 'gregori', '2016-01-23 02:56:19', '2016-01-23 02:56:19');
INSERT INTO "tblCOM_UserProfile" VALUES (284, 'testuser1', 757, 'gregori', 'gregori', '2016-01-23 02:56:19', '2016-01-23 02:56:19');
INSERT INTO "tblCOM_UserProfile" VALUES (285, 'testuser1', 766, 'gregori', 'gregori', '2016-01-23 02:56:19', '2016-01-23 02:56:19');
INSERT INTO "tblCOM_UserProfile" VALUES (5, 'testuser1', 4, 'gregori', 'gregori', '2016-01-23 02:56:19', '2016-01-23 02:56:19');
INSERT INTO "tblCOM_UserProfile" VALUES (185, 'testuser1', 185, 'gregori', 'gregori', '2016-01-23 02:56:19', '2016-01-23 02:56:19');
INSERT INTO "tblCOM_UserProfile" VALUES (188, 'testuser1', 189, 'gregori', 'gregori', '2016-01-23 02:56:19', '2016-01-23 02:56:19');
INSERT INTO "tblCOM_UserProfile" VALUES (191, 'testuser1', 192, 'gregori', 'gregori', '2016-01-23 02:56:19', '2016-01-23 02:56:19');
INSERT INTO "tblCOM_UserProfile" VALUES (192, 'testuser1', 193, 'gregori', 'gregori', '2016-01-23 02:56:19', '2016-01-23 02:56:19');
INSERT INTO "tblCOM_UserProfile" VALUES (190, 'testuser1', 191, 'gregori', 'gregori', '2016-01-23 02:56:19', '2016-01-23 02:56:19');
INSERT INTO "tblCOM_UserProfile" VALUES (193, 'testuser1', 194, 'gregori', 'gregori', '2016-01-23 02:56:19', '2016-01-23 02:56:19');
INSERT INTO "tblCOM_UserProfile" VALUES (194, 'testuser1', 195, 'gregori', 'gregori', '2016-01-23 02:56:19', '2016-01-23 02:56:19');
INSERT INTO "tblCOM_UserProfile" VALUES (196, 'testuser1', 197, 'gregori', 'gregori', '2016-01-23 02:56:19', '2016-01-23 02:56:19');
INSERT INTO "tblCOM_UserProfile" VALUES (195, 'testuser1', 196, 'gregori', 'gregori', '2016-01-23 02:56:19', '2016-01-23 02:56:19');
INSERT INTO "tblCOM_UserProfile" VALUES (198, 'testuser1', 199, 'gregori', 'gregori', '2016-01-23 02:56:19', '2016-01-23 02:56:19');
INSERT INTO "tblCOM_UserProfile" VALUES (201, 'testuser1', 202, 'gregori', 'gregori', '2016-01-23 02:56:19', '2016-01-23 02:56:19');
INSERT INTO "tblCOM_UserProfile" VALUES (202, 'testuser1', 203, 'gregori', 'gregori', '2016-01-23 02:56:19', '2016-01-23 02:56:19');
INSERT INTO "tblCOM_UserProfile" VALUES (203, 'testuser1', 204, 'gregori', 'gregori', '2016-01-23 02:56:19', '2016-01-23 02:56:19');
INSERT INTO "tblCOM_UserProfile" VALUES (210, 'testuser1', 211, 'gregori', 'gregori', '2016-01-23 02:56:19', '2016-01-23 02:56:19');
INSERT INTO "tblCOM_UserProfile" VALUES (235, 'testuser1', 238, 'gregori', 'gregori', '2016-01-23 02:56:19', '2016-01-23 02:56:19');
INSERT INTO "tblCOM_UserProfile" VALUES (236, 'testuser1', 236, 'gregori', 'gregori', '2016-01-23 02:56:19', '2016-01-23 02:56:19');
INSERT INTO "tblCOM_UserProfile" VALUES (237, 'testuser1', 237, 'gregori', 'gregori', '2016-01-23 02:56:19', '2016-01-23 02:56:19');
INSERT INTO "tblCOM_UserProfile" VALUES (239, 'testuser1', 240, 'gregori', 'gregori', '2016-01-23 02:56:19', '2016-01-23 02:56:19');
INSERT INTO "tblCOM_UserProfile" VALUES (204, 'testuser1', 205, 'gregori', 'gregori', '2016-01-23 02:56:19', '2016-01-23 02:56:19');
INSERT INTO "tblCOM_UserProfile" VALUES (212, 'testuser1', 213, 'gregori', 'gregori', '2016-01-23 02:56:19', '2016-01-23 02:56:19');
INSERT INTO "tblCOM_UserProfile" VALUES (215, 'testuser1', 216, 'gregori', 'gregori', '2016-01-23 02:56:19', '2016-01-23 02:56:19');
INSERT INTO "tblCOM_UserProfile" VALUES (217, 'testuser1', 218, 'gregori', 'gregori', '2016-01-23 02:56:19', '2016-01-23 02:56:19');
INSERT INTO "tblCOM_UserProfile" VALUES (213, 'testuser1', 214, 'gregori', 'gregori', '2016-01-23 02:56:19', '2016-01-23 02:56:19');
INSERT INTO "tblCOM_UserProfile" VALUES (197, 'testuser1', 198, 'gregori', 'gregori', '2016-01-23 02:56:19', '2016-01-23 02:56:19');
INSERT INTO "tblCOM_UserProfile" VALUES (216, 'testuser1', 217, 'gregori', 'gregori', '2016-01-23 02:56:19', '2016-01-23 02:56:19');
INSERT INTO "tblCOM_UserProfile" VALUES (220, 'testuser1', 221, 'gregori', 'gregori', '2016-01-23 02:56:19', '2016-01-23 02:56:19');
INSERT INTO "tblCOM_UserProfile" VALUES (224, 'testuser1', 225, 'gregori', 'gregori', '2016-01-23 02:56:19', '2016-01-23 02:56:19');
INSERT INTO "tblCOM_UserProfile" VALUES (225, 'testuser1', 226, 'gregori', 'gregori', '2016-01-23 02:56:19', '2016-01-23 02:56:19');
INSERT INTO "tblCOM_UserProfile" VALUES (226, 'testuser1', 227, 'gregori', 'gregori', '2016-01-23 02:56:19', '2016-01-23 02:56:19');
INSERT INTO "tblCOM_UserProfile" VALUES (218, 'testuser1', 220, 'gregori', 'gregori', '2016-01-23 02:56:19', '2016-01-23 02:56:19');
INSERT INTO "tblCOM_UserProfile" VALUES (187, 'testuser1', 187, 'gregori', 'gregori', '2016-01-23 02:56:19', '2016-01-23 02:56:19');
INSERT INTO "tblCOM_UserProfile" VALUES (219, 'testuser1', 219, 'gregori', 'gregori', '2016-01-23 02:56:19', '2016-01-23 02:56:19');
INSERT INTO "tblCOM_UserProfile" VALUES (6, 'testuser1', 5, 'gregori', 'gregori', '2016-01-23 02:56:19', '2016-01-23 02:56:19');
INSERT INTO "tblCOM_UserProfile" VALUES (110, 'testuser1', 110, 'gregori', 'gregori', '2016-01-23 02:56:19', '2016-01-23 02:56:19');
INSERT INTO "tblCOM_UserProfile" VALUES (112, 'testuser1', 112, 'gregori', 'gregori', '2016-01-23 02:56:19', '2016-01-23 02:56:19');
INSERT INTO "tblCOM_UserProfile" VALUES (113, 'testuser1', 113, 'gregori', 'gregori', '2016-01-23 02:56:19', '2016-01-23 02:56:19');
INSERT INTO "tblCOM_UserProfile" VALUES (114, 'testuser1', 114, 'gregori', 'gregori', '2016-01-23 02:56:19', '2016-01-23 02:56:19');
INSERT INTO "tblCOM_UserProfile" VALUES (122, 'testuser1', 122, 'gregori', 'gregori', '2016-01-23 02:56:19', '2016-01-23 02:56:19');
INSERT INTO "tblCOM_UserProfile" VALUES (123, 'testuser1', 123, 'gregori', 'gregori', '2016-01-23 02:56:19', '2016-01-23 02:56:19');
INSERT INTO "tblCOM_UserProfile" VALUES (124, 'testuser1', 124, 'gregori', 'gregori', '2016-01-23 02:56:19', '2016-01-23 02:56:19');
INSERT INTO "tblCOM_UserProfile" VALUES (125, 'testuser1', 125, 'gregori', 'gregori', '2016-01-23 02:56:19', '2016-01-23 02:56:19');
INSERT INTO "tblCOM_UserProfile" VALUES (126, 'testuser1', 134, 'gregori', 'gregori', '2016-01-23 02:56:19', '2016-01-23 02:56:19');
INSERT INTO "tblCOM_UserProfile" VALUES (127, 'testuser1', 126, 'gregori', 'gregori', '2016-01-23 02:56:19', '2016-01-23 02:56:19');
INSERT INTO "tblCOM_UserProfile" VALUES (129, 'testuser1', 128, 'gregori', 'gregori', '2016-01-23 02:56:19', '2016-01-23 02:56:19');
INSERT INTO "tblCOM_UserProfile" VALUES (130, 'testuser1', 129, 'gregori', 'gregori', '2016-01-23 02:56:19', '2016-01-23 02:56:19');
INSERT INTO "tblCOM_UserProfile" VALUES (128, 'testuser1', 127, 'gregori', 'gregori', '2016-01-23 02:56:19', '2016-01-23 02:56:19');
INSERT INTO "tblCOM_UserProfile" VALUES (131, 'testuser1', 130, 'gregori', 'gregori', '2016-01-23 02:56:19', '2016-01-23 02:56:19');
INSERT INTO "tblCOM_UserProfile" VALUES (133, 'testuser1', 132, 'gregori', 'gregori', '2016-01-23 02:56:19', '2016-01-23 02:56:19');
INSERT INTO "tblCOM_UserProfile" VALUES (134, 'testuser1', 133, 'gregori', 'gregori', '2016-01-23 02:56:19', '2016-01-23 02:56:19');
INSERT INTO "tblCOM_UserProfile" VALUES (132, 'testuser1', 131, 'gregori', 'gregori', '2016-01-23 02:56:19', '2016-01-23 02:56:19');
INSERT INTO "tblCOM_UserProfile" VALUES (115, 'testuser1', 115, 'gregori', 'gregori', '2016-01-23 02:56:19', '2016-01-23 02:56:19');
INSERT INTO "tblCOM_UserProfile" VALUES (116, 'testuser1', 116, 'gregori', 'gregori', '2016-01-23 02:56:19', '2016-01-23 02:56:19');
INSERT INTO "tblCOM_UserProfile" VALUES (120, 'testuser1', 120, 'gregori', 'gregori', '2016-01-23 02:56:19', '2016-01-23 02:56:19');
INSERT INTO "tblCOM_UserProfile" VALUES (121, 'testuser1', 121, 'gregori', 'gregori', '2016-01-23 02:56:19', '2016-01-23 02:56:19');
INSERT INTO "tblCOM_UserProfile" VALUES (117, 'testuser1', 117, 'gregori', 'gregori', '2016-01-23 02:56:19', '2016-01-23 02:56:19');
INSERT INTO "tblCOM_UserProfile" VALUES (118, 'testuser1', 118, 'gregori', 'gregori', '2016-01-23 02:56:19', '2016-01-23 02:56:19');
INSERT INTO "tblCOM_UserProfile" VALUES (119, 'testuser1', 119, 'gregori', 'gregori', '2016-01-23 02:56:19', '2016-01-23 02:56:19');
INSERT INTO "tblCOM_UserProfile" VALUES (141, 'testuser1', 141, 'gregori', 'gregori', '2016-01-23 02:56:19', '2016-01-23 02:56:19');
INSERT INTO "tblCOM_UserProfile" VALUES (111, 'testuser1', 111, 'gregori', 'gregori', '2016-01-23 02:56:19', '2016-01-23 02:56:19');
INSERT INTO "tblCOM_UserProfile" VALUES (135, 'testuser1', 135, 'gregori', 'gregori', '2016-01-23 02:56:19', '2016-01-23 02:56:19');
INSERT INTO "tblCOM_UserProfile" VALUES (136, 'testuser1', 136, 'gregori', 'gregori', '2016-01-23 02:56:19', '2016-01-23 02:56:19');
INSERT INTO "tblCOM_UserProfile" VALUES (137, 'testuser1', 137, 'gregori', 'gregori', '2016-01-23 02:56:19', '2016-01-23 02:56:19');
INSERT INTO "tblCOM_UserProfile" VALUES (138, 'testuser1', 138, 'gregori', 'gregori', '2016-01-23 02:56:19', '2016-01-23 02:56:19');
INSERT INTO "tblCOM_UserProfile" VALUES (7, 'testuser1', 6, 'gregori', 'gregori', '2016-01-23 02:56:19', '2016-01-23 02:56:19');
INSERT INTO "tblCOM_UserProfile" VALUES (179, 'testuser1', 179, 'gregori', 'gregori', '2016-01-23 02:56:19', '2016-01-23 02:56:19');
INSERT INTO "tblCOM_UserProfile" VALUES (180, 'testuser1', 180, 'gregori', 'gregori', '2016-01-23 02:56:19', '2016-01-23 02:56:19');
INSERT INTO "tblCOM_UserProfile" VALUES (181, 'testuser1', 181, 'gregori', 'gregori', '2016-01-23 02:56:19', '2016-01-23 02:56:19');
INSERT INTO "tblCOM_UserProfile" VALUES (221, 'testuser1', 222, 'gregori', 'gregori', '2016-01-23 02:56:19', '2016-01-23 02:56:19');
INSERT INTO "tblCOM_UserProfile" VALUES (222, 'testuser1', 223, 'gregori', 'gregori', '2016-01-23 02:56:19', '2016-01-23 02:56:19');
INSERT INTO "tblCOM_UserProfile" VALUES (223, 'testuser1', 224, 'gregori', 'gregori', '2016-01-23 02:56:19', '2016-01-23 02:56:19');
INSERT INTO "tblCOM_UserProfile" VALUES (8, 'testuser1', 7, 'gregori', 'gregori', '2016-01-23 02:56:19', '2016-01-23 02:56:19');
INSERT INTO "tblCOM_UserProfile" VALUES (186, 'testuser1', 186, 'gregori', 'gregori', '2016-01-23 02:56:19', '2016-01-23 02:56:19');
INSERT INTO "tblCOM_UserProfile" VALUES (207, 'testuser1', 208, 'gregori', 'gregori', '2016-01-23 02:56:19', '2016-01-23 02:56:19');
INSERT INTO "tblCOM_UserProfile" VALUES (208, 'testuser1', 209, 'gregori', 'gregori', '2016-01-23 02:56:19', '2016-01-23 02:56:19');
INSERT INTO "tblCOM_UserProfile" VALUES (228, 'testuser1', 229, 'gregori', 'gregori', '2016-01-23 02:56:19', '2016-01-23 02:56:19');
INSERT INTO "tblCOM_UserProfile" VALUES (232, 'testuser1', 233, 'gregori', 'gregori', '2016-01-23 02:56:19', '2016-01-23 02:56:19');
INSERT INTO "tblCOM_UserProfile" VALUES (229, 'testuser1', 230, 'gregori', 'gregori', '2016-01-23 02:56:19', '2016-01-23 02:56:19');
INSERT INTO "tblCOM_UserProfile" VALUES (233, 'testuser1', 234, 'gregori', 'gregori', '2016-01-23 02:56:19', '2016-01-23 02:56:19');
INSERT INTO "tblCOM_UserProfile" VALUES (234, 'testuser1', 235, 'gregori', 'gregori', '2016-01-23 02:56:19', '2016-01-23 02:56:19');
INSERT INTO "tblCOM_UserProfile" VALUES (230, 'testuser1', 231, 'gregori', 'gregori', '2016-01-23 02:56:19', '2016-01-23 02:56:19');
INSERT INTO "tblCOM_UserProfile" VALUES (209, 'testuser1', 210, 'gregori', 'gregori', '2016-01-23 02:56:19', '2016-01-23 02:56:19');
INSERT INTO "tblCOM_UserProfile" VALUES (211, 'testuser1', 212, 'gregori', 'gregori', '2016-01-23 02:56:19', '2016-01-23 02:56:19');
INSERT INTO "tblCOM_UserProfile" VALUES (227, 'testuser1', 228, 'gregori', 'gregori', '2016-01-23 02:56:19', '2016-01-23 02:56:19');
INSERT INTO "tblCOM_UserProfile" VALUES (205, 'testuser1', 206, 'gregori', 'gregori', '2016-01-23 02:56:19', '2016-01-23 02:56:19');
INSERT INTO "tblCOM_UserProfile" VALUES (206, 'testuser1', 207, 'gregori', 'gregori', '2016-01-23 02:56:19', '2016-01-23 02:56:19');
INSERT INTO "tblCOM_UserProfile" VALUES (231, 'testuser1', 232, 'gregori', 'gregori', '2016-01-23 02:56:19', '2016-01-23 02:56:19');
INSERT INTO "tblCOM_UserProfile" VALUES (111, 'dinamapatac', 111, 'dinamapatac', 'dinamapatac', '2016-01-24 21:49:24', '2016-01-24 21:49:24');
INSERT INTO "tblCOM_UserProfile" VALUES (135, 'dinamapatac', 135, 'dinamapatac', 'dinamapatac', '2016-01-24 21:49:24', '2016-01-24 21:49:24');
INSERT INTO "tblCOM_UserProfile" VALUES (136, 'dinamapatac', 136, 'dinamapatac', 'dinamapatac', '2016-01-24 21:49:24', '2016-01-24 21:49:24');
INSERT INTO "tblCOM_UserProfile" VALUES (137, 'dinamapatac', 137, 'dinamapatac', 'dinamapatac', '2016-01-24 21:49:24', '2016-01-24 21:49:24');
INSERT INTO "tblCOM_UserProfile" VALUES (138, 'dinamapatac', 138, 'dinamapatac', 'dinamapatac', '2016-01-24 21:49:24', '2016-01-24 21:49:24');
INSERT INTO "tblCOM_UserProfile" VALUES (7, 'dinamapatac', 6, 'dinamapatac', 'dinamapatac', '2016-01-24 21:49:24', '2016-01-24 21:49:24');
INSERT INTO "tblCOM_UserProfile" VALUES (179, 'dinamapatac', 179, 'dinamapatac', 'dinamapatac', '2016-01-24 21:49:24', '2016-01-24 21:49:24');
INSERT INTO "tblCOM_UserProfile" VALUES (180, 'dinamapatac', 180, 'dinamapatac', 'dinamapatac', '2016-01-24 21:49:24', '2016-01-24 21:49:24');
INSERT INTO "tblCOM_UserProfile" VALUES (181, 'dinamapatac', 181, 'dinamapatac', 'dinamapatac', '2016-01-24 21:49:24', '2016-01-24 21:49:24');
INSERT INTO "tblCOM_UserProfile" VALUES (221, 'dinamapatac', 222, 'dinamapatac', 'dinamapatac', '2016-01-24 21:49:24', '2016-01-24 21:49:24');
INSERT INTO "tblCOM_UserProfile" VALUES (222, 'dinamapatac', 223, 'dinamapatac', 'dinamapatac', '2016-01-24 21:49:24', '2016-01-24 21:49:24');
INSERT INTO "tblCOM_UserProfile" VALUES (223, 'dinamapatac', 224, 'dinamapatac', 'dinamapatac', '2016-01-24 21:49:24', '2016-01-24 21:49:24');
INSERT INTO "tblCOM_UserProfile" VALUES (8, 'dinamapatac', 7, 'dinamapatac', 'dinamapatac', '2016-01-24 21:49:24', '2016-01-24 21:49:24');
INSERT INTO "tblCOM_UserProfile" VALUES (186, 'dinamapatac', 186, 'dinamapatac', 'dinamapatac', '2016-01-24 21:49:24', '2016-01-24 21:49:24');
INSERT INTO "tblCOM_UserProfile" VALUES (207, 'dinamapatac', 208, 'dinamapatac', 'dinamapatac', '2016-01-24 21:49:24', '2016-01-24 21:49:24');
INSERT INTO "tblCOM_UserProfile" VALUES (208, 'dinamapatac', 209, 'dinamapatac', 'dinamapatac', '2016-01-24 21:49:24', '2016-01-24 21:49:24');
INSERT INTO "tblCOM_UserProfile" VALUES (228, 'dinamapatac', 229, 'dinamapatac', 'dinamapatac', '2016-01-24 21:49:24', '2016-01-24 21:49:24');
INSERT INTO "tblCOM_UserProfile" VALUES (232, 'dinamapatac', 233, 'dinamapatac', 'dinamapatac', '2016-01-24 21:49:24', '2016-01-24 21:49:24');
INSERT INTO "tblCOM_UserProfile" VALUES (229, 'dinamapatac', 230, 'dinamapatac', 'dinamapatac', '2016-01-24 21:49:24', '2016-01-24 21:49:24');
INSERT INTO "tblCOM_UserProfile" VALUES (233, 'dinamapatac', 234, 'dinamapatac', 'dinamapatac', '2016-01-24 21:49:24', '2016-01-24 21:49:24');
INSERT INTO "tblCOM_UserProfile" VALUES (234, 'dinamapatac', 235, 'dinamapatac', 'dinamapatac', '2016-01-24 21:49:24', '2016-01-24 21:49:24');
INSERT INTO "tblCOM_UserProfile" VALUES (230, 'dinamapatac', 231, 'dinamapatac', 'dinamapatac', '2016-01-24 21:49:24', '2016-01-24 21:49:24');
INSERT INTO "tblCOM_UserProfile" VALUES (209, 'dinamapatac', 210, 'dinamapatac', 'dinamapatac', '2016-01-24 21:49:24', '2016-01-24 21:49:24');
INSERT INTO "tblCOM_UserProfile" VALUES (211, 'dinamapatac', 212, 'dinamapatac', 'dinamapatac', '2016-01-24 21:49:24', '2016-01-24 21:49:24');
INSERT INTO "tblCOM_UserProfile" VALUES (227, 'dinamapatac', 228, 'dinamapatac', 'dinamapatac', '2016-01-24 21:49:24', '2016-01-24 21:49:24');
INSERT INTO "tblCOM_UserProfile" VALUES (205, 'dinamapatac', 206, 'dinamapatac', 'dinamapatac', '2016-01-24 21:49:24', '2016-01-24 21:49:24');
INSERT INTO "tblCOM_UserProfile" VALUES (206, 'dinamapatac', 207, 'dinamapatac', 'dinamapatac', '2016-01-24 21:49:24', '2016-01-24 21:49:24');
INSERT INTO "tblCOM_UserProfile" VALUES (231, 'dinamapatac', 232, 'dinamapatac', 'dinamapatac', '2016-01-24 21:49:24', '2016-01-24 21:49:24');
INSERT INTO "tblCOM_UserProfile" VALUES (1, 'gregori', 1, 'gregori', 'gregori', '2016-02-26 23:06:29', '2016-02-26 23:06:29');
INSERT INTO "tblCOM_UserProfile" VALUES (9, 'gregori', 9, 'gregori', 'gregori', '2016-02-26 23:06:29', '2016-02-26 23:06:29');
INSERT INTO "tblCOM_UserProfile" VALUES (13, 'gregori', 243, 'gregori', 'gregori', '2016-02-26 23:06:29', '2016-02-26 23:06:29');
INSERT INTO "tblCOM_UserProfile" VALUES (13, 'gregori', 244, 'gregori', 'gregori', '2016-02-26 23:06:29', '2016-02-26 23:06:29');
INSERT INTO "tblCOM_UserProfile" VALUES (13, 'gregori', 247, 'gregori', 'gregori', '2016-02-26 23:06:29', '2016-02-26 23:06:29');
INSERT INTO "tblCOM_UserProfile" VALUES (13, 'gregori', 376, 'gregori', 'gregori', '2016-02-26 23:06:29', '2016-02-26 23:06:29');
INSERT INTO "tblCOM_UserProfile" VALUES (13, 'gregori', 13, 'gregori', 'gregori', '2016-02-26 23:06:29', '2016-02-26 23:06:29');
INSERT INTO "tblCOM_UserProfile" VALUES (14, 'gregori', 245, 'gregori', 'gregori', '2016-02-26 23:06:29', '2016-02-26 23:06:29');
INSERT INTO "tblCOM_UserProfile" VALUES (14, 'gregori', 246, 'gregori', 'gregori', '2016-02-26 23:06:29', '2016-02-26 23:06:29');
INSERT INTO "tblCOM_UserProfile" VALUES (14, 'gregori', 377, 'gregori', 'gregori', '2016-02-26 23:06:29', '2016-02-26 23:06:29');
INSERT INTO "tblCOM_UserProfile" VALUES (14, 'gregori', 14, 'gregori', 'gregori', '2016-02-26 23:06:29', '2016-02-26 23:06:29');
INSERT INTO "tblCOM_UserProfile" VALUES (248, 'gregori', 608, 'gregori', 'gregori', '2016-02-26 23:06:29', '2016-02-26 23:06:29');
INSERT INTO "tblCOM_UserProfile" VALUES (248, 'gregori', 610, 'gregori', 'gregori', '2016-02-26 23:06:29', '2016-02-26 23:06:29');
INSERT INTO "tblCOM_UserProfile" VALUES (10, 'gregori', 10, 'gregori', 'gregori', '2016-02-26 23:06:29', '2016-02-26 23:06:29');
INSERT INTO "tblCOM_UserProfile" VALUES (19, 'gregori', 332, 'gregori', 'gregori', '2016-02-26 23:06:29', '2016-02-26 23:06:29');
INSERT INTO "tblCOM_UserProfile" VALUES (19, 'gregori', 344, 'gregori', 'gregori', '2016-02-26 23:06:29', '2016-02-26 23:06:29');
INSERT INTO "tblCOM_UserProfile" VALUES (19, 'gregori', 381, 'gregori', 'gregori', '2016-02-26 23:06:29', '2016-02-26 23:06:29');
INSERT INTO "tblCOM_UserProfile" VALUES (19, 'gregori', 20, 'gregori', 'gregori', '2016-02-26 23:06:29', '2016-02-26 23:06:29');
INSERT INTO "tblCOM_UserProfile" VALUES (21, 'gregori', 23, 'gregori', 'gregori', '2016-02-26 23:06:29', '2016-02-26 23:06:29');
INSERT INTO "tblCOM_UserProfile" VALUES (33, 'gregori', 278, 'gregori', 'gregori', '2016-02-26 23:06:29', '2016-02-26 23:06:29');
INSERT INTO "tblCOM_UserProfile" VALUES (33, 'gregori', 310, 'gregori', 'gregori', '2016-02-26 23:06:29', '2016-02-26 23:06:29');
INSERT INTO "tblCOM_UserProfile" VALUES (33, 'gregori', 413, 'gregori', 'gregori', '2016-02-26 23:06:29', '2016-02-26 23:06:29');
INSERT INTO "tblCOM_UserProfile" VALUES (33, 'gregori', 35, 'gregori', 'gregori', '2016-02-26 23:06:29', '2016-02-26 23:06:29');
INSERT INTO "tblCOM_UserProfile" VALUES (144, 'gregori', 267, 'gregori', 'gregori', '2016-02-26 23:06:29', '2016-02-26 23:06:29');
INSERT INTO "tblCOM_UserProfile" VALUES (144, 'gregori', 299, 'gregori', 'gregori', '2016-02-26 23:06:29', '2016-02-26 23:06:29');
INSERT INTO "tblCOM_UserProfile" VALUES (144, 'gregori', 462, 'gregori', 'gregori', '2016-02-26 23:06:29', '2016-02-26 23:06:29');
INSERT INTO "tblCOM_UserProfile" VALUES (144, 'gregori', 143, 'gregori', 'gregori', '2016-02-26 23:06:29', '2016-02-26 23:06:29');
INSERT INTO "tblCOM_UserProfile" VALUES (147, 'gregori', 280, 'gregori', 'gregori', '2016-02-26 23:06:29', '2016-02-26 23:06:29');
INSERT INTO "tblCOM_UserProfile" VALUES (147, 'gregori', 312, 'gregori', 'gregori', '2016-02-26 23:06:29', '2016-02-26 23:06:29');
INSERT INTO "tblCOM_UserProfile" VALUES (147, 'gregori', 499, 'gregori', 'gregori', '2016-02-26 23:06:29', '2016-02-26 23:06:29');
INSERT INTO "tblCOM_UserProfile" VALUES (147, 'gregori', 146, 'gregori', 'gregori', '2016-02-26 23:06:29', '2016-02-26 23:06:29');
INSERT INTO "tblCOM_UserProfile" VALUES (174, 'gregori', 330, 'gregori', 'gregori', '2016-02-26 23:06:29', '2016-02-26 23:06:29');
INSERT INTO "tblCOM_UserProfile" VALUES (174, 'gregori', 342, 'gregori', 'gregori', '2016-02-26 23:06:29', '2016-02-26 23:06:29');
INSERT INTO "tblCOM_UserProfile" VALUES (174, 'gregori', 523, 'gregori', 'gregori', '2016-02-26 23:06:29', '2016-02-26 23:06:29');
INSERT INTO "tblCOM_UserProfile" VALUES (174, 'gregori', 174, 'gregori', 'gregori', '2016-02-26 23:06:29', '2016-02-26 23:06:29');
INSERT INTO "tblCOM_UserProfile" VALUES (249, 'gregori', 612, 'gregori', 'gregori', '2016-02-26 23:06:29', '2016-02-26 23:06:29');
INSERT INTO "tblCOM_UserProfile" VALUES (249, 'gregori', 613, 'gregori', 'gregori', '2016-02-26 23:06:29', '2016-02-26 23:06:29');
INSERT INTO "tblCOM_UserProfile" VALUES (249, 'gregori', 614, 'gregori', 'gregori', '2016-02-26 23:06:29', '2016-02-26 23:06:29');
INSERT INTO "tblCOM_UserProfile" VALUES (249, 'gregori', 611, 'gregori', 'gregori', '2016-02-26 23:06:29', '2016-02-26 23:06:29');
INSERT INTO "tblCOM_UserProfile" VALUES (250, 'gregori', 616, 'gregori', 'gregori', '2016-02-26 23:06:29', '2016-02-26 23:06:29');
INSERT INTO "tblCOM_UserProfile" VALUES (250, 'gregori', 617, 'gregori', 'gregori', '2016-02-26 23:06:29', '2016-02-26 23:06:29');
INSERT INTO "tblCOM_UserProfile" VALUES (250, 'gregori', 618, 'gregori', 'gregori', '2016-02-26 23:06:29', '2016-02-26 23:06:29');
INSERT INTO "tblCOM_UserProfile" VALUES (250, 'gregori', 615, 'gregori', 'gregori', '2016-02-26 23:06:29', '2016-02-26 23:06:29');
INSERT INTO "tblCOM_UserProfile" VALUES (251, 'gregori', 620, 'gregori', 'gregori', '2016-02-26 23:06:29', '2016-02-26 23:06:29');
INSERT INTO "tblCOM_UserProfile" VALUES (251, 'gregori', 621, 'gregori', 'gregori', '2016-02-26 23:06:29', '2016-02-26 23:06:29');
INSERT INTO "tblCOM_UserProfile" VALUES (251, 'gregori', 622, 'gregori', 'gregori', '2016-02-26 23:06:29', '2016-02-26 23:06:29');
INSERT INTO "tblCOM_UserProfile" VALUES (251, 'gregori', 619, 'gregori', 'gregori', '2016-02-26 23:06:29', '2016-02-26 23:06:29');
INSERT INTO "tblCOM_UserProfile" VALUES (252, 'gregori', 625, 'gregori', 'gregori', '2016-02-26 23:06:29', '2016-02-26 23:06:29');
INSERT INTO "tblCOM_UserProfile" VALUES (252, 'gregori', 623, 'gregori', 'gregori', '2016-02-26 23:06:29', '2016-02-26 23:06:29');
INSERT INTO "tblCOM_UserProfile" VALUES (253, 'gregori', 628, 'gregori', 'gregori', '2016-02-26 23:06:29', '2016-02-26 23:06:29');
INSERT INTO "tblCOM_UserProfile" VALUES (253, 'gregori', 629, 'gregori', 'gregori', '2016-02-26 23:06:29', '2016-02-26 23:06:29');
INSERT INTO "tblCOM_UserProfile" VALUES (253, 'gregori', 630, 'gregori', 'gregori', '2016-02-26 23:06:29', '2016-02-26 23:06:29');
INSERT INTO "tblCOM_UserProfile" VALUES (253, 'gregori', 627, 'gregori', 'gregori', '2016-02-26 23:06:29', '2016-02-26 23:06:29');
INSERT INTO "tblCOM_UserProfile" VALUES (254, 'gregori', 631, 'gregori', 'gregori', '2016-02-26 23:06:29', '2016-02-26 23:06:29');
INSERT INTO "tblCOM_UserProfile" VALUES (15, 'gregori', 15, 'gregori', 'gregori', '2016-02-26 23:06:29', '2016-02-26 23:06:29');
INSERT INTO "tblCOM_UserProfile" VALUES (16, 'gregori', 248, 'gregori', 'gregori', '2016-02-26 23:06:29', '2016-02-26 23:06:29');
INSERT INTO "tblCOM_UserProfile" VALUES (16, 'gregori', 249, 'gregori', 'gregori', '2016-02-26 23:06:29', '2016-02-26 23:06:29');
INSERT INTO "tblCOM_UserProfile" VALUES (16, 'gregori', 379, 'gregori', 'gregori', '2016-02-26 23:06:29', '2016-02-26 23:06:29');
INSERT INTO "tblCOM_UserProfile" VALUES (16, 'gregori', 16, 'gregori', 'gregori', '2016-02-26 23:06:29', '2016-02-26 23:06:29');
INSERT INTO "tblCOM_UserProfile" VALUES (148, 'gregori', 281, 'gregori', 'gregori', '2016-02-26 23:06:29', '2016-02-26 23:06:29');
INSERT INTO "tblCOM_UserProfile" VALUES (148, 'gregori', 313, 'gregori', 'gregori', '2016-02-26 23:06:29', '2016-02-26 23:06:29');
INSERT INTO "tblCOM_UserProfile" VALUES (148, 'gregori', 500, 'gregori', 'gregori', '2016-02-26 23:06:29', '2016-02-26 23:06:29');
INSERT INTO "tblCOM_UserProfile" VALUES (148, 'gregori', 147, 'gregori', 'gregori', '2016-02-26 23:06:29', '2016-02-26 23:06:29');
INSERT INTO "tblCOM_UserProfile" VALUES (172, 'gregori', 334, 'gregori', 'gregori', '2016-02-26 23:06:29', '2016-02-26 23:06:29');
INSERT INTO "tblCOM_UserProfile" VALUES (172, 'gregori', 346, 'gregori', 'gregori', '2016-02-26 23:06:29', '2016-02-26 23:06:29');
INSERT INTO "tblCOM_UserProfile" VALUES (172, 'gregori', 521, 'gregori', 'gregori', '2016-02-26 23:06:29', '2016-02-26 23:06:29');
INSERT INTO "tblCOM_UserProfile" VALUES (172, 'gregori', 172, 'gregori', 'gregori', '2016-02-26 23:06:29', '2016-02-26 23:06:29');
INSERT INTO "tblCOM_UserProfile" VALUES (260, 'gregori', 391, 'gregori', 'gregori', '2016-02-26 23:06:29', '2016-02-26 23:06:29');
INSERT INTO "tblCOM_UserProfile" VALUES (260, 'gregori', 393, 'gregori', 'gregori', '2016-02-26 23:06:29', '2016-02-26 23:06:29');
INSERT INTO "tblCOM_UserProfile" VALUES (260, 'gregori', 395, 'gregori', 'gregori', '2016-02-26 23:06:29', '2016-02-26 23:06:29');
INSERT INTO "tblCOM_UserProfile" VALUES (260, 'gregori', 380, 'gregori', 'gregori', '2016-02-26 23:06:29', '2016-02-26 23:06:29');
INSERT INTO "tblCOM_UserProfile" VALUES (261, 'gregori', 392, 'gregori', 'gregori', '2016-02-26 23:06:29', '2016-02-26 23:06:29');
INSERT INTO "tblCOM_UserProfile" VALUES (261, 'gregori', 394, 'gregori', 'gregori', '2016-02-26 23:06:29', '2016-02-26 23:06:29');
INSERT INTO "tblCOM_UserProfile" VALUES (261, 'gregori', 396, 'gregori', 'gregori', '2016-02-26 23:06:29', '2016-02-26 23:06:29');
INSERT INTO "tblCOM_UserProfile" VALUES (261, 'gregori', 390, 'gregori', 'gregori', '2016-02-26 23:06:29', '2016-02-26 23:06:29');
INSERT INTO "tblCOM_UserProfile" VALUES (255, 'gregori', 632, 'gregori', 'gregori', '2016-02-26 23:06:29', '2016-02-26 23:06:29');
INSERT INTO "tblCOM_UserProfile" VALUES (34, 'gregori', 284, 'gregori', 'gregori', '2016-02-26 23:06:29', '2016-02-26 23:06:29');
INSERT INTO "tblCOM_UserProfile" VALUES (34, 'gregori', 316, 'gregori', 'gregori', '2016-02-26 23:06:29', '2016-02-26 23:06:29');
INSERT INTO "tblCOM_UserProfile" VALUES (34, 'gregori', 424, 'gregori', 'gregori', '2016-02-26 23:06:29', '2016-02-26 23:06:29');
INSERT INTO "tblCOM_UserProfile" VALUES (34, 'gregori', 36, 'gregori', 'gregori', '2016-02-26 23:06:29', '2016-02-26 23:06:29');
INSERT INTO "tblCOM_UserProfile" VALUES (146, 'gregori', 279, 'gregori', 'gregori', '2016-02-26 23:06:29', '2016-02-26 23:06:29');
INSERT INTO "tblCOM_UserProfile" VALUES (146, 'gregori', 311, 'gregori', 'gregori', '2016-02-26 23:06:29', '2016-02-26 23:06:29');
INSERT INTO "tblCOM_UserProfile" VALUES (146, 'gregori', 519, 'gregori', 'gregori', '2016-02-26 23:06:29', '2016-02-26 23:06:29');
INSERT INTO "tblCOM_UserProfile" VALUES (146, 'gregori', 145, 'gregori', 'gregori', '2016-02-26 23:06:29', '2016-02-26 23:06:29');
INSERT INTO "tblCOM_UserProfile" VALUES (149, 'gregori', 282, 'gregori', 'gregori', '2016-02-26 23:06:29', '2016-02-26 23:06:29');
INSERT INTO "tblCOM_UserProfile" VALUES (149, 'gregori', 314, 'gregori', 'gregori', '2016-02-26 23:06:29', '2016-02-26 23:06:29');
INSERT INTO "tblCOM_UserProfile" VALUES (149, 'gregori', 502, 'gregori', 'gregori', '2016-02-26 23:06:29', '2016-02-26 23:06:29');
INSERT INTO "tblCOM_UserProfile" VALUES (149, 'gregori', 148, 'gregori', 'gregori', '2016-02-26 23:06:29', '2016-02-26 23:06:29');
INSERT INTO "tblCOM_UserProfile" VALUES (152, 'gregori', 285, 'gregori', 'gregori', '2016-02-26 23:06:29', '2016-02-26 23:06:29');
INSERT INTO "tblCOM_UserProfile" VALUES (152, 'gregori', 317, 'gregori', 'gregori', '2016-02-26 23:06:29', '2016-02-26 23:06:29');
INSERT INTO "tblCOM_UserProfile" VALUES (152, 'gregori', 505, 'gregori', 'gregori', '2016-02-26 23:06:29', '2016-02-26 23:06:29');
INSERT INTO "tblCOM_UserProfile" VALUES (152, 'gregori', 151, 'gregori', 'gregori', '2016-02-26 23:06:29', '2016-02-26 23:06:29');
INSERT INTO "tblCOM_UserProfile" VALUES (156, 'gregori', 289, 'gregori', 'gregori', '2016-02-26 23:06:29', '2016-02-26 23:06:29');
INSERT INTO "tblCOM_UserProfile" VALUES (156, 'gregori', 321, 'gregori', 'gregori', '2016-02-26 23:06:29', '2016-02-26 23:06:29');
INSERT INTO "tblCOM_UserProfile" VALUES (156, 'gregori', 508, 'gregori', 'gregori', '2016-02-26 23:06:29', '2016-02-26 23:06:29');
INSERT INTO "tblCOM_UserProfile" VALUES (156, 'gregori', 155, 'gregori', 'gregori', '2016-02-26 23:06:29', '2016-02-26 23:06:29');
INSERT INTO "tblCOM_UserProfile" VALUES (171, 'gregori', 337, 'gregori', 'gregori', '2016-02-26 23:06:29', '2016-02-26 23:06:29');
INSERT INTO "tblCOM_UserProfile" VALUES (171, 'gregori', 349, 'gregori', 'gregori', '2016-02-26 23:06:29', '2016-02-26 23:06:29');
INSERT INTO "tblCOM_UserProfile" VALUES (171, 'gregori', 520, 'gregori', 'gregori', '2016-02-26 23:06:29', '2016-02-26 23:06:29');
INSERT INTO "tblCOM_UserProfile" VALUES (171, 'gregori', 171, 'gregori', 'gregori', '2016-02-26 23:06:29', '2016-02-26 23:06:29');
INSERT INTO "tblCOM_UserProfile" VALUES (240, 'gregori', 338, 'gregori', 'gregori', '2016-02-26 23:06:29', '2016-02-26 23:06:29');
INSERT INTO "tblCOM_UserProfile" VALUES (240, 'gregori', 350, 'gregori', 'gregori', '2016-02-26 23:06:29', '2016-02-26 23:06:29');
INSERT INTO "tblCOM_UserProfile" VALUES (240, 'gregori', 591, 'gregori', 'gregori', '2016-02-26 23:06:29', '2016-02-26 23:06:29');
INSERT INTO "tblCOM_UserProfile" VALUES (240, 'gregori', 241, 'gregori', 'gregori', '2016-02-26 23:06:29', '2016-02-26 23:06:29');
INSERT INTO "tblCOM_UserProfile" VALUES (246, 'gregori', 600, 'gregori', 'gregori', '2016-02-26 23:06:29', '2016-02-26 23:06:29');
INSERT INTO "tblCOM_UserProfile" VALUES (246, 'gregori', 601, 'gregori', 'gregori', '2016-02-26 23:06:29', '2016-02-26 23:06:29');
INSERT INTO "tblCOM_UserProfile" VALUES (246, 'gregori', 602, 'gregori', 'gregori', '2016-02-26 23:06:29', '2016-02-26 23:06:29');
INSERT INTO "tblCOM_UserProfile" VALUES (246, 'gregori', 603, 'gregori', 'gregori', '2016-02-26 23:06:30', '2016-02-26 23:06:30');
INSERT INTO "tblCOM_UserProfile" VALUES (18, 'gregori', 18, 'gregori', 'gregori', '2016-02-26 23:06:30', '2016-02-26 23:06:30');
INSERT INTO "tblCOM_UserProfile" VALUES (17, 'gregori', 250, 'gregori', 'gregori', '2016-02-26 23:06:30', '2016-02-26 23:06:30');
INSERT INTO "tblCOM_UserProfile" VALUES (17, 'gregori', 251, 'gregori', 'gregori', '2016-02-26 23:06:30', '2016-02-26 23:06:30');
INSERT INTO "tblCOM_UserProfile" VALUES (17, 'gregori', 423, 'gregori', 'gregori', '2016-02-26 23:06:30', '2016-02-26 23:06:30');
INSERT INTO "tblCOM_UserProfile" VALUES (17, 'gregori', 17, 'gregori', 'gregori', '2016-02-26 23:06:30', '2016-02-26 23:06:30');
INSERT INTO "tblCOM_UserProfile" VALUES (23, 'gregori', 329, 'gregori', 'gregori', '2016-02-26 23:06:30', '2016-02-26 23:06:30');
INSERT INTO "tblCOM_UserProfile" VALUES (23, 'gregori', 341, 'gregori', 'gregori', '2016-02-26 23:06:30', '2016-02-26 23:06:30');
INSERT INTO "tblCOM_UserProfile" VALUES (23, 'gregori', 425, 'gregori', 'gregori', '2016-02-26 23:06:30', '2016-02-26 23:06:30');
INSERT INTO "tblCOM_UserProfile" VALUES (23, 'gregori', 25, 'gregori', 'gregori', '2016-02-26 23:06:30', '2016-02-26 23:06:30');
INSERT INTO "tblCOM_UserProfile" VALUES (24, 'gregori', 333, 'gregori', 'gregori', '2016-02-26 23:06:30', '2016-02-26 23:06:30');
INSERT INTO "tblCOM_UserProfile" VALUES (24, 'gregori', 345, 'gregori', 'gregori', '2016-02-26 23:06:30', '2016-02-26 23:06:30');
INSERT INTO "tblCOM_UserProfile" VALUES (24, 'gregori', 428, 'gregori', 'gregori', '2016-02-26 23:06:30', '2016-02-26 23:06:30');
INSERT INTO "tblCOM_UserProfile" VALUES (24, 'gregori', 26, 'gregori', 'gregori', '2016-02-26 23:06:30', '2016-02-26 23:06:30');
INSERT INTO "tblCOM_UserProfile" VALUES (26, 'gregori', 355, 'gregori', 'gregori', '2016-02-26 23:06:30', '2016-02-26 23:06:30');
INSERT INTO "tblCOM_UserProfile" VALUES (26, 'gregori', 356, 'gregori', 'gregori', '2016-02-26 23:06:30', '2016-02-26 23:06:30');
INSERT INTO "tblCOM_UserProfile" VALUES (26, 'gregori', 429, 'gregori', 'gregori', '2016-02-26 23:06:30', '2016-02-26 23:06:30');
INSERT INTO "tblCOM_UserProfile" VALUES (26, 'gregori', 28, 'gregori', 'gregori', '2016-02-26 23:06:30', '2016-02-26 23:06:30');
INSERT INTO "tblCOM_UserProfile" VALUES (27, 'gregori', 331, 'gregori', 'gregori', '2016-02-26 23:06:30', '2016-02-26 23:06:30');
INSERT INTO "tblCOM_UserProfile" VALUES (27, 'gregori', 343, 'gregori', 'gregori', '2016-02-26 23:06:30', '2016-02-26 23:06:30');
INSERT INTO "tblCOM_UserProfile" VALUES (27, 'gregori', 427, 'gregori', 'gregori', '2016-02-26 23:06:30', '2016-02-26 23:06:30');
INSERT INTO "tblCOM_UserProfile" VALUES (27, 'gregori', 29, 'gregori', 'gregori', '2016-02-26 23:06:30', '2016-02-26 23:06:30');
INSERT INTO "tblCOM_UserProfile" VALUES (28, 'gregori', 336, 'gregori', 'gregori', '2016-02-26 23:06:30', '2016-02-26 23:06:30');
INSERT INTO "tblCOM_UserProfile" VALUES (28, 'gregori', 348, 'gregori', 'gregori', '2016-02-26 23:06:30', '2016-02-26 23:06:30');
INSERT INTO "tblCOM_UserProfile" VALUES (28, 'gregori', 426, 'gregori', 'gregori', '2016-02-26 23:06:30', '2016-02-26 23:06:30');
INSERT INTO "tblCOM_UserProfile" VALUES (28, 'gregori', 30, 'gregori', 'gregori', '2016-02-26 23:06:30', '2016-02-26 23:06:30');
INSERT INTO "tblCOM_UserProfile" VALUES (247, 'gregori', 605, 'gregori', 'gregori', '2016-02-26 23:06:30', '2016-02-26 23:06:30');
INSERT INTO "tblCOM_UserProfile" VALUES (247, 'gregori', 606, 'gregori', 'gregori', '2016-02-26 23:06:30', '2016-02-26 23:06:30');
INSERT INTO "tblCOM_UserProfile" VALUES (247, 'gregori', 607, 'gregori', 'gregori', '2016-02-26 23:06:30', '2016-02-26 23:06:30');
INSERT INTO "tblCOM_UserProfile" VALUES (247, 'gregori', 604, 'gregori', 'gregori', '2016-02-26 23:06:30', '2016-02-26 23:06:30');
INSERT INTO "tblCOM_UserProfile" VALUES (276, 'gregori', 696, 'gregori', 'gregori', '2016-02-26 23:06:30', '2016-02-26 23:06:30');
INSERT INTO "tblCOM_UserProfile" VALUES (276, 'gregori', 697, 'gregori', 'gregori', '2016-02-26 23:06:30', '2016-02-26 23:06:30');
INSERT INTO "tblCOM_UserProfile" VALUES (276, 'gregori', 698, 'gregori', 'gregori', '2016-02-26 23:06:30', '2016-02-26 23:06:30');
INSERT INTO "tblCOM_UserProfile" VALUES (276, 'gregori', 695, 'gregori', 'gregori', '2016-02-26 23:06:30', '2016-02-26 23:06:30');
INSERT INTO "tblCOM_UserProfile" VALUES (2, 'gregori', 2, 'gregori', 'gregori', '2016-02-26 23:06:30', '2016-02-26 23:06:30');
INSERT INTO "tblCOM_UserProfile" VALUES (35, 'gregori', 37, 'gregori', 'gregori', '2016-02-26 23:06:30', '2016-02-26 23:06:30');
INSERT INTO "tblCOM_UserProfile" VALUES (36, 'gregori', 754, 'gregori', 'gregori', '2016-02-26 23:06:30', '2016-02-26 23:06:30');
INSERT INTO "tblCOM_UserProfile" VALUES (36, 'gregori', 755, 'gregori', 'gregori', '2016-02-26 23:06:30', '2016-02-26 23:06:30');
INSERT INTO "tblCOM_UserProfile" VALUES (36, 'gregori', 756, 'gregori', 'gregori', '2016-02-26 23:06:30', '2016-02-26 23:06:30');
INSERT INTO "tblCOM_UserProfile" VALUES (36, 'gregori', 40, 'gregori', 'gregori', '2016-02-26 23:06:30', '2016-02-26 23:06:30');
INSERT INTO "tblCOM_UserProfile" VALUES (38, 'gregori', 39, 'gregori', 'gregori', '2016-02-26 23:06:30', '2016-02-26 23:06:30');
INSERT INTO "tblCOM_UserProfile" VALUES (3, 'gregori', 8, 'gregori', 'gregori', '2016-02-26 23:06:30', '2016-02-26 23:06:30');
INSERT INTO "tblCOM_UserProfile" VALUES (39, 'gregori', 41, 'gregori', 'gregori', '2016-02-26 23:06:30', '2016-02-26 23:06:30');
INSERT INTO "tblCOM_UserProfile" VALUES (45, 'gregori', 717, 'gregori', 'gregori', '2016-02-26 23:06:30', '2016-02-26 23:06:30');
INSERT INTO "tblCOM_UserProfile" VALUES (45, 'gregori', 718, 'gregori', 'gregori', '2016-02-26 23:06:30', '2016-02-26 23:06:30');
INSERT INTO "tblCOM_UserProfile" VALUES (45, 'gregori', 719, 'gregori', 'gregori', '2016-02-26 23:06:30', '2016-02-26 23:06:30');
INSERT INTO "tblCOM_UserProfile" VALUES (45, 'gregori', 47, 'gregori', 'gregori', '2016-02-26 23:06:30', '2016-02-26 23:06:30');
INSERT INTO "tblCOM_UserProfile" VALUES (46, 'gregori', 703, 'gregori', 'gregori', '2016-02-26 23:06:30', '2016-02-26 23:06:30');
INSERT INTO "tblCOM_UserProfile" VALUES (46, 'gregori', 704, 'gregori', 'gregori', '2016-02-26 23:06:30', '2016-02-26 23:06:30');
INSERT INTO "tblCOM_UserProfile" VALUES (46, 'gregori', 705, 'gregori', 'gregori', '2016-02-26 23:06:30', '2016-02-26 23:06:30');
INSERT INTO "tblCOM_UserProfile" VALUES (46, 'gregori', 48, 'gregori', 'gregori', '2016-02-26 23:06:30', '2016-02-26 23:06:30');
INSERT INTO "tblCOM_UserProfile" VALUES (279, 'gregori', 724, 'gregori', 'gregori', '2016-02-26 23:06:30', '2016-02-26 23:06:30');
INSERT INTO "tblCOM_UserProfile" VALUES (40, 'gregori', 42, 'gregori', 'gregori', '2016-02-26 23:06:30', '2016-02-26 23:06:30');
INSERT INTO "tblCOM_UserProfile" VALUES (48, 'gregori', 700, 'gregori', 'gregori', '2016-02-26 23:06:30', '2016-02-26 23:06:30');
INSERT INTO "tblCOM_UserProfile" VALUES (48, 'gregori', 701, 'gregori', 'gregori', '2016-02-26 23:06:30', '2016-02-26 23:06:30');
INSERT INTO "tblCOM_UserProfile" VALUES (48, 'gregori', 702, 'gregori', 'gregori', '2016-02-26 23:06:30', '2016-02-26 23:06:30');
INSERT INTO "tblCOM_UserProfile" VALUES (48, 'gregori', 60, 'gregori', 'gregori', '2016-02-26 23:06:30', '2016-02-26 23:06:30');
INSERT INTO "tblCOM_UserProfile" VALUES (51, 'gregori', 689, 'gregori', 'gregori', '2016-02-26 23:06:30', '2016-02-26 23:06:30');
INSERT INTO "tblCOM_UserProfile" VALUES (51, 'gregori', 690, 'gregori', 'gregori', '2016-02-26 23:06:30', '2016-02-26 23:06:30');
INSERT INTO "tblCOM_UserProfile" VALUES (51, 'gregori', 691, 'gregori', 'gregori', '2016-02-26 23:06:30', '2016-02-26 23:06:30');
INSERT INTO "tblCOM_UserProfile" VALUES (51, 'gregori', 723, 'gregori', 'gregori', '2016-02-26 23:06:30', '2016-02-26 23:06:30');
INSERT INTO "tblCOM_UserProfile" VALUES (51, 'gregori', 61, 'gregori', 'gregori', '2016-02-26 23:06:30', '2016-02-26 23:06:30');
INSERT INTO "tblCOM_UserProfile" VALUES (52, 'gregori', 712, 'gregori', 'gregori', '2016-02-26 23:06:30', '2016-02-26 23:06:30');
INSERT INTO "tblCOM_UserProfile" VALUES (52, 'gregori', 713, 'gregori', 'gregori', '2016-02-26 23:06:30', '2016-02-26 23:06:30');
INSERT INTO "tblCOM_UserProfile" VALUES (52, 'gregori', 714, 'gregori', 'gregori', '2016-02-26 23:06:30', '2016-02-26 23:06:30');
INSERT INTO "tblCOM_UserProfile" VALUES (52, 'gregori', 62, 'gregori', 'gregori', '2016-02-26 23:06:30', '2016-02-26 23:06:30');
INSERT INTO "tblCOM_UserProfile" VALUES (53, 'gregori', 706, 'gregori', 'gregori', '2016-02-26 23:06:30', '2016-02-26 23:06:30');
INSERT INTO "tblCOM_UserProfile" VALUES (53, 'gregori', 707, 'gregori', 'gregori', '2016-02-26 23:06:30', '2016-02-26 23:06:30');
INSERT INTO "tblCOM_UserProfile" VALUES (53, 'gregori', 708, 'gregori', 'gregori', '2016-02-26 23:06:30', '2016-02-26 23:06:30');
INSERT INTO "tblCOM_UserProfile" VALUES (53, 'gregori', 52, 'gregori', 'gregori', '2016-02-26 23:06:30', '2016-02-26 23:06:30');
INSERT INTO "tblCOM_UserProfile" VALUES (280, 'gregori', 725, 'gregori', 'gregori', '2016-02-26 23:06:30', '2016-02-26 23:06:30');
INSERT INTO "tblCOM_UserProfile" VALUES (42, 'gregori', 44, 'gregori', 'gregori', '2016-02-26 23:06:30', '2016-02-26 23:06:30');
INSERT INTO "tblCOM_UserProfile" VALUES (47, 'gregori', 720, 'gregori', 'gregori', '2016-02-26 23:06:30', '2016-02-26 23:06:30');
INSERT INTO "tblCOM_UserProfile" VALUES (47, 'gregori', 721, 'gregori', 'gregori', '2016-02-26 23:06:30', '2016-02-26 23:06:30');
INSERT INTO "tblCOM_UserProfile" VALUES (47, 'gregori', 722, 'gregori', 'gregori', '2016-02-26 23:06:30', '2016-02-26 23:06:30');
INSERT INTO "tblCOM_UserProfile" VALUES (47, 'gregori', 49, 'gregori', 'gregori', '2016-02-26 23:06:30', '2016-02-26 23:06:30');
INSERT INTO "tblCOM_UserProfile" VALUES (54, 'gregori', 726, 'gregori', 'gregori', '2016-02-26 23:06:30', '2016-02-26 23:06:30');
INSERT INTO "tblCOM_UserProfile" VALUES (54, 'gregori', 727, 'gregori', 'gregori', '2016-02-26 23:06:30', '2016-02-26 23:06:30');
INSERT INTO "tblCOM_UserProfile" VALUES (54, 'gregori', 728, 'gregori', 'gregori', '2016-02-26 23:06:30', '2016-02-26 23:06:30');
INSERT INTO "tblCOM_UserProfile" VALUES (54, 'gregori', 63, 'gregori', 'gregori', '2016-02-26 23:06:30', '2016-02-26 23:06:30');
INSERT INTO "tblCOM_UserProfile" VALUES (57, 'gregori', 55, 'gregori', 'gregori', '2016-02-26 23:06:30', '2016-02-26 23:06:30');
INSERT INTO "tblCOM_UserProfile" VALUES (274, 'gregori', 680, 'gregori', 'gregori', '2016-02-26 23:06:30', '2016-02-26 23:06:30');
INSERT INTO "tblCOM_UserProfile" VALUES (274, 'gregori', 681, 'gregori', 'gregori', '2016-02-26 23:06:30', '2016-02-26 23:06:30');
INSERT INTO "tblCOM_UserProfile" VALUES (274, 'gregori', 682, 'gregori', 'gregori', '2016-02-26 23:06:30', '2016-02-26 23:06:30');
INSERT INTO "tblCOM_UserProfile" VALUES (274, 'gregori', 679, 'gregori', 'gregori', '2016-02-26 23:06:30', '2016-02-26 23:06:30');
INSERT INTO "tblCOM_UserProfile" VALUES (43, 'gregori', 45, 'gregori', 'gregori', '2016-02-26 23:06:30', '2016-02-26 23:06:30');
INSERT INTO "tblCOM_UserProfile" VALUES (58, 'gregori', 21, 'gregori', 'gregori', '2016-02-26 23:06:30', '2016-02-26 23:06:30');
INSERT INTO "tblCOM_UserProfile" VALUES (73, 'gregori', 744, 'gregori', 'gregori', '2016-02-26 23:06:30', '2016-02-26 23:06:30');
INSERT INTO "tblCOM_UserProfile" VALUES (73, 'gregori', 745, 'gregori', 'gregori', '2016-02-26 23:06:30', '2016-02-26 23:06:30');
INSERT INTO "tblCOM_UserProfile" VALUES (73, 'gregori', 73, 'gregori', 'gregori', '2016-02-26 23:06:30', '2016-02-26 23:06:30');
INSERT INTO "tblCOM_UserProfile" VALUES (283, 'gregori', 738, 'gregori', 'gregori', '2016-02-26 23:06:30', '2016-02-26 23:06:30');
INSERT INTO "tblCOM_UserProfile" VALUES (283, 'gregori', 739, 'gregori', 'gregori', '2016-02-26 23:06:30', '2016-02-26 23:06:30');
INSERT INTO "tblCOM_UserProfile" VALUES (283, 'gregori', 737, 'gregori', 'gregori', '2016-02-26 23:06:30', '2016-02-26 23:06:30');
INSERT INTO "tblCOM_UserProfile" VALUES (59, 'gregori', 709, 'gregori', 'gregori', '2016-02-26 23:06:30', '2016-02-26 23:06:30');
INSERT INTO "tblCOM_UserProfile" VALUES (59, 'gregori', 710, 'gregori', 'gregori', '2016-02-26 23:06:30', '2016-02-26 23:06:30');
INSERT INTO "tblCOM_UserProfile" VALUES (59, 'gregori', 711, 'gregori', 'gregori', '2016-02-26 23:06:30', '2016-02-26 23:06:30');
INSERT INTO "tblCOM_UserProfile" VALUES (59, 'gregori', 56, 'gregori', 'gregori', '2016-02-26 23:06:30', '2016-02-26 23:06:30');
INSERT INTO "tblCOM_UserProfile" VALUES (60, 'gregori', 740, 'gregori', 'gregori', '2016-02-26 23:06:30', '2016-02-26 23:06:30');
INSERT INTO "tblCOM_UserProfile" VALUES (60, 'gregori', 741, 'gregori', 'gregori', '2016-02-26 23:06:30', '2016-02-26 23:06:30');
INSERT INTO "tblCOM_UserProfile" VALUES (60, 'gregori', 742, 'gregori', 'gregori', '2016-02-26 23:06:30', '2016-02-26 23:06:30');
INSERT INTO "tblCOM_UserProfile" VALUES (60, 'gregori', 64, 'gregori', 'gregori', '2016-02-26 23:06:30', '2016-02-26 23:06:30');
INSERT INTO "tblCOM_UserProfile" VALUES (61, 'gregori', 748, 'gregori', 'gregori', '2016-02-26 23:06:30', '2016-02-26 23:06:30');
INSERT INTO "tblCOM_UserProfile" VALUES (61, 'gregori', 749, 'gregori', 'gregori', '2016-02-26 23:06:30', '2016-02-26 23:06:30');
INSERT INTO "tblCOM_UserProfile" VALUES (61, 'gregori', 19, 'gregori', 'gregori', '2016-02-26 23:06:30', '2016-02-26 23:06:30');
INSERT INTO "tblCOM_UserProfile" VALUES (63, 'gregori', 746, 'gregori', 'gregori', '2016-02-26 23:06:30', '2016-02-26 23:06:30');
INSERT INTO "tblCOM_UserProfile" VALUES (63, 'gregori', 747, 'gregori', 'gregori', '2016-02-26 23:06:30', '2016-02-26 23:06:30');
INSERT INTO "tblCOM_UserProfile" VALUES (63, 'gregori', 750, 'gregori', 'gregori', '2016-02-26 23:06:30', '2016-02-26 23:06:30');
INSERT INTO "tblCOM_UserProfile" VALUES (63, 'gregori', 65, 'gregori', 'gregori', '2016-02-26 23:06:30', '2016-02-26 23:06:30');
INSERT INTO "tblCOM_UserProfile" VALUES (65, 'gregori', 59, 'gregori', 'gregori', '2016-02-26 23:06:30', '2016-02-26 23:06:30');
INSERT INTO "tblCOM_UserProfile" VALUES (66, 'gregori', 67, 'gregori', 'gregori', '2016-02-26 23:06:30', '2016-02-26 23:06:30');
INSERT INTO "tblCOM_UserProfile" VALUES (67, 'gregori', 66, 'gregori', 'gregori', '2016-02-26 23:06:30', '2016-02-26 23:06:30');
INSERT INTO "tblCOM_UserProfile" VALUES (44, 'gregori', 46, 'gregori', 'gregori', '2016-02-26 23:06:30', '2016-02-26 23:06:30');
INSERT INTO "tblCOM_UserProfile" VALUES (62, 'gregori', 751, 'gregori', 'gregori', '2016-02-26 23:06:30', '2016-02-26 23:06:30');
INSERT INTO "tblCOM_UserProfile" VALUES (62, 'gregori', 752, 'gregori', 'gregori', '2016-02-26 23:06:30', '2016-02-26 23:06:30');
INSERT INTO "tblCOM_UserProfile" VALUES (62, 'gregori', 57, 'gregori', 'gregori', '2016-02-26 23:06:30', '2016-02-26 23:06:30');
INSERT INTO "tblCOM_UserProfile" VALUES (64, 'gregori', 692, 'gregori', 'gregori', '2016-02-26 23:06:30', '2016-02-26 23:06:30');
INSERT INTO "tblCOM_UserProfile" VALUES (64, 'gregori', 693, 'gregori', 'gregori', '2016-02-26 23:06:30', '2016-02-26 23:06:30');
INSERT INTO "tblCOM_UserProfile" VALUES (64, 'gregori', 699, 'gregori', 'gregori', '2016-02-26 23:06:30', '2016-02-26 23:06:30');
INSERT INTO "tblCOM_UserProfile" VALUES (64, 'gregori', 58, 'gregori', 'gregori', '2016-02-26 23:06:30', '2016-02-26 23:06:30');
INSERT INTO "tblCOM_UserProfile" VALUES (49, 'gregori', 50, 'gregori', 'gregori', '2016-02-26 23:06:30', '2016-02-26 23:06:30');
INSERT INTO "tblCOM_UserProfile" VALUES (262, 'gregori', 665, 'gregori', 'gregori', '2016-02-26 23:06:30', '2016-02-26 23:06:30');
INSERT INTO "tblCOM_UserProfile" VALUES (263, 'gregori', 634, 'gregori', 'gregori', '2016-02-26 23:06:30', '2016-02-26 23:06:30');
INSERT INTO "tblCOM_UserProfile" VALUES (263, 'gregori', 635, 'gregori', 'gregori', '2016-02-26 23:06:30', '2016-02-26 23:06:30');
INSERT INTO "tblCOM_UserProfile" VALUES (263, 'gregori', 636, 'gregori', 'gregori', '2016-02-26 23:06:30', '2016-02-26 23:06:30');
INSERT INTO "tblCOM_UserProfile" VALUES (263, 'gregori', 633, 'gregori', 'gregori', '2016-02-26 23:06:30', '2016-02-26 23:06:30');
INSERT INTO "tblCOM_UserProfile" VALUES (264, 'gregori', 638, 'gregori', 'gregori', '2016-02-26 23:06:30', '2016-02-26 23:06:30');
INSERT INTO "tblCOM_UserProfile" VALUES (264, 'gregori', 639, 'gregori', 'gregori', '2016-02-26 23:06:30', '2016-02-26 23:06:30');
INSERT INTO "tblCOM_UserProfile" VALUES (264, 'gregori', 640, 'gregori', 'gregori', '2016-02-26 23:06:30', '2016-02-26 23:06:30');
INSERT INTO "tblCOM_UserProfile" VALUES (264, 'gregori', 637, 'gregori', 'gregori', '2016-02-26 23:06:30', '2016-02-26 23:06:30');
INSERT INTO "tblCOM_UserProfile" VALUES (265, 'gregori', 642, 'gregori', 'gregori', '2016-02-26 23:06:30', '2016-02-26 23:06:30');
INSERT INTO "tblCOM_UserProfile" VALUES (265, 'gregori', 643, 'gregori', 'gregori', '2016-02-26 23:06:30', '2016-02-26 23:06:30');
INSERT INTO "tblCOM_UserProfile" VALUES (265, 'gregori', 644, 'gregori', 'gregori', '2016-02-26 23:06:30', '2016-02-26 23:06:30');
INSERT INTO "tblCOM_UserProfile" VALUES (265, 'gregori', 641, 'gregori', 'gregori', '2016-02-26 23:06:30', '2016-02-26 23:06:30');
INSERT INTO "tblCOM_UserProfile" VALUES (266, 'gregori', 646, 'gregori', 'gregori', '2016-02-26 23:06:30', '2016-02-26 23:06:30');
INSERT INTO "tblCOM_UserProfile" VALUES (266, 'gregori', 647, 'gregori', 'gregori', '2016-02-26 23:06:30', '2016-02-26 23:06:30');
INSERT INTO "tblCOM_UserProfile" VALUES (266, 'gregori', 648, 'gregori', 'gregori', '2016-02-26 23:06:30', '2016-02-26 23:06:30');
INSERT INTO "tblCOM_UserProfile" VALUES (266, 'gregori', 645, 'gregori', 'gregori', '2016-02-26 23:06:30', '2016-02-26 23:06:30');
INSERT INTO "tblCOM_UserProfile" VALUES (267, 'gregori', 650, 'gregori', 'gregori', '2016-02-26 23:06:30', '2016-02-26 23:06:30');
INSERT INTO "tblCOM_UserProfile" VALUES (267, 'gregori', 651, 'gregori', 'gregori', '2016-02-26 23:06:30', '2016-02-26 23:06:30');
INSERT INTO "tblCOM_UserProfile" VALUES (267, 'gregori', 652, 'gregori', 'gregori', '2016-02-26 23:06:30', '2016-02-26 23:06:30');
INSERT INTO "tblCOM_UserProfile" VALUES (267, 'gregori', 649, 'gregori', 'gregori', '2016-02-26 23:06:30', '2016-02-26 23:06:30');
INSERT INTO "tblCOM_UserProfile" VALUES (275, 'gregori', 684, 'gregori', 'gregori', '2016-02-26 23:06:30', '2016-02-26 23:06:30');
INSERT INTO "tblCOM_UserProfile" VALUES (275, 'gregori', 685, 'gregori', 'gregori', '2016-02-26 23:06:30', '2016-02-26 23:06:30');
INSERT INTO "tblCOM_UserProfile" VALUES (275, 'gregori', 686, 'gregori', 'gregori', '2016-02-26 23:06:30', '2016-02-26 23:06:30');
INSERT INTO "tblCOM_UserProfile" VALUES (275, 'gregori', 683, 'gregori', 'gregori', '2016-02-26 23:06:30', '2016-02-26 23:06:30');
INSERT INTO "tblCOM_UserProfile" VALUES (277, 'gregori', 715, 'gregori', 'gregori', '2016-02-26 23:06:30', '2016-02-26 23:06:30');
INSERT INTO "tblCOM_UserProfile" VALUES (281, 'gregori', 729, 'gregori', 'gregori', '2016-02-26 23:06:30', '2016-02-26 23:06:30');
INSERT INTO "tblCOM_UserProfile" VALUES (281, 'gregori', 731, 'gregori', 'gregori', '2016-02-26 23:06:30', '2016-02-26 23:06:30');
INSERT INTO "tblCOM_UserProfile" VALUES (281, 'gregori', 732, 'gregori', 'gregori', '2016-02-26 23:06:30', '2016-02-26 23:06:30');
INSERT INTO "tblCOM_UserProfile" VALUES (281, 'gregori', 730, 'gregori', 'gregori', '2016-02-26 23:06:30', '2016-02-26 23:06:30');
INSERT INTO "tblCOM_UserProfile" VALUES (278, 'gregori', 716, 'gregori', 'gregori', '2016-02-26 23:06:30', '2016-02-26 23:06:30');
INSERT INTO "tblCOM_UserProfile" VALUES (271, 'gregori', 672, 'gregori', 'gregori', '2016-02-26 23:06:30', '2016-02-26 23:06:30');
INSERT INTO "tblCOM_UserProfile" VALUES (271, 'gregori', 673, 'gregori', 'gregori', '2016-02-26 23:06:30', '2016-02-26 23:06:30');
INSERT INTO "tblCOM_UserProfile" VALUES (271, 'gregori', 675, 'gregori', 'gregori', '2016-02-26 23:06:30', '2016-02-26 23:06:30');
INSERT INTO "tblCOM_UserProfile" VALUES (271, 'gregori', 667, 'gregori', 'gregori', '2016-02-26 23:06:30', '2016-02-26 23:06:30');
INSERT INTO "tblCOM_UserProfile" VALUES (272, 'gregori', 676, 'gregori', 'gregori', '2016-02-26 23:06:30', '2016-02-26 23:06:30');
INSERT INTO "tblCOM_UserProfile" VALUES (272, 'gregori', 677, 'gregori', 'gregori', '2016-02-26 23:06:30', '2016-02-26 23:06:30');
INSERT INTO "tblCOM_UserProfile" VALUES (272, 'gregori', 678, 'gregori', 'gregori', '2016-02-26 23:06:30', '2016-02-26 23:06:30');
INSERT INTO "tblCOM_UserProfile" VALUES (272, 'gregori', 668, 'gregori', 'gregori', '2016-02-26 23:06:30', '2016-02-26 23:06:30');
INSERT INTO "tblCOM_UserProfile" VALUES (273, 'gregori', 669, 'gregori', 'gregori', '2016-02-26 23:06:30', '2016-02-26 23:06:30');
INSERT INTO "tblCOM_UserProfile" VALUES (273, 'gregori', 670, 'gregori', 'gregori', '2016-02-26 23:06:30', '2016-02-26 23:06:30');
INSERT INTO "tblCOM_UserProfile" VALUES (273, 'gregori', 671, 'gregori', 'gregori', '2016-02-26 23:06:30', '2016-02-26 23:06:30');
INSERT INTO "tblCOM_UserProfile" VALUES (273, 'gregori', 666, 'gregori', 'gregori', '2016-02-26 23:06:30', '2016-02-26 23:06:30');
INSERT INTO "tblCOM_UserProfile" VALUES (4, 'gregori', 3, 'gregori', 'gregori', '2016-02-26 23:06:30', '2016-02-26 23:06:30');
INSERT INTO "tblCOM_UserProfile" VALUES (84, 'gregori', 760, 'gregori', 'gregori', '2016-02-26 23:06:30', '2016-02-26 23:06:30');
INSERT INTO "tblCOM_UserProfile" VALUES (84, 'gregori', 761, 'gregori', 'gregori', '2016-02-26 23:06:30', '2016-02-26 23:06:30');
INSERT INTO "tblCOM_UserProfile" VALUES (84, 'gregori', 762, 'gregori', 'gregori', '2016-02-26 23:06:30', '2016-02-26 23:06:30');
INSERT INTO "tblCOM_UserProfile" VALUES (84, 'gregori', 84, 'gregori', 'gregori', '2016-02-26 23:06:30', '2016-02-26 23:06:30');
INSERT INTO "tblCOM_UserProfile" VALUES (89, 'gregori', 763, 'gregori', 'gregori', '2016-02-26 23:06:30', '2016-02-26 23:06:30');
INSERT INTO "tblCOM_UserProfile" VALUES (89, 'gregori', 764, 'gregori', 'gregori', '2016-02-26 23:06:30', '2016-02-26 23:06:30');
INSERT INTO "tblCOM_UserProfile" VALUES (89, 'gregori', 89, 'gregori', 'gregori', '2016-02-26 23:06:30', '2016-02-26 23:06:30');
INSERT INTO "tblCOM_UserProfile" VALUES (96, 'gregori', 767, 'gregori', 'gregori', '2016-02-26 23:06:30', '2016-02-26 23:06:30');
INSERT INTO "tblCOM_UserProfile" VALUES (96, 'gregori', 768, 'gregori', 'gregori', '2016-02-26 23:06:30', '2016-02-26 23:06:30');
INSERT INTO "tblCOM_UserProfile" VALUES (96, 'gregori', 769, 'gregori', 'gregori', '2016-02-26 23:06:30', '2016-02-26 23:06:30');
INSERT INTO "tblCOM_UserProfile" VALUES (96, 'gregori', 96, 'gregori', 'gregori', '2016-02-26 23:06:30', '2016-02-26 23:06:30');
INSERT INTO "tblCOM_UserProfile" VALUES (97, 'gregori', 770, 'gregori', 'gregori', '2016-02-26 23:06:30', '2016-02-26 23:06:30');
INSERT INTO "tblCOM_UserProfile" VALUES (97, 'gregori', 771, 'gregori', 'gregori', '2016-02-26 23:06:30', '2016-02-26 23:06:30');
INSERT INTO "tblCOM_UserProfile" VALUES (97, 'gregori', 772, 'gregori', 'gregori', '2016-02-26 23:06:30', '2016-02-26 23:06:30');
INSERT INTO "tblCOM_UserProfile" VALUES (108, 'gregori', 774, 'gregori', 'gregori', '2016-02-26 23:06:30', '2016-02-26 23:06:30');
INSERT INTO "tblCOM_UserProfile" VALUES (108, 'gregori', 775, 'gregori', 'gregori', '2016-02-26 23:06:30', '2016-02-26 23:06:30');
INSERT INTO "tblCOM_UserProfile" VALUES (108, 'gregori', 776, 'gregori', 'gregori', '2016-02-26 23:06:30', '2016-02-26 23:06:30');
INSERT INTO "tblCOM_UserProfile" VALUES (284, 'gregori', 758, 'gregori', 'gregori', '2016-02-26 23:06:30', '2016-02-26 23:06:30');
INSERT INTO "tblCOM_UserProfile" VALUES (284, 'gregori', 759, 'gregori', 'gregori', '2016-02-26 23:06:30', '2016-02-26 23:06:30');
INSERT INTO "tblCOM_UserProfile" VALUES (284, 'gregori', 757, 'gregori', 'gregori', '2016-02-26 23:06:30', '2016-02-26 23:06:30');
INSERT INTO "tblCOM_UserProfile" VALUES (285, 'gregori', 766, 'gregori', 'gregori', '2016-02-26 23:06:30', '2016-02-26 23:06:30');
INSERT INTO "tblCOM_UserProfile" VALUES (287, 'gregori', 778, 'gregori', 'gregori', '2016-02-26 23:06:30', '2016-02-26 23:06:30');
INSERT INTO "tblCOM_UserProfile" VALUES (287, 'gregori', 777, 'gregori', 'gregori', '2016-02-26 23:06:30', '2016-02-26 23:06:30');
INSERT INTO "tblCOM_UserProfile" VALUES (5, 'gregori', 4, 'gregori', 'gregori', '2016-02-26 23:06:30', '2016-02-26 23:06:30');
INSERT INTO "tblCOM_UserProfile" VALUES (176, 'gregori', 176, 'gregori', 'gregori', '2016-02-26 23:06:30', '2016-02-26 23:06:30');
INSERT INTO "tblCOM_UserProfile" VALUES (182, 'gregori', 182, 'gregori', 'gregori', '2016-02-26 23:06:30', '2016-02-26 23:06:30');
INSERT INTO "tblCOM_UserProfile" VALUES (183, 'gregori', 183, 'gregori', 'gregori', '2016-02-26 23:06:30', '2016-02-26 23:06:30');
INSERT INTO "tblCOM_UserProfile" VALUES (238, 'gregori', 239, 'gregori', 'gregori', '2016-02-26 23:06:30', '2016-02-26 23:06:30');
INSERT INTO "tblCOM_UserProfile" VALUES (6, 'gregori', 5, 'gregori', 'gregori', '2016-02-26 23:06:30', '2016-02-26 23:06:30');
INSERT INTO "tblCOM_UserProfile" VALUES (7, 'gregori', 6, 'gregori', 'gregori', '2016-02-26 23:06:30', '2016-02-26 23:06:30');
INSERT INTO "tblCOM_UserProfile" VALUES (8, 'gregori', 7, 'gregori', 'gregori', '2016-02-26 23:06:30', '2016-02-26 23:06:30');
INSERT INTO "tblCOM_UserProfile" VALUES (186, 'gregori', 186, 'gregori', 'gregori', '2016-02-26 23:06:30', '2016-02-26 23:06:30');


--
-- Data for Name: tblCOM_UserRecordLock; Type: TABLE DATA; Schema: public; Owner: postgres
--

INSERT INTO "tblCOM_UserRecordLock" VALUES ('6d65d43f2ccb0ceadb559790bc00c251                  ', 'tblINV_PCount                                                                                                                                                                                                                                                  ', 'gregori                       ', NULL, '2016-03-07 03:22:45');
INSERT INTO "tblCOM_UserRecordLock" VALUES ('37ea111f375a5bbb44de0bc9a808323e                  ', 'tblINV_PCount                                                                                                                                                                                                                                                  ', 'gregori                       ', NULL, '2016-03-07 03:57:21');
INSERT INTO "tblCOM_UserRecordLock" VALUES ('347beeda8c6c8837919857b542a086f6                  ', 'tblINV_PCount                                                                                                                                                                                                                                                  ', 'gregori                       ', NULL, '2016-03-08 01:25:11');
INSERT INTO "tblCOM_UserRecordLock" VALUES ('undefined                                         ', 'tblINV_PCount                                                                                                                                                                                                                                                  ', 'gregori                       ', NULL, '2016-03-08 03:08:51');
INSERT INTO "tblCOM_UserRecordLock" VALUES ('                                                  ', 'tblINV_PCount                                                                                                                                                                                                                                                  ', 'gregori                       ', NULL, '2016-03-08 03:23:32');
INSERT INTO "tblCOM_UserRecordLock" VALUES ('565a0cf2291934061be5cf3b1bc4b19f                  ', 'tblINV_IRJ                                                                                                                                                                                                                                                     ', 'gregori                       ', NULL, '2016-03-08 04:10:08');
INSERT INTO "tblCOM_UserRecordLock" VALUES ('58276c314492feb2a300388513eed49f                  ', 'tblACC_APVHeader                                                                                                                                                                                                                                               ', 'gregori                       ', NULL, '2016-03-08 04:11:10');
INSERT INTO "tblCOM_UserRecordLock" VALUES ('1                                                 ', 'tblINV_PCount                                                                                                                                                                                                                                                  ', 'gregori                       ', NULL, '2016-03-08 18:55:12');
INSERT INTO "tblCOM_UserRecordLock" VALUES ('2                                                 ', 'tblINV_PCount                                                                                                                                                                                                                                                  ', 'gregori                       ', NULL, '2016-03-08 18:55:46');
INSERT INTO "tblCOM_UserRecordLock" VALUES ('b607ced003ec8c0168284bdb82565697                  ', 'tblINV_PCount                                                                                                                                                                                                                                                  ', 'gregori                       ', NULL, '2016-03-08 19:28:15');
INSERT INTO "tblCOM_UserRecordLock" VALUES ('test                                              ', 'tblINV_PCount                                                                                                                                                                                                                                                  ', 'gregori                       ', NULL, '2016-03-08 23:45:25');
INSERT INTO "tblCOM_UserRecordLock" VALUES ('c4ca4238a0b923820dcc509a6f75849b                  ', 'tblINV_PCount                                                                                                                                                                                                                                                  ', 'gregori                       ', NULL, '2016-03-09 01:16:39');
INSERT INTO "tblCOM_UserRecordLock" VALUES ('c81e728d9d4c2f636f067f89cc14862c                  ', 'tblINV_PCount                                                                                                                                                                                                                                                  ', 'gregori                       ', NULL, '2016-03-09 01:45:21');


--
-- Data for Name: tblINV_Category; Type: TABLE DATA; Schema: public; Owner: postgres
--

INSERT INTO "tblINV_Category" VALUES ('TB', 'Toys for Boys', 'RD', 'gregori', '2015-10-21 14:23:02', 'gregori', '2015-11-11 02:50:18', B'1');
INSERT INTO "tblINV_Category" VALUES ('TG', 'Toys for Girls', 'RD', 'gregori', '2015-11-11 02:50:36', 'gregori', '2015-11-11 02:50:36', B'1');
INSERT INTO "tblINV_Category" VALUES ('FD', 'Food', 'RD', 'gregori', '2015-09-10 00:24:03', 'gregori', '2015-11-11 02:52:38', B'1');
INSERT INTO "tblINV_Category" VALUES ('RP-0001', 'Utilities', 'Services', 'gregori', '2015-11-11 02:52:01', 'gregori', '2015-11-11 02:52:01', B'1');
INSERT INTO "tblINV_Category" VALUES ('VIP', 'VIP', 'NRD', 'gregori', '2015-11-11 03:17:16', 'gregori', '2015-11-11 03:17:16', B'1');
INSERT INTO "tblINV_Category" VALUES ('SV', 'Services', 'Services', 'gregori', '2015-11-13 00:55:50', 'gregori', '2015-11-13 00:56:38', B'1');
INSERT INTO "tblINV_Category" VALUES ('DD', 'Dedicated Machine', 'MC', NULL, NULL, NULL, NULL, B'1');
INSERT INTO "tblINV_Category" VALUES ('KR', 'Kiddie Rides', 'MC', NULL, NULL, NULL, NULL, B'1');
INSERT INTO "tblINV_Category" VALUES ('MG', 'Medal Games', 'MC', NULL, NULL, NULL, NULL, B'1');
INSERT INTO "tblINV_Category" VALUES ('PD', 'Prize Dispensing', 'MC', NULL, NULL, NULL, NULL, B'1');
INSERT INTO "tblINV_Category" VALUES ('PT', 'Piso Tokens', 'MC', NULL, NULL, NULL, NULL, B'1');
INSERT INTO "tblINV_Category" VALUES ('RM', 'Redemption', 'MC', NULL, NULL, NULL, NULL, B'1');
INSERT INTO "tblINV_Category" VALUES ('VM', 'Video Machines', 'MC', NULL, NULL, NULL, NULL, B'1');
INSERT INTO "tblINV_Category" VALUES ('TTP', 'TTP Items', 'NRD', NULL, NULL, NULL, NULL, B'1');


--
-- Data for Name: tblINV_IRJ; Type: TABLE DATA; Schema: public; Owner: postgres
--

INSERT INTO "tblINV_IRJ" VALUES ('IRJ-100035', '2016-01-25 00:00:00', 'SMMM', 'test', 'KC', 'test', '2016-01-25 00:00:00', 'Pending', 'gregori', '2016-01-25 01:43:57', 'gregori', '2016-01-25 02:06:26');
INSERT INTO "tblINV_IRJ" VALUES ('IRJ-100036', NULL, NULL, NULL, NULL, NULL, NULL, NULL, 'gregori', '2016-01-25 23:57:02', 'gregori', '2016-01-25 23:57:02');
INSERT INTO "tblINV_IRJ" VALUES ('IRJ-100037', NULL, NULL, NULL, NULL, NULL, NULL, NULL, 'gregori', '2016-01-25 23:58:50', 'gregori', '2016-01-25 23:58:50');
INSERT INTO "tblINV_IRJ" VALUES ('IRJ-100038', NULL, NULL, NULL, NULL, NULL, NULL, NULL, 'gregori', '2016-01-25 23:59:59', 'gregori', '2016-01-25 23:59:59');
INSERT INTO "tblINV_IRJ" VALUES ('IRJ-100039', NULL, NULL, NULL, NULL, NULL, NULL, NULL, 'gregori', '2016-01-27 22:51:25', 'gregori', '2016-01-27 22:51:25');
INSERT INTO "tblINV_IRJ" VALUES ('IRJ-100040', NULL, NULL, NULL, NULL, NULL, NULL, NULL, 'gregori', '2016-02-10 03:01:31', 'gregori', '2016-02-10 03:01:31');
INSERT INTO "tblINV_IRJ" VALUES ('IRJ-100041', NULL, NULL, NULL, NULL, NULL, NULL, NULL, 'gregori', '2016-02-26 20:14:55', 'gregori', '2016-02-26 20:14:55');


--
-- Data for Name: tblINV_IRJDetail; Type: TABLE DATA; Schema: public; Owner: postgres
--

INSERT INTO "tblINV_IRJDetail" VALUES ('IRJ-100035', 'NRD', 'VIP-FGC-1000064', 'Funtastik Gift Card', 'Satelite', 234.0000, 'PC', NULL, NULL, NULL, 'gregori', '2016-01-25 01:44:58', 'gregori', '2016-01-25 01:44:58', 17);


--
-- Name: tblINV_IRJDetail_IRJD_LineNo_seq; Type: SEQUENCE SET; Schema: public; Owner: postgres
--

SELECT pg_catalog.setval('"tblINV_IRJDetail_IRJD_LineNo_seq"', 17, true);


--
-- Data for Name: tblINV_Identifier; Type: TABLE DATA; Schema: public; Owner: postgres
--

INSERT INTO "tblINV_Identifier" VALUES ('BR', 'Brand', B'1', 'gregori', '2015-09-10 00:25:08', 'gregori', '2015-09-10 00:25:08');
INSERT INTO "tblINV_Identifier" VALUES ('SZ', 'Size', B'1', 'gregori', '2015-09-10 00:25:18', 'gregori', '2015-09-10 00:25:18');
INSERT INTO "tblINV_Identifier" VALUES ('FL', 'Flavor', B'1', 'gregori', '2015-09-10 00:25:34', 'gregori', '2015-09-10 00:25:34');
INSERT INTO "tblINV_Identifier" VALUES ('Telco', 'Telco', B'1', 'gregori', '2015-10-21 14:23:49', 'gregori', '2015-11-11 03:04:29');


--
-- Data for Name: tblINV_IdentifierDetails; Type: TABLE DATA; Schema: public; Owner: postgres
--

INSERT INTO "tblINV_IdentifierDetails" VALUES ('Cheese', 'FL', B'1', 'gregori', '2015-09-10 00:25:58-07', 'gregori', '2015-09-10 00:25:58', 32, 'SN');
INSERT INTO "tblINV_IdentifierDetails" VALUES ('Barbeque', 'FL', B'1', 'gregori', '2015-09-10 00:26:09-07', 'gregori', '2015-09-10 00:26:09', 33, 'SN');
INSERT INTO "tblINV_IdentifierDetails" VALUES ('Small', 'SZ', B'1', 'gregori', '2015-09-10 00:26:34-07', 'gregori', '2015-09-10 00:26:34', 34, 'SN');
INSERT INTO "tblINV_IdentifierDetails" VALUES ('Medium', 'SZ', B'1', 'gregori', '2015-09-10 00:26:42-07', 'gregori', '2015-09-10 00:26:42', 35, 'SN');
INSERT INTO "tblINV_IdentifierDetails" VALUES ('Large', 'SZ', B'1', 'gregori', '2015-09-10 00:26:49-07', 'gregori', '2015-09-10 00:26:49', 36, 'SN');
INSERT INTO "tblINV_IdentifierDetails" VALUES ('Piatos', 'BR', B'1', 'gregori', '2015-09-10 00:27:14-07', 'gregori', '2015-09-10 00:27:14', 37, 'SN');
INSERT INTO "tblINV_IdentifierDetails" VALUES ('V-Cut', 'BR', B'1', 'gregori', '2015-09-10 00:27:24-07', 'gregori', '2015-09-10 00:27:24', 38, 'SN');
INSERT INTO "tblINV_IdentifierDetails" VALUES ('Coke', 'BR', B'1', 'gregori', '2015-11-10 11:03:12-08', 'gregori', '2015-11-11 03:03:12', 41, 'DR');
INSERT INTO "tblINV_IdentifierDetails" VALUES ('Pepsi', 'BR', B'1', 'gregori', '2015-11-10 11:03:25-08', 'gregori', '2015-11-11 03:03:25', 42, 'DR');
INSERT INTO "tblINV_IdentifierDetails" VALUES ('Globe', 'Telco', B'1', 'gregori', '2015-10-21 14:25:00-07', 'gregori', '2015-11-11 03:05:06', 40, 'PB');
INSERT INTO "tblINV_IdentifierDetails" VALUES ('Smart', 'Telco', B'1', 'gregori', '2015-11-10 11:05:16-08', 'gregori', '2015-11-11 03:05:16', 43, 'PB');
INSERT INTO "tblINV_IdentifierDetails" VALUES ('Meralco', 'Telco', B'1', 'gregori', '2015-11-10 11:05:31-08', 'gregori', '2015-11-11 03:05:31', 44, 'MB');


--
-- Name: tblINV_IdentifierDetails_IDD_Id_seq; Type: SEQUENCE SET; Schema: public; Owner: postgres
--

SELECT pg_catalog.setval('"tblINV_IdentifierDetails_IDD_Id_seq"', 44, true);


--
-- Data for Name: tblINV_IdentifierSetup; Type: TABLE DATA; Schema: public; Owner: postgres
--

INSERT INTO "tblINV_IdentifierSetup" VALUES ('FD', 'BR', B'0', NULL, NULL, NULL, NULL);
INSERT INTO "tblINV_IdentifierSetup" VALUES ('FD', 'FL', B'0', NULL, NULL, NULL, NULL);
INSERT INTO "tblINV_IdentifierSetup" VALUES ('FD', 'SZ', B'0', NULL, NULL, NULL, NULL);
INSERT INTO "tblINV_IdentifierSetup" VALUES ('TB', 'Telco', B'0', NULL, NULL, NULL, NULL);


--
-- Data for Name: tblINV_Item; Type: TABLE DATA; Schema: public; Owner: postgres
--

INSERT INTO "tblINV_Item" VALUES ('SV-PL-1000065', NULL, 'Payment for Loan', NULL, NULL, NULL, NULL, 'VAT', 'LOAN ACCOUNT', 'NOWHT', NULL, NULL, NULL, NULL, NULL, 'SV', NULL, NULL, NULL, NULL, B'1', B'1', B'1', 'Services', NULL, NULL, B'0', NULL, NULL, B'0', 'PL', 'gregori', '2015-11-13 00:58:29', 'gregori', '2015-11-13 00:58:29', B'1', NULL, B'0', NULL, NULL, NULL, NULL, NULL, NULL, NULL, NULL, '[]');
INSERT INTO "tblINV_Item" VALUES ('SV-PPI-1000067', NULL, 'Payment for Prepaid Insurance', NULL, NULL, NULL, NULL, 'VAT', 'PREPAID INSURANCE', 'GOODS', NULL, NULL, NULL, NULL, NULL, 'SV', NULL, NULL, NULL, NULL, B'1', B'1', B'1', 'Services', NULL, NULL, B'0', NULL, NULL, B'0', 'PPI', 'gregori', '2015-11-13 03:37:04', 'gregori', '2015-11-13 03:37:04', B'1', NULL, B'0', NULL, NULL, NULL, 'ACC', NULL, NULL, NULL, NULL, '[]');
INSERT INTO "tblINV_Item" VALUES ('RP-0001-MB-1000063', NULL, 'Payment for Electricity Bills', NULL, NULL, NULL, NULL, 'VAT', 'OTHERS', 'GOODS', NULL, NULL, NULL, NULL, NULL, 'RP-0001', NULL, NULL, NULL, NULL, B'1', B'1', B'1', 'Services', NULL, NULL, B'0', NULL, NULL, B'0', 'MB', 'gregori', '2015-11-11 03:11:56', 'gregori', '2015-11-11 03:11:56', B'1', NULL, B'0', NULL, NULL, NULL, 'ACC', NULL, NULL, NULL, NULL, '[]');
INSERT INTO "tblINV_Item" VALUES ('FD-SN-1000058', '', 'Snacks Piatos Barbeque Small', NULL, 0.0000, NULL, 0.0000, NULL, 'REDEMPTION', 'GOODS', NULL, NULL, NULL, NULL, NULL, 'FD', NULL, NULL, NULL, NULL, B'1', B'1', B'1', 'RD', NULL, NULL, B'0', NULL, NULL, B'0', 'SN', 'gregori', '2015-11-11 02:48:49', 'testuser1', '2015-12-29 21:12:27', B'1', 0, B'0', NULL, NULL, 'RD', NULL, B'0', 112, 'IM-100101', 'Approved', '[]');
INSERT INTO "tblINV_Item" VALUES ('SV-PI-1000066', NULL, 'Payment for Interest', NULL, NULL, NULL, 10.0000, 'VAT', 'INTEREST ACCOUNT', 'GOODS', NULL, NULL, NULL, NULL, NULL, 'SV', NULL, NULL, NULL, NULL, B'1', B'1', B'1', 'Services', NULL, NULL, B'0', NULL, NULL, B'0', 'PI', 'gregori', '2015-11-13 00:58:53', 'gregori', '2015-11-13 00:58:53', B'1', NULL, B'0', NULL, NULL, NULL, 'ACC', NULL, NULL, NULL, NULL, '[]');
INSERT INTO "tblINV_Item" VALUES ('FD-SN-1000069', '', 'Snacks Piatos Barbeque Small', NULL, 0.0000, NULL, 0.0000, NULL, NULL, NULL, 12.0000, NULL, NULL, NULL, NULL, 'FD', NULL, NULL, NULL, NULL, B'1', B'1', B'1', 'RD', NULL, NULL, B'0', NULL, NULL, B'0', 'SN', 'gregori', '2015-12-29 21:06:42', 'gregori', '2016-01-29 01:47:48', B'0', 0, B'0', NULL, NULL, 'RD', NULL, B'0', 113, 'IM-100108', 'Open', '{"IM_Purchased_Desc":null,"IM_VATProductPostingGroup":null,"IM_OnHandQty":null,"IM_TotalValue":null,"IM_ManufacturerPartNo":null,"IM_Weight":null,"IM_ExpDate":null,"IM_FK_SizeSet_id":null,"IM_Model":null,"IM_MinStkLvl":null,"IM_SalePrice":null,"IM_SaleType":"1","IM_Consign":"1","IM_Promo":"1","IM_Royalty":null,"IM_PackageItem":null,"IM_Short_Desc":null,"IM_NextSeries":null,"CreatedBy":"gregori","DateCreated":"2015-12-29 21:06:42","ModifiedBy":"testuser1","DateModified":"2015-12-29 21:13:01","IM_Active":"1","IM_OldItemCode":null,"IM_SupplierItemCode":null,"IM_DocNo":"IM-100108","IM_Status":"Approved","IM_Updates":"[]","id":"91aa3f7cb0337809403474f7bd17879e"}');
INSERT INTO "tblINV_Item" VALUES ('FD-DR-1000061', '', 'Drinks Coke', NULL, 0.0000, NULL, 0.0000, NULL, 'REDEMPTION', 'GOODS', NULL, NULL, NULL, NULL, NULL, 'FD', NULL, NULL, NULL, NULL, B'1', B'1', B'1', 'RD', NULL, NULL, B'0', NULL, NULL, B'0', 'DR', 'gregori', '2015-11-11 03:09:55', 'gregori', '2016-02-10 19:10:41', B'0', 0, B'0', NULL, NULL, 'RD', NULL, B'0', 113, 'IM-100104', 'Open', '{"IM_Purchased_Desc":null,"IM_VATProductPostingGroup":null,"IM_OnHandQty":null,"IM_TotalValue":null,"IM_ManufacturerPartNo":null,"IM_Weight":null,"IM_ExpDate":null,"IM_FK_SizeSet_id":null,"IM_Model":null,"IM_MinStkLvl":null,"IM_SalePrice":null,"IM_SaleType":"1","IM_Consign":"1","IM_Promo":"1","IM_Royalty":null,"IM_PackageItem":null,"IM_Short_Desc":null,"IM_NextSeries":null,"CreatedBy":"gregori","DateCreated":"2015-11-11 03:09:55","ModifiedBy":"testuser1","DateModified":"2015-12-29 21:12:33","IM_Active":"1","IM_OldItemCode":null,"IM_SupplierItemCode":null,"IM_DocNo":"IM-100104","IM_Status":"Approved","IM_Updates":"[]","id":"4d3db550d3b2f54de832bc07eecd3093"}');
INSERT INTO "tblINV_Item" VALUES ('VIP-FGC-1000071', '', 'Funtastik Gift Card', NULL, 88.8888, NULL, 99.9999, NULL, 'TICKETS-IMP', 'GOODS', NULL, NULL, NULL, NULL, NULL, 'VIP', NULL, NULL, NULL, NULL, B'1', B'1', B'1', 'NRD', NULL, NULL, B'0', NULL, NULL, B'1', 'FGC', 'gregori', '2016-01-26 00:40:05', 'gregori', '2016-02-10 19:31:12', B'0', 0, B'0', NULL, NULL, 'NRD', 'ACC', B'0', 112, 'IM-100110', 'Open', '{"IM_Purchased_Desc":null,"IM_VATProductPostingGroup":null,"IM_OnHandQty":null,"IM_TotalValue":null,"IM_ManufacturerPartNo":null,"IM_Weight":null,"IM_ExpDate":null,"IM_FK_SizeSet_id":null,"IM_Model":null,"IM_MinStkLvl":null,"IM_SalePrice":null,"IM_SaleType":"1","IM_Consign":"1","IM_Promo":"1","IM_Royalty":null,"IM_PackageItem":null,"IM_Short_Desc":null,"IM_NextSeries":null,"CreatedBy":"gregori","DateCreated":"2016-01-26 00:40:05","ModifiedBy":"gregori","DateModified":"2016-01-31 18:01:27","IM_OldItemCode":null,"IM_SupplierItemCode":null,"IM_DocNo":"IM-100110","IM_Updates":"{\"IM_Purchased_Desc\":null,\"IM_VATProductPostingGroup\":null,\"IM_OnHandQty\":null,\"IM_TotalValue\":null,\"IM_ManufacturerPartNo\":null,\"IM_Weight\":null,\"IM_ExpDate\":null,\"IM_FK_SizeSet_id\":null,\"IM_Model\":null,\"IM_MinStkLvl\":null,\"IM_SalePrice\":null,\"IM_SaleType\":\"1\",\"IM_Consign\":\"1\",\"IM_Promo\":\"1\",\"IM_Royalty\":null,\"IM_PackageItem\":null,\"IM_Short_Desc\":null,\"IM_NextSeries\":null,\"CreatedBy\":\"gregori\",\"DateCreated\":\"2016-01-26 00:40:05\",\"ModifiedBy\":\"gregori\",\"DateModified\":\"2016-01-26 00:41:05\",\"IM_OldItemCode\":null,\"IM_SupplierItemCode\":null,\"IM_DocNo\":\"IM-100110\",\"IM_Status\":\"Approved\",\"IM_Updates\":\"{\\\"IM_Item_id\\\":\\\"-1000071\\\",\\\"IM_UPCCode\\\":null,\\\"IM_Sales_Desc\\\":null,\\\"IM_Purchased_Desc\\\":null,\\\"IM_CostOfGoods\\\":null,\\\"IM_UnitCost\\\":null,\\\"IM_VATProductPostingGroup\\\":null,\\\"IM_INVPosting_Group\\\":null,\\\"IM_WHTProductPostingGroup\\\":null,\\\"IM_OnHandQty\\\":null,\\\"IM_TotalValue\\\":null,\\\"IM_ManufacturerPartNo\\\":null,\\\"IM_Weight\\\":null,\\\"IM_ExpDate\\\":null,\\\"IM_FK_Category_id\\\":null,\\\"IM_FK_SizeSet_id\\\":null,\\\"IM_Model\\\":null,\\\"IM_MinStkLvl\\\":null,\\\"IM_SalePrice\\\":null,\\\"IM_SaleType\\\":\\\"1\\\",\\\"IM_Consign\\\":\\\"1\\\",\\\"IM_Promo\\\":\\\"1\\\",\\\"IM_FK_ItemType_id\\\":null,\\\"IM_Royalty\\\":null,\\\"IM_PackageItem\\\":null,\\\"IM_Short_Desc\\\":null,\\\"IM_NextSeries\\\":null,\\\"IM_Serialize\\\":\\\"0\\\",\\\"IM_FK_SubCategory_id\\\":null,\\\"CreatedBy\\\":\\\"gregori\\\",\\\"DateCreated\\\":\\\"2016-01-26 00:40:05\\\",\\\"ModifiedBy\\\":\\\"gregori\\\",\\\"DateModified\\\":\\\"2016-01-26 00:40:05\\\",\\\"IM_Active\\\":\\\"1\\\",\\\"IM_Points\\\":null,\\\"IM_OldItemCode\\\":null,\\\"IM_SupplierItemCode\\\":null,\\\"IM_FK_BuyerClass_id\\\":null,\\\"IM_FK_Department_id\\\":null,\\\"IM_ForTO\\\":null,\\\"IM_FK_Attribute_UOM_id\\\":null,\\\"IM_DocNo\\\":\\\"IM-100110\\\",\\\"IM_Status\\\":null,\\\"IM_Updates\\\":\\\"[]\\\",\\\"id\\\":\\\"9d5f997efba39ff07da0fa54b6cbed01\\\"}\",\"id\":\"1307e6623aa6c5cc9a7576de693a12a9\"}","id":"1307e6623aa6c5cc9a7576de693a12a9"}');
INSERT INTO "tblINV_Item" VALUES ('-1000076', NULL, NULL, NULL, NULL, NULL, NULL, NULL, NULL, NULL, NULL, NULL, NULL, NULL, NULL, NULL, NULL, NULL, NULL, NULL, B'1', B'1', B'1', NULL, NULL, NULL, B'0', NULL, NULL, B'0', NULL, 'gregori', '2016-02-14 18:16:29', 'gregori', '2016-02-14 18:16:29', B'1', NULL, B'0', NULL, NULL, NULL, NULL, NULL, NULL, 'IM-100114', NULL, '[]');
INSERT INTO "tblINV_Item" VALUES ('-1000077', NULL, NULL, NULL, NULL, NULL, NULL, NULL, NULL, NULL, NULL, NULL, NULL, NULL, NULL, NULL, NULL, NULL, NULL, NULL, B'1', B'1', B'1', NULL, NULL, NULL, B'0', NULL, NULL, B'0', NULL, 'gregori', '2016-02-14 18:19:04', 'gregori', '2016-02-14 18:19:04', B'1', NULL, B'0', NULL, NULL, NULL, NULL, NULL, NULL, 'IM-100115', NULL, '[]');
INSERT INTO "tblINV_Item" VALUES ('VIP-FGC-1000064', '', 'Funtastik Gift Card', NULL, 0.0000, NULL, 0.0000, NULL, 'GC', 'GOODS', NULL, NULL, NULL, NULL, NULL, 'VIP', NULL, NULL, NULL, NULL, B'1', B'1', B'1', 'NRD', NULL, NULL, B'0', NULL, NULL, B'0', 'FGC', 'gregori', '2015-11-11 03:15:46', 'gregori', '2016-02-15 01:33:07', B'0', 0, B'0', NULL, NULL, 'RD', 'ACC', B'0', 113, 'IM-100106', 'Open', '{"IM_Purchased_Desc":null,"IM_VATProductPostingGroup":null,"IM_OnHandQty":null,"IM_TotalValue":null,"IM_ManufacturerPartNo":null,"IM_Weight":null,"IM_ExpDate":null,"IM_FK_SizeSet_id":null,"IM_Model":null,"IM_MinStkLvl":null,"IM_SalePrice":null,"IM_SaleType":"1","IM_Consign":"1","IM_Promo":"1","IM_Royalty":null,"IM_PackageItem":null,"IM_Short_Desc":null,"IM_NextSeries":null,"CreatedBy":"gregori","DateCreated":"2015-11-11 03:15:46","ModifiedBy":"testuser1","DateModified":"2015-12-29 21:12:44","IM_Active":"1","IM_OldItemCode":null,"IM_SupplierItemCode":null,"IM_DocNo":"IM-100106","IM_Status":"Approved","IM_Updates":"[]","id":"af7a2c64b61a8f86b081d3dc55711fb8"}');
INSERT INTO "tblINV_Item" VALUES ('MC-10001', NULL, 'Battle Gear (series)', NULL, 0.0000, NULL, 0.0000, 'VAT', 'OTHERS', 'GOODS', 0.0000, 0.0000, NULL, 0.0000, NULL, 'DD', NULL, NULL, 0.0000, 0.0000, B'0', B'0', B'0', 'MC', B'0', B'0', B'1', NULL, NULL, B'0', NULL, NULL, NULL, NULL, NULL, B'1', NULL, B'0', NULL, NULL, NULL, NULL, B'0', 123, 'MC-10001', '1', NULL);
INSERT INTO "tblINV_Item" VALUES ('MC-10002', NULL, 'Drum Mania', NULL, 0.0000, NULL, 0.0000, 'VAT', 'OTHERS', 'GOODS', 0.0000, 0.0000, NULL, 0.0000, NULL, 'DD', NULL, NULL, 0.0000, 0.0000, B'0', B'0', B'0', 'MC', B'0', B'0', B'1', NULL, NULL, B'0', NULL, NULL, NULL, NULL, NULL, B'1', NULL, B'0', NULL, NULL, NULL, NULL, B'0', 123, 'MC-10002', '1', NULL);
INSERT INTO "tblINV_Item" VALUES ('MC-10003', NULL, 'Ghost Squad', NULL, 0.0000, NULL, 0.0000, 'VAT', 'OTHERS', 'GOODS', 0.0000, 0.0000, NULL, 0.0000, NULL, 'DD', NULL, NULL, 0.0000, 0.0000, B'0', B'0', B'0', 'MC', B'0', B'0', B'1', NULL, NULL, B'0', NULL, NULL, NULL, NULL, NULL, B'1', NULL, B'0', NULL, NULL, NULL, NULL, B'0', 123, 'MC-10003', '1', NULL);
INSERT INTO "tblINV_Item" VALUES ('MC-10004', NULL, 'Hockey Machines', NULL, 0.0000, NULL, 0.0000, 'VAT', 'OTHERS', 'GOODS', 0.0000, 0.0000, NULL, 0.0000, NULL, 'DD', NULL, NULL, 0.0000, 0.0000, B'0', B'0', B'0', 'MC', B'0', B'0', B'1', NULL, NULL, B'0', NULL, NULL, NULL, NULL, NULL, B'1', NULL, B'0', NULL, NULL, NULL, NULL, B'0', 123, 'MC-10004', '1', NULL);
INSERT INTO "tblINV_Item" VALUES ('MC-10005', NULL, 'Hockey Stadium', NULL, 0.0000, NULL, 0.0000, 'VAT', 'OTHERS', 'GOODS', 0.0000, 0.0000, NULL, 0.0000, NULL, 'DD', NULL, NULL, 0.0000, 0.0000, B'0', B'0', B'0', 'MC', B'0', B'0', B'1', NULL, NULL, B'0', NULL, NULL, NULL, NULL, NULL, B'1', NULL, B'0', NULL, NULL, NULL, NULL, B'0', 123, 'MC-10005', '1', NULL);
INSERT INTO "tblINV_Item" VALUES ('MC-10006', NULL, 'Angel Carousel', NULL, 0.0000, NULL, 0.0000, 'VAT', 'OTHERS', 'GOODS', 0.0000, 0.0000, NULL, 0.0000, NULL, 'KR', NULL, NULL, 0.0000, 0.0000, B'0', B'0', B'0', 'MC', B'0', B'0', B'1', NULL, NULL, B'0', NULL, NULL, NULL, NULL, NULL, B'1', NULL, B'0', NULL, NULL, NULL, NULL, B'0', 123, 'MC-10006', '1', NULL);
INSERT INTO "tblINV_Item" VALUES ('MC-10007', NULL, 'Candy Carousel', NULL, 0.0000, NULL, 0.0000, 'VAT', 'OTHERS', 'GOODS', 0.0000, 0.0000, NULL, 0.0000, NULL, 'KR', NULL, NULL, 0.0000, 0.0000, B'0', B'0', B'0', 'MC', B'0', B'0', B'1', NULL, NULL, B'0', NULL, NULL, NULL, NULL, NULL, B'1', NULL, B'0', NULL, NULL, NULL, NULL, B'0', 123, 'MC-10007', '1', NULL);
INSERT INTO "tblINV_Item" VALUES ('MC-10008', NULL, 'Ferrari', NULL, 0.0000, NULL, 0.0000, 'VAT', 'OTHERS', 'GOODS', 0.0000, 0.0000, NULL, 0.0000, NULL, 'KR', NULL, NULL, 0.0000, 0.0000, B'0', B'0', B'0', 'MC', B'0', B'0', B'1', NULL, NULL, B'0', NULL, NULL, NULL, NULL, NULL, B'1', NULL, B'0', NULL, NULL, NULL, NULL, B'0', 123, 'MC-10008', '1', NULL);
INSERT INTO "tblINV_Item" VALUES ('MC-10009', NULL, 'Jumpin Carousel', NULL, 0.0000, NULL, 0.0000, 'VAT', 'OTHERS', 'GOODS', 0.0000, 0.0000, NULL, 0.0000, NULL, 'KR', NULL, NULL, 0.0000, 0.0000, B'0', B'0', B'0', 'MC', B'0', B'0', B'1', NULL, NULL, B'0', NULL, NULL, NULL, NULL, NULL, B'1', NULL, B'0', NULL, NULL, NULL, NULL, B'0', 123, 'MC-10009', '1', NULL);
INSERT INTO "tblINV_Item" VALUES ('MC-10010', NULL, 'Mini Carousel (3 cabs)', NULL, 0.0000, NULL, 0.0000, 'VAT', 'OTHERS', 'GOODS', 0.0000, 0.0000, NULL, 0.0000, NULL, 'KR', NULL, NULL, 0.0000, 0.0000, B'0', B'0', B'0', 'MC', B'0', B'0', B'1', NULL, NULL, B'0', NULL, NULL, NULL, NULL, NULL, B'1', NULL, B'0', NULL, NULL, NULL, NULL, B'0', 123, 'MC-10010', '1', NULL);
INSERT INTO "tblINV_Item" VALUES ('MC-10011', NULL, '9th Ball', NULL, 0.0000, NULL, 0.0000, 'VAT', 'OTHERS', 'GOODS', 0.0000, 0.0000, NULL, 0.0000, NULL, 'MG', NULL, NULL, 0.0000, 0.0000, B'0', B'0', B'0', 'MC', B'0', B'0', B'1', NULL, NULL, B'0', NULL, NULL, NULL, NULL, NULL, B'1', NULL, B'0', NULL, NULL, NULL, NULL, B'0', 123, 'MC-10011', '1', NULL);
INSERT INTO "tblINV_Item" VALUES ('MC-10012', NULL, 'Amuzy Machines', NULL, 0.0000, NULL, 0.0000, 'VAT', 'OTHERS', 'GOODS', 0.0000, 0.0000, NULL, 0.0000, NULL, 'MG', NULL, NULL, 0.0000, 0.0000, B'0', B'0', B'0', 'MC', B'0', B'0', B'1', NULL, NULL, B'0', NULL, NULL, NULL, NULL, NULL, B'1', NULL, B'0', NULL, NULL, NULL, NULL, B'0', 123, 'MC-10012', '1', NULL);
INSERT INTO "tblINV_Item" VALUES ('MC-10013', NULL, 'Coin Pusher Machines', NULL, 0.0000, NULL, 0.0000, 'VAT', 'OTHERS', 'GOODS', 0.0000, 0.0000, NULL, 0.0000, NULL, 'MG', NULL, NULL, 0.0000, 0.0000, B'0', B'0', B'0', 'MC', B'0', B'0', B'1', NULL, NULL, B'0', NULL, NULL, NULL, NULL, NULL, B'1', NULL, B'0', NULL, NULL, NULL, NULL, B'0', 123, 'MC-10013', '1', NULL);
INSERT INTO "tblINV_Item" VALUES ('MC-10014', NULL, 'Dolphin Surfer', NULL, 0.0000, NULL, 0.0000, 'VAT', 'OTHERS', 'GOODS', 0.0000, 0.0000, NULL, 0.0000, NULL, 'MG', NULL, NULL, 0.0000, 0.0000, B'0', B'0', B'0', 'MC', B'0', B'0', B'1', NULL, NULL, B'0', NULL, NULL, NULL, NULL, NULL, B'1', NULL, B'0', NULL, NULL, NULL, NULL, B'0', 123, 'MC-10014', '1', NULL);
INSERT INTO "tblINV_Item" VALUES ('MC-10015', NULL, 'Frog Olympics', NULL, 0.0000, NULL, 0.0000, 'VAT', 'OTHERS', 'GOODS', 0.0000, 0.0000, NULL, 0.0000, NULL, 'MG', NULL, NULL, 0.0000, 0.0000, B'0', B'0', B'0', 'MC', B'0', B'0', B'1', NULL, NULL, B'0', NULL, NULL, NULL, NULL, NULL, B'1', NULL, B'0', NULL, NULL, NULL, NULL, B'0', 123, 'MC-10015', '1', NULL);
INSERT INTO "tblINV_Item" VALUES ('MC-10016', NULL, 'Carnival Games', NULL, 0.0000, NULL, 0.0000, 'VAT', 'OTHERS', 'GOODS', 0.0000, 0.0000, NULL, 0.0000, NULL, 'PD', NULL, NULL, 0.0000, 0.0000, B'0', B'0', B'0', 'MC', B'0', B'0', B'1', NULL, NULL, B'0', NULL, NULL, NULL, NULL, NULL, B'1', NULL, B'0', NULL, NULL, NULL, NULL, B'0', 123, 'MC-10016', '1', NULL);
INSERT INTO "tblINV_Item" VALUES ('MC-10017', NULL, 'Double Play', NULL, 0.0000, NULL, 0.0000, 'VAT', 'OTHERS', 'GOODS', 0.0000, 0.0000, NULL, 0.0000, NULL, 'PD', NULL, NULL, 0.0000, 0.0000, B'0', B'0', B'0', 'MC', B'0', B'0', B'1', NULL, NULL, B'0', NULL, NULL, NULL, NULL, NULL, B'1', NULL, B'0', NULL, NULL, NULL, NULL, B'0', 123, 'MC-10017', '1', NULL);
INSERT INTO "tblINV_Item" VALUES ('MC-10018', NULL, 'Dream Catcher', NULL, 0.0000, NULL, 0.0000, 'VAT', 'OTHERS', 'GOODS', 0.0000, 0.0000, NULL, 0.0000, NULL, 'PD', NULL, NULL, 0.0000, 0.0000, B'0', B'0', B'0', 'MC', B'0', B'0', B'1', NULL, NULL, B'0', NULL, NULL, NULL, NULL, NULL, B'1', NULL, B'0', NULL, NULL, NULL, NULL, B'0', 123, 'MC-10018', '1', NULL);
INSERT INTO "tblINV_Item" VALUES ('MC-10019', NULL, 'Extra Play 41"', NULL, 0.0000, NULL, 0.0000, 'VAT', 'OTHERS', 'GOODS', 0.0000, 0.0000, NULL, 0.0000, NULL, 'PD', NULL, NULL, 0.0000, 0.0000, B'0', B'0', B'0', 'MC', B'0', B'0', B'1', NULL, NULL, B'0', NULL, NULL, NULL, NULL, NULL, B'1', NULL, B'0', NULL, NULL, NULL, NULL, B'0', 123, 'MC-10019', '1', NULL);
INSERT INTO "tblINV_Item" VALUES ('MC-10020', NULL, 'Fantasy World', NULL, 0.0000, NULL, 0.0000, 'VAT', 'OTHERS', 'GOODS', 0.0000, 0.0000, NULL, 0.0000, NULL, 'PD', NULL, NULL, 0.0000, 0.0000, B'0', B'0', B'0', 'MC', B'0', B'0', B'1', NULL, NULL, B'0', NULL, NULL, NULL, NULL, NULL, B'1', NULL, B'0', NULL, NULL, NULL, NULL, B'0', 123, 'MC-10020', '1', NULL);
INSERT INTO "tblINV_Item" VALUES ('MC-10021', NULL, 'Basket Fortune', NULL, 0.0000, NULL, 0.0000, 'VAT', 'OTHERS', 'GOODS', 0.0000, 0.0000, NULL, 0.0000, NULL, 'PT', NULL, NULL, 0.0000, 0.0000, B'0', B'0', B'0', 'MC', B'0', B'0', B'1', NULL, NULL, B'0', NULL, NULL, NULL, NULL, NULL, B'1', NULL, B'0', NULL, NULL, NULL, NULL, B'0', 123, 'MC-10021', '1', NULL);
INSERT INTO "tblINV_Item" VALUES ('MC-10022', NULL, 'Beat the Clock', NULL, 0.0000, NULL, 0.0000, 'VAT', 'OTHERS', 'GOODS', 0.0000, 0.0000, NULL, 0.0000, NULL, 'PT', NULL, NULL, 0.0000, 0.0000, B'0', B'0', B'0', 'MC', B'0', B'0', B'1', NULL, NULL, B'0', NULL, NULL, NULL, NULL, NULL, B'1', NULL, B'0', NULL, NULL, NULL, NULL, B'0', 123, 'MC-10022', '1', NULL);
INSERT INTO "tblINV_Item" VALUES ('MC-10023', NULL, 'Bonus Time', NULL, 0.0000, NULL, 0.0000, 'VAT', 'OTHERS', 'GOODS', 0.0000, 0.0000, NULL, 0.0000, NULL, 'PT', NULL, NULL, 0.0000, 0.0000, B'0', B'0', B'0', 'MC', B'0', B'0', B'1', NULL, NULL, B'0', NULL, NULL, NULL, NULL, NULL, B'1', NULL, B'0', NULL, NULL, NULL, NULL, B'0', 123, 'MC-10023', '1', NULL);
INSERT INTO "tblINV_Item" VALUES ('MC-10024', NULL, 'Elephant Coin Pusher', NULL, 0.0000, NULL, 0.0000, 'VAT', 'OTHERS', 'GOODS', 0.0000, 0.0000, NULL, 0.0000, NULL, 'PT', NULL, NULL, 0.0000, 0.0000, B'0', B'0', B'0', 'MC', B'0', B'0', B'1', NULL, NULL, B'0', NULL, NULL, NULL, NULL, NULL, B'1', NULL, B'0', NULL, NULL, NULL, NULL, B'0', 123, 'MC-10024', '1', NULL);
INSERT INTO "tblINV_Item" VALUES ('MC-10025', NULL, 'Gold Fort', NULL, 0.0000, NULL, 0.0000, 'VAT', 'OTHERS', 'GOODS', 0.0000, 0.0000, NULL, 0.0000, NULL, 'PT', NULL, NULL, 0.0000, 0.0000, B'0', B'0', B'0', 'MC', B'0', B'0', B'1', NULL, NULL, B'0', NULL, NULL, NULL, NULL, NULL, B'1', NULL, B'0', NULL, NULL, NULL, NULL, B'0', 123, 'MC-10025', '1', NULL);
INSERT INTO "tblINV_Item" VALUES ('MC-10026', NULL, 'All Aboard', NULL, 0.0000, NULL, 0.0000, 'VAT', 'OTHERS', 'GOODS', 0.0000, 0.0000, NULL, 0.0000, NULL, 'RM', NULL, NULL, 0.0000, 0.0000, B'0', B'0', B'0', 'MC', B'0', B'0', B'1', NULL, NULL, B'0', NULL, NULL, NULL, NULL, NULL, B'1', NULL, B'0', NULL, NULL, NULL, NULL, B'0', 123, 'MC-10026', '1', NULL);
INSERT INTO "tblINV_Item" VALUES ('MC-10027', NULL, 'Baseball Pitcher', NULL, 0.0000, NULL, 0.0000, 'VAT', 'OTHERS', 'GOODS', 0.0000, 0.0000, NULL, 0.0000, NULL, 'RM', NULL, NULL, 0.0000, 0.0000, B'0', B'0', B'0', 'MC', B'0', B'0', B'1', NULL, NULL, B'0', NULL, NULL, NULL, NULL, NULL, B'1', NULL, B'0', NULL, NULL, NULL, NULL, B'0', 123, 'MC-10027', '1', NULL);
INSERT INTO "tblINV_Item" VALUES ('MC-10028', NULL, 'Big Wheel', NULL, 0.0000, NULL, 0.0000, 'VAT', 'OTHERS', 'GOODS', 0.0000, 0.0000, NULL, 0.0000, NULL, 'RM', NULL, NULL, 0.0000, 0.0000, B'0', B'0', B'0', 'MC', B'0', B'0', B'1', NULL, NULL, B'0', NULL, NULL, NULL, NULL, NULL, B'1', NULL, B'0', NULL, NULL, NULL, NULL, B'0', 123, 'MC-10028', '1', NULL);
INSERT INTO "tblINV_Item" VALUES ('MC-10029', NULL, 'Butterfly Garden', NULL, 0.0000, NULL, 0.0000, 'VAT', 'OTHERS', 'GOODS', 0.0000, 0.0000, NULL, 0.0000, NULL, 'RM', NULL, NULL, 0.0000, 0.0000, B'0', B'0', B'0', 'MC', B'0', B'0', B'1', NULL, NULL, B'0', NULL, NULL, NULL, NULL, NULL, B'1', NULL, B'0', NULL, NULL, NULL, NULL, B'0', 123, 'MC-10029', '1', NULL);
INSERT INTO "tblINV_Item" VALUES ('MC-10030', NULL, 'Colorama', NULL, 0.0000, NULL, 0.0000, 'VAT', 'OTHERS', 'GOODS', 0.0000, 0.0000, NULL, 0.0000, NULL, 'RM', NULL, NULL, 0.0000, 0.0000, B'0', B'0', B'0', 'MC', B'0', B'0', B'1', NULL, NULL, B'0', NULL, NULL, NULL, NULL, NULL, B'1', NULL, B'0', NULL, NULL, NULL, NULL, B'0', 123, 'MC-10030', '1', NULL);
INSERT INTO "tblINV_Item" VALUES ('MC-10031', NULL, 'Marvel Superheroes vs. St. Fighter', NULL, 0.0000, NULL, 0.0000, 'VAT', 'OTHERS', 'GOODS', 0.0000, 0.0000, NULL, 0.0000, NULL, 'VM', NULL, NULL, 0.0000, 0.0000, B'0', B'0', B'0', 'MC', B'0', B'0', B'1', NULL, NULL, B'0', NULL, NULL, NULL, NULL, NULL, B'1', NULL, B'0', NULL, NULL, NULL, NULL, B'0', 123, 'MC-10031', '1', NULL);
INSERT INTO "tblINV_Item" VALUES ('MC-10032', NULL, 'Marvel vs. Capcom II', NULL, 0.0000, NULL, 0.0000, 'VAT', 'OTHERS', 'GOODS', 0.0000, 0.0000, NULL, 0.0000, NULL, 'VM', NULL, NULL, 0.0000, 0.0000, B'0', B'0', B'0', 'MC', B'0', B'0', B'1', NULL, NULL, B'0', NULL, NULL, NULL, NULL, NULL, B'1', NULL, B'0', NULL, NULL, NULL, NULL, B'0', 123, 'MC-10032', '1', NULL);
INSERT INTO "tblINV_Item" VALUES ('MC-10033', NULL, 'Metal Slug', NULL, 0.0000, NULL, 0.0000, 'VAT', 'OTHERS', 'GOODS', 0.0000, 0.0000, NULL, 0.0000, NULL, 'VM', NULL, NULL, 0.0000, 0.0000, B'0', B'0', B'0', 'MC', B'0', B'0', B'1', NULL, NULL, B'0', NULL, NULL, NULL, NULL, NULL, B'1', NULL, B'0', NULL, NULL, NULL, NULL, B'0', 123, 'MC-10033', '1', NULL);
INSERT INTO "tblINV_Item" VALUES ('MC-10034', NULL, 'Street Fighter', NULL, 0.0000, NULL, 0.0000, 'VAT', 'OTHERS', 'GOODS', 0.0000, 0.0000, NULL, 0.0000, NULL, 'VM', NULL, NULL, 0.0000, 0.0000, B'0', B'0', B'0', 'MC', B'0', B'0', B'1', NULL, NULL, B'0', NULL, NULL, NULL, NULL, NULL, B'1', NULL, B'0', NULL, NULL, NULL, NULL, B'0', 123, 'MC-10034', '1', NULL);
INSERT INTO "tblINV_Item" VALUES ('MC-10035', NULL, 'Tekken 6', NULL, 0.0000, NULL, 0.0000, 'VAT', 'OTHERS', 'GOODS', 0.0000, 0.0000, NULL, 0.0000, NULL, 'VM', NULL, NULL, 0.0000, 0.0000, B'0', B'0', B'0', 'MC', B'0', B'0', B'1', NULL, NULL, B'0', NULL, NULL, NULL, NULL, NULL, B'1', NULL, B'0', NULL, NULL, NULL, NULL, B'0', 123, 'MC-10035', '1', NULL);


--
-- Data for Name: tblINV_ItemIdentifier; Type: TABLE DATA; Schema: public; Owner: postgres
--

INSERT INTO "tblINV_ItemIdentifier" VALUES (37, 'FD-SN-1000058');
INSERT INTO "tblINV_ItemIdentifier" VALUES (33, 'FD-SN-1000058');
INSERT INTO "tblINV_ItemIdentifier" VALUES (34, 'FD-SN-1000058');
INSERT INTO "tblINV_ItemIdentifier" VALUES (37, 'FD-SN-1000069');
INSERT INTO "tblINV_ItemIdentifier" VALUES (33, 'FD-SN-1000069');
INSERT INTO "tblINV_ItemIdentifier" VALUES (34, 'FD-SN-1000069');
INSERT INTO "tblINV_ItemIdentifier" VALUES (41, 'FD-DR-1000061');


--
-- Data for Name: tblINV_ItemLedger; Type: TABLE DATA; Schema: public; Owner: postgres
--



--
-- Name: tblINV_ItemLedger_IL_EntryNo_seq; Type: SEQUENCE SET; Schema: public; Owner: postgres
--

SELECT pg_catalog.setval('"tblINV_ItemLedger_IL_EntryNo_seq"', 12, true);


--
-- Data for Name: tblINV_ItemSupplier; Type: TABLE DATA; Schema: public; Owner: postgres
--



--
-- Name: tblINV_ItemSupplier_IS_Id_seq; Type: SEQUENCE SET; Schema: public; Owner: postgres
--

SELECT pg_catalog.setval('"tblINV_ItemSupplier_IS_Id_seq"', 9, true);


--
-- Data for Name: tblINV_ItemType; Type: TABLE DATA; Schema: public; Owner: postgres
--

INSERT INTO "tblINV_ItemType" VALUES ('NRD', 'Non Redemption', 'gregori', '2015-11-11 03:16:52', 'gregori', '2016-02-01 17:42:31', B'1', B'0', B'0');
INSERT INTO "tblINV_ItemType" VALUES ('Services', 'Services', 'gregori', '2015-09-25 22:03:44', 'gregori', '2016-02-02 00:15:41', B'1', B'0', B'1');
INSERT INTO "tblINV_ItemType" VALUES ('RD', 'Redemption', 'gregori', '2015-09-10 00:23:44', 'gregori', '2016-02-11 22:14:58', B'1', B'1', B'0');
INSERT INTO "tblINV_ItemType" VALUES ('MC', 'Machine', NULL, NULL, NULL, NULL, B'1', B'0', B'1');


--
-- Data for Name: tblINV_ItemTypeSetup; Type: TABLE DATA; Schema: public; Owner: postgres
--

INSERT INTO "tblINV_ItemTypeSetup" VALUES (64, 'Services');
INSERT INTO "tblINV_ItemTypeSetup" VALUES (45, 'RD');
INSERT INTO "tblINV_ItemTypeSetup" VALUES (64, 'NRD');
INSERT INTO "tblINV_ItemTypeSetup" VALUES (62, 'RD');
INSERT INTO "tblINV_ItemTypeSetup" VALUES (62, 'Services');
INSERT INTO "tblINV_ItemTypeSetup" VALUES (62, 'NRD');
INSERT INTO "tblINV_ItemTypeSetup" VALUES (284, 'RD');
INSERT INTO "tblINV_ItemTypeSetup" VALUES (89, 'NRD');
INSERT INTO "tblINV_ItemTypeSetup" VALUES (84, 'RD');
INSERT INTO "tblINV_ItemTypeSetup" VALUES (84, 'Services');
INSERT INTO "tblINV_ItemTypeSetup" VALUES (84, 'NRD');
INSERT INTO "tblINV_ItemTypeSetup" VALUES (284, 'Services');
INSERT INTO "tblINV_ItemTypeSetup" VALUES (96, 'RD');
INSERT INTO "tblINV_ItemTypeSetup" VALUES (97, 'RD');
INSERT INTO "tblINV_ItemTypeSetup" VALUES (108, 'NRD');
INSERT INTO "tblINV_ItemTypeSetup" VALUES (108, 'Services');
INSERT INTO "tblINV_ItemTypeSetup" VALUES (108, 'RD');


--
-- Data for Name: tblINV_ItemUOMConv; Type: TABLE DATA; Schema: public; Owner: postgres
--

INSERT INTO "tblINV_ItemUOMConv" VALUES (39, 'FD-SN-1000058', 1.0000, 112);
INSERT INTO "tblINV_ItemUOMConv" VALUES (42, 'SV-PPI-1000067', 232.0000, 113);
INSERT INTO "tblINV_ItemUOMConv" VALUES (44, 'FD-SN-1000069', 121.0000, 112);
INSERT INTO "tblINV_ItemUOMConv" VALUES (45, 'FD-SN-1000069', 12.0000, 112);
INSERT INTO "tblINV_ItemUOMConv" VALUES (47, 'FD-DR-1000061', 20.0000, 112);
INSERT INTO "tblINV_ItemUOMConv" VALUES (40, 'FD-DR-1000061', 1.0000, 113);
INSERT INTO "tblINV_ItemUOMConv" VALUES (48, 'VIP-FGC-1000071', 20.0000, 113);
INSERT INTO "tblINV_ItemUOMConv" VALUES (46, 'VIP-FGC-1000071', 12.0000, 112);
INSERT INTO "tblINV_ItemUOMConv" VALUES (49, 'VIP-FGC-1000064', 1.0000, 112);
INSERT INTO "tblINV_ItemUOMConv" VALUES (50, 'VIP-FGC-1000064', 1.0000, 113);


--
-- Name: tblINV_ItemUOMConv_IUC_Id_seq; Type: SEQUENCE SET; Schema: public; Owner: postgres
--

SELECT pg_catalog.setval('"tblINV_ItemUOMConv_IUC_Id_seq"', 50, true);


--
-- Data for Name: tblINV_LocMask; Type: TABLE DATA; Schema: public; Owner: postgres
--

INSERT INTO "tblINV_LocMask" VALUES (1, 'Level 1', 5, 'gregori', '2015-09-10 00:15:42', 'gregori', '2016-01-12 14:17:11', B'1');
INSERT INTO "tblINV_LocMask" VALUES (2, 'Level 2', 5, 'gregori', '2016-01-12 14:17:26', 'gregori', '2016-01-12 14:17:26', B'1');
INSERT INTO "tblINV_LocMask" VALUES (3, 'Level 3', 5, 'gregori', '2016-01-12 14:17:37', 'gregori', '2016-01-12 14:17:37', B'1');


--
-- Data for Name: tblINV_Location; Type: TABLE DATA; Schema: public; Owner: postgres
--

INSERT INTO "tblINV_Location" VALUES ('MT', 1, NULL, 'test addr', NULL, NULL, NULL, NULL, NULL, 'gregori', '2015-09-10 00:21:06', 'gregori', '2015-09-10 00:21:06', 0.0000, 0.0000, 'Main Store', NULL, B'1', NULL, 111);
INSERT INTO "tblINV_Location" VALUES ('ROO', 2, NULL, NULL, NULL, NULL, NULL, NULL, NULL, 'gregori', '2016-01-12 14:17:58', 'gregori', '2016-01-12 14:17:58', 0.0000, 0.0000, 'ROO', NULL, B'1', 'MT', 111);
INSERT INTO "tblINV_Location" VALUES ('Satelite', 2, NULL, NULL, NULL, NULL, NULL, NULL, NULL, 'gregori', '2016-01-12 14:26:53', 'gregori', '2016-01-12 15:12:26', 0.0000, 0.0000, 'Satelite', NULL, B'1', 'MT', 111);
INSERT INTO "tblINV_Location" VALUES ('SOO', 3, NULL, NULL, NULL, NULL, NULL, NULL, NULL, 'gregori', '2016-01-12 15:12:43', 'gregori', '2016-01-12 15:12:43', 0.0000, 0.0000, 'SOO', NULL, B'1', 'Satelite', 111);


--
-- Data for Name: tblINV_Machine; Type: TABLE DATA; Schema: public; Owner: postgres
--

INSERT INTO "tblINV_Machine" VALUES ('MC-10001', 'FA-10001', 'SMMM', 'SMMM', 'DD', NULL, 0, 2, 1, 0, 1, 7, 100000.0000, NULL, 100000.0000, NULL, 1, 1, NULL, NULL, NULL, NULL);
INSERT INTO "tblINV_Machine" VALUES ('MC-10001', 'FA-10002', 'SMMM', 'SMMM', 'DD', NULL, 0, 0, 1, 0, 1, 7, 100000.0000, NULL, 100000.0000, NULL, 1, 1, NULL, NULL, NULL, NULL);
INSERT INTO "tblINV_Machine" VALUES ('MC-10002', 'FA-10003', 'SMMM', 'SMMM', 'DD', NULL, 0, 2, 1, 0, 1, 7, 100000.0000, NULL, 100000.0000, NULL, 1, 1, NULL, NULL, NULL, NULL);
INSERT INTO "tblINV_Machine" VALUES ('MC-10002', 'FA-10004', 'SMMM', 'SMMM', 'DD', NULL, 0, 2, 1, 0, 1, 7, 100000.0000, NULL, 100000.0000, NULL, 1, 1, NULL, NULL, NULL, NULL);
INSERT INTO "tblINV_Machine" VALUES ('MC-10003', 'FA-10005', 'SMMM', 'SMMM', 'DD', NULL, 0, 2, 1, 0, 1, 7, 100000.0000, NULL, 100000.0000, NULL, 1, 1, NULL, NULL, NULL, NULL);
INSERT INTO "tblINV_Machine" VALUES ('MC-10003', 'FA-10006', 'SMMM', 'SMMM', 'DD', NULL, 0, 2, 1, 2, 1, 7, 100000.0000, NULL, 100000.0000, NULL, 1, 1, NULL, NULL, NULL, NULL);
INSERT INTO "tblINV_Machine" VALUES ('MC-10004', 'FA-10007', 'SMMM', 'SMMM', 'DD', NULL, 0, 2, 1, 2, 1, 7, 100000.0000, NULL, 100000.0000, NULL, 1, 1, NULL, NULL, NULL, NULL);
INSERT INTO "tblINV_Machine" VALUES ('MC-10004', 'FA-10008', 'SMMM', 'SMMM', 'DD', NULL, 0, 2, 1, 2, 1, 7, 100000.0000, NULL, 100000.0000, NULL, 1, 1, NULL, NULL, NULL, NULL);
INSERT INTO "tblINV_Machine" VALUES ('MC-10005', 'FA-10009', 'SMMM', 'SMMM', 'DD', NULL, 0, 2, 1, 2, 1, 7, 100000.0000, NULL, 100000.0000, NULL, 1, 1, NULL, NULL, NULL, NULL);
INSERT INTO "tblINV_Machine" VALUES ('MC-10005', 'FA-10010', 'SMMM', 'SMMM', 'DD', NULL, 0, 2, 1, 2, 1, 7, 100000.0000, NULL, 100000.0000, NULL, 1, 1, NULL, NULL, NULL, NULL);
INSERT INTO "tblINV_Machine" VALUES ('MC-10006', 'FA-10011', 'SMMM', 'SMMM', 'KR', NULL, 0, 0, 0, 3, 1, 7, 100000.0000, NULL, 100000.0000, NULL, 0, 0, NULL, NULL, NULL, NULL);
INSERT INTO "tblINV_Machine" VALUES ('MC-10006', 'FA-10012', 'SMMM', 'SMMM', 'KR', NULL, 0, 0, 0, 3, 1, 7, 100000.0000, NULL, 100000.0000, NULL, 0, 0, NULL, NULL, NULL, NULL);
INSERT INTO "tblINV_Machine" VALUES ('MC-10007', 'FA-10013', 'SMMM', 'SMMM', 'KR', NULL, 0, 0, 0, 3, 1, 7, 100000.0000, NULL, 100000.0000, NULL, 0, 0, NULL, NULL, NULL, NULL);
INSERT INTO "tblINV_Machine" VALUES ('MC-10007', 'FA-10014', 'SMMM', 'SMMM', 'KR', NULL, 0, 0, 0, 3, 1, 7, 100000.0000, NULL, 100000.0000, NULL, 0, 0, NULL, NULL, NULL, NULL);
INSERT INTO "tblINV_Machine" VALUES ('MC-10008', 'FA-10015', 'SMMM', 'SMMM', 'KR', NULL, 0, 0, 0, 3, 1, 7, 100000.0000, NULL, 100000.0000, NULL, 0, 0, NULL, NULL, NULL, NULL);
INSERT INTO "tblINV_Machine" VALUES ('MC-10008', 'FA-10016', 'SMMM', 'SMMM', 'KR', NULL, 0, 0, 0, 3, 1, 7, 100000.0000, NULL, 100000.0000, NULL, 0, 0, NULL, NULL, NULL, NULL);
INSERT INTO "tblINV_Machine" VALUES ('MC-10009', 'FA-10017', 'SMMM', 'SMMM', 'KR', NULL, 0, 0, 0, 3, 1, 7, 100000.0000, NULL, 100000.0000, NULL, 0, 0, NULL, NULL, NULL, NULL);
INSERT INTO "tblINV_Machine" VALUES ('MC-10009', 'FA-10018', 'SMMM', 'SMMM', 'KR', NULL, 0, 0, 0, 3, 1, 7, 100000.0000, NULL, 100000.0000, NULL, 0, 0, NULL, NULL, NULL, NULL);
INSERT INTO "tblINV_Machine" VALUES ('MC-10010', 'FA-10019', 'SMMM', 'SMMM', 'KR', NULL, 0, 0, 0, 3, 1, 7, 100000.0000, NULL, 100000.0000, NULL, 0, 0, NULL, NULL, NULL, NULL);
INSERT INTO "tblINV_Machine" VALUES ('MC-10010', 'FA-10020', 'SMMM', 'SMMM', 'KR', NULL, 0, 0, 0, 3, 1, 7, 100000.0000, NULL, 100000.0000, NULL, 0, 0, NULL, NULL, NULL, NULL);
INSERT INTO "tblINV_Machine" VALUES ('MC-10011', 'FA-10021', 'SMMM', 'SMMM', 'MG', NULL, 0, 2, 1, 0, 1, 7, 100000.0000, NULL, 100000.0000, 2000, 1, 1, NULL, NULL, NULL, NULL);
INSERT INTO "tblINV_Machine" VALUES ('MC-10011', 'FA-10022', 'SMMM', 'SMMM', 'MG', NULL, 0, 2, 1, 0, 1, 7, 100000.0000, NULL, 100000.0000, 2000, 1, 1, NULL, NULL, NULL, NULL);
INSERT INTO "tblINV_Machine" VALUES ('MC-10012', 'FA-10023', 'SMMM', 'SMMM', 'MG', NULL, 0, 2, 1, 0, 1, 7, 100000.0000, NULL, 100000.0000, 2000, 1, 1, NULL, NULL, NULL, NULL);
INSERT INTO "tblINV_Machine" VALUES ('MC-10012', 'FA-10024', 'SMMM', 'SMMM', 'MG', NULL, 0, 2, 1, 0, 1, 7, 100000.0000, NULL, 100000.0000, 2000, 1, 1, NULL, NULL, NULL, NULL);
INSERT INTO "tblINV_Machine" VALUES ('MC-10013', 'FA-10025', 'SMMM', 'SMMM', 'MG', NULL, 0, 2, 1, 0, 1, 7, 100000.0000, NULL, 100000.0000, 2000, 1, 1, NULL, NULL, NULL, NULL);
INSERT INTO "tblINV_Machine" VALUES ('MC-10013', 'FA-10026', 'SMMM', 'SMMM', 'MG', NULL, 0, 2, 1, 0, 1, 7, 100000.0000, NULL, 100000.0000, 2000, 1, 1, NULL, NULL, NULL, NULL);
INSERT INTO "tblINV_Machine" VALUES ('MC-10014', 'FA-10027', 'SMMM', 'SMMM', 'MG', NULL, 0, 2, 1, 0, 1, 7, 100000.0000, NULL, 100000.0000, 2000, 1, 1, NULL, NULL, NULL, NULL);
INSERT INTO "tblINV_Machine" VALUES ('MC-10014', 'FA-10028', 'SMMM', 'SMMM', 'MG', NULL, 0, 2, 1, 0, 1, 7, 100000.0000, NULL, 100000.0000, 2000, 1, 1, NULL, NULL, NULL, NULL);
INSERT INTO "tblINV_Machine" VALUES ('MC-10015', 'FA-10029', 'SMMM', 'SMMM', 'MG', NULL, 0, 2, 1, 0, 1, 7, 100000.0000, NULL, 100000.0000, 2000, 1, 1, NULL, NULL, NULL, NULL);
INSERT INTO "tblINV_Machine" VALUES ('MC-10015', 'FA-10030', 'SMMM', 'SMMM', 'MG', NULL, 0, 2, 1, 0, 1, 7, 100000.0000, NULL, 100000.0000, 2000, 1, 1, NULL, NULL, NULL, NULL);
INSERT INTO "tblINV_Machine" VALUES ('MC-10016', 'FA-10031', 'SMMM', 'SMMM', 'PD', NULL, 0, 2, 1, 0, 1, 7, 100000.0000, NULL, 100000.0000, NULL, 1, 1, NULL, NULL, NULL, NULL);
INSERT INTO "tblINV_Machine" VALUES ('MC-10016', 'FA-10032', 'SMMM', 'SMMM', 'PD', NULL, 0, 2, 1, 0, 1, 7, 100000.0000, NULL, 100000.0000, NULL, 1, 1, NULL, NULL, NULL, NULL);
INSERT INTO "tblINV_Machine" VALUES ('MC-10017', 'FA-10033', 'SMMM', 'SMMM', 'PD', NULL, 0, 2, 1, 0, 1, 7, 100000.0000, NULL, 100000.0000, NULL, 1, 1, NULL, NULL, NULL, NULL);
INSERT INTO "tblINV_Machine" VALUES ('MC-10017', 'FA-10034', 'SMMM', 'SMMM', 'PD', NULL, 0, 2, 1, 0, 1, 7, 100000.0000, NULL, 100000.0000, NULL, 1, 1, NULL, NULL, NULL, NULL);
INSERT INTO "tblINV_Machine" VALUES ('MC-10018', 'FA-10035', 'SMMM', 'SMMM', 'PD', NULL, 0, 2, 1, 0, 1, 7, 100000.0000, NULL, 100000.0000, NULL, 1, 1, NULL, NULL, NULL, NULL);
INSERT INTO "tblINV_Machine" VALUES ('MC-10018', 'FA-10036', 'SMMM', 'SMMM', 'PD', NULL, 0, 2, 1, 0, 1, 7, 100000.0000, NULL, 100000.0000, NULL, 1, 1, NULL, NULL, NULL, NULL);
INSERT INTO "tblINV_Machine" VALUES ('MC-10019', 'FA-10037', 'SMMM', 'SMMM', 'PD', NULL, 0, 2, 1, 0, 1, 7, 100000.0000, NULL, 100000.0000, NULL, 1, 1, NULL, NULL, NULL, NULL);
INSERT INTO "tblINV_Machine" VALUES ('MC-10019', 'FA-10038', 'SMMM', 'SMMM', 'PD', NULL, 0, 2, 1, 0, 1, 7, 100000.0000, NULL, 100000.0000, NULL, 1, 1, NULL, NULL, NULL, NULL);
INSERT INTO "tblINV_Machine" VALUES ('MC-10020', 'FA-10039', 'SMMM', 'SMMM', 'PD', NULL, 0, 2, 1, 0, 1, 7, 100000.0000, NULL, 100000.0000, NULL, 1, 1, NULL, NULL, NULL, NULL);
INSERT INTO "tblINV_Machine" VALUES ('MC-10020', 'FA-10040', 'SMMM', 'SMMM', 'PD', NULL, 0, 2, 1, 0, 1, 7, 100000.0000, NULL, 100000.0000, NULL, 1, 1, NULL, NULL, NULL, NULL);
INSERT INTO "tblINV_Machine" VALUES ('MC-10021', 'FA-10041', 'SMMM', 'SMMM', 'PT', NULL, 0, 2, 1, 1, 1, 7, 100000.0000, NULL, 100000.0000, NULL, 1, 1, NULL, NULL, NULL, NULL);
INSERT INTO "tblINV_Machine" VALUES ('MC-10021', 'FA-10042', 'SMMM', 'SMMM', 'PT', NULL, 0, 2, 1, 1, 1, 7, 100000.0000, NULL, 100000.0000, NULL, 1, 1, NULL, NULL, NULL, NULL);
INSERT INTO "tblINV_Machine" VALUES ('MC-10022', 'FA-10043', 'SMMM', 'SMMM', 'PT', NULL, 0, 2, 1, 1, 1, 7, 100000.0000, NULL, 100000.0000, NULL, 1, 1, NULL, NULL, NULL, NULL);
INSERT INTO "tblINV_Machine" VALUES ('MC-10022', 'FA-10044', 'SMMM', 'SMMM', 'PT', NULL, 0, 2, 1, 1, 1, 7, 100000.0000, NULL, 100000.0000, NULL, 1, 1, NULL, NULL, NULL, NULL);
INSERT INTO "tblINV_Machine" VALUES ('MC-10023', 'FA-10045', 'SMMM', 'SMMM', 'PT', NULL, 0, 2, 1, 1, 1, 7, 100000.0000, NULL, 100000.0000, NULL, 1, 1, NULL, NULL, NULL, NULL);
INSERT INTO "tblINV_Machine" VALUES ('MC-10023', 'FA-10046', 'SMMM', 'SMMM', 'PT', NULL, 0, 2, 1, 1, 1, 7, 100000.0000, NULL, 100000.0000, NULL, 1, 1, NULL, NULL, NULL, NULL);
INSERT INTO "tblINV_Machine" VALUES ('MC-10024', 'FA-10047', 'SMMM', 'SMMM', 'PT', NULL, 0, 2, 1, 1, 1, 7, 100000.0000, NULL, 100000.0000, NULL, 1, 1, NULL, NULL, NULL, NULL);
INSERT INTO "tblINV_Machine" VALUES ('MC-10024', 'FA-10048', 'SMMM', 'SMMM', 'PT', NULL, 0, 2, 1, 1, 1, 7, 100000.0000, NULL, 100000.0000, NULL, 1, 1, NULL, NULL, NULL, NULL);
INSERT INTO "tblINV_Machine" VALUES ('MC-10025', 'FA-10049', 'SMMM', 'SMMM', 'PT', NULL, 0, 2, 1, 1, 1, 7, 100000.0000, NULL, 100000.0000, NULL, 1, 1, NULL, NULL, NULL, NULL);
INSERT INTO "tblINV_Machine" VALUES ('MC-10025', 'FA-10050', 'SMMM', 'SMMM', 'PT', NULL, 0, 2, 1, 1, 1, 7, 100000.0000, NULL, 100000.0000, NULL, 1, 1, NULL, NULL, NULL, NULL);
INSERT INTO "tblINV_Machine" VALUES ('MC-10026', 'FA-10051', 'SMMM', 'SMMM', 'RM', NULL, 2, 2, 1, 2, 1, 7, 100000.0000, NULL, 100000.0000, NULL, 1, 1, NULL, NULL, NULL, NULL);
INSERT INTO "tblINV_Machine" VALUES ('MC-10026', 'FA-10052', 'SMMM', 'SMMM', 'RM', NULL, 2, 2, 1, 2, 1, 7, 100000.0000, NULL, 100000.0000, NULL, 1, 1, NULL, NULL, NULL, NULL);
INSERT INTO "tblINV_Machine" VALUES ('MC-10027', 'FA-10053', 'SMMM', 'SMMM', 'RM', NULL, 2, 2, 1, 2, 1, 7, 100000.0000, NULL, 100000.0000, NULL, 1, 1, NULL, NULL, NULL, NULL);
INSERT INTO "tblINV_Machine" VALUES ('MC-10027', 'FA-10054', 'SMMM', 'SMMM', 'RM', NULL, 2, 2, 1, 2, 1, 7, 100000.0000, NULL, 100000.0000, NULL, 1, 1, NULL, NULL, NULL, NULL);
INSERT INTO "tblINV_Machine" VALUES ('MC-10028', 'FA-10055', 'SMMM', 'SMMM', 'RM', NULL, 2, 2, 1, 2, 1, 7, 100000.0000, NULL, 100000.0000, NULL, 1, 1, NULL, NULL, NULL, NULL);
INSERT INTO "tblINV_Machine" VALUES ('MC-10028', 'FA-10056', 'SMMM', 'SMMM', 'RM', NULL, 2, 0, 0, 3, 1, 7, 100000.0000, NULL, 100000.0000, NULL, 0, 0, NULL, NULL, NULL, NULL);
INSERT INTO "tblINV_Machine" VALUES ('MC-10029', 'FA-10057', 'SMMM', 'SMMM', 'RM', NULL, 2, 0, 0, 3, 1, 7, 100000.0000, NULL, 100000.0000, NULL, 0, 0, NULL, NULL, NULL, NULL);
INSERT INTO "tblINV_Machine" VALUES ('MC-10029', 'FA-10058', 'SMMM', 'SMMM', 'RM', NULL, 2, 0, 0, 3, 1, 7, 100000.0000, NULL, 100000.0000, NULL, 0, 0, NULL, NULL, NULL, NULL);
INSERT INTO "tblINV_Machine" VALUES ('MC-10030', 'FA-10059', 'SMMM', 'SMMM', 'RM', NULL, 2, 0, 0, 3, 1, 7, 100000.0000, NULL, 100000.0000, NULL, 0, 0, NULL, NULL, NULL, NULL);
INSERT INTO "tblINV_Machine" VALUES ('MC-10030', 'FA-10060', 'SMMM', 'SMMM', 'RM', NULL, 2, 0, 0, 3, 1, 7, 100000.0000, NULL, 100000.0000, NULL, 0, 0, NULL, NULL, NULL, NULL);
INSERT INTO "tblINV_Machine" VALUES ('MC-10031', 'FA-10061', 'SMMM', 'SMMM', 'VM', NULL, 0, 2, 1, 0, 1, 7, 100000.0000, NULL, 100000.0000, NULL, 1, 1, NULL, NULL, NULL, NULL);
INSERT INTO "tblINV_Machine" VALUES ('MC-10031', 'FA-10062', 'SMMM', 'SMMM', 'VM', NULL, 0, 2, 1, 0, 1, 7, 100000.0000, NULL, 100000.0000, NULL, 1, 1, NULL, NULL, NULL, NULL);
INSERT INTO "tblINV_Machine" VALUES ('MC-10032', 'FA-10063', 'SMMM', 'SMMM', 'VM', NULL, 0, 2, 1, 0, 1, 7, 100000.0000, NULL, 100000.0000, NULL, 1, 1, NULL, NULL, NULL, NULL);
INSERT INTO "tblINV_Machine" VALUES ('MC-10032', 'FA-10064', 'SMMM', 'SMMM', 'VM', NULL, 0, 2, 1, 0, 1, 7, 100000.0000, NULL, 100000.0000, NULL, 1, 1, NULL, NULL, NULL, NULL);
INSERT INTO "tblINV_Machine" VALUES ('MC-10033', 'FA-10065', 'SMMM', 'SMMM', 'VM', NULL, 0, 2, 1, 0, 1, 7, 100000.0000, NULL, 100000.0000, NULL, 1, 1, NULL, NULL, NULL, NULL);
INSERT INTO "tblINV_Machine" VALUES ('MC-10033', 'FA-10066', 'SMMM', 'SMMM', 'VM', NULL, 0, 2, 1, 0, 1, 7, 100000.0000, NULL, 100000.0000, NULL, 1, 1, NULL, NULL, NULL, NULL);
INSERT INTO "tblINV_Machine" VALUES ('MC-10034', 'FA-10067', 'SMMM', 'SMMM', 'VM', NULL, 0, 2, 1, 0, 1, 7, 100000.0000, NULL, 100000.0000, NULL, 1, 1, NULL, NULL, NULL, NULL);
INSERT INTO "tblINV_Machine" VALUES ('MC-10034', 'FA-10068', 'SMMM', 'SMMM', 'VM', NULL, 0, 2, 1, 0, 1, 7, 100000.0000, NULL, 100000.0000, NULL, 1, 1, NULL, NULL, NULL, NULL);
INSERT INTO "tblINV_Machine" VALUES ('MC-10035', 'FA-10069', 'SMMM', 'SMMM', 'VM', NULL, 0, 2, 1, 0, 1, 7, 100000.0000, NULL, 100000.0000, NULL, 1, 1, NULL, NULL, NULL, NULL);
INSERT INTO "tblINV_Machine" VALUES ('MC-10035', 'FA-10070', 'SMMM', 'SMMM', 'VM', NULL, 0, 2, 1, 0, 1, 7, 100000.0000, NULL, 100000.0000, NULL, 1, 1, NULL, NULL, NULL, NULL);


--
-- Data for Name: tblINV_MaskCat; Type: TABLE DATA; Schema: public; Owner: postgres
--

INSERT INTO "tblINV_MaskCat" VALUES (234343, '2323', '23', B'0', '000001', '2015-08-05 22:15:11', '000001', '2015-08-05 22:15:58', B'1');
INSERT INTO "tblINV_MaskCat" VALUES (231111, 'sdada', '23', B'0', '000001', '2015-08-05 22:15:27', '000001', '2015-08-05 23:26:45', B'1');
INSERT INTO "tblINV_MaskCat" VALUES (1, NULL, NULL, NULL, NULL, NULL, NULL, NULL, NULL);
INSERT INTO "tblINV_MaskCat" VALUES (33, '1||''-''||item_sequence()', NULL, NULL, NULL, NULL, NULL, NULL, NULL);
INSERT INTO "tblINV_MaskCat" VALUES (12, '1000002', NULL, NULL, NULL, NULL, NULL, NULL, B'1');
INSERT INTO "tblINV_MaskCat" VALUES (2, 'FD-DR||-||nextval(''item_sequence'')', '1', NULL, NULL, NULL, NULL, NULL, NULL);
INSERT INTO "tblINV_MaskCat" VALUES (2131231, 'FD-DR-1000003', NULL, NULL, NULL, NULL, NULL, NULL, B'1');
INSERT INTO "tblINV_MaskCat" VALUES (424234, 'FD-DR-1000005', NULL, NULL, NULL, NULL, NULL, NULL, B'1');


--
-- Data for Name: tblINV_PCount; Type: TABLE DATA; Schema: public; Owner: postgres
--

INSERT INTO "tblINV_PCount" VALUES ('PC-1000486', '2016-03-04 18:32:00', 'test', '2016-03-24 00:00:00', 'SMMM', 'Open', 'gregori', '2016-03-02 21:21:10', 'gregori', '2016-03-02 21:21:10');
INSERT INTO "tblINV_PCount" VALUES ('PC-1000481', '2016-03-02 03:23:47', 'test', '2016-03-02 00:00:00', 'SMMM', 'Open', 'gregori', '2016-03-02 02:53:44', 'gregori', '2016-03-02 02:53:44');
INSERT INTO "tblINV_PCount" VALUES ('PC-1000252', '2016-02-18 19:46:51', 'test', '2016-02-19 00:00:00', 'SMMM', 'Open', 'gregori', '2016-02-18 19:46:36', 'gregori', '2016-02-18 19:46:36');
INSERT INTO "tblINV_PCount" VALUES ('PC-1000528', NULL, NULL, NULL, NULL, NULL, 'gregori', '2016-03-07 01:07:36', 'gregori', '2016-03-07 01:07:36');
INSERT INTO "tblINV_PCount" VALUES ('PC-1000529', NULL, NULL, NULL, NULL, NULL, 'gregori', '2016-03-07 01:07:44', 'gregori', '2016-03-07 01:07:44');
INSERT INTO "tblINV_PCount" VALUES ('PC-1000530', NULL, NULL, NULL, NULL, NULL, 'gregori', '2016-03-07 01:09:41', 'gregori', '2016-03-07 01:09:41');
INSERT INTO "tblINV_PCount" VALUES ('PC-1000254', '2016-02-18 20:33:58', 'test', '2016-02-19 00:00:00', 'SMMM', 'Open', 'gregori', '2016-02-18 20:33:48', 'gregori', '2016-02-18 20:33:48');
INSERT INTO "tblINV_PCount" VALUES ('PC-1000296', '2016-02-19 21:47:49', 'test', '2016-02-20 00:00:00', 'SMMM', 'Open', 'gregori', '2016-02-19 21:45:53', 'gregori', '2016-02-19 21:45:53');
INSERT INTO "tblINV_PCount" VALUES ('PC-1000094', '2016-03-02 18:19:21', 'ooooo', '2016-02-11 00:00:00', 'SMMM', 'Open', 'gregori', '2016-02-10 23:50:59', 'gregori', '2016-02-10 23:50:59');
INSERT INTO "tblINV_PCount" VALUES ('PC-1000464', '2016-03-02 19:35:17', 'test', '2016-02-24 00:00:00', 'SMMM', 'Open', 'gregori', '2016-02-27 03:34:38', 'gregori', '2016-02-27 03:34:38');
INSERT INTO "tblINV_PCount" VALUES ('PC-1000485', '2016-03-02 21:13:51', 'test', '2016-03-16 00:00:00', 'SMMM', 'Open', 'gregori', '2016-03-02 03:03:50', 'gregori', '2016-03-02 03:03:50');
INSERT INTO "tblINV_PCount" VALUES ('PC-1000465', '2016-02-27 03:35:50', 'test', '2016-02-18 00:00:00', 'SMMM', 'Open', 'gregori', '2016-02-27 03:35:11', 'gregori', '2016-02-27 03:35:11');
INSERT INTO "tblINV_PCount" VALUES ('PC-1000467', '2016-03-03 01:45:22', 'test', '2016-02-29 00:00:00', 'PLD', 'Open', 'gregori', '2016-02-29 01:14:00', 'gregori', '2016-02-29 01:14:00');
INSERT INTO "tblINV_PCount" VALUES ('PC-1000466', '2016-02-28 18:55:18', 'test', '2016-02-27 00:00:00', 'SMMM', 'Open', 'gregori', '2016-02-27 03:50:05', 'gregori', '2016-02-27 03:50:05');
INSERT INTO "tblINV_PCount" VALUES ('PC-1000508', '2016-03-07 03:22:38', 'test', '2016-03-15 00:00:00', 'SMMM', 'Open', 'gregori', '2016-03-03 21:24:11', 'gregori', '2016-03-03 21:24:11');
INSERT INTO "tblINV_PCount" VALUES ('PC-1000093', '2016-02-28 22:54:15', 'test', '2016-02-08 00:00:00', 'SMMM', 'Open', 'gregori', '2016-02-10 23:50:16', 'gregori', '2016-02-10 23:50:16');
INSERT INTO "tblINV_PCount" VALUES ('PC-1000526', '2016-03-07 03:53:06', 'test', '2016-03-24 00:00:00', 'SMMM', 'Cancelled', 'gregori', '2016-03-07 00:49:24', 'gregori', '2016-03-07 00:49:24');
INSERT INTO "tblINV_PCount" VALUES ('PC-1000488', NULL, NULL, NULL, NULL, NULL, 'gregori', '2016-03-03 04:25:51', 'gregori', '2016-03-03 04:25:51');
INSERT INTO "tblINV_PCount" VALUES ('PC-1000463', '2016-02-29 20:52:45', 'tttt', '2016-02-02 00:00:00', 'SMMM', 'Open', 'gregori', '2016-02-27 03:32:12', 'gregori', '2016-02-27 03:32:12');
INSERT INTO "tblINV_PCount" VALUES ('PC-1000475', '2016-03-01 22:20:19', 'test', '2016-03-23 00:00:00', 'SMMM', 'Open', 'gregori', '2016-03-01 22:19:55', 'gregori', '2016-03-01 22:19:55');
INSERT INTO "tblINV_PCount" VALUES ('PC-1000471', '2016-03-02 02:10:40', 'test', '2016-03-30 00:00:00', 'SMMM', 'Open', 'gregori', '2016-02-29 19:20:49', 'gregori', '2016-02-29 19:20:49');
INSERT INTO "tblINV_PCount" VALUES ('PC-1000531', '2016-03-08 01:25:10', '', '2016-03-14 00:00:00', 'SMMM', 'Open', 'gregori', '2016-03-08 01:24:45', 'gregori', '2016-03-08 01:24:45');
INSERT INTO "tblINV_PCount" VALUES ('PC-1000532', '2016-03-08 04:46:47', '', '2016-03-08 00:00:00', 'SMMM', 'Open', 'gregori', '2016-03-08 01:28:07', 'gregori', '2016-03-08 01:28:07');


--
-- Data for Name: tblINV_PCountSetup; Type: TABLE DATA; Schema: public; Owner: postgres
--

INSERT INTO "tblINV_PCountSetup" VALUES ('PC-1000532', 'RD', 'Satelite', 'PC-1000532', 1);
INSERT INTO "tblINV_PCountSetup" VALUES ('PC-1000532', 'NRD', 'Satelite', 'PC-1000532', 1);
INSERT INTO "tblINV_PCountSetup" VALUES ('PC-1000532', 'Services', 'ROO', 'PC-1000532', 2);


--
-- Data for Name: tblINV_PCountSheet; Type: TABLE DATA; Schema: public; Owner: postgres
--

INSERT INTO "tblINV_PCountSheet" VALUES ('PC-1000488', 1, 'gregori', '2016-03-03 04:28:21', 'gregori', '2016-03-03 04:28:21');
INSERT INTO "tblINV_PCountSheet" VALUES ('PC-1000486', 1, 'gregori', '2016-03-04 01:43:23', 'gregori', '2016-03-04 01:43:23');
INSERT INTO "tblINV_PCountSheet" VALUES ('PC-1000486', 2, 'gregori', '2016-03-04 18:30:27', 'gregori', '2016-03-04 18:30:27');
INSERT INTO "tblINV_PCountSheet" VALUES ('PC-1000526', 1, 'gregori', '2016-03-07 01:44:04', 'gregori', '2016-03-07 01:44:04');
INSERT INTO "tblINV_PCountSheet" VALUES ('PC-1000508', 1, 'gregori', '2016-03-07 03:21:30', 'gregori', '2016-03-07 03:21:30');
INSERT INTO "tblINV_PCountSheet" VALUES ('PC-1000531', 1, 'gregori', '2016-03-08 01:25:10', 'gregori', '2016-03-08 01:25:10');
INSERT INTO "tblINV_PCountSheet" VALUES ('PC-1000532', 1, 'gregori', '2016-03-08 04:46:47', 'gregori', '2016-03-08 04:46:47');
INSERT INTO "tblINV_PCountSheet" VALUES ('PC-1000532', 2, 'gregori', '2016-03-08 04:46:47', 'gregori', '2016-03-08 04:46:47');
INSERT INTO "tblINV_PCountSheet" VALUES ('PC-1000465', 1, NULL, NULL, NULL, NULL);
INSERT INTO "tblINV_PCountSheet" VALUES ('PC-1000465', 2, NULL, NULL, NULL, NULL);
INSERT INTO "tblINV_PCountSheet" VALUES ('PC-1000466', 1, 'gregori', '2016-02-28 18:55:18', 'gregori', '2016-02-28 18:55:18');
INSERT INTO "tblINV_PCountSheet" VALUES ('PC-1000475', 1, 'gregori', '2016-03-01 22:20:19', 'gregori', '2016-03-01 22:20:19');
INSERT INTO "tblINV_PCountSheet" VALUES ('PC-1000475', 7, 'gregori', '2016-03-01 22:20:19', 'gregori', '2016-03-01 22:20:19');
INSERT INTO "tblINV_PCountSheet" VALUES ('PC-1000471', 1, 'gregori', '2016-03-02 02:10:40', 'gregori', '2016-03-02 02:10:40');
INSERT INTO "tblINV_PCountSheet" VALUES ('PC-1000471', 2, 'gregori', '2016-03-02 02:10:40', 'gregori', '2016-03-02 02:10:40');
INSERT INTO "tblINV_PCountSheet" VALUES ('PC-1000481', 6, 'gregori', '2016-03-02 02:54:01', 'gregori', '2016-03-02 02:54:01');
INSERT INTO "tblINV_PCountSheet" VALUES ('PC-1000481', 2, 'gregori', '2016-03-02 03:20:06', 'gregori', '2016-03-02 03:20:06');
INSERT INTO "tblINV_PCountSheet" VALUES ('PC-1000094', 1, 'gregori', '2016-03-02 18:19:21', 'gregori', '2016-03-02 18:19:21');
INSERT INTO "tblINV_PCountSheet" VALUES ('PC-1000094', 2, 'gregori', '2016-03-02 18:19:21', 'gregori', '2016-03-02 18:19:21');
INSERT INTO "tblINV_PCountSheet" VALUES ('PC-1000464', 1, 'gregori', '2016-03-02 19:35:17', 'gregori', '2016-03-02 19:35:17');
INSERT INTO "tblINV_PCountSheet" VALUES ('PC-1000464', 2, 'gregori', '2016-03-02 19:35:17', 'gregori', '2016-03-02 19:35:17');
INSERT INTO "tblINV_PCountSheet" VALUES ('PC-1000485', 1, 'gregori', '2016-03-02 21:13:51', 'gregori', '2016-03-02 21:13:51');
INSERT INTO "tblINV_PCountSheet" VALUES ('PC-1000485', 2, 'gregori', '2016-03-02 21:13:51', 'gregori', '2016-03-02 21:13:51');
INSERT INTO "tblINV_PCountSheet" VALUES ('PC-1000467', 1, 'gregori', '2016-03-03 01:45:22', 'gregori', '2016-03-03 01:45:22');


--
-- Data for Name: tblINV_PCountSheetDetails; Type: TABLE DATA; Schema: public; Owner: postgres
--

INSERT INTO "tblINV_PCountSheetDetails" VALUES ('PC-1000486', 1, 101, 'Services', 'SV-PL-1000065', 'Payment for Loan', '12', 12.0000, 12.0000, 12.0000, 12.0000, 12.0000, '12', NULL, 0.0000, '12', 'gregori', '2016-03-04 01:45:16', 'gregori', '2016-03-04 01:45:16');
INSERT INTO "tblINV_PCountSheetDetails" VALUES ('PC-1000486', 1, 102, 'Services', 'SV-PPI-1000067', 'Payment for Prepaid Insurance', '12', 12.0000, 12.0000, 12.0000, 12.0000, 12.0000, '12', NULL, 0.0000, '12', 'gregori', '2016-03-04 01:45:16', 'gregori', '2016-03-04 01:45:16');
INSERT INTO "tblINV_PCountSheetDetails" VALUES ('PC-1000486', 1, 103, 'Services', 'RP-0001-MB-1000063', 'Payment for Electricity Bills', '12', 12.0000, 12.0000, 12.0000, 12.0000, 1.0000, '12', NULL, 0.0000, '12', 'gregori', '2016-03-04 01:45:16', 'gregori', '2016-03-04 01:45:16');
INSERT INTO "tblINV_PCountSheetDetails" VALUES ('PC-1000486', 1, 104, 'Services', 'SV-PI-1000066', 'Payment for Interest', '12', 12.0000, 12.0000, 12.0000, 12.0000, 1.0000, '12', NULL, 0.0000, '12', 'gregori', '2016-03-04 01:45:16', 'gregori', '2016-03-04 01:45:16');
INSERT INTO "tblINV_PCountSheetDetails" VALUES ('PC-1000526', 1, 113, 'NRD', 'VIP-FGC-1000071', 'Funtastik Gift Card', 'BX', 12.0000, 12.0000, 1.0000, 1.0000, 1.0000, 'BX', NULL, 0.0000, '1', 'gregori', '2016-03-07 02:12:30', 'gregori', '2016-03-07 02:12:30');
INSERT INTO "tblINV_PCountSheetDetails" VALUES ('PC-1000526', 1, 114, 'NRD', 'VIP-FGC-1000064', 'Funtastik Gift Card', 'PC', 12.0000, 12.0000, 1.0000, 1.0000, 1.0000, 'PC', NULL, 0.0000, '1', 'gregori', '2016-03-07 02:12:30', 'gregori', '2016-03-07 02:12:30');


--
-- Name: tblINV_PCountSheetDetails_CSD_LineNo_seq; Type: SEQUENCE SET; Schema: public; Owner: postgres
--

SELECT pg_catalog.setval('"tblINV_PCountSheetDetails_CSD_LineNo_seq"', 114, true);


--
-- Name: tblINV_PCountSheet_CS_CountSheetNo_seq; Type: SEQUENCE SET; Schema: public; Owner: postgres
--

SELECT pg_catalog.setval('"tblINV_PCountSheet_CS_CountSheetNo_seq"', 6, true);


--
-- Data for Name: tblINV_PurchaseRequest; Type: TABLE DATA; Schema: public; Owner: postgres
--



--
-- Data for Name: tblINV_PurchaseRequestLine; Type: TABLE DATA; Schema: public; Owner: postgres
--



--
-- Data for Name: tblINV_RQ; Type: TABLE DATA; Schema: public; Owner: postgres
--

INSERT INTO "tblINV_RQ" VALUES ('RQ-100157', '2016-01-06 00:00:00', 'Purpose1', 'adsfgh', '2016-01-14 00:00:00', 'KC', 'ACCTG', NULL, NULL, 'gregori', '2016-01-06 05:21:11', 'gregori', '2016-01-06 05:21:11');
INSERT INTO "tblINV_RQ" VALUES ('RQ-100158', '2016-01-06 00:00:00', 'Purpose2', 'sdfgh', '2016-01-07 00:00:00', 'KC', 'ACCTG', NULL, NULL, 'gregori', '2016-01-06 06:02:34', 'gregori', '2016-01-06 06:02:34');
INSERT INTO "tblINV_RQ" VALUES ('RQ-100159', NULL, NULL, NULL, NULL, NULL, NULL, NULL, NULL, 'gregori', '2016-01-06 09:18:45', 'gregori', '2016-01-06 09:18:45');
INSERT INTO "tblINV_RQ" VALUES ('RQ-100160', '2016-01-06 00:00:00', 'Purpose2', 'sdfghjk', '2016-01-08 00:00:00', 'KC', 'ACCTG', NULL, NULL, 'gregori', '2016-01-06 09:20:15', 'gregori', '2016-01-06 09:20:15');
INSERT INTO "tblINV_RQ" VALUES ('RQ-100161', '2016-01-06 00:00:00', 'Purpose3', 'dfghj', '2016-01-08 00:00:00', 'KC', 'ACCTG', NULL, NULL, 'gregori', '2016-01-06 09:44:11', 'gregori', '2016-01-06 09:44:11');
INSERT INTO "tblINV_RQ" VALUES ('RQ-100162', '2016-01-06 00:00:00', 'Purpose1', 'wdfg', '2016-01-13 00:00:00', 'KC', 'ACCTG', NULL, NULL, 'gregori', '2016-01-06 16:46:02', 'gregori', '2016-01-06 16:46:02');
INSERT INTO "tblINV_RQ" VALUES ('RQ-100163', '2016-01-07 00:00:00', 'Purpose2', 'sda', '2016-01-07 00:00:00', 'KC', 'ACCTG', NULL, NULL, 'gregori', '2016-01-07 14:00:49', 'gregori', '2016-01-07 14:00:49');
INSERT INTO "tblINV_RQ" VALUES ('RQ-100164', '2016-01-07 00:00:00', 'Purpose2', 'assdad', '2016-01-07 00:00:00', 'KC', 'ACCTG', NULL, NULL, 'gregori', '2016-01-07 16:06:05', 'gregori', '2016-01-07 16:06:05');
INSERT INTO "tblINV_RQ" VALUES ('RQ-100165', NULL, NULL, NULL, NULL, NULL, NULL, NULL, NULL, 'gregori', '2016-01-07 18:19:48', 'gregori', '2016-01-07 18:19:48');
INSERT INTO "tblINV_RQ" VALUES ('RQ-100166', NULL, NULL, NULL, NULL, NULL, NULL, NULL, NULL, 'gregori', '2016-01-07 18:31:10', 'gregori', '2016-01-07 18:31:10');
INSERT INTO "tblINV_RQ" VALUES ('RQ-100167', '2016-01-07 00:00:00', 'Purpose2', 'tadsad', '2016-01-07 00:00:00', 'KC', 'ACCTG', NULL, NULL, 'gregori', '2016-01-07 18:37:44', 'gregori', '2016-01-07 18:37:44');
INSERT INTO "tblINV_RQ" VALUES ('RQ-100169', NULL, NULL, NULL, NULL, NULL, NULL, NULL, NULL, 'gregori', '2016-01-11 13:09:14', 'gregori', '2016-01-11 13:09:14');
INSERT INTO "tblINV_RQ" VALUES ('RQ-100170', NULL, NULL, NULL, NULL, NULL, NULL, NULL, NULL, 'gregori', '2016-01-11 13:11:48', 'gregori', '2016-01-11 13:11:48');
INSERT INTO "tblINV_RQ" VALUES ('RQ-100171', NULL, NULL, NULL, NULL, NULL, NULL, NULL, NULL, 'gregori', '2016-01-11 13:12:03', 'gregori', '2016-01-11 13:12:03');
INSERT INTO "tblINV_RQ" VALUES ('RQ-100172', NULL, NULL, NULL, NULL, NULL, NULL, NULL, NULL, 'gregori', '2016-01-11 13:17:34', 'gregori', '2016-01-11 13:17:34');
INSERT INTO "tblINV_RQ" VALUES ('RQ-100173', NULL, NULL, NULL, NULL, NULL, NULL, NULL, NULL, 'gregori', '2016-01-11 13:44:42', 'gregori', '2016-01-11 13:44:42');
INSERT INTO "tblINV_RQ" VALUES ('RQ-100174', NULL, NULL, NULL, NULL, NULL, NULL, NULL, NULL, 'gregori', '2016-01-28 18:01:15', 'gregori', '2016-01-28 18:01:15');
INSERT INTO "tblINV_RQ" VALUES ('RQ-100176', NULL, NULL, NULL, NULL, NULL, NULL, NULL, NULL, 'gregori', '2016-01-28 18:30:53', 'gregori', '2016-01-28 18:30:53');
INSERT INTO "tblINV_RQ" VALUES ('RQ-100168', '2016-01-07 00:00:00', '', 'test', '2016-01-01 00:00:00', 'KC', 'ACCTG', NULL, NULL, 'gregori', '2016-01-07 18:53:17', 'gregori', '2016-01-07 18:53:17');
INSERT INTO "tblINV_RQ" VALUES ('RQ-100177', NULL, NULL, NULL, NULL, NULL, NULL, NULL, NULL, 'gregori', '2016-02-01 03:45:47', 'gregori', '2016-02-01 03:45:47');
INSERT INTO "tblINV_RQ" VALUES ('RQ-100178', NULL, NULL, NULL, NULL, NULL, NULL, NULL, NULL, 'gregori', '2016-02-01 03:47:20', 'gregori', '2016-02-01 03:47:20');
INSERT INTO "tblINV_RQ" VALUES ('RQ-100179', NULL, NULL, NULL, NULL, NULL, NULL, NULL, NULL, 'gregori', '2016-02-10 18:48:26', 'gregori', '2016-02-10 18:48:26');
INSERT INTO "tblINV_RQ" VALUES ('RQ-100175', '2016-01-28 00:00:00', '', '', '2016-01-05 00:00:00', 'KC', 'ACCTG', NULL, NULL, 'gregori', '2016-01-28 18:11:04', 'gregori', '2016-01-28 18:11:04');


--
-- Data for Name: tblINV_RQDetail; Type: TABLE DATA; Schema: public; Owner: postgres
--

INSERT INTO "tblINV_RQDetail" VALUES ('RQ-100160', 'Services', 'SV-PI-1000066', 'Payment for Interest', 'PLD', 1.0000, '', 0.0000, 0.0000, '', '', '', '', NULL, NULL, NULL, NULL, 'gregori', '2016-01-06 09:21:32', 'gregori', '2016-01-06 09:27:13', 46, 'Pending');
INSERT INTO "tblINV_RQDetail" VALUES ('RQ-100160', 'Services', 'SV-PI-1000066', 'Payment for Interest', 'PLD', 1.0000, '', 0.0000, 0.0000, '', '', '', '', NULL, NULL, NULL, NULL, 'gregori', '2016-01-06 09:21:32', 'gregori', '2016-01-06 09:27:13', 47, 'Approved');
INSERT INTO "tblINV_RQDetail" VALUES ('RQ-100160', 'Services', 'SV-PI-1000066', 'Payment for Interest', 'PLD', 1.0000, '', 0.0000, 0.0000, '', '', '', '', NULL, NULL, NULL, NULL, 'gregori', '2016-01-06 09:21:32', 'gregori', '2016-01-06 09:27:13', 48, 'Approved');
INSERT INTO "tblINV_RQDetail" VALUES ('RQ-100157', 'Services', 'SV-PI-1000066', 'Payment for Interest', 'PLD', 1.0000, NULL, 0.0000, 0.0000, NULL, NULL, NULL, NULL, NULL, NULL, NULL, NULL, 'gregori', '2016-01-06 05:23:11', 'gregori', '2016-01-06 05:23:31', 37, 'Approved');
INSERT INTO "tblINV_RQDetail" VALUES ('RQ-100157', 'Services', 'SV-PI-1000066', 'Payment for Interest', 'PLD', 1.0000, NULL, 0.0000, 0.0000, NULL, NULL, NULL, NULL, NULL, NULL, NULL, NULL, 'gregori', '2016-01-06 05:23:11', 'gregori', '2016-01-06 05:23:31', 36, 'Approved');
INSERT INTO "tblINV_RQDetail" VALUES ('RQ-100161', 'Services', 'SV-PI-1000066', 'Payment for Interest', 'PLD', 1.0000, NULL, 0.0000, 0.0000, NULL, NULL, NULL, NULL, NULL, NULL, NULL, NULL, 'gregori', '2016-01-06 09:44:49', 'gregori', '2016-01-06 09:45:08', 49, 'Approved');
INSERT INTO "tblINV_RQDetail" VALUES ('RQ-100158', 'Services', 'SV-PI-1000066', 'Payment for Interest', 'PLD', 1.0000, NULL, 0.0000, 0.0000, NULL, NULL, NULL, NULL, NULL, NULL, NULL, NULL, 'gregori', '2016-01-06 06:03:03', 'gregori', '2016-01-06 06:39:12', 40, 'Open');
INSERT INTO "tblINV_RQDetail" VALUES ('RQ-100158', 'Services', 'SV-PI-1000066', 'Payment for Interest', 'PLD', 1.0000, NULL, 0.0000, 0.0000, NULL, NULL, NULL, NULL, NULL, NULL, NULL, NULL, 'gregori', '2016-01-06 06:03:03', 'gregori', '2016-01-06 06:03:22', 42, 'Open');
INSERT INTO "tblINV_RQDetail" VALUES ('RQ-100158', 'Services', 'SV-PI-1000066', 'Payment for Interest', 'PLD', 1.0000, NULL, 0.0000, 0.0000, NULL, NULL, NULL, NULL, NULL, NULL, NULL, NULL, 'gregori', '2016-01-06 06:03:03', 'gregori', '2016-01-06 06:03:22', 41, 'Open');
INSERT INTO "tblINV_RQDetail" VALUES ('RQ-100158', 'Services', 'SV-PI-1000066', 'Payment for Interest', 'PLD', 1.0000, NULL, 0.0000, 0.0000, NULL, NULL, NULL, NULL, NULL, NULL, NULL, NULL, 'gregori', '2016-01-06 06:03:03', 'gregori', '2016-01-06 06:03:22', 39, 'Open');
INSERT INTO "tblINV_RQDetail" VALUES ('RQ-100157', 'Services', 'SV-PI-1000066', 'Payment for Interest', 'PLD', 1.0000, NULL, 0.0000, 0.0000, NULL, NULL, NULL, NULL, NULL, NULL, NULL, NULL, 'gregori', '2016-01-06 05:23:11', 'gregori', '2016-01-06 05:23:11', 38, 'Cancelled');
INSERT INTO "tblINV_RQDetail" VALUES ('RQ-100162', 'Services', 'SV-PI-1000066', 'Payment for Interest', 'PLD', 1.0000, NULL, 0.0000, 0.0000, NULL, NULL, NULL, NULL, NULL, NULL, NULL, NULL, 'gregori', '2016-01-06 16:46:41', 'gregori', '2016-01-07 12:47:52', 52, 'Approved');
INSERT INTO "tblINV_RQDetail" VALUES ('RQ-100162', 'Services', 'SV-PI-1000066', 'Payment for Interest', 'PLD', 1.0000, NULL, 0.0000, 0.0000, NULL, NULL, NULL, NULL, NULL, NULL, NULL, NULL, 'gregori', '2016-01-06 16:46:41', 'gregori', '2016-01-07 12:47:52', 50, 'Approved');
INSERT INTO "tblINV_RQDetail" VALUES ('RQ-100162', 'Services', 'SV-PI-1000066', 'Payment for Interest', 'PLD', 1.0000, NULL, 0.0000, 0.0000, NULL, NULL, NULL, NULL, NULL, NULL, NULL, NULL, 'gregori', '2016-01-06 16:46:41', 'gregori', '2016-01-07 12:47:52', 51, 'Approved');
INSERT INTO "tblINV_RQDetail" VALUES ('RQ-100167', 'RD', 'FD-SN-1000069', 'Snacks Piatos Barbeque Small', 'ACCTG', 32.0000, 'PC', 0.0000, 0.0000, NULL, NULL, NULL, 'PO-100085', NULL, NULL, NULL, NULL, 'gregori', '2016-01-07 18:38:09', 'gregori', '2016-01-07 18:38:25', 56, 'Approved');
INSERT INTO "tblINV_RQDetail" VALUES ('RQ-100164', 'RD', 'FD-SN-1000069', 'Snacks Piatos Barbeque Small', 'ACCTG', 232.0000, 'PC', 0.0000, 0.0000, NULL, NULL, NULL, 'PO-100084', 'Approved', NULL, NULL, NULL, 'gregori', '2016-01-07 16:06:37', 'testuser1', '2016-01-07 18:52:17', 55, 'Approved');
INSERT INTO "tblINV_RQDetail" VALUES ('RQ-100164', 'RD', 'FD-SN-1000058', 'Snacks Piatos Barbeque Small', 'PLD', 43.0000, 'BX', 0.0000, 0.0000, NULL, NULL, NULL, 'PO-100084', 'Approved', NULL, NULL, NULL, 'gregori', '2016-01-07 16:06:37', 'testuser1', '2016-01-07 18:52:17', 54, 'Approved');
INSERT INTO "tblINV_RQDetail" VALUES ('RQ-100163', 'RD', 'FD-SN-1000069', 'Snacks Piatos Barbeque Small', 'PLD', 23.0000, 'PC', 0.0000, 0.0000, 'ddsfs', NULL, NULL, NULL, NULL, NULL, NULL, NULL, 'gregori', '2016-01-07 14:02:20', 'gregori', '2016-01-07 14:02:34', 53, 'Approved');
INSERT INTO "tblINV_RQDetail" VALUES ('RQ-100168', 'RD', 'FD-SN-1000058', 'Snacks Piatos Barbeque Small', 'ACCTG', 23.0000, 'BX', 0.0000, 0.0000, '', '', '', 'PO-100086', NULL, NULL, NULL, NULL, 'gregori', '2016-01-28 23:22:06', 'gregori', '2016-01-28 23:22:06', 61, 'Open');
INSERT INTO "tblINV_RQDetail" VALUES ('RQ-100168', 'Services', 'RP-0001-MB-1000063', 'Payment for Electricity Bills', 'SMMM', 56789.0000, '', 0.0000, 0.0000, '', '', '', '', NULL, NULL, NULL, NULL, 'gregori', '2016-01-28 23:22:06', 'gregori', '2016-01-28 23:22:06', 62, 'Open');
INSERT INTO "tblINV_RQDetail" VALUES ('RQ-100168', 'Services', 'RP-0001-MB-1000063', 'Payment for Electricity Bills', 'SMMM', 76767.0000, '', 0.0000, 0.0000, '67', '', '', '', NULL, NULL, NULL, NULL, 'gregori', '2016-01-28 23:22:06', 'gregori', '2016-01-28 23:22:06', 63, 'Open');
INSERT INTO "tblINV_RQDetail" VALUES ('RQ-100175', 'Services', 'RP-0001-MB-1000063', 'Payment for Electricity Bills', 'SMMM', 77.0000, '', 0.0000, 0.0000, '77', '', '', '', NULL, NULL, NULL, NULL, 'gregori', '2016-02-11 03:02:58', 'gregori', '2016-02-11 03:02:58', 64, 'Open');


--
-- Name: tblINV_RQDetail_RQD_LineNo_seq; Type: SEQUENCE SET; Schema: public; Owner: postgres
--

SELECT pg_catalog.setval('"tblINV_RQDetail_RQD_LineNo_seq"', 64, true);


--
-- Data for Name: tblINV_RQL; Type: TABLE DATA; Schema: public; Owner: postgres
--

INSERT INTO "tblINV_RQL" VALUES ('RQL-100063', NULL, NULL, NULL, NULL, NULL, NULL, NULL, NULL, 'gregori', '2016-01-27 21:11:30', 'gregori', '2016-01-27 21:11:30');
INSERT INTO "tblINV_RQL" VALUES ('RQL-100064', NULL, NULL, NULL, NULL, NULL, NULL, NULL, NULL, 'gregori', '2016-01-27 21:12:01', 'gregori', '2016-01-27 21:12:01');
INSERT INTO "tblINV_RQL" VALUES ('RQL-100065', NULL, NULL, NULL, NULL, NULL, NULL, NULL, NULL, 'gregori', '2016-01-27 21:23:39', 'gregori', '2016-01-27 21:23:39');
INSERT INTO "tblINV_RQL" VALUES ('RQL-100067', NULL, NULL, NULL, NULL, NULL, NULL, NULL, NULL, 'gregori', '2016-01-28 03:22:34', 'gregori', '2016-01-28 03:22:34');
INSERT INTO "tblINV_RQL" VALUES ('RQL-100068', NULL, NULL, NULL, NULL, NULL, NULL, NULL, NULL, 'gregori', '2016-01-28 18:06:17', 'gregori', '2016-01-28 18:06:17');
INSERT INTO "tblINV_RQL" VALUES ('RQL-100069', NULL, NULL, NULL, NULL, NULL, NULL, NULL, NULL, 'gregori', '2016-01-28 18:10:38', 'gregori', '2016-01-28 18:10:38');
INSERT INTO "tblINV_RQL" VALUES ('RQL-100070', '2016-01-28 00:00:00', 'ROO', 'test', 'gregori', 'Open', 'SMMM', 'KC', NULL, 'gregori', '2016-01-28 18:13:26', 'gregori', '2016-01-28 18:13:26');
INSERT INTO "tblINV_RQL" VALUES ('RQL-100066', '2016-01-28 00:00:00', 'ROO', '', 'gregori', 'Open', 'SMMM', 'KC', NULL, 'gregori', '2016-01-27 21:36:24', 'gregori', '2016-01-27 21:36:24');
INSERT INTO "tblINV_RQL" VALUES ('RQL-100062', '2016-01-28 00:00:00', 'ROO', 'test', 'gregori', 'Pending', 'PLD', 'KC', NULL, 'gregori', '2016-01-25 01:46:13', 'gregori', '2016-01-27 21:32:47');
INSERT INTO "tblINV_RQL" VALUES ('RQL-100072', '2016-01-28 00:00:00', 'ROO', 'test', 'gregori', 'Open', 'SMMM', 'KC', NULL, 'gregori', '2016-01-28 23:18:36', 'gregori', '2016-01-28 23:18:36');
INSERT INTO "tblINV_RQL" VALUES ('RQL-100073', NULL, NULL, NULL, NULL, NULL, NULL, NULL, NULL, 'gregori', '2016-02-10 03:00:57', 'gregori', '2016-02-10 03:00:57');
INSERT INTO "tblINV_RQL" VALUES ('RQL-100074', NULL, NULL, NULL, NULL, NULL, NULL, NULL, NULL, 'gregori', '2016-02-10 18:47:57', 'gregori', '2016-02-10 18:47:57');
INSERT INTO "tblINV_RQL" VALUES ('RQL-100071', '2016-02-11 00:00:00', '', 'tests', 'gregori', 'Open', 'ACCTG', 'KC', NULL, 'gregori', '2016-01-28 18:51:44', 'gregori', '2016-01-28 18:51:44');
INSERT INTO "tblINV_RQL" VALUES ('RQL-100075', NULL, NULL, NULL, NULL, NULL, NULL, NULL, NULL, 'gregori', '2016-02-15 04:03:19', 'gregori', '2016-02-15 04:03:19');


--
-- Data for Name: tblINV_RQLDetail; Type: TABLE DATA; Schema: public; Owner: postgres
--

INSERT INTO "tblINV_RQLDetail" VALUES ('RQL-100070', 'RD', 'FD-SN-1000069', 'Snacks Piatos Barbeque Small', 'SMMM', 13123.0000, 'PC', 0.0000, 0.0000, '123', NULL, NULL, NULL, NULL, 'gregori', '2016-01-28 23:16:23', 'gregori', '2016-01-28 23:16:23', 39, 'Open', NULL, NULL);
INSERT INTO "tblINV_RQLDetail" VALUES ('RQL-100070', 'RD', 'FD-SN-1000069', 'Snacks Piatos Barbeque Small', 'SMMM', 231321.0000, 'PC', 0.0000, 0.0000, '12312', NULL, NULL, NULL, NULL, 'gregori', '2016-01-28 23:16:23', 'gregori', '2016-01-28 23:16:23', 40, 'Open', NULL, NULL);
INSERT INTO "tblINV_RQLDetail" VALUES ('RQL-100070', 'RD', 'FD-SN-1000069', 'Snacks Piatos Barbeque Small', 'SMMM', 345.0000, 'PC', 0.0000, 0.0000, '3333', NULL, NULL, NULL, NULL, 'gregori', '2016-01-28 23:16:23', 'gregori', '2016-01-28 23:16:23', 41, 'Open', NULL, NULL);
INSERT INTO "tblINV_RQLDetail" VALUES ('RQL-100070', 'RD', 'FD-SN-1000058', 'Snacks Piatos Barbeque Small', 'SMMM', 345.0000, 'BX', 0.0000, 0.0000, '222', NULL, NULL, NULL, NULL, 'gregori', '2016-01-28 23:16:23', 'gregori', '2016-01-28 23:16:23', 42, 'Open', NULL, NULL);
INSERT INTO "tblINV_RQLDetail" VALUES ('RQL-100066', 'RD', 'FD-SN-1000069', 'Snacks Piatos Barbeque Small', 'SMMM', 666.0000, 'PC', 0.0000, 0.0000, '', NULL, NULL, NULL, NULL, 'gregori', '2016-01-28 23:16:54', 'gregori', '2016-01-28 23:16:54', 43, 'Open', NULL, NULL);
INSERT INTO "tblINV_RQLDetail" VALUES ('RQL-100066', 'RD', 'FD-SN-1000069', 'Snacks Piatos Barbeque Small', 'SMMM', 567.0000, 'PC', 0.0000, 0.0000, '', NULL, NULL, NULL, NULL, 'gregori', '2016-01-28 23:16:54', 'gregori', '2016-01-28 23:16:54', 44, 'Open', NULL, NULL);
INSERT INTO "tblINV_RQLDetail" VALUES ('RQL-100066', 'Services', 'FD-SN-1000069', 'Snacks Piatos Barbeque Small', 'SMMM', 3456.0000, 'PC', 0.0000, 0.0000, '', NULL, NULL, NULL, NULL, 'gregori', '2016-01-28 23:16:54', 'gregori', '2016-01-28 23:16:54', 45, 'Open', NULL, NULL);
INSERT INTO "tblINV_RQLDetail" VALUES ('RQL-100066', 'RD', 'FD-SN-1000069', 'Snacks Piatos Barbeque Small', 'SMMM', 343.0000, 'PC', 0.0000, 0.0000, '', NULL, NULL, NULL, NULL, 'gregori', '2016-01-28 23:16:54', 'gregori', '2016-01-28 23:16:54', 46, 'Open', NULL, NULL);
INSERT INTO "tblINV_RQLDetail" VALUES ('RQL-100062', 'RD', 'FD-DR-1000061', 'Drinks Coke', 'PLD', 4444.0000, 'PC', 0.0000, 0.0000, '444', NULL, NULL, NULL, NULL, 'gregori', '2016-01-28 23:18:07', 'gregori', '2016-01-28 23:18:07', 47, 'Open', NULL, NULL);
INSERT INTO "tblINV_RQLDetail" VALUES ('RQL-100062', 'Services', 'RP-0001-MB-1000063', 'Payment for Electricity Bills', 'PLD', 234.0000, '', 0.0000, 0.0000, '444', NULL, NULL, NULL, NULL, 'gregori', '2016-01-28 23:18:07', 'gregori', '2016-01-28 23:18:07', 48, 'Open', NULL, NULL);
INSERT INTO "tblINV_RQLDetail" VALUES ('RQL-100062', 'Services', 'SV-PPI-1000067', 'Payment for Prepaid Insurance', 'PLD', 3245.0000, '', 0.0000, 0.0000, '', NULL, NULL, NULL, NULL, 'gregori', '2016-01-28 23:18:07', 'gregori', '2016-01-28 23:18:07', 49, 'Open', NULL, NULL);
INSERT INTO "tblINV_RQLDetail" VALUES ('RQL-100072', 'RD', 'FD-SN-1000069', 'Snacks Piatos Barbeque Small', 'SMMM', 123.0000, 'PC', 0.0000, 0.0000, '2322', NULL, NULL, NULL, NULL, 'gregori', '2016-01-28 23:18:54', 'gregori', '2016-01-28 23:18:54', 50, 'Open', NULL, NULL);
INSERT INTO "tblINV_RQLDetail" VALUES ('RQL-100071', 'RD', 'FD-SN-1000069', 'Snacks Piatos Barbeque Small', 'SMMM', 4343.0000, 'PC', 0.0000, 0.0000, '34', NULL, NULL, NULL, NULL, 'gregori', '2016-02-11 03:05:02', 'gregori', '2016-02-11 03:05:02', 62, 'Open', NULL, NULL);
INSERT INTO "tblINV_RQLDetail" VALUES ('RQL-100071', 'RD', 'FD-SN-1000058', 'Snacks Piatos Barbeque Small', 'SMMM', 23.0000, 'BX', 0.0000, 0.0000, '23', NULL, NULL, NULL, NULL, 'gregori', '2016-02-11 03:05:02', 'gregori', '2016-02-11 03:05:02', 63, 'Open', NULL, NULL);
INSERT INTO "tblINV_RQLDetail" VALUES ('RQL-100071', 'RD', 'FD-SN-1000069', 'Snacks Piatos Barbeque Small', 'SMMM', 65767.0000, 'PC', 0.0000, 0.0000, '67', NULL, NULL, NULL, NULL, 'gregori', '2016-02-11 03:05:02', 'gregori', '2016-02-11 03:05:02', 64, 'Open', NULL, NULL);


--
-- Name: tblINV_RQLDetail_RQLD_LineNo_seq; Type: SEQUENCE SET; Schema: public; Owner: postgres
--

SELECT pg_catalog.setval('"tblINV_RQLDetail_RQLD_LineNo_seq"', 64, true);


--
-- Data for Name: tblINV_Retrieval; Type: TABLE DATA; Schema: public; Owner: postgres
--

INSERT INTO "tblINV_Retrieval" VALUES ('SMMM-JAN-2016', '2016-02-09 00:00:00', 'Jan-2016', 1, '2016-01-08 00:00:00', 'SMMM', 'KC', 'Open', NULL, NULL, NULL, NULL, NULL, NULL, NULL);
INSERT INTO "tblINV_Retrieval" VALUES ('SMMM-Mar-2016', '2016-03-06 00:00:00', 'Mar-2016', 1, '2016-03-06 00:00:00', 'SMMM', 'KC', 'Open', NULL, NULL, NULL, 'gregori', '2016-03-06 21:20:17', 'gregori', '2016-03-07 00:00:11');
INSERT INTO "tblINV_Retrieval" VALUES ('SMMM-Feb-2016', '2016-03-07 00:00:00', 'Feb-2016', 1, '2016-03-07 00:00:00', 'SMMM', 'KC', 'Open', NULL, NULL, NULL, 'gregori', '2016-03-07 00:00:19', 'gregori', '2016-03-07 00:00:19');
INSERT INTO "tblINV_Retrieval" VALUES ('SMMM-Jan-2016', '2016-03-07 00:00:00', 'Jan-2016', 1, '2016-03-07 00:00:00', 'SMMM', 'KC', 'Open', NULL, NULL, NULL, 'gregori', '2016-03-07 00:44:55', 'gregori', '2016-03-07 00:44:55');


--
-- Data for Name: tblINV_RetrievalMeterReading; Type: TABLE DATA; Schema: public; Owner: postgres
--

INSERT INTO "tblINV_RetrievalMeterReading" VALUES ('SMMM-JAN-2016', 'FA-10001', 1, 1, '2016-01-04 00:00:00', 400, 1, 100000, 100200, 200, 6, 0.0152, 'Jan. 4 Remarks', NULL, NULL, NULL, NULL);
INSERT INTO "tblINV_RetrievalMeterReading" VALUES ('SMMM-JAN-2016', 'FA-10001', 2, 1, '2016-01-04 00:00:00', 400, 2, 100000, 100194, 194, 6, 0.0152, 'Jan. 4 Remarks', NULL, NULL, NULL, NULL);
INSERT INTO "tblINV_RetrievalMeterReading" VALUES ('SMMM-JAN-2016', 'FA-10041', 3, 1, '2016-01-04 00:00:00', 600, 1, 100000, 100600, 600, 0, 0.0000, 'ok', NULL, NULL, NULL, NULL);
INSERT INTO "tblINV_RetrievalMeterReading" VALUES ('SMMM-JAN-2016', 'FA-10001', 4, 1, '2016-01-08 00:00:00', 500, 1, 100000, 100250, 250, 96, 0.2376, 'Jan. 8 Remarks', NULL, NULL, NULL, NULL);
INSERT INTO "tblINV_RetrievalMeterReading" VALUES ('SMMM-JAN-2016', 'FA-10001', 5, 1, '2016-01-08 00:00:00', 500, 2, 100000, 100154, 154, 96, 0.2376, 'Jan. 8 Remarks', NULL, NULL, NULL, NULL);
INSERT INTO "tblINV_RetrievalMeterReading" VALUES ('SMMM-JAN-2016', 'FA-10041', 6, 1, '2016-01-08 00:00:00', 1400, 1, 100000, 101405, 1405, -5, -0.0036, 'Remarks', NULL, NULL, NULL, NULL);
INSERT INTO "tblINV_RetrievalMeterReading" VALUES ('SMMM-Mar-2016', 'FA-10006', 1, 1, '2016-03-06 00:00:00', 0, 2, 0, 0, 0, 0, 0.0000, NULL, 'gregori', '2016-03-06 21:22:14', 'gregori', '2016-03-06 21:22:14');
INSERT INTO "tblINV_RetrievalMeterReading" VALUES ('SMMM-Mar-2016', 'FA-10008', 2, 1, '2016-03-06 00:00:00', 0, 2, 0, 0, 0, 0, 0.0000, NULL, 'gregori', '2016-03-06 21:22:47', 'gregori', '2016-03-06 21:22:47');


--
-- Name: tblINV_RetrievalMeterReading_RVMR_LineNo_seq; Type: SEQUENCE SET; Schema: public; Owner: postgres
--

SELECT pg_catalog.setval('"tblINV_RetrievalMeterReading_RVMR_LineNo_seq"', 2, true);


--
-- Data for Name: tblINV_RetrievalPisoCoin; Type: TABLE DATA; Schema: public; Owner: postgres
--

INSERT INTO "tblINV_RetrievalPisoCoin" VALUES ('SMMM-JAN-2016', 'FA-10006', 1, 1, '2016-01-04 00:00:00', 0, 700, 700, 5, 10, 'FA-10006: Jan. 4 Remarks', NULL, NULL, NULL, NULL);
INSERT INTO "tblINV_RetrievalPisoCoin" VALUES ('SMMM-JAN-2016', 'FA-10006', 2, 1, '2016-01-08 00:00:00', 500, 900, 400, 0, 0, 'FA-10006: Jan. 8 Remarks', NULL, NULL, NULL, NULL);
INSERT INTO "tblINV_RetrievalPisoCoin" VALUES ('SMMM-Mar-2016', 'FA-10052', 1, 1, '2016-03-06 00:00:00', 0, 0, 0, 0, 0, NULL, 'gregori', '2016-03-06 21:22:00', 'gregori', '2016-03-06 21:22:00');
INSERT INTO "tblINV_RetrievalPisoCoin" VALUES ('SMMM-Mar-2016', 'FA-10006', 2, 1, '2016-03-06 00:00:00', 0, 0, 0, 0, 0, NULL, 'gregori', '2016-03-06 21:22:02', 'gregori', '2016-03-06 21:22:02');
INSERT INTO "tblINV_RetrievalPisoCoin" VALUES ('SMMM-Mar-2016', 'FA-10008', 3, 1, '2016-03-06 00:00:00', 0, 0, 0, 0, 0, NULL, 'gregori', '2016-03-06 21:22:04', 'gregori', '2016-03-06 21:22:04');
INSERT INTO "tblINV_RetrievalPisoCoin" VALUES ('SMMM-Mar-2016', 'FA-10042', 4, 1, '2016-03-06 00:00:00', 0, 0, 0, 0, 0, NULL, 'gregori', '2016-03-06 21:28:27', 'gregori', '2016-03-06 21:28:27');
INSERT INTO "tblINV_RetrievalPisoCoin" VALUES ('SMMM-Mar-2016', 'FA-10045', 5, 1, '2016-03-06 00:00:00', 0, 0, 0, 0, 0, NULL, 'gregori', '2016-03-06 22:30:16', 'gregori', '2016-03-06 22:30:16');
INSERT INTO "tblINV_RetrievalPisoCoin" VALUES ('SMMM-Feb-2016', 'FA-10006', 6, 1, '2016-03-07 00:00:00', 0, 0, 0, 0, 0, NULL, 'gregori', '2016-03-07 00:43:49', 'gregori', '2016-03-07 00:43:49');
INSERT INTO "tblINV_RetrievalPisoCoin" VALUES ('SMMM-Feb-2016', 'FA-10008', 7, 1, '2016-03-07 00:00:00', 0, 0, 0, 0, 0, NULL, 'gregori', '2016-03-07 00:43:49', 'gregori', '2016-03-07 00:43:49');


--
-- Name: tblINV_RetrievalPisoCoin_RVPC_LineNo_seq; Type: SEQUENCE SET; Schema: public; Owner: postgres
--

SELECT pg_catalog.setval('"tblINV_RetrievalPisoCoin_RVPC_LineNo_seq"', 7, true);


--
-- Data for Name: tblINV_RetrievalPisoToken; Type: TABLE DATA; Schema: public; Owner: postgres
--

INSERT INTO "tblINV_RetrievalPisoToken" VALUES ('SMMM-JAN-2016', 'FA-10041', 1, 1, '2016-01-04 00:00:00', 0, 600, 600, 3, 0, 'FA-10041: Jan. 4 Remarks', NULL, NULL, NULL, NULL);
INSERT INTO "tblINV_RetrievalPisoToken" VALUES ('SMMM-JAN-2016', 'FA-10041', 2, 1, '2016-01-08 00:00:00', 0, 1400, 1400, 0, 0, 'FA-10041: Jan. 8 Remarks', NULL, NULL, NULL, NULL);
INSERT INTO "tblINV_RetrievalPisoToken" VALUES ('SMMM-Mar-2016', 'FA-10045', 2, 1, '2016-03-06 00:00:00', 0, 0, 0, 0, 0, NULL, 'gregori', '2016-03-06 21:20:55', 'gregori', '2016-03-06 21:20:55');
INSERT INTO "tblINV_RetrievalPisoToken" VALUES ('SMMM-Mar-2016', 'FA-10042', 3, 1, '2016-03-06 00:00:00', 0, 0, 0, 0, 0, NULL, 'gregori', '2016-03-06 21:27:45', 'gregori', '2016-03-06 21:27:45');
INSERT INTO "tblINV_RetrievalPisoToken" VALUES ('SMMM-Feb-2016', 'FA-10042', 4, 1, '2016-03-07 00:00:00', 0, 0, 0, 0, 0, NULL, 'gregori', '2016-03-07 00:43:42', 'gregori', '2016-03-07 00:43:42');


--
-- Name: tblINV_RetrievalPisoToken_RVPT_LineNo_seq; Type: SEQUENCE SET; Schema: public; Owner: postgres
--

SELECT pg_catalog.setval('"tblINV_RetrievalPisoToken_RVPT_LineNo_seq"', 4, true);


--
-- Data for Name: tblINV_RetrievalSummary; Type: TABLE DATA; Schema: public; Owner: postgres
--

INSERT INTO "tblINV_RetrievalSummary" VALUES ('SMMM-JAN-2016', 1, 8000.0000, 2000.0000, 1100.0000, 390.0000, 11490.0000);


--
-- Data for Name: tblINV_RetrievalSummaryDetails; Type: TABLE DATA; Schema: public; Owner: postgres
--

INSERT INTO "tblINV_RetrievalSummaryDetails" VALUES ('SMMM-JAN-2016', 1, 1, 0, 1600.0000, 5.0000, 8000.0000);
INSERT INTO "tblINV_RetrievalSummaryDetails" VALUES ('SMMM-JAN-2016', 1, 2, 1, 2000.0000, 1.0000, 2000.0000);
INSERT INTO "tblINV_RetrievalSummaryDetails" VALUES ('SMMM-JAN-2016', 1, 3, 2, 1100.0000, 1.0000, 1100.0000);
INSERT INTO "tblINV_RetrievalSummaryDetails" VALUES ('SMMM-JAN-2016', 1, 4, 3, 18.0000, 5.0000, 90.0000);
INSERT INTO "tblINV_RetrievalSummaryDetails" VALUES ('SMMM-JAN-2016', 1, 5, 3, 30.0000, 10.0000, 300.0000);


--
-- Name: tblINV_RetrievalSummaryDetails_RVSD_LineNo_seq; Type: SEQUENCE SET; Schema: public; Owner: postgres
--

SELECT pg_catalog.setval('"tblINV_RetrievalSummaryDetails_RVSD_LineNo_seq"', 1, false);


--
-- Data for Name: tblINV_RetrievalTicket; Type: TABLE DATA; Schema: public; Owner: postgres
--

INSERT INTO "tblINV_RetrievalTicket" VALUES ('SMMM-JAN-2016', 'FA-10011', 1, 1, '2016-01-04 00:00:00', 5.0000, 8, 'ticket remarks 1', NULL, NULL, NULL, NULL);
INSERT INTO "tblINV_RetrievalTicket" VALUES ('SMMM-JAN-2016', 'FA-10011', 2, 1, '2016-01-04 00:00:00', 10.0000, 10, 'ticket remarks 2', NULL, NULL, NULL, NULL);
INSERT INTO "tblINV_RetrievalTicket" VALUES ('SMMM-JAN-2016', 'FA-10011', 3, 1, '2016-01-08 00:00:00', 5.0000, 10, 'FA-10011 Remarks 1', NULL, NULL, NULL, NULL);
INSERT INTO "tblINV_RetrievalTicket" VALUES ('SMMM-JAN-2016', 'FA-10011', 4, 1, '2016-01-08 00:00:00', 10.0000, 20, 'FA-10011 Remarks 2', NULL, NULL, NULL, NULL);


--
-- Data for Name: tblINV_RetrievalTicketVariance; Type: TABLE DATA; Schema: public; Owner: postgres
--



--
-- Name: tblINV_RetrievalTicketVariance_RVTIV_LineNo_seq; Type: SEQUENCE SET; Schema: public; Owner: postgres
--

SELECT pg_catalog.setval('"tblINV_RetrievalTicketVariance_RVTIV_LineNo_seq"', 1, false);


--
-- Name: tblINV_RetrievalTicket_RVTR_LineNo_seq; Type: SEQUENCE SET; Schema: public; Owner: postgres
--

SELECT pg_catalog.setval('"tblINV_RetrievalTicket_RVTR_LineNo_seq"', 1, false);


--
-- Data for Name: tblINV_RetrievalToken; Type: TABLE DATA; Schema: public; Owner: postgres
--

INSERT INTO "tblINV_RetrievalToken" VALUES ('SMMM-JAN-2016', 'FA-10001', 1, 1, '2016-01-04 00:00:00', 0, 400, 400, 0, 0, 'FA-10001: Jan. 4 Remarks', NULL, NULL, NULL, NULL);
INSERT INTO "tblINV_RetrievalToken" VALUES ('SMMM-JAN-2016', 'FA-10002', 2, 1, '2016-01-04 00:00:00', 400, 700, 300, 5, 10, 'FA-10002: Jan. 4 Remarks', NULL, NULL, NULL, NULL);
INSERT INTO "tblINV_RetrievalToken" VALUES ('SMMM-JAN-2016', 'FA-10001', 3, 1, '2016-01-08 00:00:00', 0, 500, 500, 0, 0, 'FA-10001: Jan. 8 Remarks', NULL, NULL, NULL, NULL);
INSERT INTO "tblINV_RetrievalToken" VALUES ('SMMM-JAN-2016', 'FA-10002', 4, 1, '2016-01-08 00:00:00', 500, 900, 400, 0, 0, 'FA-10002: Jan. 8 Remarks', NULL, NULL, NULL, NULL);
INSERT INTO "tblINV_RetrievalToken" VALUES ('SMMM-Mar-2016', 'FA-10001', 1, 1, '2016-03-06 00:00:00', 0, 0, 0, 0, 0, NULL, 'gregori', '2016-03-06 21:20:30', 'gregori', '2016-03-06 21:20:30');
INSERT INTO "tblINV_RetrievalToken" VALUES ('SMMM-Mar-2016', 'FA-10003', 2, 1, '2016-03-06 00:00:00', 0, 0, 0, 0, 0, NULL, 'gregori', '2016-03-06 21:20:37', 'gregori', '2016-03-06 21:20:37');
INSERT INTO "tblINV_RetrievalToken" VALUES ('SMMM-Mar-2016', 'FA-10005', 3, 1, '2016-03-06 00:00:00', 0, 0, 0, 0, 0, NULL, 'gregori', '2016-03-06 21:20:41', 'gregori', '2016-03-06 21:20:41');
INSERT INTO "tblINV_RetrievalToken" VALUES ('SMMM-Mar-2016', 'FA-10006', 4, 1, '2016-03-06 00:00:00', 0, 0, 0, 0, 0, NULL, 'gregori', '2016-03-06 21:20:45', 'gregori', '2016-03-06 21:20:45');
INSERT INTO "tblINV_RetrievalToken" VALUES ('SMMM-Mar-2016', 'FA-10007', 5, 1, '2016-03-06 00:00:00', 0, 0, 0, 0, 0, NULL, 'gregori', '2016-03-06 21:20:52', 'gregori', '2016-03-06 21:20:52');
INSERT INTO "tblINV_RetrievalToken" VALUES ('SMMM-Mar-2016', 'FA-10008', 6, 1, '2016-03-06 00:00:00', 0, 0, 0, 0, 0, NULL, 'gregori', '2016-03-06 21:23:37', 'gregori', '2016-03-06 21:23:37');
INSERT INTO "tblINV_RetrievalToken" VALUES ('SMMM-Mar-2016', 'FA-10001', 7, 2, '2016-03-06 00:00:00', 0, 0, 0, 0, 0, NULL, 'gregori', '2016-03-06 21:47:45', 'gregori', '2016-03-06 21:47:45');
INSERT INTO "tblINV_RetrievalToken" VALUES ('SMMM-Mar-2016', 'FA-10004', 8, 1, '2016-03-06 00:00:00', 0, 0, 0, 0, 0, NULL, 'gregori', '2016-03-06 22:29:31', 'gregori', '2016-03-06 22:29:31');
INSERT INTO "tblINV_RetrievalToken" VALUES ('SMMM-Feb-2016', 'FA-10001', 9, 1, '2016-03-07 00:00:00', 0, 0, 0, 0, 0, NULL, 'gregori', '2016-03-07 00:12:19', 'gregori', '2016-03-07 00:12:19');
INSERT INTO "tblINV_RetrievalToken" VALUES ('SMMM-Feb-2016', 'FA-10003', 10, 1, '2016-03-07 00:00:00', 0, 0, 0, 0, 0, NULL, 'gregori', '2016-03-07 00:15:43', 'gregori', '2016-03-07 00:15:43');
INSERT INTO "tblINV_RetrievalToken" VALUES ('SMMM-Feb-2016', 'FA-10004', 11, 1, '2016-03-07 00:00:00', 0, 0, 0, 0, 0, NULL, 'gregori', '2016-03-07 00:15:47', 'gregori', '2016-03-07 00:15:47');
INSERT INTO "tblINV_RetrievalToken" VALUES ('SMMM-Feb-2016', 'FA-10005', 12, 1, '2016-03-07 00:00:00', 0, 0, 0, 0, 0, NULL, 'gregori', '2016-03-07 00:15:49', 'gregori', '2016-03-07 00:15:49');
INSERT INTO "tblINV_RetrievalToken" VALUES ('SMMM-Feb-2016', 'FA-10006', 13, 1, '2016-03-07 00:00:00', 0, 0, 0, 0, 0, NULL, 'gregori', '2016-03-07 00:15:51', 'gregori', '2016-03-07 00:15:51');
INSERT INTO "tblINV_RetrievalToken" VALUES ('SMMM-Feb-2016', 'FA-10007', 14, 1, '2016-03-07 00:00:00', 0, 0, 0, 0, 0, NULL, 'gregori', '2016-03-07 00:15:53', 'gregori', '2016-03-07 00:15:53');
INSERT INTO "tblINV_RetrievalToken" VALUES ('SMMM-Feb-2016', 'FA-10048', 15, 1, '2016-03-07 00:00:00', 0, 0, 0, 0, 0, NULL, 'gregori', '2016-03-07 00:15:57', 'gregori', '2016-03-07 00:15:57');
INSERT INTO "tblINV_RetrievalToken" VALUES ('SMMM-Feb-2016', 'FA-10062', 16, 1, '2016-03-07 00:00:00', 0, 0, 0, 0, 0, NULL, 'gregori', '2016-03-07 00:16:01', 'gregori', '2016-03-07 00:16:01');
INSERT INTO "tblINV_RetrievalToken" VALUES ('SMMM-Feb-2016', 'FA-10070', 17, 1, '2016-03-07 00:00:00', 0, 0, 0, 0, 0, NULL, 'gregori', '2016-03-07 00:16:05', 'gregori', '2016-03-07 00:16:05');
INSERT INTO "tblINV_RetrievalToken" VALUES ('SMMM-Feb-2016', 'FA-10069', 18, 1, '2016-03-07 00:00:00', 0, 0, 0, 0, 0, NULL, 'gregori', '2016-03-07 00:16:08', 'gregori', '2016-03-07 00:16:08');
INSERT INTO "tblINV_RetrievalToken" VALUES ('SMMM-Feb-2016', 'FA-10068', 19, 1, '2016-03-07 00:00:00', 0, 0, 0, 0, 0, NULL, 'gregori', '2016-03-07 00:16:11', 'gregori', '2016-03-07 00:16:11');
INSERT INTO "tblINV_RetrievalToken" VALUES ('SMMM-Feb-2016', 'FA-10067', 20, 1, '2016-03-07 00:00:00', 0, 0, 0, 0, 0, NULL, 'gregori', '2016-03-07 00:16:13', 'gregori', '2016-03-07 00:16:13');
INSERT INTO "tblINV_RetrievalToken" VALUES ('SMMM-Feb-2016', 'FA-10066', 21, 1, '2016-03-07 00:00:00', 0, 0, 0, 0, 0, NULL, 'gregori', '2016-03-07 00:16:15', 'gregori', '2016-03-07 00:16:15');
INSERT INTO "tblINV_RetrievalToken" VALUES ('SMMM-Feb-2016', 'FA-10065', 22, 1, '2016-03-07 00:00:00', 0, 0, 0, 0, 0, NULL, 'gregori', '2016-03-07 00:16:16', 'gregori', '2016-03-07 00:16:16');
INSERT INTO "tblINV_RetrievalToken" VALUES ('SMMM-Jan-2016', 'FA-10001', 23, 1, '2016-03-07 00:00:00', 0, 0, 0, 0, 0, NULL, 'gregori', '2016-03-07 00:45:04', 'gregori', '2016-03-07 00:45:04');
INSERT INTO "tblINV_RetrievalToken" VALUES ('SMMM-Jan-2016', 'FA-10069', 24, 1, '2016-03-07 00:00:00', 0, 0, 0, 0, 0, NULL, 'gregori', '2016-03-07 00:45:12', 'gregori', '2016-03-07 00:45:12');
INSERT INTO "tblINV_RetrievalToken" VALUES ('SMMM-Jan-2016', 'FA-10037', 25, 1, '2016-03-07 00:00:00', 0, 0, 0, 0, 0, NULL, 'gregori', '2016-03-07 00:54:32', 'gregori', '2016-03-07 00:54:32');
INSERT INTO "tblINV_RetrievalToken" VALUES ('SMMM-Jan-2016', 'FA-10038', 26, 1, '2016-03-07 00:00:00', 0, 0, 0, 0, 0, NULL, 'gregori', '2016-03-07 00:57:00', 'gregori', '2016-03-07 00:57:00');
INSERT INTO "tblINV_RetrievalToken" VALUES ('SMMM-Jan-2016', 'FA-10036', 27, 1, '2016-03-07 00:00:00', 0, 0, 0, 0, 0, NULL, 'gregori', '2016-03-07 00:58:40', 'gregori', '2016-03-07 00:58:40');


--
-- Data for Name: tblINV_RetrievalTokenVariance; Type: TABLE DATA; Schema: public; Owner: postgres
--

INSERT INTO "tblINV_RetrievalTokenVariance" VALUES ('SMMM-Mar-2016', 1, 1, '2016-03-06 00:00:00', 'Token', 0, 0, 0, 0.0000, NULL, 'gregori', '2016-03-06 21:23:19', 'gregori', '2016-03-06 22:56:33');
INSERT INTO "tblINV_RetrievalTokenVariance" VALUES ('SMMM-Mar-2016', 2, 1, '2016-03-06 00:00:00', 'Piso Token', 0, 0, 0, 0.0000, NULL, 'gregori', '2016-03-06 21:23:20', 'gregori', '2016-03-06 22:56:34');
INSERT INTO "tblINV_RetrievalTokenVariance" VALUES ('SMMM-Feb-2016', 3, 1, '2016-03-07 00:00:00', 'Token', 0, 0, 0, 0.0000, '', 'gregori', '2016-03-07 00:43:58', 'gregori', '2016-03-07 00:44:06');
INSERT INTO "tblINV_RetrievalTokenVariance" VALUES ('SMMM-Feb-2016', 4, 1, '2016-03-07 00:00:00', 'Piso Token', 0, 0, 0, 0.0000, '', 'gregori', '2016-03-07 00:43:58', 'gregori', '2016-03-07 00:44:06');


--
-- Name: tblINV_RetrievalTokenVariance_RVTOV_LineNo_seq; Type: SEQUENCE SET; Schema: public; Owner: postgres
--

SELECT pg_catalog.setval('"tblINV_RetrievalTokenVariance_RVTOV_LineNo_seq"', 4, true);


--
-- Name: tblINV_RetrievalToken_RVT_LineNo_seq; Type: SEQUENCE SET; Schema: public; Owner: postgres
--

SELECT pg_catalog.setval('"tblINV_RetrievalToken_RVT_LineNo_seq"', 27, true);


--
-- Data for Name: tblINV_SalesInvoice; Type: TABLE DATA; Schema: public; Owner: postgres
--

INSERT INTO "tblINV_SalesInvoice" VALUES ('SI-100102', NULL, NULL, NULL, NULL, NULL, NULL, NULL, NULL, NULL, NULL, NULL, NULL, NULL, NULL, NULL, NULL, NULL, 'gregori', '2015-11-13 21:05:57', 'gregori', '2015-11-13 21:05:57');
INSERT INTO "tblINV_SalesInvoice" VALUES ('SI-100103', NULL, NULL, NULL, NULL, NULL, NULL, NULL, NULL, NULL, NULL, NULL, NULL, NULL, NULL, NULL, NULL, NULL, 'gregori', '2015-11-13 21:06:33', 'gregori', '2015-11-13 21:06:33');
INSERT INTO "tblINV_SalesInvoice" VALUES ('SI-100104', NULL, NULL, NULL, NULL, NULL, NULL, NULL, NULL, NULL, NULL, NULL, NULL, NULL, NULL, NULL, NULL, NULL, 'gregori', '2015-11-13 21:06:49', 'gregori', '2015-11-13 21:06:49');
INSERT INTO "tblINV_SalesInvoice" VALUES ('SI-100105', NULL, NULL, NULL, NULL, NULL, NULL, NULL, NULL, NULL, NULL, NULL, NULL, NULL, NULL, NULL, NULL, NULL, 'gregori', '2015-11-13 21:07:36', 'gregori', '2015-11-13 21:07:36');
INSERT INTO "tblINV_SalesInvoice" VALUES ('SI-100106', NULL, NULL, NULL, NULL, NULL, NULL, NULL, NULL, NULL, NULL, NULL, NULL, NULL, NULL, NULL, NULL, NULL, 'gregori', '2015-11-14 22:08:06', 'gregori', '2015-11-14 22:08:06');
INSERT INTO "tblINV_SalesInvoice" VALUES ('SI-100107', '2015-11-14 00:00:00', 'C-100001', 'Customer A', 'Address 1, City 1', '', 'sdfhj', '10D', '2015-11-24 00:00:00', 'Approved', 4000.0000, 35.7143, 428.5714, 'KC', 'ACCTG', 'AR-TRADE', 'VAT', 'CORP', 'gregori', '2015-11-14 22:08:32', 'gregori', '2015-11-14 22:30:40');
INSERT INTO "tblINV_SalesInvoice" VALUES ('SI-100101', '2015-11-11 00:00:00', 'C-100001', 'Customer A', 'Address 1, City 1', 'Remarks for SI-100101', 'asdfghj', '10D', '2015-11-21 00:00:00', 'Open', 144.0000, 0.0000, 0.0000, 'KC', 'ACCTG', 'AR-TRADE', 'VAT', 'CORP', 'gregori', '2015-11-11 04:26:41', 'gregori', '2015-11-17 10:48:44');
INSERT INTO "tblINV_SalesInvoice" VALUES ('SI-100108', NULL, NULL, NULL, NULL, NULL, NULL, NULL, NULL, NULL, NULL, NULL, NULL, NULL, NULL, NULL, NULL, NULL, 'gregori', '2016-01-18 22:00:17', 'gregori', '2016-01-18 22:00:17');
INSERT INTO "tblINV_SalesInvoice" VALUES ('SI-100109', NULL, NULL, NULL, NULL, NULL, NULL, NULL, NULL, NULL, NULL, NULL, NULL, NULL, NULL, NULL, NULL, NULL, 'gregori', '2016-01-18 23:36:02', 'gregori', '2016-01-18 23:36:02');
INSERT INTO "tblINV_SalesInvoice" VALUES ('SI-100110', NULL, NULL, NULL, NULL, NULL, NULL, NULL, NULL, NULL, NULL, NULL, NULL, NULL, NULL, NULL, NULL, NULL, 'gregori', '2016-01-19 21:45:31', 'gregori', '2016-01-19 21:45:31');
INSERT INTO "tblINV_SalesInvoice" VALUES ('SI-100111', NULL, NULL, NULL, NULL, NULL, NULL, NULL, NULL, NULL, NULL, NULL, NULL, NULL, NULL, NULL, NULL, NULL, 'gregori', '2016-01-19 21:53:41', 'gregori', '2016-01-19 21:53:41');
INSERT INTO "tblINV_SalesInvoice" VALUES ('SI-100112', '2016-01-20 00:00:00', 'C-100003', 'Customer C', 'Address 3, City 3', '434', '34', '10D', '2016-01-30 00:00:00', 'Open', NULL, NULL, NULL, 'GWOF', 'PLD', 'AR-EMPLOYEE', 'NONVAT', 'NOWHT', 'gregori', '2016-01-20 20:35:39', 'gregori', '2016-01-20 20:36:31');
INSERT INTO "tblINV_SalesInvoice" VALUES ('SI-100113', '2016-01-20 00:00:00', 'C-100003', 'Customer C', 'Address 3, City 3', '88', '88', '10D', '2016-01-30 00:00:00', 'Open', NULL, NULL, NULL, 'GWOF', 'PLD', 'AR-EMPLOYEE', 'NONVAT', 'NOWHT', 'gregori', '2016-01-20 20:39:34', 'gregori', '2016-01-20 20:39:43');
INSERT INTO "tblINV_SalesInvoice" VALUES ('SI-100114', '2016-01-20 00:00:00', 'C-100002', 'Customer B', 'Address 2, City 2', 'test', 'test', '10D', '2016-01-30 00:00:00', 'Open', NULL, NULL, NULL, 'GWOF', 'PLD', 'AR-OTHERS', 'VAT', 'INDI', 'gregori', '2016-01-20 20:40:46', 'gregori', '2016-01-20 20:40:57');
INSERT INTO "tblINV_SalesInvoice" VALUES ('SI-100155', '2016-01-22 00:00:00', 'C-100002', 'Customer B', 'Address 2, City 2', 'test', 'test', '10D', '2016-02-01 00:00:00', 'Open', NULL, NULL, NULL, 'KC', 'ACCTG', 'AR-OTHERS', 'VAT', 'INDI', 'gregori', '2016-01-22 20:47:02', 'gregori', '2016-01-22 20:47:24');
INSERT INTO "tblINV_SalesInvoice" VALUES ('SI-100115', '2016-01-20 00:00:00', 'C-100002', 'Customer B', 'Address 2, City 2', 'yu', '', '10D', '2016-01-30 00:00:00', 'Open', 5929.0000, 0.0000, 635.2500, 'GWOF', 'PLD', 'AR-OTHERS', 'VAT', 'INDI', 'gregori', '2016-01-20 20:42:56', 'gregori', '2016-01-20 20:44:42');
INSERT INTO "tblINV_SalesInvoice" VALUES ('SI-100116', NULL, NULL, NULL, NULL, NULL, NULL, NULL, NULL, NULL, NULL, NULL, NULL, NULL, NULL, NULL, NULL, NULL, 'gregori', '2016-01-20 20:52:45', 'gregori', '2016-01-20 20:52:45');
INSERT INTO "tblINV_SalesInvoice" VALUES ('SI-100117', NULL, NULL, NULL, NULL, NULL, NULL, NULL, NULL, NULL, NULL, NULL, NULL, NULL, NULL, NULL, NULL, NULL, 'gregori', '2016-01-20 23:59:08', 'gregori', '2016-01-20 23:59:08');
INSERT INTO "tblINV_SalesInvoice" VALUES ('SI-100118', '2016-01-21 00:00:00', 'C-100002', 'Customer B', 'Address 2, City 2', 'testttttt', 'tt', '10D', '2016-01-31 00:00:00', 'Open', NULL, NULL, NULL, 'GWOF', 'PLD', 'AR-OTHERS', 'VAT', 'INDI', 'gregori', '2016-01-21 00:05:45', 'gregori', '2016-01-21 00:06:06');
INSERT INTO "tblINV_SalesInvoice" VALUES ('SI-100119', '2016-01-21 00:00:00', 'C-100002', 'Customer B', 'Address 2, City 2', 'test', 'tt', '10D', '2016-01-31 00:00:00', 'Open', NULL, NULL, NULL, 'KC', 'ACCTG', 'AR-OTHERS', 'VAT', 'INDI', 'gregori', '2016-01-21 00:07:10', 'gregori', '2016-01-21 00:07:29');
INSERT INTO "tblINV_SalesInvoice" VALUES ('SI-100120', '2016-01-21 00:00:00', 'C-100002', 'Customer B', 'Address 2, City 2', 'test', 'test', '10D', '2016-01-31 00:00:00', 'Open', NULL, NULL, NULL, 'GWOF', 'PLD', 'AR-OTHERS', 'VAT', 'INDI', 'gregori', '2016-01-21 00:09:50', 'gregori', '2016-01-21 00:10:10');
INSERT INTO "tblINV_SalesInvoice" VALUES ('SI-100121', '2016-01-21 00:00:00', 'C-100003', 'Customer C', 'Address 3, City 3', 'e', '3', '10D', '2016-01-31 00:00:00', 'Open', NULL, NULL, NULL, 'KC', 'ACCTG', 'AR-EMPLOYEE', 'NONVAT', 'NOWHT', 'gregori', '2016-01-21 00:11:05', 'gregori', '2016-01-21 00:11:21');
INSERT INTO "tblINV_SalesInvoice" VALUES ('SI-100122', '2016-01-21 00:00:00', 'C-100002', 'Customer B', 'Address 2, City 2', '34', '34', '10D', '2016-01-31 00:00:00', 'Open', NULL, NULL, NULL, 'GWOF', 'PLD', 'AR-OTHERS', 'VAT', 'INDI', 'gregori', '2016-01-21 00:13:07', 'gregori', '2016-01-21 00:13:27');
INSERT INTO "tblINV_SalesInvoice" VALUES ('SI-100123', NULL, NULL, NULL, NULL, NULL, NULL, NULL, NULL, NULL, NULL, NULL, NULL, NULL, NULL, NULL, NULL, NULL, 'gregori', '2016-01-21 00:14:55', 'gregori', '2016-01-21 00:14:55');
INSERT INTO "tblINV_SalesInvoice" VALUES ('SI-100124', NULL, NULL, NULL, NULL, NULL, NULL, NULL, NULL, NULL, NULL, NULL, NULL, NULL, NULL, NULL, NULL, NULL, 'gregori', '2016-01-21 00:16:02', 'gregori', '2016-01-21 00:16:02');
INSERT INTO "tblINV_SalesInvoice" VALUES ('SI-100125', NULL, NULL, NULL, NULL, NULL, NULL, NULL, NULL, NULL, NULL, NULL, NULL, NULL, NULL, NULL, NULL, NULL, 'gregori', '2016-01-21 00:52:10', 'gregori', '2016-01-21 00:52:10');
INSERT INTO "tblINV_SalesInvoice" VALUES ('SI-100126', NULL, NULL, NULL, NULL, NULL, NULL, NULL, NULL, NULL, NULL, NULL, NULL, NULL, NULL, NULL, NULL, NULL, 'gregori', '2016-01-21 00:53:09', 'gregori', '2016-01-21 00:53:09');
INSERT INTO "tblINV_SalesInvoice" VALUES ('SI-100127', NULL, NULL, NULL, NULL, NULL, NULL, NULL, NULL, NULL, NULL, NULL, NULL, NULL, NULL, NULL, NULL, NULL, 'gregori', '2016-01-21 02:00:46', 'gregori', '2016-01-21 02:00:46');
INSERT INTO "tblINV_SalesInvoice" VALUES ('SI-100128', NULL, NULL, NULL, NULL, NULL, NULL, NULL, NULL, NULL, NULL, NULL, NULL, NULL, NULL, NULL, NULL, NULL, 'gregori', '2016-01-21 02:01:20', 'gregori', '2016-01-21 02:01:20');
INSERT INTO "tblINV_SalesInvoice" VALUES ('SI-100129', NULL, NULL, NULL, NULL, NULL, NULL, NULL, NULL, NULL, NULL, NULL, NULL, NULL, NULL, NULL, NULL, NULL, 'gregori', '2016-01-21 02:04:31', 'gregori', '2016-01-21 02:04:31');
INSERT INTO "tblINV_SalesInvoice" VALUES ('SI-100130', NULL, NULL, NULL, NULL, NULL, NULL, NULL, NULL, NULL, NULL, NULL, NULL, NULL, NULL, NULL, NULL, NULL, 'gregori', '2016-01-21 02:06:18', 'gregori', '2016-01-21 02:06:18');
INSERT INTO "tblINV_SalesInvoice" VALUES ('SI-100131', NULL, NULL, NULL, NULL, NULL, NULL, NULL, NULL, NULL, NULL, NULL, NULL, NULL, NULL, NULL, NULL, NULL, 'gregori', '2016-01-21 02:09:03', 'gregori', '2016-01-21 02:09:03');
INSERT INTO "tblINV_SalesInvoice" VALUES ('SI-100132', NULL, NULL, NULL, NULL, NULL, NULL, NULL, NULL, NULL, NULL, NULL, NULL, NULL, NULL, NULL, NULL, NULL, 'gregori', '2016-01-21 02:10:11', 'gregori', '2016-01-21 02:10:11');
INSERT INTO "tblINV_SalesInvoice" VALUES ('SI-100133', NULL, NULL, NULL, NULL, NULL, NULL, NULL, NULL, NULL, NULL, NULL, NULL, NULL, NULL, NULL, NULL, NULL, 'gregori', '2016-01-21 02:10:57', 'gregori', '2016-01-21 02:10:57');
INSERT INTO "tblINV_SalesInvoice" VALUES ('SI-100134', NULL, NULL, NULL, NULL, NULL, NULL, NULL, NULL, NULL, NULL, NULL, NULL, NULL, NULL, NULL, NULL, NULL, 'gregori', '2016-01-21 02:15:47', 'gregori', '2016-01-21 02:15:47');
INSERT INTO "tblINV_SalesInvoice" VALUES ('SI-100135', NULL, NULL, NULL, NULL, NULL, NULL, NULL, NULL, NULL, NULL, NULL, NULL, NULL, NULL, NULL, NULL, NULL, 'gregori', '2016-01-21 02:16:08', 'gregori', '2016-01-21 02:16:08');
INSERT INTO "tblINV_SalesInvoice" VALUES ('SI-100136', NULL, NULL, NULL, NULL, NULL, NULL, NULL, NULL, NULL, NULL, NULL, NULL, NULL, NULL, NULL, NULL, NULL, 'gregori', '2016-01-21 02:53:33', 'gregori', '2016-01-21 02:53:33');
INSERT INTO "tblINV_SalesInvoice" VALUES ('SI-100137', NULL, NULL, NULL, NULL, NULL, NULL, NULL, NULL, NULL, NULL, NULL, NULL, NULL, NULL, NULL, NULL, NULL, 'gregori', '2016-01-21 02:53:57', 'gregori', '2016-01-21 02:53:57');
INSERT INTO "tblINV_SalesInvoice" VALUES ('SI-100138', NULL, NULL, NULL, NULL, NULL, NULL, NULL, NULL, NULL, NULL, NULL, NULL, NULL, NULL, NULL, NULL, NULL, 'gregori', '2016-01-21 02:55:46', 'gregori', '2016-01-21 02:55:46');
INSERT INTO "tblINV_SalesInvoice" VALUES ('SI-100139', NULL, NULL, NULL, NULL, NULL, NULL, NULL, NULL, NULL, NULL, NULL, NULL, NULL, NULL, NULL, NULL, NULL, 'gregori', '2016-01-22 17:24:32', 'gregori', '2016-01-22 17:24:32');
INSERT INTO "tblINV_SalesInvoice" VALUES ('SI-100140', NULL, NULL, NULL, NULL, NULL, NULL, NULL, NULL, NULL, NULL, NULL, NULL, NULL, NULL, NULL, NULL, NULL, 'gregori', '2016-01-22 17:26:00', 'gregori', '2016-01-22 17:26:00');
INSERT INTO "tblINV_SalesInvoice" VALUES ('SI-100141', NULL, NULL, NULL, NULL, NULL, NULL, NULL, NULL, NULL, NULL, NULL, NULL, NULL, NULL, NULL, NULL, NULL, 'gregori', '2016-01-22 17:27:37', 'gregori', '2016-01-22 17:27:37');
INSERT INTO "tblINV_SalesInvoice" VALUES ('SI-100142', NULL, NULL, NULL, NULL, NULL, NULL, NULL, NULL, NULL, NULL, NULL, NULL, NULL, NULL, NULL, NULL, NULL, 'gregori', '2016-01-22 17:31:16', 'gregori', '2016-01-22 17:31:16');
INSERT INTO "tblINV_SalesInvoice" VALUES ('SI-100143', NULL, NULL, NULL, NULL, NULL, NULL, NULL, NULL, NULL, NULL, NULL, NULL, NULL, NULL, NULL, NULL, NULL, 'gregori', '2016-01-22 17:33:17', 'gregori', '2016-01-22 17:33:17');
INSERT INTO "tblINV_SalesInvoice" VALUES ('SI-100144', NULL, NULL, NULL, NULL, NULL, NULL, NULL, NULL, NULL, NULL, NULL, NULL, NULL, NULL, NULL, NULL, NULL, 'gregori', '2016-01-22 17:34:05', 'gregori', '2016-01-22 17:34:05');
INSERT INTO "tblINV_SalesInvoice" VALUES ('SI-100145', NULL, NULL, NULL, NULL, NULL, NULL, NULL, NULL, NULL, NULL, NULL, NULL, NULL, NULL, NULL, NULL, NULL, 'gregori', '2016-01-22 17:35:38', 'gregori', '2016-01-22 17:35:38');
INSERT INTO "tblINV_SalesInvoice" VALUES ('SI-100146', NULL, NULL, NULL, NULL, NULL, NULL, NULL, NULL, NULL, NULL, NULL, NULL, NULL, NULL, NULL, NULL, NULL, 'gregori', '2016-01-22 17:36:23', 'gregori', '2016-01-22 17:36:23');
INSERT INTO "tblINV_SalesInvoice" VALUES ('SI-100147', NULL, NULL, NULL, NULL, NULL, NULL, NULL, NULL, NULL, NULL, NULL, NULL, NULL, NULL, NULL, NULL, NULL, 'gregori', '2016-01-22 17:37:01', 'gregori', '2016-01-22 17:37:01');
INSERT INTO "tblINV_SalesInvoice" VALUES ('SI-100148', NULL, NULL, NULL, NULL, NULL, NULL, NULL, NULL, NULL, NULL, NULL, NULL, NULL, NULL, NULL, NULL, NULL, 'gregori', '2016-01-22 17:38:10', 'gregori', '2016-01-22 17:38:10');
INSERT INTO "tblINV_SalesInvoice" VALUES ('SI-100149', '2016-01-22 00:00:00', 'C-100003', 'Customer C', 'Address 3, City 3', '34', '', '10D', '2016-02-01 00:00:00', 'Open', NULL, NULL, NULL, 'GWOF', 'PLD', 'AR-EMPLOYEE', 'NONVAT', 'NOWHT', 'gregori', '2016-01-22 17:46:09', 'gregori', '2016-01-22 17:46:36');
INSERT INTO "tblINV_SalesInvoice" VALUES ('SI-100150', NULL, NULL, NULL, NULL, NULL, NULL, NULL, NULL, NULL, NULL, NULL, NULL, NULL, NULL, NULL, NULL, NULL, 'gregori', '2016-01-22 17:53:35', 'gregori', '2016-01-22 17:53:35');
INSERT INTO "tblINV_SalesInvoice" VALUES ('SI-100151', NULL, NULL, NULL, NULL, NULL, NULL, NULL, NULL, NULL, NULL, NULL, NULL, NULL, NULL, NULL, NULL, NULL, 'gregori', '2016-01-22 19:08:26', 'gregori', '2016-01-22 19:08:26');
INSERT INTO "tblINV_SalesInvoice" VALUES ('SI-100152', NULL, NULL, NULL, NULL, NULL, NULL, NULL, NULL, NULL, NULL, NULL, NULL, NULL, NULL, NULL, NULL, NULL, 'gregori', '2016-01-22 19:10:05', 'gregori', '2016-01-22 19:10:05');
INSERT INTO "tblINV_SalesInvoice" VALUES ('SI-100153', '2016-01-22 00:00:00', 'C-100002', 'Customer B', 'Address 2, City 2', 'test', 'test', '10D', '2016-02-01 00:00:00', 'Open', NULL, NULL, NULL, 'KC', 'ACCTG', 'AR-OTHERS', 'VAT', 'INDI', 'gregori', '2016-01-22 20:44:01', 'gregori', '2016-01-22 20:44:34');
INSERT INTO "tblINV_SalesInvoice" VALUES ('SI-100154', '2016-01-22 00:00:00', 'C-100002', 'Customer B', 'Address 2, City 2', 'test', 'test', '10D', '2016-02-01 00:00:00', 'Open', NULL, NULL, NULL, 'GWOF', 'PLD', 'AR-OTHERS', 'VAT', 'INDI', 'gregori', '2016-01-22 20:45:16', 'gregori', '2016-01-22 20:45:55');
INSERT INTO "tblINV_SalesInvoice" VALUES ('SI-100156', '2016-01-22 00:00:00', 'C-100002', 'Customer B', 'Address 2, City 2', 'test', 'test', '10D', '2016-02-01 00:00:00', 'Open', NULL, NULL, NULL, 'GWOF', 'PLD', 'AR-OTHERS', 'VAT', 'INDI', 'gregori', '2016-01-22 20:47:57', 'gregori', '2016-01-22 20:48:13');
INSERT INTO "tblINV_SalesInvoice" VALUES ('SI-100157', '2016-01-22 00:00:00', 'C-100003', 'Customer C', 'Address 3, City 3', '567', '', '10D', '2016-02-01 00:00:00', 'Open', NULL, NULL, NULL, 'GWOF', 'PLD', 'AR-EMPLOYEE', 'NONVAT', 'NOWHT', 'gregori', '2016-01-22 20:51:12', 'gregori', '2016-01-22 20:51:50');
INSERT INTO "tblINV_SalesInvoice" VALUES ('SI-100158', NULL, NULL, NULL, NULL, NULL, NULL, NULL, NULL, NULL, NULL, NULL, NULL, NULL, NULL, NULL, NULL, NULL, 'gregori', '2016-01-22 21:07:46', 'gregori', '2016-01-22 21:07:46');
INSERT INTO "tblINV_SalesInvoice" VALUES ('SI-100159', NULL, NULL, NULL, NULL, NULL, NULL, NULL, NULL, NULL, NULL, NULL, NULL, NULL, NULL, NULL, NULL, NULL, 'gregori', '2016-02-06 00:36:43', 'gregori', '2016-02-06 00:36:43');


--
-- Data for Name: tblINV_SalesInvoiceDetail; Type: TABLE DATA; Schema: public; Owner: postgres
--

INSERT INTO "tblINV_SalesInvoiceDetail" VALUES ('SI-100107', 3, 'RD', 'FD-DR-1000061', 'Drinks Coke', 'ACCTG', '', 4.0000, '113', 1000.0000, 4000.0000, NULL, NULL, 'CPC-ACCTG', 'asdfghjk', 'VAT', 'GOODS', 'REDEMPTION', '35.714285714286', '428.57142857143', NULL, 'gregori', '2015-11-14 22:09:14', 'gregori', '2015-11-14 22:09:14');
INSERT INTO "tblINV_SalesInvoiceDetail" VALUES ('SI-100101', 4, 'RD', 'FD-DR-1000061', 'Drinks Coke', 'ACCTG', NULL, 12.0000, '113', 12.0000, 144.0000, NULL, NULL, 'CPC-ACCTG', '12', 'NONVAT', 'GOODS', 'REDEMPTION', '0', '0', NULL, 'gregori', '2015-11-17 10:21:45', 'gregori', '2015-11-17 10:21:45');
INSERT INTO "tblINV_SalesInvoiceDetail" VALUES ('SI-100115', 5, 'RD', 'FD-SN-1000058', 'Snacks Piatos Barbeque Small', 'PLD', NULL, 77.0000, '112', 77.0000, 5929.0000, NULL, NULL, 'CPC-PLD', '77', 'VAT', 'GOODS', 'REDEMPTION', '0', '635.25', NULL, 'gregori', '2016-01-20 20:44:42', 'gregori', '2016-01-20 20:44:42');


--
-- Name: tblINV_SalesInvoiceDetail_SID_LineNo_seq; Type: SEQUENCE SET; Schema: public; Owner: postgres
--

SELECT pg_catalog.setval('"tblINV_SalesInvoiceDetail_SID_LineNo_seq"', 5, true);


--
-- Data for Name: tblINV_SizeSet; Type: TABLE DATA; Schema: public; Owner: postgres
--

INSERT INTO "tblINV_SizeSet" VALUES ('SG-1000123', 'Size-10001', 3, true, '000001 ', '000001', '2015-08-01 23:54:15', '2015-08-05 23:02:54');
INSERT INTO "tblINV_SizeSet" VALUES ('SG-100012', 'Size-10001', 2, true, '000001', '000001', '2015-06-08 01:04:32', '2015-08-05 23:03:52');


--
-- Data for Name: tblINV_StoreProfile; Type: TABLE DATA; Schema: public; Owner: postgres
--

INSERT INTO "tblINV_StoreProfile" VALUES ('123456', '123456', '12344', 'KC', '4', '123', '123', '123', '123', '', '2015-09-16 00:00:00', '', 123.0000, '123', 'gregori', 'gregori', '2015-09-16 12:09:38', '2015-09-16 12:13:22', B'1', NULL, NULL, NULL, 'ACCTG', 111, 114, 115, NULL, NULL, '[]');
INSERT INTO "tblINV_StoreProfile" VALUES ('ACCTG', 'Accounting', NULL, 'KC', '2', NULL, NULL, '', '', '', NULL, '', 123.0000, '', 'gregori', 'gregori', '2015-09-10 01:07:08', '2015-09-10 01:07:08', B'1', 'CPC-ACCTG', NULL, NULL, NULL, 111, 114, 115, NULL, 'Approved', '[]');
INSERT INTO "tblINV_StoreProfile" VALUES ('SMMM', 'SM -Megamall', 'Address', 'KC', '2', 'Concept', 'Class', NULL, NULL, NULL, NULL, NULL, 123.0000, NULL, NULL, NULL, NULL, NULL, B'1', 'CPC-SMMM', NULL, NULL, NULL, 111, 114, 115, NULL, 'Approved', '[]');
INSERT INTO "tblINV_StoreProfile" VALUES ('SMMM-1', 'Sm-Megamall Satelite', 'Address', 'KC', '3', 'Concept', 'Class', NULL, NULL, NULL, NULL, NULL, 123.0000, NULL, NULL, NULL, NULL, NULL, B'1', 'CPC-SMMM', NULL, NULL, 'SMMM', 111, 114, 115, NULL, 'Approved', '[]');
INSERT INTO "tblINV_StoreProfile" VALUES ('temp-569f2ae7685a8', NULL, NULL, NULL, NULL, NULL, NULL, NULL, NULL, NULL, NULL, NULL, NULL, NULL, 'gregori', 'gregori', '2016-01-19 22:36:23', '2016-01-19 22:36:23', B'0', NULL, NULL, NULL, NULL, NULL, NULL, NULL, 'SP-100101', NULL, '[]');
INSERT INTO "tblINV_StoreProfile" VALUES ('PLD', 'Purchasing & Logistics', NULL, 'GWOF', '3', NULL, NULL, '', '', '', '2015-09-15 00:00:00', '', 123.0000, '', 'gregori', 'gregori', '2015-09-10 01:08:45', '2015-09-15 17:18:24', B'1', 'CPC-PLD', NULL, NULL, 'ACCTG', 111, 114, 115, NULL, 'Approved', '[]');
INSERT INTO "tblINV_StoreProfile" VALUES ('temp-56a5759106b1f', NULL, NULL, NULL, NULL, NULL, NULL, NULL, NULL, NULL, NULL, NULL, NULL, NULL, 'gregori', 'gregori', '2016-01-24 17:08:33', '2016-01-24 17:08:33', B'0', NULL, NULL, NULL, NULL, NULL, NULL, NULL, 'SP-100102', NULL, '[]');
INSERT INTO "tblINV_StoreProfile" VALUES ('temp-56af51331b26e', NULL, NULL, NULL, NULL, NULL, NULL, NULL, NULL, NULL, NULL, NULL, NULL, NULL, 'gregori', 'gregori', '2016-02-01 04:36:03', '2016-02-01 04:36:03', B'0', NULL, NULL, NULL, NULL, NULL, NULL, NULL, 'SP-100103', NULL, '[]');
INSERT INTO "tblINV_StoreProfile" VALUES ('temp-56af5151c0f71', NULL, NULL, NULL, NULL, NULL, NULL, NULL, NULL, NULL, NULL, NULL, NULL, NULL, 'gregori', 'gregori', '2016-02-01 04:36:33', '2016-02-01 04:36:33', B'0', NULL, NULL, NULL, NULL, NULL, NULL, NULL, 'SP-100104', NULL, '[]');
INSERT INTO "tblINV_StoreProfile" VALUES ('temp-56af52033bd67', NULL, NULL, NULL, NULL, NULL, NULL, NULL, NULL, NULL, NULL, NULL, NULL, NULL, 'gregori', 'gregori', '2016-02-01 04:39:31', '2016-02-01 04:39:31', B'0', NULL, NULL, NULL, NULL, NULL, NULL, NULL, 'SP-100105', NULL, '[]');
INSERT INTO "tblINV_StoreProfile" VALUES ('temp-56b9a8909741c', NULL, NULL, NULL, NULL, NULL, NULL, NULL, NULL, NULL, NULL, NULL, NULL, NULL, 'gregori', 'gregori', '2016-02-09 00:51:28', '2016-02-09 00:51:28', B'0', NULL, NULL, NULL, NULL, NULL, NULL, NULL, 'SP-100106', NULL, '[]');
INSERT INTO "tblINV_StoreProfile" VALUES ('temp-56bd9e22e876c', NULL, NULL, NULL, NULL, NULL, NULL, NULL, NULL, NULL, NULL, NULL, NULL, NULL, 'gregori', 'gregori', '2016-02-12 00:56:02', '2016-02-12 00:56:02', B'0', NULL, NULL, NULL, NULL, NULL, NULL, NULL, 'SP-100107', NULL, '[]');
INSERT INTO "tblINV_StoreProfile" VALUES ('temp-56c447b6c8086', NULL, NULL, NULL, NULL, NULL, NULL, NULL, NULL, NULL, NULL, NULL, NULL, NULL, 'gregori', 'gregori', '2016-02-17 02:13:10', '2016-02-17 02:13:10', B'0', NULL, NULL, NULL, NULL, NULL, NULL, NULL, 'SP-100108', NULL, '[]');
INSERT INTO "tblINV_StoreProfile" VALUES ('temp-56c45af639df6', NULL, NULL, NULL, NULL, NULL, NULL, NULL, NULL, NULL, NULL, NULL, NULL, NULL, 'gregori', 'gregori', '2016-02-17 03:35:18', '2016-02-17 03:35:18', B'0', NULL, NULL, NULL, NULL, NULL, NULL, NULL, 'SP-100109', NULL, '[]');


--
-- Data for Name: tblINV_SubCategory; Type: TABLE DATA; Schema: public; Owner: postgres
--

INSERT INTO "tblINV_SubCategory" VALUES ('SN', 'Snacks', 'FD', B'1', 'gregori', '2015-09-10 00:24:47', 'gregori', '2015-09-10 00:24:47');
INSERT INTO "tblINV_SubCategory" VALUES ('DR', 'Drinks', 'FD', B'1', 'gregori', '2015-10-21 14:23:21', 'gregori', '2015-11-11 02:52:28');
INSERT INTO "tblINV_SubCategory" VALUES ('CAR', 'TR', 'TB', B'1', 'gregori', '2015-11-11 02:53:12', 'gregori', '2015-11-11 02:53:12');
INSERT INTO "tblINV_SubCategory" VALUES ('RO', 'Robot', 'TB', B'1', 'gregori', '2015-11-11 02:53:29', 'gregori', '2015-11-11 02:53:29');
INSERT INTO "tblINV_SubCategory" VALUES ('DO', 'Dolls', 'TG', B'1', 'gregori', '2015-11-11 02:53:45', 'gregori', '2015-11-11 02:53:45');
INSERT INTO "tblINV_SubCategory" VALUES ('PS', 'Playset', 'TG', B'1', 'gregori', '2015-11-11 02:53:54', 'gregori', '2015-11-11 02:53:54');
INSERT INTO "tblINV_SubCategory" VALUES ('PB', 'Payment for Telephone Bills', 'RP-0001', B'1', 'gregori', '2015-11-11 02:54:25', 'gregori', '2015-11-11 03:01:26');
INSERT INTO "tblINV_SubCategory" VALUES ('MB', 'Payment for Electricity Bills', 'RP-0001', B'1', 'gregori', '2015-11-11 02:54:40', 'gregori', '2015-11-11 03:01:38');
INSERT INTO "tblINV_SubCategory" VALUES ('FGC', 'Funtastik Gift Card', 'VIP', B'1', 'gregori', '2015-11-11 03:17:43', 'gregori', '2015-11-11 03:17:43');
INSERT INTO "tblINV_SubCategory" VALUES ('PI', 'Payment for Interest', 'SV', B'1', 'gregori', '2015-11-13 00:57:04', 'gregori', '2015-11-13 00:57:04');
INSERT INTO "tblINV_SubCategory" VALUES ('PL', 'Payment for Principal', 'SV', B'1', 'gregori', '2015-11-13 00:56:24', 'gregori', '2015-11-13 00:59:37');
INSERT INTO "tblINV_SubCategory" VALUES ('PPI', 'Payment for Prepaid Insurance', 'SV', B'1', 'gregori', '2015-11-13 03:34:54', 'gregori', '2015-11-13 03:34:54');


--
-- Data for Name: tblINV_TTPAssumptions; Type: TABLE DATA; Schema: public; Owner: postgres
--

INSERT INTO "tblINV_TTPAssumptions" VALUES ('SMMM', 1, '0', 'TO-10001', 5.0000, NULL, NULL, NULL, NULL);
INSERT INTO "tblINV_TTPAssumptions" VALUES ('SMMM', 2, '1', 'TO-10003', 1.0000, NULL, NULL, NULL, NULL);
INSERT INTO "tblINV_TTPAssumptions" VALUES ('SMMM', 3, '3', 'TI-10001', 10.0000, NULL, NULL, NULL, NULL);
INSERT INTO "tblINV_TTPAssumptions" VALUES ('SMMM', 4, '3', 'TI-10002', 5.0000, NULL, NULL, NULL, NULL);
INSERT INTO "tblINV_TTPAssumptions" VALUES ('SMMM', 5, '2', 'CO-10001', 1.0000, NULL, NULL, NULL, NULL);


--
-- Name: tblINV_TTPAssumptions_TTP_LineNo_seq; Type: SEQUENCE SET; Schema: public; Owner: postgres
--

SELECT pg_catalog.setval('"tblINV_TTPAssumptions_TTP_LineNo_seq"', 1, false);


--
-- Data for Name: tblINV_UOMConversion; Type: TABLE DATA; Schema: public; Owner: postgres
--



--
-- Name: tblacc_crjheader_crj_docno_seq; Type: SEQUENCE SET; Schema: public; Owner: postgres
--

SELECT pg_catalog.setval('tblacc_crjheader_crj_docno_seq', 2, true);


--
-- Name: testing; Type: SEQUENCE SET; Schema: public; Owner: postgres
--

SELECT pg_catalog.setval('testing', 604000, false);


--
-- Name: AMPD_DocNo; Type: CONSTRAINT; Schema: public; Owner: postgres; Tablespace: 
--

ALTER TABLE ONLY "tblACC_AMPDetail"
    ADD CONSTRAINT "AMPD_DocNo" PRIMARY KEY ("AMPD_FK_DocNo", "AMPD_LineNo");


--
-- Name: AMP_DocNo; Type: CONSTRAINT; Schema: public; Owner: postgres; Tablespace: 
--

ALTER TABLE ONLY "tblACC_AMPHeader"
    ADD CONSTRAINT "AMP_DocNo" PRIMARY KEY ("AMPH_DocNo");


--
-- Name: APVD_DocNo; Type: CONSTRAINT; Schema: public; Owner: postgres; Tablespace: 
--

ALTER TABLE ONLY "tblACC_APVDetail"
    ADD CONSTRAINT "APVD_DocNo" PRIMARY KEY ("APVD_PFK_DocNo", "APVD_LineNo");


--
-- Name: APV_DocNo; Type: CONSTRAINT; Schema: public; Owner: postgres; Tablespace: 
--

ALTER TABLE ONLY "tblACC_APVHeader"
    ADD CONSTRAINT "APV_DocNo" PRIMARY KEY ("APV_DocNo");


--
-- Name: BAL_EntryNo; Type: CONSTRAINT; Schema: public; Owner: postgres; Tablespace: 
--

ALTER TABLE ONLY "tblACC_BankAccountLedger"
    ADD CONSTRAINT "BAL_EntryNo" PRIMARY KEY ("BAL_EntryNo");


--
-- Name: BA_BankID; Type: CONSTRAINT; Schema: public; Owner: postgres; Tablespace: 
--

ALTER TABLE ONLY "tblACC_BankAccount"
    ADD CONSTRAINT "BA_BankID" PRIMARY KEY ("BA_BankID");


--
-- Name: BR_DocNo; Type: CONSTRAINT; Schema: public; Owner: postgres; Tablespace: 
--

ALTER TABLE ONLY "tblACC_BankRecon"
    ADD CONSTRAINT "BR_DocNo" PRIMARY KEY ("BR_DocNo");


--
-- Name: CS_PC_DocNo; Type: CONSTRAINT; Schema: public; Owner: postgres; Tablespace: 
--

ALTER TABLE ONLY "tblINV_PCountSheet"
    ADD CONSTRAINT "CS_PC_DocNo" PRIMARY KEY ("CS_PC_DocNo", "CS_CountSheetNo");


--
-- Name: DCM_DocNo; Type: CONSTRAINT; Schema: public; Owner: postgres; Tablespace: 
--

ALTER TABLE ONLY "tblACC_DCMHeader"
    ADD CONSTRAINT "DCM_DocNo" PRIMARY KEY ("DCM_DocNo");


--
-- Name: IL_EntryNo; Type: CONSTRAINT; Schema: public; Owner: postgres; Tablespace: 
--

ALTER TABLE ONLY "tblINV_ItemLedger"
    ADD CONSTRAINT "IL_EntryNo" PRIMARY KEY ("IL_EntryNo");


--
-- Name: Key1; Type: CONSTRAINT; Schema: public; Owner: postgres; Tablespace: 
--

ALTER TABLE ONLY "tblACC_CVHeader"
    ADD CONSTRAINT "Key1" PRIMARY KEY ("CV_DocNo");


--
-- Name: Key10; Type: CONSTRAINT; Schema: public; Owner: postgres; Tablespace: 
--

ALTER TABLE ONLY "tblACC_DCMDetail"
    ADD CONSTRAINT "Key10" PRIMARY KEY ("DCMD_FK_DocNo", "DCMD_LineNo");


--
-- Name: Key2; Type: CONSTRAINT; Schema: public; Owner: postgres; Tablespace: 
--

ALTER TABLE ONLY "tblACC_CVDetail"
    ADD CONSTRAINT "Key2" PRIMARY KEY ("CVD_LineNo", "CVD_PFK_DocNo");


--
-- Name: Key5; Type: CONSTRAINT; Schema: public; Owner: postgres; Tablespace: 
--

ALTER TABLE ONLY "tblCOM_Function"
    ADD CONSTRAINT "Key5" PRIMARY KEY ("F_Function_id");


--
-- Name: MC_IM_Item_id; Type: CONSTRAINT; Schema: public; Owner: postgres; Tablespace: 
--

ALTER TABLE ONLY "tblINV_Machine"
    ADD CONSTRAINT "MC_IM_Item_id" PRIMARY KEY ("MC_IM_Item_id", "MC_MachineTag");


--
-- Name: PCS_PC_DocNo; Type: CONSTRAINT; Schema: public; Owner: postgres; Tablespace: 
--

ALTER TABLE ONLY "tblINV_PCountSetup"
    ADD CONSTRAINT "PCS_PC_DocNo" PRIMARY KEY ("PCS_PC_DocNo", "PCS_ItemType", "PCS_SubLocation", "PCS_CS_PC_DocNo", "PCS_CS_CountSheetNo");


--
-- Name: PC_DocNo; Type: CONSTRAINT; Schema: public; Owner: postgres; Tablespace: 
--

ALTER TABLE ONLY "tblINV_PCount"
    ADD CONSTRAINT "PC_DocNo" PRIMARY KEY ("PC_DocNo");


--
-- Name: POL_DocNo; Type: CONSTRAINT; Schema: public; Owner: postgres; Tablespace: 
--

ALTER TABLE ONLY "tblCOM_POL"
    ADD CONSTRAINT "POL_DocNo" PRIMARY KEY ("POL_DocNo");


--
-- Name: RQL_DocNo; Type: CONSTRAINT; Schema: public; Owner: postgres; Tablespace: 
--

ALTER TABLE ONLY "tblINV_RQL"
    ADD CONSTRAINT "RQL_DocNo" PRIMARY KEY ("RQL_DocNo");


--
-- Name: RVMR_RV_DocNo; Type: CONSTRAINT; Schema: public; Owner: postgres; Tablespace: 
--

ALTER TABLE ONLY "tblINV_RetrievalMeterReading"
    ADD CONSTRAINT "RVMR_RV_DocNo" PRIMARY KEY ("RVMR_RV_DocNo", "RVMR_LineNo", "RVMR_MachineTag");


--
-- Name: RVPC_RV_DocNo; Type: CONSTRAINT; Schema: public; Owner: postgres; Tablespace: 
--

ALTER TABLE ONLY "tblINV_RetrievalPisoCoin"
    ADD CONSTRAINT "RVPC_RV_DocNo" PRIMARY KEY ("RVPC_RV_DocNo", "RVPC_LineNo", "RVPC_MachineTag");


--
-- Name: RVPT_RV_DocNo; Type: CONSTRAINT; Schema: public; Owner: postgres; Tablespace: 
--

ALTER TABLE ONLY "tblINV_RetrievalPisoToken"
    ADD CONSTRAINT "RVPT_RV_DocNo" PRIMARY KEY ("RVPT_LineNo", "RVPT_RV_DocNo", "RVPT_MachineTag");


--
-- Name: RVSD_RVS_RV_DocNo; Type: CONSTRAINT; Schema: public; Owner: postgres; Tablespace: 
--

ALTER TABLE ONLY "tblINV_RetrievalSummaryDetails"
    ADD CONSTRAINT "RVSD_RVS_RV_DocNo" PRIMARY KEY ("RVSD_RVS_RV_DocNo", "RVSD_RVS_WeekNo", "RVSD_LineNo");


--
-- Name: RVS_RV_DocNo; Type: CONSTRAINT; Schema: public; Owner: postgres; Tablespace: 
--

ALTER TABLE ONLY "tblINV_RetrievalSummary"
    ADD CONSTRAINT "RVS_RV_DocNo" PRIMARY KEY ("RVS_RV_DocNo", "RVS_WeekNo");


--
-- Name: RVTIV_RV_DocNo; Type: CONSTRAINT; Schema: public; Owner: postgres; Tablespace: 
--

ALTER TABLE ONLY "tblINV_RetrievalTicketVariance"
    ADD CONSTRAINT "RVTIV_RV_DocNo" PRIMARY KEY ("RVTIV_RV_DocNo", "RVTIV_LineNo");


--
-- Name: RVTOV_RV_DocNo; Type: CONSTRAINT; Schema: public; Owner: postgres; Tablespace: 
--

ALTER TABLE ONLY "tblINV_RetrievalTokenVariance"
    ADD CONSTRAINT "RVTOV_RV_DocNo" PRIMARY KEY ("RVTOV_RV_DocNo", "RVTOV_LineNo");


--
-- Name: RVTR_RV_DocNo; Type: CONSTRAINT; Schema: public; Owner: postgres; Tablespace: 
--

ALTER TABLE ONLY "tblINV_RetrievalTicket"
    ADD CONSTRAINT "RVTR_RV_DocNo" PRIMARY KEY ("RVTR_RV_DocNo", "RVTR_LineNo", "RVTR_MachineTag");


--
-- Name: RVT_RV_DocNo; Type: CONSTRAINT; Schema: public; Owner: postgres; Tablespace: 
--

ALTER TABLE ONLY "tblINV_RetrievalToken"
    ADD CONSTRAINT "RVT_RV_DocNo" PRIMARY KEY ("RVT_RV_DocNo", "RVT_LineNo", "RVT_MachineTag");


--
-- Name: RV_DocNo; Type: CONSTRAINT; Schema: public; Owner: postgres; Tablespace: 
--

ALTER TABLE ONLY "tblINV_Retrieval"
    ADD CONSTRAINT "RV_DocNo" PRIMARY KEY ("RV_DocNo");


--
-- Name: SID_DocNo; Type: CONSTRAINT; Schema: public; Owner: postgres; Tablespace: 
--

ALTER TABLE ONLY "tblINV_SalesInvoiceDetail"
    ADD CONSTRAINT "SID_DocNo" PRIMARY KEY ("SID_LineNo", "SID_PFK_DocNo");


--
-- Name: SI_DocNo; Type: CONSTRAINT; Schema: public; Owner: postgres; Tablespace: 
--

ALTER TABLE ONLY "tblINV_SalesInvoice"
    ADD CONSTRAINT "SI_DocNo" PRIMARY KEY ("SI_DocNo");


--
-- Name: SL_EntryNo; Type: CONSTRAINT; Schema: public; Owner: postgres; Tablespace: 
--

ALTER TABLE ONLY "tblCOM_CustomerLedger"
    ADD CONSTRAINT "SL_EntryNo" PRIMARY KEY ("CL_EntryNo");


--
-- Name: TOL_DocNo; Type: CONSTRAINT; Schema: public; Owner: postgres; Tablespace: 
--

ALTER TABLE ONLY "tblCOM_TOL"
    ADD CONSTRAINT "TOL_DocNo" PRIMARY KEY ("TOL_DocNo");


--
-- Name: TO_DocNo; Type: CONSTRAINT; Schema: public; Owner: postgres; Tablespace: 
--

ALTER TABLE ONLY "tblCOM_TO"
    ADD CONSTRAINT "TO_DocNo" PRIMARY KEY ("TO_DocNo");


--
-- Name: TTP_SP_StoreID; Type: CONSTRAINT; Schema: public; Owner: postgres; Tablespace: 
--

ALTER TABLE ONLY "tblINV_TTPAssumptions"
    ADD CONSTRAINT "TTP_SP_StoreID" PRIMARY KEY ("TTP_SP_StoreID", "TTP_LineNo");


--
-- Name: ci_sessions_id_ip; Type: CONSTRAINT; Schema: public; Owner: postgres; Tablespace: 
--

ALTER TABLE ONLY ci_sessions
    ADD CONSTRAINT ci_sessions_id_ip UNIQUE (id, ip_address);


--
-- Name: ci_sessions_pkey; Type: CONSTRAINT; Schema: public; Owner: postgres; Tablespace: 
--

ALTER TABLE ONLY ci_sessions
    ADD CONSTRAINT ci_sessions_pkey PRIMARY KEY (id);


--
-- Name: ns_code; Type: CONSTRAINT; Schema: public; Owner: postgres; Tablespace: 
--

ALTER TABLE ONLY "tblCOM_NoSeries"
    ADD CONSTRAINT ns_code PRIMARY KEY ("NS_Id");


--
-- Name: pr_docno; Type: CONSTRAINT; Schema: public; Owner: postgres; Tablespace: 
--

ALTER TABLE ONLY "tblINV_PurchaseRequest"
    ADD CONSTRAINT pr_docno PRIMARY KEY (pr_docno);


--
-- Name: prl_pr_docno; Type: CONSTRAINT; Schema: public; Owner: postgres; Tablespace: 
--

ALTER TABLE ONLY "tblINV_PurchaseRequestLine"
    ADD CONSTRAINT prl_pr_docno PRIMARY KEY (prl_pr_docno);


--
-- Name: rq_docno; Type: CONSTRAINT; Schema: public; Owner: postgres; Tablespace: 
--

ALTER TABLE ONLY "tblINV_RQ"
    ADD CONSTRAINT rq_docno PRIMARY KEY ("RQ_DocNo");


--
-- Name: tblACC_AMLDetail_pkey; Type: CONSTRAINT; Schema: public; Owner: postgres; Tablespace: 
--

ALTER TABLE ONLY "tblACC_AMLDetail"
    ADD CONSTRAINT "tblACC_AMLDetail_pkey" PRIMARY KEY ("AMLD_FK_DocNo", "AMLD_LineNo");


--
-- Name: tblACC_AMLHeader_pkey; Type: CONSTRAINT; Schema: public; Owner: postgres; Tablespace: 
--

ALTER TABLE ONLY "tblACC_AMLHeader"
    ADD CONSTRAINT "tblACC_AMLHeader_pkey" PRIMARY KEY ("AMLH_DocNo");


--
-- Name: tblACC_BankPostingGroup_pkey; Type: CONSTRAINT; Schema: public; Owner: postgres; Tablespace: 
--

ALTER TABLE ONLY "tblACC_BankPostingGroup"
    ADD CONSTRAINT "tblACC_BankPostingGroup_pkey" PRIMARY KEY ("BPG_Code");


--
-- Name: tblACC_BankReconDetail_pkey; Type: CONSTRAINT; Schema: public; Owner: postgres; Tablespace: 
--

ALTER TABLE ONLY "tblACC_BankReconDetail"
    ADD CONSTRAINT "tblACC_BankReconDetail_pkey" PRIMARY KEY ("BRD_BR_DocNo", "BRD_LineNo");


--
-- Name: tblACC_BookType_pkey; Type: CONSTRAINT; Schema: public; Owner: postgres; Tablespace: 
--

ALTER TABLE ONLY "tblACC_BookType"
    ADD CONSTRAINT "tblACC_BookType_pkey" PRIMARY KEY ("BT_BookID");


--
-- Name: tblACC_CRJHeader_pkey; Type: CONSTRAINT; Schema: public; Owner: postgres; Tablespace: 
--

ALTER TABLE ONLY "tblACC_CRJHeader"
    ADD CONSTRAINT "tblACC_CRJHeader_pkey" PRIMARY KEY ("CRJ_DocNo");


--
-- Name: tblACC_ChartAccount_pkey; Type: CONSTRAINT; Schema: public; Owner: postgres; Tablespace: 
--

ALTER TABLE ONLY "tblACC_ChartAccount"
    ADD CONSTRAINT "tblACC_ChartAccount_pkey" PRIMARY KEY ("COA_Account_id");


--
-- Name: tblACC_CustomerPostingGroup_pkey; Type: CONSTRAINT; Schema: public; Owner: postgres; Tablespace: 
--

ALTER TABLE ONLY "tblACC_CustomerPostingGroup"
    ADD CONSTRAINT "tblACC_CustomerPostingGroup_pkey" PRIMARY KEY ("CPG_Code");


--
-- Name: tblACC_CustomerType_pkey; Type: CONSTRAINT; Schema: public; Owner: postgres; Tablespace: 
--

ALTER TABLE ONLY "tblACC_CustomerType"
    ADD CONSTRAINT "tblACC_CustomerType_pkey" PRIMARY KEY ("CT_Id");


--
-- Name: tblACC_Customer_pkey; Type: CONSTRAINT; Schema: public; Owner: postgres; Tablespace: 
--

ALTER TABLE ONLY "tblACC_Customer"
    ADD CONSTRAINT "tblACC_Customer_pkey" PRIMARY KEY ("C_Id");


--
-- Name: tblACC_ExchangeRate_pkey; Type: CONSTRAINT; Schema: public; Owner: postgres; Tablespace: 
--

ALTER TABLE ONLY "tblACC_ExchangeRate"
    ADD CONSTRAINT "tblACC_ExchangeRate_pkey" PRIMARY KEY ("ER_DocumentNo");


--
-- Name: tblACC_FAPostingGroup_pkey; Type: CONSTRAINT; Schema: public; Owner: postgres; Tablespace: 
--

ALTER TABLE ONLY "tblACC_FAPostingGroup"
    ADD CONSTRAINT "tblACC_FAPostingGroup_pkey" PRIMARY KEY ("FAPG_Code");


--
-- Name: tblACC_GLEntry_pkey; Type: CONSTRAINT; Schema: public; Owner: postgres; Tablespace: 
--

ALTER TABLE ONLY "tblACC_GLEntry"
    ADD CONSTRAINT "tblACC_GLEntry_pkey" PRIMARY KEY ("GL_EntryNo");


--
-- Name: tblACC_InvPostingGroup_pkey; Type: CONSTRAINT; Schema: public; Owner: postgres; Tablespace: 
--

ALTER TABLE ONLY "tblACC_InvPostingGroup"
    ADD CONSTRAINT "tblACC_InvPostingGroup_pkey" PRIMARY KEY ("IPG_Code");


--
-- Name: tblACC_PaymentTerms_pkey; Type: CONSTRAINT; Schema: public; Owner: postgres; Tablespace: 
--

ALTER TABLE ONLY "tblACC_PaymentTerms"
    ADD CONSTRAINT "tblACC_PaymentTerms_pkey" PRIMARY KEY ("PT_Id");


--
-- Name: tblACC_PostingAccountSetup_pkey; Type: CONSTRAINT; Schema: public; Owner: postgres; Tablespace: 
--

ALTER TABLE ONLY "tblACC_PostingAccountSetup"
    ADD CONSTRAINT "tblACC_PostingAccountSetup_pkey" PRIMARY KEY ("AS_PKFK_PostingGroup_id", "AS_PKFK_Account_id");


--
-- Name: tblACC_PostingGroup_pkey; Type: CONSTRAINT; Schema: public; Owner: postgres; Tablespace: 
--

ALTER TABLE ONLY "tblACC_PostingGroup"
    ADD CONSTRAINT "tblACC_PostingGroup_pkey" PRIMARY KEY ("PG_Id");


--
-- Name: tblACC_RFVDChargeTo_pkey; Type: CONSTRAINT; Schema: public; Owner: postgres; Tablespace: 
--

ALTER TABLE ONLY "tblACC_RFVDChargeTo"
    ADD CONSTRAINT "tblACC_RFVDChargeTo_pkey" PRIMARY KEY ("RFVDC_Id");


--
-- Name: tblACC_RFVDetail_pkey; Type: CONSTRAINT; Schema: public; Owner: postgres; Tablespace: 
--

ALTER TABLE ONLY "tblACC_RFVDetail"
    ADD CONSTRAINT "tblACC_RFVDetail_pkey" PRIMARY KEY ("RFVD_PFK_DocNo", "RFVD_LineNo");


--
-- Name: tblACC_RFV_pkey; Type: CONSTRAINT; Schema: public; Owner: postgres; Tablespace: 
--

ALTER TABLE ONLY "tblACC_RFV"
    ADD CONSTRAINT "tblACC_RFV_pkey" PRIMARY KEY ("RFV_DocNo");


--
-- Name: tblACC_RPDetails_pkey; Type: CONSTRAINT; Schema: public; Owner: postgres; Tablespace: 
--

ALTER TABLE ONLY "tblACC_RPDetails"
    ADD CONSTRAINT "tblACC_RPDetails_pkey" PRIMARY KEY ("RPD_PFK_DocNo", "RPD_LineNo");


--
-- Name: tblACC_RPHeader_pkey; Type: CONSTRAINT; Schema: public; Owner: postgres; Tablespace: 
--

ALTER TABLE ONLY "tblACC_RPHeader"
    ADD CONSTRAINT "tblACC_RPHeader_pkey" PRIMARY KEY ("RPH_DocNo");


--
-- Name: tblACC_SupplierPostingGroup_pkey; Type: CONSTRAINT; Schema: public; Owner: postgres; Tablespace: 
--

ALTER TABLE ONLY "tblACC_SupplierPostingGroup"
    ADD CONSTRAINT "tblACC_SupplierPostingGroup_pkey" PRIMARY KEY ("SPG_Code");


--
-- Name: tblACC_Tax_pkey; Type: CONSTRAINT; Schema: public; Owner: postgres; Tablespace: 
--

ALTER TABLE ONLY "tblACC_Tax"
    ADD CONSTRAINT "tblACC_Tax_pkey" PRIMARY KEY ("TAX_Id");


--
-- Name: tblACC_VATBusPostingGroup_pkey; Type: CONSTRAINT; Schema: public; Owner: postgres; Tablespace: 
--

ALTER TABLE ONLY "tblACC_VATBusPostingGroup"
    ADD CONSTRAINT "tblACC_VATBusPostingGroup_pkey" PRIMARY KEY ("VBPG_Code");


--
-- Name: tblACC_VATPostingGroup_pkey; Type: CONSTRAINT; Schema: public; Owner: postgres; Tablespace: 
--

ALTER TABLE ONLY "tblACC_VATPostingSetup"
    ADD CONSTRAINT "tblACC_VATPostingGroup_pkey" PRIMARY KEY ("VPS_VBPG_FK_Code", "VPS_VPPG_FK_Code");


--
-- Name: tblACC_VATProdPostingGroup_pkey; Type: CONSTRAINT; Schema: public; Owner: postgres; Tablespace: 
--

ALTER TABLE ONLY "tblACC_VATProdPostingGroup"
    ADD CONSTRAINT "tblACC_VATProdPostingGroup_pkey" PRIMARY KEY ("VPPG_Code");


--
-- Name: tblACC_WHTBusPostingGroup_pkey; Type: CONSTRAINT; Schema: public; Owner: postgres; Tablespace: 
--

ALTER TABLE ONLY "tblACC_WHTBusPostingGroup"
    ADD CONSTRAINT "tblACC_WHTBusPostingGroup_pkey" PRIMARY KEY ("WBPG_Code");


--
-- Name: tblACC_WHTPostingGroup_pkey; Type: CONSTRAINT; Schema: public; Owner: postgres; Tablespace: 
--

ALTER TABLE ONLY "tblACC_WHTPostingGroupSetup"
    ADD CONSTRAINT "tblACC_WHTPostingGroup_pkey" PRIMARY KEY ("WPS_WBPG_FK_Code", "WPS_WPPG_FK_Code");


--
-- Name: tblACC_WHTProdPostingGroup_pkey; Type: CONSTRAINT; Schema: public; Owner: postgres; Tablespace: 
--

ALTER TABLE ONLY "tblACC_WHTProdPostingGroup"
    ADD CONSTRAINT "tblACC_WHTProdPostingGroup_pkey" PRIMARY KEY ("WPPG_Code");


--
-- Name: tblCOM_ApprovalSetup_pkey; Type: CONSTRAINT; Schema: public; Owner: postgres; Tablespace: 
--

ALTER TABLE ONLY "tblCOM_ApprovalSetup"
    ADD CONSTRAINT "tblCOM_ApprovalSetup_pkey" PRIMARY KEY ("AS_FK_NS_id", "AS_FK_Position_id", "AS_Sequence");


--
-- Name: tblCOM_AttributeDetail_AD_Id_key; Type: CONSTRAINT; Schema: public; Owner: postgres; Tablespace: 
--

ALTER TABLE ONLY "tblCOM_AttributeDetail"
    ADD CONSTRAINT "tblCOM_AttributeDetail_AD_Id_key" UNIQUE ("AD_Id");


--
-- Name: tblCOM_AttributeDetail_pkey; Type: CONSTRAINT; Schema: public; Owner: postgres; Tablespace: 
--

ALTER TABLE ONLY "tblCOM_AttributeDetail"
    ADD CONSTRAINT "tblCOM_AttributeDetail_pkey" PRIMARY KEY ("AD_Code", "AD_FK_Code");


--
-- Name: tblCOM_Attribute_pkey; Type: CONSTRAINT; Schema: public; Owner: postgres; Tablespace: 
--

ALTER TABLE ONLY "tblCOM_Attribute"
    ADD CONSTRAINT "tblCOM_Attribute_pkey" PRIMARY KEY ("A_Code");


--
-- Name: tblCOM_BuyerClass_pkey; Type: CONSTRAINT; Schema: public; Owner: postgres; Tablespace: 
--

ALTER TABLE ONLY "tblCOM_BuyerClass"
    ADD CONSTRAINT "tblCOM_BuyerClass_pkey" PRIMARY KEY ("B_Id");


--
-- Name: tblCOM_BuyerSetup_pkey; Type: CONSTRAINT; Schema: public; Owner: postgres; Tablespace: 
--

ALTER TABLE ONLY "tblCOM_BuyerSetup"
    ADD CONSTRAINT "tblCOM_BuyerSetup_pkey" PRIMARY KEY ("BS_FK_BuyerClass_id", "BS_FK_User_id");


--
-- Name: tblCOM_CADetail_PK; Type: CONSTRAINT; Schema: public; Owner: postgres; Tablespace: 
--

ALTER TABLE ONLY "tblCOM_CADetail"
    ADD CONSTRAINT "tblCOM_CADetail_PK" PRIMARY KEY ("CAD_CA_DocNo", "CAD_LineNo");


--
-- Name: tblCOM_CALiquidation_PK; Type: CONSTRAINT; Schema: public; Owner: postgres; Tablespace: 
--

ALTER TABLE ONLY "tblCOM_CALiquidation"
    ADD CONSTRAINT "tblCOM_CALiquidation_PK" PRIMARY KEY ("CAL_LineNo");


--
-- Name: tblCOM_CA_PK; Type: CONSTRAINT; Schema: public; Owner: postgres; Tablespace: 
--

ALTER TABLE ONLY "tblCOM_CA"
    ADD CONSTRAINT "tblCOM_CA_PK" PRIMARY KEY ("CA_DocNo");


--
-- Name: tblCOM_CPCenter_pkey; Type: CONSTRAINT; Schema: public; Owner: postgres; Tablespace: 
--

ALTER TABLE ONLY "tblCOM_CPCenter"
    ADD CONSTRAINT "tblCOM_CPCenter_pkey" PRIMARY KEY ("CPC_Id");


--
-- Name: tblCOM_CompanyAccess_pkey; Type: CONSTRAINT; Schema: public; Owner: postgres; Tablespace: 
--

ALTER TABLE ONLY "tblCOM_CompanyAccess"
    ADD CONSTRAINT "tblCOM_CompanyAccess_pkey" PRIMARY KEY ("CA_FK_User_id", "CA_FK_Location_id");


--
-- Name: tblCOM_Company_pkey; Type: CONSTRAINT; Schema: public; Owner: postgres; Tablespace: 
--

ALTER TABLE ONLY "tblCOM_Company"
    ADD CONSTRAINT "tblCOM_Company_pkey" PRIMARY KEY ("COM_Id");


--
-- Name: tblCOM_DepartmentClass_pkey; Type: CONSTRAINT; Schema: public; Owner: postgres; Tablespace: 
--

ALTER TABLE ONLY "tblCOM_DepartmentClass"
    ADD CONSTRAINT "tblCOM_DepartmentClass_pkey" PRIMARY KEY ("DEP_Id");


--
-- Name: tblCOM_DepartmentSetup_pkey; Type: CONSTRAINT; Schema: public; Owner: postgres; Tablespace: 
--

ALTER TABLE ONLY "tblCOM_DepartmentSetup"
    ADD CONSTRAINT "tblCOM_DepartmentSetup_pkey" PRIMARY KEY ("DS_FK_Department_id", "DS_FK_Position_id");


--
-- Name: tblCOM_DocTracking_pkey; Type: CONSTRAINT; Schema: public; Owner: postgres; Tablespace: 
--

ALTER TABLE ONLY "tblCOM_DocTracking"
    ADD CONSTRAINT "tblCOM_DocTracking_pkey" PRIMARY KEY ("DT_EntryNo");


--
-- Name: tblCOM_Module_pkey; Type: CONSTRAINT; Schema: public; Owner: postgres; Tablespace: 
--

ALTER TABLE ONLY "tblCOM_Module"
    ADD CONSTRAINT "tblCOM_Module_pkey" PRIMARY KEY ("M_Module_id");


--
-- Name: tblCOM_PODetail_pkey; Type: CONSTRAINT; Schema: public; Owner: postgres; Tablespace: 
--

ALTER TABLE ONLY "tblCOM_PODetail"
    ADD CONSTRAINT "tblCOM_PODetail_pkey" PRIMARY KEY ("POD_PO_DocNo", "POD_LineNo");


--
-- Name: tblCOM_POLDetail_pkey; Type: CONSTRAINT; Schema: public; Owner: postgres; Tablespace: 
--

ALTER TABLE ONLY "tblCOM_POLDetail"
    ADD CONSTRAINT "tblCOM_POLDetail_pkey" PRIMARY KEY ("POLD_PO_DocNo", "POLD_LineNo");


--
-- Name: tblCOM_PO_pkey; Type: CONSTRAINT; Schema: public; Owner: postgres; Tablespace: 
--

ALTER TABLE ONLY "tblCOM_PO"
    ADD CONSTRAINT "tblCOM_PO_pkey" PRIMARY KEY ("PO_DocNo");


--
-- Name: tblCOM_Position_pkey; Type: CONSTRAINT; Schema: public; Owner: postgres; Tablespace: 
--

ALTER TABLE ONLY "tblCOM_Position"
    ADD CONSTRAINT "tblCOM_Position_pkey" PRIMARY KEY ("P_Position_id");


--
-- Name: tblCOM_ReasonModule_pkey; Type: CONSTRAINT; Schema: public; Owner: postgres; Tablespace: 
--

ALTER TABLE ONLY "tblCOM_ReasonModule"
    ADD CONSTRAINT "tblCOM_ReasonModule_pkey" PRIMARY KEY ("RM_FK_Reason_id", "RM_FK_Module_id");


--
-- Name: tblCOM_Reason_pkey; Type: CONSTRAINT; Schema: public; Owner: postgres; Tablespace: 
--

ALTER TABLE ONLY "tblCOM_Reason"
    ADD CONSTRAINT "tblCOM_Reason_pkey" PRIMARY KEY ("R_Id");


--
-- Name: tblCOM_ReimbursementDetail_PK; Type: CONSTRAINT; Schema: public; Owner: postgres; Tablespace: 
--

ALTER TABLE ONLY "tblCOM_ReimbursementDetail"
    ADD CONSTRAINT "tblCOM_ReimbursementDetail_PK" PRIMARY KEY ("RED_RE_DocNo", "RED_LineNo");


--
-- Name: tblCOM_Reimbursement_PK; Type: CONSTRAINT; Schema: public; Owner: postgres; Tablespace: 
--

ALTER TABLE ONLY "tblCOM_Reimbursement"
    ADD CONSTRAINT "tblCOM_Reimbursement_PK" PRIMARY KEY ("RE_DocNo");


--
-- Name: tblCOM_ReplenishmentDetail_pkey; Type: CONSTRAINT; Schema: public; Owner: postgres; Tablespace: 
--

ALTER TABLE ONLY "tblCOM_ReplenishmentDetail"
    ADD CONSTRAINT "tblCOM_ReplenishmentDetail_pkey" PRIMARY KEY ("RFRD_PFK_DocNo", "RFRD_LineNo");


--
-- Name: tblCOM_Replenishment_pkey; Type: CONSTRAINT; Schema: public; Owner: postgres; Tablespace: 
--

ALTER TABLE ONLY "tblCOM_Replenishment"
    ADD CONSTRAINT "tblCOM_Replenishment_pkey" PRIMARY KEY ("RFR_DocNo");


--
-- Name: tblCOM_SupplierLedger_pkey; Type: CONSTRAINT; Schema: public; Owner: postgres; Tablespace: 
--

ALTER TABLE ONLY "tblCOM_SupplierLedger"
    ADD CONSTRAINT "tblCOM_SupplierLedger_pkey" PRIMARY KEY ("SL_EntryNo");


--
-- Name: tblCOM_Supplier_pkey; Type: CONSTRAINT; Schema: public; Owner: postgres; Tablespace: 
--

ALTER TABLE ONLY "tblCOM_Supplier"
    ADD CONSTRAINT "tblCOM_Supplier_pkey" PRIMARY KEY ("S_Id");


--
-- Name: tblCOM_TODetail_pkey; Type: CONSTRAINT; Schema: public; Owner: postgres; Tablespace: 
--

ALTER TABLE ONLY "tblCOM_TODetail"
    ADD CONSTRAINT "tblCOM_TODetail_pkey" PRIMARY KEY ("TOD_TO_DocNo", "TOD_LineNo");


--
-- Name: tblCOM_TOLDetail_pkey; Type: CONSTRAINT; Schema: public; Owner: postgres; Tablespace: 
--

ALTER TABLE ONLY "tblCOM_TOLDetail"
    ADD CONSTRAINT "tblCOM_TOLDetail_pkey" PRIMARY KEY ("TOLD_TO_DocNo", "TOLD_LineNo");


--
-- Name: tblCOM_UserAccess_pkey; Type: CONSTRAINT; Schema: public; Owner: postgres; Tablespace: 
--

ALTER TABLE ONLY "tblCOM_UserAccess"
    ADD CONSTRAINT "tblCOM_UserAccess_pkey" PRIMARY KEY ("UA_Access_id");


--
-- Name: tblCOM_UserFunction_pkey; Type: CONSTRAINT; Schema: public; Owner: postgres; Tablespace: 
--

ALTER TABLE ONLY "tblCOM_UserFunction"
    ADD CONSTRAINT "tblCOM_UserFunction_pkey" PRIMARY KEY ("UF_FK_User_id", "UF_FK_Function_id", "UF_FK_Module_id");


--
-- Name: tblCOM_UserProfile_pkey; Type: CONSTRAINT; Schema: public; Owner: postgres; Tablespace: 
--

ALTER TABLE ONLY "tblCOM_UserProfile"
    ADD CONSTRAINT "tblCOM_UserProfile_pkey" PRIMARY KEY ("UP_FK_Module_id", "UP_FK_User_id", "UP_FK_Access_id");


--
-- Name: tblINV_Category_pkey; Type: CONSTRAINT; Schema: public; Owner: postgres; Tablespace: 
--

ALTER TABLE ONLY "tblINV_Category"
    ADD CONSTRAINT "tblINV_Category_pkey" PRIMARY KEY ("CAT_Id");


--
-- Name: tblINV_IRJDetail_pkey; Type: CONSTRAINT; Schema: public; Owner: postgres; Tablespace: 
--

ALTER TABLE ONLY "tblINV_IRJDetail"
    ADD CONSTRAINT "tblINV_IRJDetail_pkey" PRIMARY KEY ("IRJD_IRJ_DocNo", "IRJD_LineNo");


--
-- Name: tblINV_IRJ_pkey; Type: CONSTRAINT; Schema: public; Owner: postgres; Tablespace: 
--

ALTER TABLE ONLY "tblINV_IRJ"
    ADD CONSTRAINT "tblINV_IRJ_pkey" PRIMARY KEY ("IRJ_DocNo");


--
-- Name: tblINV_IdentifierDetails_pkey; Type: CONSTRAINT; Schema: public; Owner: postgres; Tablespace: 
--

ALTER TABLE ONLY "tblINV_IdentifierDetails"
    ADD CONSTRAINT "tblINV_IdentifierDetails_pkey" PRIMARY KEY ("IDD_Id");


--
-- Name: tblINV_IdentifierSetup_pkey; Type: CONSTRAINT; Schema: public; Owner: postgres; Tablespace: 
--

ALTER TABLE ONLY "tblINV_IdentifierSetup"
    ADD CONSTRAINT "tblINV_IdentifierSetup_pkey" PRIMARY KEY ("IDS_FK_Category_id", "IDS_FK_Identifier_id");


--
-- Name: tblINV_Identifier_pkey; Type: CONSTRAINT; Schema: public; Owner: postgres; Tablespace: 
--

ALTER TABLE ONLY "tblINV_Identifier"
    ADD CONSTRAINT "tblINV_Identifier_pkey" PRIMARY KEY ("ID_Id");


--
-- Name: tblINV_ItemIdentifier_pkey; Type: CONSTRAINT; Schema: public; Owner: postgres; Tablespace: 
--

ALTER TABLE ONLY "tblINV_ItemIdentifier"
    ADD CONSTRAINT "tblINV_ItemIdentifier_pkey" PRIMARY KEY ("IMI_FK_IdentifierDetails_id", "IMI_FK_Item_id");


--
-- Name: tblINV_ItemSupplier_pkey; Type: CONSTRAINT; Schema: public; Owner: postgres; Tablespace: 
--

ALTER TABLE ONLY "tblINV_ItemSupplier"
    ADD CONSTRAINT "tblINV_ItemSupplier_pkey" PRIMARY KEY ("IS_Id");


--
-- Name: tblINV_ItemTypeSetup_pkey; Type: CONSTRAINT; Schema: public; Owner: postgres; Tablespace: 
--

ALTER TABLE ONLY "tblINV_ItemTypeSetup"
    ADD CONSTRAINT "tblINV_ItemTypeSetup_pkey" PRIMARY KEY ("ITS_FK_Module_id", "ITS_FK_ItemType_id");


--
-- Name: tblINV_ItemType_pkey; Type: CONSTRAINT; Schema: public; Owner: postgres; Tablespace: 
--

ALTER TABLE ONLY "tblINV_ItemType"
    ADD CONSTRAINT "tblINV_ItemType_pkey" PRIMARY KEY ("IT_Id");


--
-- Name: tblINV_ItemUOMConv_pkey; Type: CONSTRAINT; Schema: public; Owner: postgres; Tablespace: 
--

ALTER TABLE ONLY "tblINV_ItemUOMConv"
    ADD CONSTRAINT "tblINV_ItemUOMConv_pkey" PRIMARY KEY ("IUC_Id");


--
-- Name: tblINV_Item_pkey; Type: CONSTRAINT; Schema: public; Owner: postgres; Tablespace: 
--

ALTER TABLE ONLY "tblINV_Item"
    ADD CONSTRAINT "tblINV_Item_pkey" PRIMARY KEY ("IM_Item_id");


--
-- Name: tblINV_LocMask_pkey; Type: CONSTRAINT; Schema: public; Owner: postgres; Tablespace: 
--

ALTER TABLE ONLY "tblINV_LocMask"
    ADD CONSTRAINT "tblINV_LocMask_pkey" PRIMARY KEY ("LM_Level_id");


--
-- Name: tblINV_Location_pkey; Type: CONSTRAINT; Schema: public; Owner: postgres; Tablespace: 
--

ALTER TABLE ONLY "tblINV_Location"
    ADD CONSTRAINT "tblINV_Location_pkey" PRIMARY KEY ("LOC_Id");


--
-- Name: tblINV_MaskCat_pkey; Type: CONSTRAINT; Schema: public; Owner: postgres; Tablespace: 
--

ALTER TABLE ONLY "tblINV_MaskCat"
    ADD CONSTRAINT "tblINV_MaskCat_pkey" PRIMARY KEY ("MC_Level");


--
-- Name: tblINV_PCountSheetDetails_pkey; Type: CONSTRAINT; Schema: public; Owner: postgres; Tablespace: 
--

ALTER TABLE ONLY "tblINV_PCountSheetDetails"
    ADD CONSTRAINT "tblINV_PCountSheetDetails_pkey" PRIMARY KEY ("CSD_CS_CountSheetNo", "CSD_LineNo");


--
-- Name: tblINV_RQDetail_pkey; Type: CONSTRAINT; Schema: public; Owner: postgres; Tablespace: 
--

ALTER TABLE ONLY "tblINV_RQDetail"
    ADD CONSTRAINT "tblINV_RQDetail_pkey" PRIMARY KEY ("RQD_RQ_DocNo", "RQD_LineNo");


--
-- Name: tblINV_RQLDetail_pkey; Type: CONSTRAINT; Schema: public; Owner: postgres; Tablespace: 
--

ALTER TABLE ONLY "tblINV_RQLDetail"
    ADD CONSTRAINT "tblINV_RQLDetail_pkey" PRIMARY KEY ("RQLD_RQ_DocNo", "RQLD_LineNo");


--
-- Name: tblINV_SizeSet_pkey; Type: CONSTRAINT; Schema: public; Owner: postgres; Tablespace: 
--

ALTER TABLE ONLY "tblINV_SizeSet"
    ADD CONSTRAINT "tblINV_SizeSet_pkey" PRIMARY KEY ("SS_Id");


--
-- Name: tblINV_StoreProfile_pkey; Type: CONSTRAINT; Schema: public; Owner: postgres; Tablespace: 
--

ALTER TABLE ONLY "tblINV_StoreProfile"
    ADD CONSTRAINT "tblINV_StoreProfile_pkey" PRIMARY KEY ("SP_StoreID");


--
-- Name: tblINV_SubCategory_pkey; Type: CONSTRAINT; Schema: public; Owner: postgres; Tablespace: 
--

ALTER TABLE ONLY "tblINV_SubCategory"
    ADD CONSTRAINT "tblINV_SubCategory_pkey" PRIMARY KEY ("SC_Id");


--
-- Name: tblINV_UOMConversion_pkey; Type: CONSTRAINT; Schema: public; Owner: postgres; Tablespace: 
--

ALTER TABLE ONLY "tblINV_UOMConversion"
    ADD CONSTRAINT "tblINV_UOMConversion_pkey" PRIMARY KEY ("UC_DocNo");


--
-- Name: u_userid; Type: CONSTRAINT; Schema: public; Owner: postgres; Tablespace: 
--

ALTER TABLE ONLY "tblCOM_User"
    ADD CONSTRAINT u_userid PRIMARY KEY ("U_User_id");


--
-- Name: IX_FKPK_NoSeries_Role; Type: INDEX; Schema: public; Owner: postgres; Tablespace: 
--

CREATE INDEX "IX_FKPK_NoSeries_Role" ON "tblCOM_NoSeries" USING btree ("NS_FK_Module_id");


--
-- Name: IX_Relationship1; Type: INDEX; Schema: public; Owner: postgres; Tablespace: 
--

CREATE INDEX "IX_Relationship1" ON "tblCOM_UserAccess" USING btree ("UA_FK_Module_id");


--
-- Name: ci_sessions_timestamp; Type: INDEX; Schema: public; Owner: postgres; Tablespace: 
--

CREATE INDEX ci_sessions_timestamp ON ci_sessions USING btree ("timestamp");


--
-- Name: account_id; Type: TRIGGER; Schema: public; Owner: postgres
--

CREATE TRIGGER account_id BEFORE INSERT ON "tblACC_ChartAccount" FOR EACH ROW EXECUTE PROCEDURE account_id();


--
-- Name: account_id_update; Type: TRIGGER; Schema: public; Owner: postgres
--

CREATE TRIGGER account_id_update BEFORE UPDATE ON "tblACC_ChartAccount" FOR EACH ROW EXECUTE PROCEDURE chartaccount_update();


--
-- Name: add; Type: TRIGGER; Schema: public; Owner: postgres
--

CREATE TRIGGER add BEFORE INSERT ON "tblACC_RPDetails" FOR EACH ROW EXECUTE PROCEDURE line_no('RPD_LineNo', 'RPD_PFK_DocNo');


--
-- Name: appendtrigger; Type: TRIGGER; Schema: public; Owner: postgres
--

CREATE TRIGGER appendtrigger BEFORE INSERT ON "tblINV_Item" FOR EACH ROW EXECUTE PROCEDURE append();


--
-- Name: apvheaderamount; Type: TRIGGER; Schema: public; Owner: postgres
--

CREATE TRIGGER apvheaderamount BEFORE INSERT OR DELETE OR UPDATE ON "tblACC_APVDetail" FOR EACH ROW EXECUTE PROCEDURE apvheaderamount();


--
-- Name: apvheaderamountwithdiscount; Type: TRIGGER; Schema: public; Owner: postgres
--

CREATE TRIGGER apvheaderamountwithdiscount BEFORE UPDATE ON "tblACC_APVHeader" FOR EACH ROW EXECUTE PROCEDURE apvheaderamountwithdiscount();


--
-- Name: lin_no; Type: TRIGGER; Schema: public; Owner: postgres
--

CREATE TRIGGER lin_no BEFORE INSERT ON "tblACC_APVDetail" FOR EACH ROW EXECUTE PROCEDURE line_no('APVD_LineNo', 'APVD_PFK_DocNo');


--
-- Name: line_no; Type: TRIGGER; Schema: public; Owner: postgres
--

CREATE TRIGGER line_no BEFORE INSERT ON "tblACC_CVDetail" FOR EACH ROW EXECUTE PROCEDURE line_no('CVD_LineNo', 'CVD_PFK_DocNo');


--
-- Name: lineno; Type: TRIGGER; Schema: public; Owner: postgres
--

CREATE TRIGGER lineno BEFORE INSERT ON "tblACC_CRJDetail" FOR EACH ROW EXECUTE PROCEDURE line_no('CRJD_LineNo', 'CRJD_PFK_DocNo');


--
-- Name: lineno; Type: TRIGGER; Schema: public; Owner: postgres
--

CREATE TRIGGER lineno BEFORE INSERT ON "tblACC_DCMDetail" FOR EACH ROW EXECUTE PROCEDURE line_no('DCMD_LineNo', 'DCMD_FK_DocNo');


--
-- Name: position_add; Type: TRIGGER; Schema: public; Owner: postgres
--

CREATE TRIGGER position_add BEFORE INSERT ON "tblCOM_Position" FOR EACH ROW EXECUTE PROCEDURE position_id_add();


--
-- Name: position_update; Type: TRIGGER; Schema: public; Owner: postgres
--

CREATE TRIGGER position_update BEFORE UPDATE ON "tblCOM_Position" FOR EACH ROW EXECUTE PROCEDURE position_id_update();


--
-- Name: processapcstatus; Type: TRIGGER; Schema: public; Owner: postgres
--

CREATE TRIGGER processapcstatus BEFORE INSERT OR DELETE ON "tblACC_CVDetail" FOR EACH ROW EXECUTE PROCEDURE cvdetailsprocess();


--
-- Name: rpheaderamount; Type: TRIGGER; Schema: public; Owner: postgres
--

CREATE TRIGGER rpheaderamount BEFORE INSERT OR DELETE OR UPDATE ON "tblACC_RPDetails" FOR EACH ROW EXECUTE PROCEDURE rpheaderamount();


--
-- Name: rpheaderprocess; Type: TRIGGER; Schema: public; Owner: postgres
--

CREATE TRIGGER rpheaderprocess BEFORE INSERT OR UPDATE ON "tblACC_RPHeader" FOR EACH ROW EXECUTE PROCEDURE rpheaderprocess();


--
-- Name: test; Type: TRIGGER; Schema: public; Owner: postgres
--

CREATE TRIGGER test BEFORE INSERT ON "tblACC_AMLDetail" FOR EACH ROW EXECUTE PROCEDURE line_no();

ALTER TABLE "tblACC_AMLDetail" DISABLE TRIGGER test;


--
-- Name: testing; Type: TRIGGER; Schema: public; Owner: postgres
--

CREATE TRIGGER testing BEFORE INSERT ON "tblACC_AMPDetail" FOR EACH ROW EXECUTE PROCEDURE line_no('AMPD_LineNo', 'AMPD_FK_DocNo');


--
-- Name: testtt; Type: TRIGGER; Schema: public; Owner: postgres
--

CREATE TRIGGER testtt BEFORE INSERT ON "tblACC_AMLDetail" FOR EACH ROW EXECUTE PROCEDURE line_no('AMLD_LineNo', 'AMLD_FK_DocNo');


--
-- Name: FKPK_DocTracking_NoSeries; Type: FK CONSTRAINT; Schema: public; Owner: postgres
--

ALTER TABLE ONLY "tblCOM_DocTracking"
    ADD CONSTRAINT "FKPK_DocTracking_NoSeries" FOREIGN KEY ("DT_FK_NSCode") REFERENCES "tblCOM_NoSeries"("NS_Id");


--
-- Name: FKPK_RQL_RQ; Type: FK CONSTRAINT; Schema: public; Owner: postgres
--

ALTER TABLE ONLY "tblINV_RQDetail"
    ADD CONSTRAINT "FKPK_RQL_RQ" FOREIGN KEY ("RQD_RQ_DocNo") REFERENCES "tblINV_RQ"("RQ_DocNo");


--
-- Name: FKPK_RQL_RQ; Type: FK CONSTRAINT; Schema: public; Owner: postgres
--

ALTER TABLE ONLY "tblINV_RQLDetail"
    ADD CONSTRAINT "FKPK_RQL_RQ" FOREIGN KEY ("RQLD_RQ_DocNo") REFERENCES "tblINV_RQL"("RQL_DocNo");


--
-- Name: PFK_APVHeader_APVLine; Type: FK CONSTRAINT; Schema: public; Owner: postgres
--

ALTER TABLE ONLY "tblACC_APVDetail"
    ADD CONSTRAINT "PFK_APVHeader_APVLine" FOREIGN KEY ("APVD_PFK_DocNo") REFERENCES "tblACC_APVHeader"("APV_DocNo");


--
-- Name: PFK_CA_Detail; Type: FK CONSTRAINT; Schema: public; Owner: postgres
--

ALTER TABLE ONLY "tblCOM_CADetail"
    ADD CONSTRAINT "PFK_CA_Detail" FOREIGN KEY ("CAD_CA_DocNo") REFERENCES "tblCOM_CA"("CA_DocNo");


--
-- Name: PFK_CA_Liquidation; Type: FK CONSTRAINT; Schema: public; Owner: postgres
--

ALTER TABLE ONLY "tblCOM_CALiquidation"
    ADD CONSTRAINT "PFK_CA_Liquidation" FOREIGN KEY ("CAL_CA_DocNo") REFERENCES "tblCOM_CA"("CA_DocNo");


--
-- Name: PFK_CVHeader_Detail; Type: FK CONSTRAINT; Schema: public; Owner: postgres
--

ALTER TABLE ONLY "tblACC_CVDetail"
    ADD CONSTRAINT "PFK_CVHeader_Detail" FOREIGN KEY ("CVD_PFK_DocNo") REFERENCES "tblACC_CVHeader"("CV_DocNo");


--
-- Name: PFK_DCMHeader_Detail; Type: FK CONSTRAINT; Schema: public; Owner: postgres
--

ALTER TABLE ONLY "tblACC_DCMDetail"
    ADD CONSTRAINT "PFK_DCMHeader_Detail" FOREIGN KEY ("DCMD_FK_DocNo") REFERENCES "tblACC_DCMHeader"("DCM_DocNo");


--
-- Name: PFK_Item_Machine; Type: FK CONSTRAINT; Schema: public; Owner: postgres
--

ALTER TABLE ONLY "tblINV_Machine"
    ADD CONSTRAINT "PFK_Item_Machine" FOREIGN KEY ("MC_IM_Item_id") REFERENCES "tblINV_Item"("IM_Item_id") ON UPDATE CASCADE ON DELETE RESTRICT;


--
-- Name: PFK_PCountSheet_Details; Type: FK CONSTRAINT; Schema: public; Owner: postgres
--

ALTER TABLE ONLY "tblINV_PCountSheetDetails"
    ADD CONSTRAINT "PFK_PCountSheet_Details" FOREIGN KEY ("CSD_CS_PC_DocNo", "CSD_CS_CountSheetNo") REFERENCES "tblINV_PCountSheet"("CS_PC_DocNo", "CS_CountSheetNo") ON UPDATE CASCADE ON DELETE RESTRICT;


--
-- Name: PFK_PCountSheet_Setup; Type: FK CONSTRAINT; Schema: public; Owner: postgres
--

ALTER TABLE ONLY "tblINV_PCountSetup"
    ADD CONSTRAINT "PFK_PCountSheet_Setup" FOREIGN KEY ("PCS_CS_PC_DocNo", "PCS_CS_CountSheetNo") REFERENCES "tblINV_PCountSheet"("CS_PC_DocNo", "CS_CountSheetNo") ON UPDATE CASCADE ON DELETE RESTRICT;


--
-- Name: PFK_PCount_Setup; Type: FK CONSTRAINT; Schema: public; Owner: postgres
--

ALTER TABLE ONLY "tblINV_PCountSetup"
    ADD CONSTRAINT "PFK_PCount_Setup" FOREIGN KEY ("PCS_PC_DocNo") REFERENCES "tblINV_PCount"("PC_DocNo") ON UPDATE CASCADE ON DELETE RESTRICT;


--
-- Name: PFK_PCount_Sheet; Type: FK CONSTRAINT; Schema: public; Owner: postgres
--

ALTER TABLE ONLY "tblINV_PCountSheet"
    ADD CONSTRAINT "PFK_PCount_Sheet" FOREIGN KEY ("CS_PC_DocNo") REFERENCES "tblINV_PCount"("PC_DocNo") ON UPDATE CASCADE ON DELETE RESTRICT;


--
-- Name: PFK_POL_Detail; Type: FK CONSTRAINT; Schema: public; Owner: postgres
--

ALTER TABLE ONLY "tblCOM_POLDetail"
    ADD CONSTRAINT "PFK_POL_Detail" FOREIGN KEY ("POLD_PO_DocNo") REFERENCES "tblCOM_POL"("POL_DocNo");


--
-- Name: PFK_Reimbursement_Details; Type: FK CONSTRAINT; Schema: public; Owner: postgres
--

ALTER TABLE ONLY "tblCOM_ReimbursementDetail"
    ADD CONSTRAINT "PFK_Reimbursement_Details" FOREIGN KEY ("RED_RE_DocNo") REFERENCES "tblCOM_Reimbursement"("RE_DocNo");


--
-- Name: PFK_RetrievalSummary_Details; Type: FK CONSTRAINT; Schema: public; Owner: postgres
--

ALTER TABLE ONLY "tblINV_RetrievalSummaryDetails"
    ADD CONSTRAINT "PFK_RetrievalSummary_Details" FOREIGN KEY ("RVSD_RVS_RV_DocNo", "RVSD_RVS_WeekNo") REFERENCES "tblINV_RetrievalSummary"("RVS_RV_DocNo", "RVS_WeekNo") ON UPDATE CASCADE ON DELETE RESTRICT;


--
-- Name: PFK_Retrieval_MeterReading; Type: FK CONSTRAINT; Schema: public; Owner: postgres
--

ALTER TABLE ONLY "tblINV_RetrievalMeterReading"
    ADD CONSTRAINT "PFK_Retrieval_MeterReading" FOREIGN KEY ("RVMR_RV_DocNo") REFERENCES "tblINV_Retrieval"("RV_DocNo") ON UPDATE CASCADE ON DELETE RESTRICT;


--
-- Name: PFK_Retrieval_PisoCoin; Type: FK CONSTRAINT; Schema: public; Owner: postgres
--

ALTER TABLE ONLY "tblINV_RetrievalPisoCoin"
    ADD CONSTRAINT "PFK_Retrieval_PisoCoin" FOREIGN KEY ("RVPC_RV_DocNo") REFERENCES "tblINV_Retrieval"("RV_DocNo") ON UPDATE CASCADE ON DELETE RESTRICT;


--
-- Name: PFK_Retrieval_PisoToken; Type: FK CONSTRAINT; Schema: public; Owner: postgres
--

ALTER TABLE ONLY "tblINV_RetrievalPisoToken"
    ADD CONSTRAINT "PFK_Retrieval_PisoToken" FOREIGN KEY ("RVPT_RV_DocNo") REFERENCES "tblINV_Retrieval"("RV_DocNo") ON UPDATE CASCADE ON DELETE RESTRICT;


--
-- Name: PFK_Retrieval_Summary; Type: FK CONSTRAINT; Schema: public; Owner: postgres
--

ALTER TABLE ONLY "tblINV_RetrievalSummary"
    ADD CONSTRAINT "PFK_Retrieval_Summary" FOREIGN KEY ("RVS_RV_DocNo") REFERENCES "tblINV_Retrieval"("RV_DocNo") ON UPDATE CASCADE ON DELETE RESTRICT;


--
-- Name: PFK_Retrieval_Ticket; Type: FK CONSTRAINT; Schema: public; Owner: postgres
--

ALTER TABLE ONLY "tblINV_RetrievalTicket"
    ADD CONSTRAINT "PFK_Retrieval_Ticket" FOREIGN KEY ("RVTR_RV_DocNo") REFERENCES "tblINV_Retrieval"("RV_DocNo") ON UPDATE CASCADE ON DELETE RESTRICT;


--
-- Name: PFK_Retrieval_TicketVariance; Type: FK CONSTRAINT; Schema: public; Owner: postgres
--

ALTER TABLE ONLY "tblINV_RetrievalTicketVariance"
    ADD CONSTRAINT "PFK_Retrieval_TicketVariance" FOREIGN KEY ("RVTIV_RV_DocNo") REFERENCES "tblINV_Retrieval"("RV_DocNo") ON UPDATE CASCADE ON DELETE RESTRICT;


--
-- Name: PFK_Retrieval_Token; Type: FK CONSTRAINT; Schema: public; Owner: postgres
--

ALTER TABLE ONLY "tblINV_RetrievalToken"
    ADD CONSTRAINT "PFK_Retrieval_Token" FOREIGN KEY ("RVT_RV_DocNo") REFERENCES "tblINV_Retrieval"("RV_DocNo") ON UPDATE CASCADE ON DELETE RESTRICT;


--
-- Name: PFK_Retrieval_TokenVariance; Type: FK CONSTRAINT; Schema: public; Owner: postgres
--

ALTER TABLE ONLY "tblINV_RetrievalTokenVariance"
    ADD CONSTRAINT "PFK_Retrieval_TokenVariance" FOREIGN KEY ("RVTOV_RV_DocNo") REFERENCES "tblINV_Retrieval"("RV_DocNo") ON UPDATE CASCADE ON DELETE RESTRICT;


--
-- Name: PFK_SalesInvoice_SIDetails; Type: FK CONSTRAINT; Schema: public; Owner: postgres
--

ALTER TABLE ONLY "tblINV_SalesInvoiceDetail"
    ADD CONSTRAINT "PFK_SalesInvoice_SIDetails" FOREIGN KEY ("SID_PFK_DocNo") REFERENCES "tblINV_SalesInvoice"("SI_DocNo");


--
-- Name: PFK_StoreProfile_TTPAssumptions; Type: FK CONSTRAINT; Schema: public; Owner: postgres
--

ALTER TABLE ONLY "tblINV_TTPAssumptions"
    ADD CONSTRAINT "PFK_StoreProfile_TTPAssumptions" FOREIGN KEY ("TTP_SP_StoreID") REFERENCES "tblINV_StoreProfile"("SP_StoreID");


--
-- Name: PFK_TOL_Detail; Type: FK CONSTRAINT; Schema: public; Owner: postgres
--

ALTER TABLE ONLY "tblCOM_TOLDetail"
    ADD CONSTRAINT "PFK_TOL_Detail" FOREIGN KEY ("TOLD_TO_DocNo") REFERENCES "tblCOM_TOL"("TOL_DocNo");


--
-- Name: PFK_TO_Detail; Type: FK CONSTRAINT; Schema: public; Owner: postgres
--

ALTER TABLE ONLY "tblCOM_TODetail"
    ADD CONSTRAINT "PFK_TO_Detail" FOREIGN KEY ("TOD_TO_DocNo") REFERENCES "tblCOM_TO"("TO_DocNo");


--
-- Name: PK_PRL_PR; Type: FK CONSTRAINT; Schema: public; Owner: postgres
--

ALTER TABLE ONLY "tblINV_PurchaseRequestLine"
    ADD CONSTRAINT "PK_PRL_PR" FOREIGN KEY (prl_pr_docno) REFERENCES "tblINV_PurchaseRequest"(pr_docno);


--
-- Name: tblACC_AMLDetail_AMLD_FK_DocNo_fkey; Type: FK CONSTRAINT; Schema: public; Owner: postgres
--

ALTER TABLE ONLY "tblACC_AMLDetail"
    ADD CONSTRAINT "tblACC_AMLDetail_AMLD_FK_DocNo_fkey" FOREIGN KEY ("AMLD_FK_DocNo") REFERENCES "tblACC_AMLHeader"("AMLH_DocNo") ON UPDATE CASCADE ON DELETE SET NULL;


--
-- Name: tblACC_AMPDetail_AMPD_FK_DocNo_fkey; Type: FK CONSTRAINT; Schema: public; Owner: postgres
--

ALTER TABLE ONLY "tblACC_AMPDetail"
    ADD CONSTRAINT "tblACC_AMPDetail_AMPD_FK_DocNo_fkey" FOREIGN KEY ("AMPD_FK_DocNo") REFERENCES "tblACC_AMPHeader"("AMPH_DocNo") ON UPDATE SET NULL ON DELETE SET NULL;


--
-- Name: tblACC_BankPostingGroup_BPG_COA_FK_AccountNo_fkey; Type: FK CONSTRAINT; Schema: public; Owner: postgres
--

ALTER TABLE ONLY "tblACC_BankPostingGroup"
    ADD CONSTRAINT "tblACC_BankPostingGroup_BPG_COA_FK_AccountNo_fkey" FOREIGN KEY ("BPG_COA_FK_AccountNo") REFERENCES "tblACC_ChartAccount"("COA_Account_id") ON UPDATE CASCADE ON DELETE RESTRICT;


--
-- Name: tblACC_BankReconDetail_BRD_BR_DocNo_fkey; Type: FK CONSTRAINT; Schema: public; Owner: postgres
--

ALTER TABLE ONLY "tblACC_BankReconDetail"
    ADD CONSTRAINT "tblACC_BankReconDetail_BRD_BR_DocNo_fkey" FOREIGN KEY ("BRD_BR_DocNo") REFERENCES "tblACC_BankRecon"("BR_DocNo");


--
-- Name: tblACC_BookSetup_BT_BookID_fkey; Type: FK CONSTRAINT; Schema: public; Owner: postgres
--

ALTER TABLE ONLY "tblACC_BookSetup"
    ADD CONSTRAINT "tblACC_BookSetup_BT_BookID_fkey" FOREIGN KEY ("BT_BookID") REFERENCES "tblACC_BookType"("BT_BookID") ON UPDATE CASCADE ON DELETE RESTRICT;


--
-- Name: tblACC_CustomerPostingGroup_CPG_COA_PFK_AccountNo_fkey; Type: FK CONSTRAINT; Schema: public; Owner: postgres
--

ALTER TABLE ONLY "tblACC_CustomerPostingGroup"
    ADD CONSTRAINT "tblACC_CustomerPostingGroup_CPG_COA_PFK_AccountNo_fkey" FOREIGN KEY ("CPG_COA_FK_AccountNo") REFERENCES "tblACC_ChartAccount"("COA_Account_id") ON UPDATE CASCADE ON DELETE RESTRICT;


--
-- Name: tblACC_Customer_C_BillTo_fkey; Type: FK CONSTRAINT; Schema: public; Owner: postgres
--

ALTER TABLE ONLY "tblACC_Customer"
    ADD CONSTRAINT "tblACC_Customer_C_BillTo_fkey" FOREIGN KEY ("C_BillTo") REFERENCES "tblACC_Customer"("C_Id") ON UPDATE CASCADE ON DELETE RESTRICT;


--
-- Name: tblACC_Customer_C_CustomerPostingGroup_fkey; Type: FK CONSTRAINT; Schema: public; Owner: postgres
--

ALTER TABLE ONLY "tblACC_Customer"
    ADD CONSTRAINT "tblACC_Customer_C_CustomerPostingGroup_fkey" FOREIGN KEY ("C_CustomerPostingGroup") REFERENCES "tblACC_CustomerPostingGroup"("CPG_Code") ON UPDATE CASCADE ON DELETE SET NULL;


--
-- Name: tblACC_Customer_C_FK_CustomerType_fkey; Type: FK CONSTRAINT; Schema: public; Owner: postgres
--

ALTER TABLE ONLY "tblACC_Customer"
    ADD CONSTRAINT "tblACC_Customer_C_FK_CustomerType_fkey" FOREIGN KEY ("C_FK_CustomerType") REFERENCES "tblACC_CustomerType"("CT_Id") ON UPDATE CASCADE ON DELETE RESTRICT;


--
-- Name: tblACC_Customer_C_FK_PayTerms_fkey; Type: FK CONSTRAINT; Schema: public; Owner: postgres
--

ALTER TABLE ONLY "tblACC_Customer"
    ADD CONSTRAINT "tblACC_Customer_C_FK_PayTerms_fkey" FOREIGN KEY ("C_FK_PayTerms") REFERENCES "tblACC_PaymentTerms"("PT_Id") ON UPDATE CASCADE ON DELETE RESTRICT;


--
-- Name: tblACC_Customer_C_VATPostingGroup_fkey; Type: FK CONSTRAINT; Schema: public; Owner: postgres
--

ALTER TABLE ONLY "tblACC_Customer"
    ADD CONSTRAINT "tblACC_Customer_C_VATPostingGroup_fkey" FOREIGN KEY ("C_VATPostingGroup") REFERENCES "tblACC_VATBusPostingGroup"("VBPG_Code") ON UPDATE CASCADE ON DELETE SET NULL;


--
-- Name: tblACC_Customer_C_WHTPostingGroup_fkey; Type: FK CONSTRAINT; Schema: public; Owner: postgres
--

ALTER TABLE ONLY "tblACC_Customer"
    ADD CONSTRAINT "tblACC_Customer_C_WHTPostingGroup_fkey" FOREIGN KEY ("C_WHTPostingGroup") REFERENCES "tblACC_WHTBusPostingGroup"("WBPG_Code") ON UPDATE CASCADE ON DELETE SET NULL;


--
-- Name: tblACC_ExchangeRate_ER_FK_BaseCurrency_id_fkey; Type: FK CONSTRAINT; Schema: public; Owner: postgres
--

ALTER TABLE ONLY "tblACC_ExchangeRate"
    ADD CONSTRAINT "tblACC_ExchangeRate_ER_FK_BaseCurrency_id_fkey" FOREIGN KEY ("ER_FK_BaseCurrency_id") REFERENCES "tblCOM_AttributeDetail"("AD_Id") ON UPDATE CASCADE ON DELETE RESTRICT;


--
-- Name: tblACC_ExchangeRate_ER_FK_ConvCurrency_id_fkey; Type: FK CONSTRAINT; Schema: public; Owner: postgres
--

ALTER TABLE ONLY "tblACC_ExchangeRate"
    ADD CONSTRAINT "tblACC_ExchangeRate_ER_FK_ConvCurrency_id_fkey" FOREIGN KEY ("ER_FK_ConvCurrency_id") REFERENCES "tblCOM_AttributeDetail"("AD_Id") ON UPDATE CASCADE ON DELETE RESTRICT;


--
-- Name: tblACC_FAPostingGroup_FAPG_COA_FK_ACANo_fkey; Type: FK CONSTRAINT; Schema: public; Owner: postgres
--

ALTER TABLE ONLY "tblACC_FAPostingGroup"
    ADD CONSTRAINT "tblACC_FAPostingGroup_FAPG_COA_FK_ACANo_fkey" FOREIGN KEY ("FAPG_COA_FK_ACANo") REFERENCES "tblACC_ChartAccount"("COA_Account_id") ON UPDATE CASCADE ON DELETE RESTRICT;


--
-- Name: tblACC_FAPostingGroup_FAPG_COA_FK_DEANo_fkey; Type: FK CONSTRAINT; Schema: public; Owner: postgres
--

ALTER TABLE ONLY "tblACC_FAPostingGroup"
    ADD CONSTRAINT "tblACC_FAPostingGroup_FAPG_COA_FK_DEANo_fkey" FOREIGN KEY ("FAPG_COA_FK_DEANo") REFERENCES "tblACC_ChartAccount"("COA_Account_id") ON UPDATE CASCADE ON DELETE RESTRICT;


--
-- Name: tblACC_FAPostingGroup_FAPG_COA_FK__ADANo_fkey; Type: FK CONSTRAINT; Schema: public; Owner: postgres
--

ALTER TABLE ONLY "tblACC_FAPostingGroup"
    ADD CONSTRAINT "tblACC_FAPostingGroup_FAPG_COA_FK__ADANo_fkey" FOREIGN KEY ("FAPG_COA_FK_ADANo") REFERENCES "tblACC_ChartAccount"("COA_Account_id") ON UPDATE CASCADE ON DELETE RESTRICT;


--
-- Name: tblACC_GLSummary_GS_FK_COA_AccountNo_fkey; Type: FK CONSTRAINT; Schema: public; Owner: postgres
--

ALTER TABLE ONLY "tblACC_GLSummary"
    ADD CONSTRAINT "tblACC_GLSummary_GS_FK_COA_AccountNo_fkey" FOREIGN KEY ("GS_FK_COA_AccountNo") REFERENCES "tblACC_ChartAccount"("COA_Account_id") ON UPDATE CASCADE ON DELETE RESTRICT;


--
-- Name: tblACC_InvPostingGroup_IPG_COA_FK_AccountNo_fkey; Type: FK CONSTRAINT; Schema: public; Owner: postgres
--

ALTER TABLE ONLY "tblACC_InvPostingGroup"
    ADD CONSTRAINT "tblACC_InvPostingGroup_IPG_COA_FK_AccountNo_fkey" FOREIGN KEY ("IPG_COA_FK_AccountNo") REFERENCES "tblACC_ChartAccount"("COA_Account_id") ON UPDATE CASCADE ON DELETE RESTRICT;


--
-- Name: tblACC_InvPostingGroup_IPG_COA_FK_SalesAccountNo_fkey; Type: FK CONSTRAINT; Schema: public; Owner: postgres
--

ALTER TABLE ONLY "tblACC_InvPostingGroup"
    ADD CONSTRAINT "tblACC_InvPostingGroup_IPG_COA_FK_SalesAccountNo_fkey" FOREIGN KEY ("IPG_COA_FK_SalesAccountNo") REFERENCES "tblACC_ChartAccount"("COA_Account_id") ON UPDATE CASCADE ON DELETE SET NULL;


--
-- Name: tblACC_PostingAccountSetup_AS_PKFK_Account_id_fkey; Type: FK CONSTRAINT; Schema: public; Owner: postgres
--

ALTER TABLE ONLY "tblACC_PostingAccountSetup"
    ADD CONSTRAINT "tblACC_PostingAccountSetup_AS_PKFK_Account_id_fkey" FOREIGN KEY ("AS_PKFK_Account_id") REFERENCES "tblACC_ChartAccount"("COA_Account_id") ON UPDATE CASCADE ON DELETE CASCADE;


--
-- Name: tblACC_PostingAccountSetup_AS_PKFK_PostingGroup_id_fkey; Type: FK CONSTRAINT; Schema: public; Owner: postgres
--

ALTER TABLE ONLY "tblACC_PostingAccountSetup"
    ADD CONSTRAINT "tblACC_PostingAccountSetup_AS_PKFK_PostingGroup_id_fkey" FOREIGN KEY ("AS_PKFK_PostingGroup_id") REFERENCES "tblACC_PostingGroup"("PG_Id") ON UPDATE CASCADE ON DELETE CASCADE;


--
-- Name: tblACC_RFVDetail_RFVD_PFK_DocNo_fkey; Type: FK CONSTRAINT; Schema: public; Owner: postgres
--

ALTER TABLE ONLY "tblACC_RFVDetail"
    ADD CONSTRAINT "tblACC_RFVDetail_RFVD_PFK_DocNo_fkey" FOREIGN KEY ("RFVD_PFK_DocNo") REFERENCES "tblACC_RFV"("RFV_DocNo");


--
-- Name: tblACC_RPDetails_RPD_PFK_DocNo_fkey; Type: FK CONSTRAINT; Schema: public; Owner: postgres
--

ALTER TABLE ONLY "tblACC_RPDetails"
    ADD CONSTRAINT "tblACC_RPDetails_RPD_PFK_DocNo_fkey" FOREIGN KEY ("RPD_PFK_DocNo") REFERENCES "tblACC_RPHeader"("RPH_DocNo") ON UPDATE CASCADE ON DELETE RESTRICT;


--
-- Name: tblACC_SupplierPostingGroup_SPG_COA_FK_AccountNo_fkey; Type: FK CONSTRAINT; Schema: public; Owner: postgres
--

ALTER TABLE ONLY "tblACC_SupplierPostingGroup"
    ADD CONSTRAINT "tblACC_SupplierPostingGroup_SPG_COA_FK_AccountNo_fkey" FOREIGN KEY ("SPG_COA_FK_AccountNo") REFERENCES "tblACC_ChartAccount"("COA_Account_id") ON UPDATE CASCADE ON DELETE RESTRICT;


--
-- Name: tblACC_VATPostingGroup_VPS_COA_FK_PurchaseAccountNo_fkey; Type: FK CONSTRAINT; Schema: public; Owner: postgres
--

ALTER TABLE ONLY "tblACC_VATPostingSetup"
    ADD CONSTRAINT "tblACC_VATPostingGroup_VPS_COA_FK_PurchaseAccountNo_fkey" FOREIGN KEY ("VPS_COA_FK_PurchaseAccountNo") REFERENCES "tblACC_ChartAccount"("COA_Account_id") ON UPDATE CASCADE ON DELETE RESTRICT;


--
-- Name: tblACC_VATPostingGroup_VPS_COA_FK_SalesAccountNo_fkey; Type: FK CONSTRAINT; Schema: public; Owner: postgres
--

ALTER TABLE ONLY "tblACC_VATPostingSetup"
    ADD CONSTRAINT "tblACC_VATPostingGroup_VPS_COA_FK_SalesAccountNo_fkey" FOREIGN KEY ("VPS_COA_FK_SalesAccountNo") REFERENCES "tblACC_ChartAccount"("COA_Account_id") ON UPDATE CASCADE ON DELETE RESTRICT;


--
-- Name: tblACC_VATPostingGroup_VPS_VBPG_FK_Code_fkey; Type: FK CONSTRAINT; Schema: public; Owner: postgres
--

ALTER TABLE ONLY "tblACC_VATPostingSetup"
    ADD CONSTRAINT "tblACC_VATPostingGroup_VPS_VBPG_FK_Code_fkey" FOREIGN KEY ("VPS_VBPG_FK_Code") REFERENCES "tblACC_VATBusPostingGroup"("VBPG_Code") ON UPDATE CASCADE ON DELETE RESTRICT;


--
-- Name: tblACC_VATPostingGroup_VPS_VPPG_FK_Code_fkey; Type: FK CONSTRAINT; Schema: public; Owner: postgres
--

ALTER TABLE ONLY "tblACC_VATPostingSetup"
    ADD CONSTRAINT "tblACC_VATPostingGroup_VPS_VPPG_FK_Code_fkey" FOREIGN KEY ("VPS_VPPG_FK_Code") REFERENCES "tblACC_VATProdPostingGroup"("VPPG_Code") ON UPDATE CASCADE ON DELETE RESTRICT;


--
-- Name: tblACC_WHTPostingGroup_WPS_COA_FKPayableAccountNo_fkey; Type: FK CONSTRAINT; Schema: public; Owner: postgres
--

ALTER TABLE ONLY "tblACC_WHTPostingGroupSetup"
    ADD CONSTRAINT "tblACC_WHTPostingGroup_WPS_COA_FKPayableAccountNo_fkey" FOREIGN KEY ("WPS_COA_FK_PayableAccountNo") REFERENCES "tblACC_ChartAccount"("COA_Account_id") ON UPDATE CASCADE ON DELETE RESTRICT;


--
-- Name: tblACC_WHTPostingGroup_WPS_COA_FK_WHTRecAccountNo_fkey; Type: FK CONSTRAINT; Schema: public; Owner: postgres
--

ALTER TABLE ONLY "tblACC_WHTPostingGroupSetup"
    ADD CONSTRAINT "tblACC_WHTPostingGroup_WPS_COA_FK_WHTRecAccountNo_fkey" FOREIGN KEY ("WPS_COA_FK_WHTRecAccountNo") REFERENCES "tblACC_ChartAccount"("COA_Account_id") ON UPDATE CASCADE ON DELETE RESTRICT;


--
-- Name: tblACC_WHTPostingGroup_WPS_WBPG_FK_Code_fkey; Type: FK CONSTRAINT; Schema: public; Owner: postgres
--

ALTER TABLE ONLY "tblACC_WHTPostingGroupSetup"
    ADD CONSTRAINT "tblACC_WHTPostingGroup_WPS_WBPG_FK_Code_fkey" FOREIGN KEY ("WPS_WBPG_FK_Code") REFERENCES "tblACC_WHTBusPostingGroup"("WBPG_Code") ON UPDATE CASCADE ON DELETE RESTRICT;


--
-- Name: tblACC_WHTPostingGroup_WPS_WPPG_FK_Code_fkey; Type: FK CONSTRAINT; Schema: public; Owner: postgres
--

ALTER TABLE ONLY "tblACC_WHTPostingGroupSetup"
    ADD CONSTRAINT "tblACC_WHTPostingGroup_WPS_WPPG_FK_Code_fkey" FOREIGN KEY ("WPS_WPPG_FK_Code") REFERENCES "tblACC_WHTProdPostingGroup"("WPPG_Code") ON UPDATE CASCADE ON DELETE RESTRICT;


--
-- Name: tblCOM_ApprovalSetup_AS_FK_NS_id_fkey; Type: FK CONSTRAINT; Schema: public; Owner: postgres
--

ALTER TABLE ONLY "tblCOM_ApprovalSetup"
    ADD CONSTRAINT "tblCOM_ApprovalSetup_AS_FK_NS_id_fkey" FOREIGN KEY ("AS_FK_NS_id") REFERENCES "tblCOM_NoSeries"("NS_Id") ON UPDATE CASCADE ON DELETE RESTRICT;


--
-- Name: tblCOM_ApprovalSetup_AS_FK_Position_id_fkey; Type: FK CONSTRAINT; Schema: public; Owner: postgres
--

ALTER TABLE ONLY "tblCOM_ApprovalSetup"
    ADD CONSTRAINT "tblCOM_ApprovalSetup_AS_FK_Position_id_fkey" FOREIGN KEY ("AS_FK_Position_id") REFERENCES "tblCOM_Position"("P_Position_id") ON UPDATE CASCADE ON DELETE RESTRICT;


--
-- Name: tblCOM_AttributeDetail_AD_FK_Code_fkey; Type: FK CONSTRAINT; Schema: public; Owner: postgres
--

ALTER TABLE ONLY "tblCOM_AttributeDetail"
    ADD CONSTRAINT "tblCOM_AttributeDetail_AD_FK_Code_fkey" FOREIGN KEY ("AD_FK_Code") REFERENCES "tblCOM_Attribute"("A_Code") ON UPDATE CASCADE ON DELETE CASCADE;


--
-- Name: tblCOM_Attribute_A_FK_Module_id_fkey; Type: FK CONSTRAINT; Schema: public; Owner: postgres
--

ALTER TABLE ONLY "tblCOM_Attribute"
    ADD CONSTRAINT "tblCOM_Attribute_A_FK_Module_id_fkey" FOREIGN KEY ("A_FK_Module_id") REFERENCES "tblCOM_Module"("M_Module_id") ON UPDATE CASCADE ON DELETE SET NULL;


--
-- Name: tblCOM_BuyerSetup_BS_FK_BuyerClass_id_fkey; Type: FK CONSTRAINT; Schema: public; Owner: postgres
--

ALTER TABLE ONLY "tblCOM_BuyerSetup"
    ADD CONSTRAINT "tblCOM_BuyerSetup_BS_FK_BuyerClass_id_fkey" FOREIGN KEY ("BS_FK_BuyerClass_id") REFERENCES "tblCOM_BuyerClass"("B_Id") ON UPDATE CASCADE ON DELETE CASCADE;


--
-- Name: tblCOM_BuyerSetup_BS_FK_User_id_fkey; Type: FK CONSTRAINT; Schema: public; Owner: postgres
--

ALTER TABLE ONLY "tblCOM_BuyerSetup"
    ADD CONSTRAINT "tblCOM_BuyerSetup_BS_FK_User_id_fkey" FOREIGN KEY ("BS_FK_User_id") REFERENCES "tblCOM_User"("U_User_id") ON UPDATE CASCADE ON DELETE RESTRICT;


--
-- Name: tblCOM_CompanyAccess_CA_FK_Location_id_fkey; Type: FK CONSTRAINT; Schema: public; Owner: postgres
--

ALTER TABLE ONLY "tblCOM_CompanyAccess"
    ADD CONSTRAINT "tblCOM_CompanyAccess_CA_FK_Location_id_fkey" FOREIGN KEY ("CA_FK_Location_id") REFERENCES "tblINV_StoreProfile"("SP_StoreID") ON UPDATE CASCADE ON DELETE RESTRICT;


--
-- Name: tblCOM_CompanyAccess_CA_FK_User_id_fkey; Type: FK CONSTRAINT; Schema: public; Owner: postgres
--

ALTER TABLE ONLY "tblCOM_CompanyAccess"
    ADD CONSTRAINT "tblCOM_CompanyAccess_CA_FK_User_id_fkey" FOREIGN KEY ("CA_FK_User_id") REFERENCES "tblCOM_User"("U_User_id") ON UPDATE CASCADE ON DELETE CASCADE;


--
-- Name: tblCOM_DepartmentSetup_DS_FK_Department_id_fkey; Type: FK CONSTRAINT; Schema: public; Owner: postgres
--

ALTER TABLE ONLY "tblCOM_DepartmentSetup"
    ADD CONSTRAINT "tblCOM_DepartmentSetup_DS_FK_Department_id_fkey" FOREIGN KEY ("DS_FK_Department_id") REFERENCES "tblCOM_DepartmentClass"("DEP_Id") ON UPDATE CASCADE ON DELETE CASCADE;


--
-- Name: tblCOM_DepartmentSetup_DS_FK_Position_id_fkey; Type: FK CONSTRAINT; Schema: public; Owner: postgres
--

ALTER TABLE ONLY "tblCOM_DepartmentSetup"
    ADD CONSTRAINT "tblCOM_DepartmentSetup_DS_FK_Position_id_fkey" FOREIGN KEY ("DS_FK_Position_id") REFERENCES "tblCOM_Position"("P_Position_id") ON UPDATE CASCADE ON DELETE RESTRICT;


--
-- Name: tblCOM_Function_f_m_moduleid_fkey; Type: FK CONSTRAINT; Schema: public; Owner: postgres
--

ALTER TABLE ONLY "tblCOM_Function"
    ADD CONSTRAINT "tblCOM_Function_f_m_moduleid_fkey" FOREIGN KEY ("F_FK_Module_id") REFERENCES "tblCOM_Module"("M_Module_id") ON UPDATE CASCADE ON DELETE CASCADE;


--
-- Name: tblCOM_NoSeries_NS_FK_Module_id_fkey; Type: FK CONSTRAINT; Schema: public; Owner: postgres
--

ALTER TABLE ONLY "tblCOM_NoSeries"
    ADD CONSTRAINT "tblCOM_NoSeries_NS_FK_Module_id_fkey" FOREIGN KEY ("NS_FK_Module_id") REFERENCES "tblCOM_Module"("M_Module_id") ON UPDATE CASCADE ON DELETE SET NULL;


--
-- Name: tblCOM_PODetail_POD_PO_DocNo_fkey; Type: FK CONSTRAINT; Schema: public; Owner: postgres
--

ALTER TABLE ONLY "tblCOM_PODetail"
    ADD CONSTRAINT "tblCOM_PODetail_POD_PO_DocNo_fkey" FOREIGN KEY ("POD_PO_DocNo") REFERENCES "tblCOM_PO"("PO_DocNo");


--
-- Name: tblCOM_ReasonModule_RM_FK_Module_id_fkey1; Type: FK CONSTRAINT; Schema: public; Owner: postgres
--

ALTER TABLE ONLY "tblCOM_ReasonModule"
    ADD CONSTRAINT "tblCOM_ReasonModule_RM_FK_Module_id_fkey1" FOREIGN KEY ("RM_FK_Module_id") REFERENCES "tblCOM_Module"("M_Module_id") ON UPDATE CASCADE ON DELETE RESTRICT;


--
-- Name: tblCOM_ReasonModule_RM_FK_Reason_id_fkey; Type: FK CONSTRAINT; Schema: public; Owner: postgres
--

ALTER TABLE ONLY "tblCOM_ReasonModule"
    ADD CONSTRAINT "tblCOM_ReasonModule_RM_FK_Reason_id_fkey" FOREIGN KEY ("RM_FK_Reason_id") REFERENCES "tblCOM_Reason"("R_Id") ON UPDATE CASCADE ON DELETE CASCADE;


--
-- Name: tblCOM_ReplenishmentDetail_RFRD_RFR_DocNo_fkey; Type: FK CONSTRAINT; Schema: public; Owner: postgres
--

ALTER TABLE ONLY "tblCOM_ReplenishmentDetail"
    ADD CONSTRAINT "tblCOM_ReplenishmentDetail_RFRD_RFR_DocNo_fkey" FOREIGN KEY ("RFRD_PFK_DocNo") REFERENCES "tblCOM_Replenishment"("RFR_DocNo");


--
-- Name: tblCOM_Supplier_S_FK_Attribute_Currency_id_fkey; Type: FK CONSTRAINT; Schema: public; Owner: postgres
--

ALTER TABLE ONLY "tblCOM_Supplier"
    ADD CONSTRAINT "tblCOM_Supplier_S_FK_Attribute_Currency_id_fkey" FOREIGN KEY ("S_FK_Attribute_Currency_id") REFERENCES "tblCOM_AttributeDetail"("AD_Id") ON UPDATE CASCADE ON DELETE RESTRICT;


--
-- Name: tblCOM_Supplier_S_FK_PayTerms_fkey; Type: FK CONSTRAINT; Schema: public; Owner: postgres
--

ALTER TABLE ONLY "tblCOM_Supplier"
    ADD CONSTRAINT "tblCOM_Supplier_S_FK_PayTerms_fkey" FOREIGN KEY ("S_FK_PayTerms") REFERENCES "tblACC_PaymentTerms"("PT_Id") ON UPDATE CASCADE ON DELETE RESTRICT;


--
-- Name: tblCOM_Supplier_S_SupplierPostingGroup_fkey; Type: FK CONSTRAINT; Schema: public; Owner: postgres
--

ALTER TABLE ONLY "tblCOM_Supplier"
    ADD CONSTRAINT "tblCOM_Supplier_S_SupplierPostingGroup_fkey" FOREIGN KEY ("S_SupplierPostingGroup") REFERENCES "tblACC_SupplierPostingGroup"("SPG_Code") ON UPDATE CASCADE ON DELETE SET NULL;


--
-- Name: tblCOM_Supplier_S_Vat_PostingGroup_fkey; Type: FK CONSTRAINT; Schema: public; Owner: postgres
--

ALTER TABLE ONLY "tblCOM_Supplier"
    ADD CONSTRAINT "tblCOM_Supplier_S_Vat_PostingGroup_fkey" FOREIGN KEY ("S_Vat_PostingGroup") REFERENCES "tblACC_VATBusPostingGroup"("VBPG_Code") ON UPDATE CASCADE ON DELETE SET NULL;


--
-- Name: tblCOM_Supplier_S_WHT_PostingGroup_fkey; Type: FK CONSTRAINT; Schema: public; Owner: postgres
--

ALTER TABLE ONLY "tblCOM_Supplier"
    ADD CONSTRAINT "tblCOM_Supplier_S_WHT_PostingGroup_fkey" FOREIGN KEY ("S_WHT_PostingGroup") REFERENCES "tblACC_WHTBusPostingGroup"("WBPG_Code") ON UPDATE CASCADE ON DELETE SET NULL;


--
-- Name: tblCOM_UserAccess_ua_m_moduleid_fkey; Type: FK CONSTRAINT; Schema: public; Owner: postgres
--

ALTER TABLE ONLY "tblCOM_UserAccess"
    ADD CONSTRAINT "tblCOM_UserAccess_ua_m_moduleid_fkey" FOREIGN KEY ("UA_FK_Module_id") REFERENCES "tblCOM_Module"("M_Module_id") ON UPDATE CASCADE ON DELETE CASCADE;


--
-- Name: tblCOM_UserFunction_UF_FK_Module_id_fkey; Type: FK CONSTRAINT; Schema: public; Owner: postgres
--

ALTER TABLE ONLY "tblCOM_UserFunction"
    ADD CONSTRAINT "tblCOM_UserFunction_UF_FK_Module_id_fkey" FOREIGN KEY ("UF_FK_Module_id") REFERENCES "tblCOM_Module"("M_Module_id") ON UPDATE CASCADE ON DELETE CASCADE;


--
-- Name: tblCOM_UserFunction_UF_FK_User_id_fkey; Type: FK CONSTRAINT; Schema: public; Owner: postgres
--

ALTER TABLE ONLY "tblCOM_UserFunction"
    ADD CONSTRAINT "tblCOM_UserFunction_UF_FK_User_id_fkey" FOREIGN KEY ("UF_FK_User_id") REFERENCES "tblCOM_User"("U_User_id") ON UPDATE CASCADE ON DELETE CASCADE;


--
-- Name: tblCOM_UserFunction_u_uf_functionid_fkey; Type: FK CONSTRAINT; Schema: public; Owner: postgres
--

ALTER TABLE ONLY "tblCOM_UserFunction"
    ADD CONSTRAINT "tblCOM_UserFunction_u_uf_functionid_fkey" FOREIGN KEY ("UF_FK_Function_id") REFERENCES "tblCOM_Function"("F_Function_id") ON UPDATE CASCADE ON DELETE CASCADE;


--
-- Name: tblCOM_UserProfile_UP_FK_Module_id_fkey; Type: FK CONSTRAINT; Schema: public; Owner: postgres
--

ALTER TABLE ONLY "tblCOM_UserProfile"
    ADD CONSTRAINT "tblCOM_UserProfile_UP_FK_Module_id_fkey" FOREIGN KEY ("UP_FK_Module_id") REFERENCES "tblCOM_Module"("M_Module_id") ON UPDATE CASCADE ON DELETE CASCADE;


--
-- Name: tblCOM_UserProfile_UP_FK_Position_id_fkey; Type: FK CONSTRAINT; Schema: public; Owner: postgres
--

ALTER TABLE ONLY "tblCOM_UserProfile"
    ADD CONSTRAINT "tblCOM_UserProfile_UP_FK_Position_id_fkey" FOREIGN KEY ("UP_FK_User_id") REFERENCES "tblCOM_User"("U_User_id") ON UPDATE CASCADE ON DELETE CASCADE;


--
-- Name: tblCOM_UserProfile_up_ua_accessid_fkey; Type: FK CONSTRAINT; Schema: public; Owner: postgres
--

ALTER TABLE ONLY "tblCOM_UserProfile"
    ADD CONSTRAINT "tblCOM_UserProfile_up_ua_accessid_fkey" FOREIGN KEY ("UP_FK_Access_id") REFERENCES "tblCOM_UserAccess"("UA_Access_id") ON UPDATE CASCADE ON DELETE CASCADE;


--
-- Name: tblCOM_User_U_FK_Position_id_fkey; Type: FK CONSTRAINT; Schema: public; Owner: postgres
--

ALTER TABLE ONLY "tblCOM_User"
    ADD CONSTRAINT "tblCOM_User_U_FK_Position_id_fkey" FOREIGN KEY ("U_FK_Position_id") REFERENCES "tblCOM_Position"("P_Position_id") ON UPDATE CASCADE ON DELETE RESTRICT;


--
-- Name: tblINV_Category_CAT_FK_ItemType_id_fkey; Type: FK CONSTRAINT; Schema: public; Owner: postgres
--

ALTER TABLE ONLY "tblINV_Category"
    ADD CONSTRAINT "tblINV_Category_CAT_FK_ItemType_id_fkey" FOREIGN KEY ("CAT_FK_ItemType_id") REFERENCES "tblINV_ItemType"("IT_Id") ON UPDATE CASCADE ON DELETE RESTRICT;


--
-- Name: tblINV_IRJDetail_IRJD_IRJ_DocNo_fkey; Type: FK CONSTRAINT; Schema: public; Owner: postgres
--

ALTER TABLE ONLY "tblINV_IRJDetail"
    ADD CONSTRAINT "tblINV_IRJDetail_IRJD_IRJ_DocNo_fkey" FOREIGN KEY ("IRJD_IRJ_DocNo") REFERENCES "tblINV_IRJ"("IRJ_DocNo");


--
-- Name: tblINV_IdentifierDetails_IDD_FK_Identifier_id_fkey; Type: FK CONSTRAINT; Schema: public; Owner: postgres
--

ALTER TABLE ONLY "tblINV_IdentifierDetails"
    ADD CONSTRAINT "tblINV_IdentifierDetails_IDD_FK_Identifier_id_fkey" FOREIGN KEY ("IDD_FK_Identifier_id") REFERENCES "tblINV_Identifier"("ID_Id") ON UPDATE CASCADE ON DELETE RESTRICT;


--
-- Name: tblINV_IdentifierDetails_IDD_FK_SubCategory_id_fkey; Type: FK CONSTRAINT; Schema: public; Owner: postgres
--

ALTER TABLE ONLY "tblINV_IdentifierDetails"
    ADD CONSTRAINT "tblINV_IdentifierDetails_IDD_FK_SubCategory_id_fkey" FOREIGN KEY ("IDD_FK_SubCategory_id") REFERENCES "tblINV_SubCategory"("SC_Id") ON UPDATE CASCADE ON DELETE RESTRICT;


--
-- Name: tblINV_IdentifierSetup_IDS_FK_Category_id_fkey; Type: FK CONSTRAINT; Schema: public; Owner: postgres
--

ALTER TABLE ONLY "tblINV_IdentifierSetup"
    ADD CONSTRAINT "tblINV_IdentifierSetup_IDS_FK_Category_id_fkey" FOREIGN KEY ("IDS_FK_Category_id") REFERENCES "tblINV_Category"("CAT_Id") ON UPDATE CASCADE ON DELETE RESTRICT;


--
-- Name: tblINV_IdentifierSetup_IDS_FK_Identifier_id_fkey; Type: FK CONSTRAINT; Schema: public; Owner: postgres
--

ALTER TABLE ONLY "tblINV_IdentifierSetup"
    ADD CONSTRAINT "tblINV_IdentifierSetup_IDS_FK_Identifier_id_fkey" FOREIGN KEY ("IDS_FK_Identifier_id") REFERENCES "tblINV_Identifier"("ID_Id") ON UPDATE CASCADE ON DELETE RESTRICT;


--
-- Name: tblINV_ItemIdentifier_IMI_FK_IdentifierDetails_id_fkey; Type: FK CONSTRAINT; Schema: public; Owner: postgres
--

ALTER TABLE ONLY "tblINV_ItemIdentifier"
    ADD CONSTRAINT "tblINV_ItemIdentifier_IMI_FK_IdentifierDetails_id_fkey" FOREIGN KEY ("IMI_FK_IdentifierDetails_id") REFERENCES "tblINV_IdentifierDetails"("IDD_Id") ON UPDATE CASCADE ON DELETE RESTRICT;


--
-- Name: tblINV_ItemIdentifier_IMI_FK_Item_id_fkey; Type: FK CONSTRAINT; Schema: public; Owner: postgres
--

ALTER TABLE ONLY "tblINV_ItemIdentifier"
    ADD CONSTRAINT "tblINV_ItemIdentifier_IMI_FK_Item_id_fkey" FOREIGN KEY ("IMI_FK_Item_id") REFERENCES "tblINV_Item"("IM_Item_id") ON UPDATE CASCADE ON DELETE RESTRICT;


--
-- Name: tblINV_ItemSupplier_IS_FK_Item_id_fkey; Type: FK CONSTRAINT; Schema: public; Owner: postgres
--

ALTER TABLE ONLY "tblINV_ItemSupplier"
    ADD CONSTRAINT "tblINV_ItemSupplier_IS_FK_Item_id_fkey" FOREIGN KEY ("IS_FK_Item_id") REFERENCES "tblINV_Item"("IM_Item_id") ON UPDATE CASCADE ON DELETE RESTRICT;


--
-- Name: tblINV_ItemSupplier_IS_FK_Suppllier_id_fkey; Type: FK CONSTRAINT; Schema: public; Owner: postgres
--

ALTER TABLE ONLY "tblINV_ItemSupplier"
    ADD CONSTRAINT "tblINV_ItemSupplier_IS_FK_Suppllier_id_fkey" FOREIGN KEY ("IS_FK_Suppllier_id") REFERENCES "tblCOM_Supplier"("S_Id") ON UPDATE CASCADE ON DELETE RESTRICT;


--
-- Name: tblINV_ItemTypeSetup_ITS_FK_ItemType_id_fkey; Type: FK CONSTRAINT; Schema: public; Owner: postgres
--

ALTER TABLE ONLY "tblINV_ItemTypeSetup"
    ADD CONSTRAINT "tblINV_ItemTypeSetup_ITS_FK_ItemType_id_fkey" FOREIGN KEY ("ITS_FK_ItemType_id") REFERENCES "tblINV_ItemType"("IT_Id") ON UPDATE CASCADE ON DELETE CASCADE;


--
-- Name: tblINV_ItemTypeSetup_ITS_FK_Module_id_fkey; Type: FK CONSTRAINT; Schema: public; Owner: postgres
--

ALTER TABLE ONLY "tblINV_ItemTypeSetup"
    ADD CONSTRAINT "tblINV_ItemTypeSetup_ITS_FK_Module_id_fkey" FOREIGN KEY ("ITS_FK_Module_id") REFERENCES "tblCOM_Module"("M_Module_id") ON UPDATE CASCADE ON DELETE RESTRICT;


--
-- Name: tblINV_ItemUOMConv_IUC_FK_Item_id_fkey; Type: FK CONSTRAINT; Schema: public; Owner: postgres
--

ALTER TABLE ONLY "tblINV_ItemUOMConv"
    ADD CONSTRAINT "tblINV_ItemUOMConv_IUC_FK_Item_id_fkey" FOREIGN KEY ("IUC_FK_Item_id") REFERENCES "tblINV_Item"("IM_Item_id") ON UPDATE CASCADE ON DELETE RESTRICT;


--
-- Name: tblINV_ItemUOMConv_IUC_FK_UOM_id_fkey; Type: FK CONSTRAINT; Schema: public; Owner: postgres
--

ALTER TABLE ONLY "tblINV_ItemUOMConv"
    ADD CONSTRAINT "tblINV_ItemUOMConv_IUC_FK_UOM_id_fkey" FOREIGN KEY ("IUC_FK_UOM_id") REFERENCES "tblCOM_AttributeDetail"("AD_Id") ON UPDATE CASCADE ON DELETE RESTRICT;


--
-- Name: tblINV_Item_IM_FK_Attribute_UOM_id_fkey; Type: FK CONSTRAINT; Schema: public; Owner: postgres
--

ALTER TABLE ONLY "tblINV_Item"
    ADD CONSTRAINT "tblINV_Item_IM_FK_Attribute_UOM_id_fkey" FOREIGN KEY ("IM_FK_Attribute_UOM_id") REFERENCES "tblCOM_AttributeDetail"("AD_Id") ON UPDATE CASCADE ON DELETE RESTRICT;


--
-- Name: tblINV_Item_IM_FK_BuyerClass_id_fkey; Type: FK CONSTRAINT; Schema: public; Owner: postgres
--

ALTER TABLE ONLY "tblINV_Item"
    ADD CONSTRAINT "tblINV_Item_IM_FK_BuyerClass_id_fkey" FOREIGN KEY ("IM_FK_BuyerClass_id") REFERENCES "tblCOM_BuyerClass"("B_Id") ON UPDATE CASCADE ON DELETE RESTRICT;


--
-- Name: tblINV_Item_IM_FK_Category_id_fkey; Type: FK CONSTRAINT; Schema: public; Owner: postgres
--

ALTER TABLE ONLY "tblINV_Item"
    ADD CONSTRAINT "tblINV_Item_IM_FK_Category_id_fkey" FOREIGN KEY ("IM_FK_Category_id") REFERENCES "tblINV_Category"("CAT_Id") ON UPDATE CASCADE ON DELETE RESTRICT;


--
-- Name: tblINV_Item_IM_FK_Department_id_fkey; Type: FK CONSTRAINT; Schema: public; Owner: postgres
--

ALTER TABLE ONLY "tblINV_Item"
    ADD CONSTRAINT "tblINV_Item_IM_FK_Department_id_fkey" FOREIGN KEY ("IM_FK_Department_id") REFERENCES "tblCOM_DepartmentClass"("DEP_Id") ON UPDATE CASCADE ON DELETE RESTRICT;


--
-- Name: tblINV_Item_IM_FK_ItemType_id_fkey; Type: FK CONSTRAINT; Schema: public; Owner: postgres
--

ALTER TABLE ONLY "tblINV_Item"
    ADD CONSTRAINT "tblINV_Item_IM_FK_ItemType_id_fkey" FOREIGN KEY ("IM_FK_ItemType_id") REFERENCES "tblINV_ItemType"("IT_Id") ON UPDATE CASCADE ON DELETE RESTRICT;


--
-- Name: tblINV_Item_IM_FK_SizeSet_id_fkey; Type: FK CONSTRAINT; Schema: public; Owner: postgres
--

ALTER TABLE ONLY "tblINV_Item"
    ADD CONSTRAINT "tblINV_Item_IM_FK_SizeSet_id_fkey" FOREIGN KEY ("IM_FK_SizeSet_id") REFERENCES "tblINV_SizeSet"("SS_Id") ON UPDATE CASCADE ON DELETE RESTRICT;


--
-- Name: tblINV_Item_IM_FK_SubCategory_id_fkey; Type: FK CONSTRAINT; Schema: public; Owner: postgres
--

ALTER TABLE ONLY "tblINV_Item"
    ADD CONSTRAINT "tblINV_Item_IM_FK_SubCategory_id_fkey" FOREIGN KEY ("IM_FK_SubCategory_id") REFERENCES "tblINV_SubCategory"("SC_Id") ON UPDATE CASCADE ON DELETE RESTRICT;


--
-- Name: tblINV_Item_IM_FK_Supplier_id_fkey; Type: FK CONSTRAINT; Schema: public; Owner: postgres
--

ALTER TABLE ONLY "tblINV_Item"
    ADD CONSTRAINT "tblINV_Item_IM_FK_Supplier_id_fkey" FOREIGN KEY ("IM_FK_Supplier_id") REFERENCES "tblCOM_Supplier"("S_Id") ON UPDATE CASCADE ON DELETE RESTRICT;


--
-- Name: tblINV_Item_IM_INVPosting_Group_fkey; Type: FK CONSTRAINT; Schema: public; Owner: postgres
--

ALTER TABLE ONLY "tblINV_Item"
    ADD CONSTRAINT "tblINV_Item_IM_INVPosting_Group_fkey" FOREIGN KEY ("IM_INVPosting_Group") REFERENCES "tblACC_InvPostingGroup"("IPG_Code") ON UPDATE CASCADE ON DELETE SET NULL;


--
-- Name: tblINV_Item_IM_VATProductPostingGroup_fkey; Type: FK CONSTRAINT; Schema: public; Owner: postgres
--

ALTER TABLE ONLY "tblINV_Item"
    ADD CONSTRAINT "tblINV_Item_IM_VATProductPostingGroup_fkey" FOREIGN KEY ("IM_VATProductPostingGroup") REFERENCES "tblACC_VATProdPostingGroup"("VPPG_Code") ON UPDATE CASCADE ON DELETE SET NULL;


--
-- Name: tblINV_Item_IM_WHTProductPostingGroup_fkey; Type: FK CONSTRAINT; Schema: public; Owner: postgres
--

ALTER TABLE ONLY "tblINV_Item"
    ADD CONSTRAINT "tblINV_Item_IM_WHTProductPostingGroup_fkey" FOREIGN KEY ("IM_WHTProductPostingGroup") REFERENCES "tblACC_WHTProdPostingGroup"("WPPG_Code") ON UPDATE CASCADE ON DELETE SET NULL;


--
-- Name: tblINV_Location_LOC_FK_CPC_id_fkey; Type: FK CONSTRAINT; Schema: public; Owner: postgres
--

ALTER TABLE ONLY "tblINV_Location"
    ADD CONSTRAINT "tblINV_Location_LOC_FK_CPC_id_fkey" FOREIGN KEY ("LOC_FK_CPC_id") REFERENCES "tblCOM_CPCenter"("CPC_Id") ON UPDATE CASCADE ON DELETE RESTRICT;


--
-- Name: tblINV_Location_LOC_FK_Company_id_fkey; Type: FK CONSTRAINT; Schema: public; Owner: postgres
--

ALTER TABLE ONLY "tblINV_Location"
    ADD CONSTRAINT "tblINV_Location_LOC_FK_Company_id_fkey" FOREIGN KEY ("LOC_FK_Company_id") REFERENCES "tblCOM_Company"("COM_Id") ON UPDATE CASCADE ON DELETE RESTRICT;


--
-- Name: tblINV_Location_LOC_FK_Type_id_fkey; Type: FK CONSTRAINT; Schema: public; Owner: postgres
--

ALTER TABLE ONLY "tblINV_Location"
    ADD CONSTRAINT "tblINV_Location_LOC_FK_Type_id_fkey" FOREIGN KEY ("LOC_FK_Type_id") REFERENCES "tblCOM_AttributeDetail"("AD_Id") ON UPDATE CASCADE ON DELETE RESTRICT;


--
-- Name: tblINV_Location_LOC_Parent_id_fkey; Type: FK CONSTRAINT; Schema: public; Owner: postgres
--

ALTER TABLE ONLY "tblINV_Location"
    ADD CONSTRAINT "tblINV_Location_LOC_Parent_id_fkey" FOREIGN KEY ("LOC_Parent_id") REFERENCES "tblINV_Location"("LOC_Id") ON UPDATE CASCADE ON DELETE RESTRICT;


--
-- Name: tblINV_StoreProfile_SP_Area_fkey; Type: FK CONSTRAINT; Schema: public; Owner: postgres
--

ALTER TABLE ONLY "tblINV_StoreProfile"
    ADD CONSTRAINT "tblINV_StoreProfile_SP_Area_fkey" FOREIGN KEY ("SP_Area") REFERENCES "tblCOM_AttributeDetail"("AD_Id") ON UPDATE CASCADE ON DELETE RESTRICT;


--
-- Name: tblINV_StoreProfile_SP_FK_CPC_id_fkey; Type: FK CONSTRAINT; Schema: public; Owner: postgres
--

ALTER TABLE ONLY "tblINV_StoreProfile"
    ADD CONSTRAINT "tblINV_StoreProfile_SP_FK_CPC_id_fkey" FOREIGN KEY ("SP_FK_CPC_id") REFERENCES "tblCOM_CPCenter"("CPC_Id") ON UPDATE CASCADE ON DELETE RESTRICT;


--
-- Name: tblINV_StoreProfile_SP_FK_CompanyID_fkey; Type: FK CONSTRAINT; Schema: public; Owner: postgres
--

ALTER TABLE ONLY "tblINV_StoreProfile"
    ADD CONSTRAINT "tblINV_StoreProfile_SP_FK_CompanyID_fkey" FOREIGN KEY ("SP_FK_CompanyID") REFERENCES "tblCOM_Company"("COM_Id") ON UPDATE CASCADE ON DELETE RESTRICT;


--
-- Name: tblINV_StoreProfile_SP_FK_LocationType_id_fkey; Type: FK CONSTRAINT; Schema: public; Owner: postgres
--

ALTER TABLE ONLY "tblINV_StoreProfile"
    ADD CONSTRAINT "tblINV_StoreProfile_SP_FK_LocationType_id_fkey" FOREIGN KEY ("SP_FK_LocationType_id") REFERENCES "tblCOM_AttributeDetail"("AD_Id") ON UPDATE CASCADE ON DELETE RESTRICT;


--
-- Name: tblINV_StoreProfile_SP_MainStore_fkey; Type: FK CONSTRAINT; Schema: public; Owner: postgres
--

ALTER TABLE ONLY "tblINV_StoreProfile"
    ADD CONSTRAINT "tblINV_StoreProfile_SP_MainStore_fkey" FOREIGN KEY ("SP_MainStore") REFERENCES "tblINV_StoreProfile"("SP_StoreID") ON UPDATE CASCADE ON DELETE RESTRICT;


--
-- Name: tblINV_StoreProfile_SP_Region_fkey; Type: FK CONSTRAINT; Schema: public; Owner: postgres
--

ALTER TABLE ONLY "tblINV_StoreProfile"
    ADD CONSTRAINT "tblINV_StoreProfile_SP_Region_fkey" FOREIGN KEY ("SP_Region") REFERENCES "tblCOM_AttributeDetail"("AD_Id") ON UPDATE CASCADE ON DELETE RESTRICT;


--
-- Name: tblINV_SubCategory_SC_FK_Category_id_fkey; Type: FK CONSTRAINT; Schema: public; Owner: postgres
--

ALTER TABLE ONLY "tblINV_SubCategory"
    ADD CONSTRAINT "tblINV_SubCategory_SC_FK_Category_id_fkey" FOREIGN KEY ("SC_FK_Category_id") REFERENCES "tblINV_Category"("CAT_Id") ON UPDATE CASCADE ON DELETE RESTRICT;


--
-- Name: public; Type: ACL; Schema: -; Owner: postgres
--

REVOKE ALL ON SCHEMA public FROM PUBLIC;
REVOKE ALL ON SCHEMA public FROM postgres;
GRANT ALL ON SCHEMA public TO postgres;
GRANT ALL ON SCHEMA public TO PUBLIC;


--
-- PostgreSQL database dump complete
--

